{
"type": "FeatureCollection",
"name": "grid_points",
"crs": { "type": "name", "properties": { "name": "urn:ogc:def:crs:OGC:1.3:CRS84" } },
"features": [
{ "type": "Feature", "properties": { "Longitude": -180.0, "Latitude": -88.5 }, "geometry": { "type": "Point", "coordinates": [ -180.0, -88.5 ] } },
{ "type": "Feature", "properties": { "Longitude": -180.0, "Latitude": -87.0 }, "geometry": { "type": "Point", "coordinates": [ -180.0, -87.0 ] } },
{ "type": "Feature", "properties": { "Longitude": -180.0, "Latitude": -85.5 }, "geometry": { "type": "Point", "coordinates": [ -180.0, -85.5 ] } },
{ "type": "Feature", "properties": { "Longitude": -160.88175773522644, "Latitude": -85.5 }, "geometry": { "type": "Point", "coordinates": [ -160.881757735226444, -85.5 ] } },
{ "type": "Feature", "properties": { "Longitude": -122.6976749788343, "Latitude": -88.5 }, "geometry": { "type": "Point", "coordinates": [ -122.6976749788343, -88.5 ] } },
{ "type": "Feature", "properties": { "Longitude": -122.67803217210798, "Latitude": -87.0 }, "geometry": { "type": "Point", "coordinates": [ -122.678032172107976, -87.0 ] } },
{ "type": "Feature", "properties": { "Longitude": -122.64527320567933, "Latitude": -85.5 }, "geometry": { "type": "Point", "coordinates": [ -122.645273205679331, -85.5 ] } },
{ "type": "Feature", "properties": { "Longitude": -122.59936659896618, "Latitude": -84.0 }, "geometry": { "type": "Point", "coordinates": [ -122.599366598966185, -84.0 ] } },
{ "type": "Feature", "properties": { "Longitude": -122.54026818344713, "Latitude": -82.5 }, "geometry": { "type": "Point", "coordinates": [ -122.540268183447125, -82.5 ] } },
{ "type": "Feature", "properties": { "Longitude": -122.4679210065031, "Latitude": -81.0 }, "geometry": { "type": "Point", "coordinates": [ -122.467921006503104, -81.0 ] } },
{ "type": "Feature", "properties": { "Longitude": -130.61336160611665, "Latitude": -79.5 }, "geometry": { "type": "Point", "coordinates": [ -130.613361606116655, -79.5 ] } },
{ "type": "Feature", "properties": { "Longitude": -129.49778938018665, "Latitude": -78.0 }, "geometry": { "type": "Point", "coordinates": [ -129.497789380186646, -78.0 ] } },
{ "type": "Feature", "properties": { "Longitude": -128.59610916322572, "Latitude": -76.5 }, "geometry": { "type": "Point", "coordinates": [ -128.596109163225719, -76.5 ] } },
{ "type": "Feature", "properties": { "Longitude": -127.84000538039044, "Latitude": -75.0 }, "geometry": { "type": "Point", "coordinates": [ -127.840005380390437, -75.0 ] } },
{ "type": "Feature", "properties": { "Longitude": -108.24920824870773, "Latitude": -84.0 }, "geometry": { "type": "Point", "coordinates": [ -108.249208248707731, -84.0 ] } },
{ "type": "Feature", "properties": { "Longitude": -111.04832182013655, "Latitude": -82.5 }, "geometry": { "type": "Point", "coordinates": [ -111.04832182013655, -82.5 ] } },
{ "type": "Feature", "properties": { "Longitude": -112.87924117425362, "Latitude": -81.0 }, "geometry": { "type": "Point", "coordinates": [ -112.879241174253622, -81.0 ] } },
{ "type": "Feature", "properties": { "Longitude": -105.92004240917498, "Latitude": -79.5 }, "geometry": { "type": "Point", "coordinates": [ -105.920042409174982, -79.5 ] } },
{ "type": "Feature", "properties": { "Longitude": -107.85398482883807, "Latitude": -78.0 }, "geometry": { "type": "Point", "coordinates": [ -107.853984828838065, -78.0 ] } },
{ "type": "Feature", "properties": { "Longitude": -109.31965009943536, "Latitude": -76.5 }, "geometry": { "type": "Point", "coordinates": [ -109.319650099435364, -76.5 ] } },
{ "type": "Feature", "properties": { "Longitude": -110.45334050718725, "Latitude": -75.0 }, "geometry": { "type": "Point", "coordinates": [ -110.453340507187249, -75.0 ] } },
{ "type": "Feature", "properties": { "Longitude": -122.3822552071361, "Latitude": -79.5 }, "geometry": { "type": "Point", "coordinates": [ -122.382255207136097, -79.5 ] } },
{ "type": "Feature", "properties": { "Longitude": -114.15114880815554, "Latitude": -79.5 }, "geometry": { "type": "Point", "coordinates": [ -114.15114880815554, -79.5 ] } },
{ "type": "Feature", "properties": { "Longitude": -122.28318786307045, "Latitude": -78.0 }, "geometry": { "type": "Point", "coordinates": [ -122.283187863070452, -78.0 ] } },
{ "type": "Feature", "properties": { "Longitude": -115.06858634595426, "Latitude": -78.0 }, "geometry": { "type": "Point", "coordinates": [ -115.068586345954259, -78.0 ] } },
{ "type": "Feature", "properties": { "Longitude": -122.17062280862893, "Latitude": -76.5 }, "geometry": { "type": "Point", "coordinates": [ -122.170622808628934, -76.5 ] } },
{ "type": "Feature", "properties": { "Longitude": -115.74513645403215, "Latitude": -76.5 }, "geometry": { "type": "Point", "coordinates": [ -115.745136454032149, -76.5 ] } },
{ "type": "Feature", "properties": { "Longitude": -122.04445042265604, "Latitude": -75.0 }, "geometry": { "type": "Point", "coordinates": [ -122.044450422656041, -75.0 ] } },
{ "type": "Feature", "properties": { "Longitude": -116.24889546492165, "Latitude": -75.0 }, "geometry": { "type": "Point", "coordinates": [ -116.248895464921645, -75.0 ] } },
{ "type": "Feature", "properties": { "Longitude": -121.90454738563253, "Latitude": -73.5 }, "geometry": { "type": "Point", "coordinates": [ -121.904547385632526, -73.5 ] } },
{ "type": "Feature", "properties": { "Longitude": -151.33901608605399, "Latitude": -87.0 }, "geometry": { "type": "Point", "coordinates": [ -151.339016086053988, -87.0 ] } },
{ "type": "Feature", "properties": { "Longitude": -151.14159393153523, "Latitude": -78.0 }, "geometry": { "type": "Point", "coordinates": [ -151.141593931535226, -78.0 ] } },
{ "type": "Feature", "properties": { "Longitude": -141.76351547045289, "Latitude": -85.5 }, "geometry": { "type": "Point", "coordinates": [ -141.763515470452887, -85.5 ] } },
{ "type": "Feature", "properties": { "Longitude": -145.52416091006828, "Latitude": -82.5 }, "geometry": { "type": "Point", "coordinates": [ -145.524160910068275, -82.5 ] } },
{ "type": "Feature", "properties": { "Longitude": -141.64528067100207, "Latitude": -81.0 }, "geometry": { "type": "Point", "coordinates": [ -141.64528067100207, -81.0 ] } },
{ "type": "Feature", "properties": { "Longitude": -147.07557440407777, "Latitude": -79.5 }, "geometry": { "type": "Point", "coordinates": [ -147.07557440407777, -79.5 ] } },
{ "type": "Feature", "properties": { "Longitude": -143.92699241441903, "Latitude": -78.0 }, "geometry": { "type": "Point", "coordinates": [ -143.926992414419033, -78.0 ] } },
{ "type": "Feature", "properties": { "Longitude": -141.44708187241929, "Latitude": -76.5 }, "geometry": { "type": "Point", "coordinates": [ -141.44708187241929, -76.5 ] } },
{ "type": "Feature", "properties": { "Longitude": -136.94952494922464, "Latitude": -84.0 }, "geometry": { "type": "Point", "coordinates": [ -136.949524949224639, -84.0 ] } },
{ "type": "Feature", "properties": { "Longitude": -134.0322145467577, "Latitude": -82.5 }, "geometry": { "type": "Point", "coordinates": [ -134.0322145467577, -82.5 ] } },
{ "type": "Feature", "properties": { "Longitude": -132.05660083875259, "Latitude": -81.0 }, "geometry": { "type": "Point", "coordinates": [ -132.056600838752587, -81.0 ] } },
{ "type": "Feature", "properties": { "Longitude": -138.84446800509721, "Latitude": -79.5 }, "geometry": { "type": "Point", "coordinates": [ -138.844468005097212, -79.5 ] } },
{ "type": "Feature", "properties": { "Longitude": -136.71239089730284, "Latitude": -78.0 }, "geometry": { "type": "Point", "coordinates": [ -136.712390897302839, -78.0 ] } },
{ "type": "Feature", "properties": { "Longitude": -135.0215955178225, "Latitude": -76.5 }, "geometry": { "type": "Point", "coordinates": [ -135.021595517822504, -76.5 ] } },
{ "type": "Feature", "properties": { "Longitude": -133.63556033812483, "Latitude": -75.0 }, "geometry": { "type": "Point", "coordinates": [ -133.635560338124833, -75.0 ] } },
{ "type": "Feature", "properties": { "Longitude": -8.0930249365028999, "Latitude": -88.5 }, "geometry": { "type": "Point", "coordinates": [ -8.0930249365029, -88.5 ] } },
{ "type": "Feature", "properties": { "Longitude": -8.0340965163239275, "Latitude": -87.0 }, "geometry": { "type": "Point", "coordinates": [ -8.034096516323928, -87.0 ] } },
{ "type": "Feature", "properties": { "Longitude": -7.9358196170379927, "Latitude": -85.5 }, "geometry": { "type": "Point", "coordinates": [ -7.935819617037993, -85.5 ] } },
{ "type": "Feature", "properties": { "Longitude": -7.7980997968985548, "Latitude": -84.0 }, "geometry": { "type": "Point", "coordinates": [ -7.798099796898555, -84.0 ] } },
{ "type": "Feature", "properties": { "Longitude": -7.6208045503413757, "Latitude": -82.5 }, "geometry": { "type": "Point", "coordinates": [ -7.620804550341376, -82.5 ] } },
{ "type": "Feature", "properties": { "Longitude": -7.4037630195093129, "Latitude": -81.0 }, "geometry": { "type": "Point", "coordinates": [ -7.403763019509313, -81.0 ] } },
{ "type": "Feature", "properties": { "Longitude": -7.1467656214082922, "Latitude": -79.5 }, "geometry": { "type": "Point", "coordinates": [ -7.146765621408292, -79.5 ] } },
{ "type": "Feature", "properties": { "Longitude": -6.8495635892113569, "Latitude": -78.0 }, "geometry": { "type": "Point", "coordinates": [ -6.849563589211357, -78.0 ] } },
{ "type": "Feature", "properties": { "Longitude": -12.937354780483588, "Latitude": -76.5 }, "geometry": { "type": "Point", "coordinates": [ -12.937354780483588, -76.5 ] } },
{ "type": "Feature", "properties": { "Longitude": -6.5118684258868029, "Latitude": -76.5 }, "geometry": { "type": "Point", "coordinates": [ -6.511868425886803, -76.5 ] } },
{ "type": "Feature", "properties": { "Longitude": 0.0, "Latitude": -90.0 }, "geometry": { "type": "Point", "coordinates": [ 0.0, -90.0 ] } },
{ "type": "Feature", "properties": { "Longitude": 2.1849168127401697, "Latitude": -81.0 }, "geometry": { "type": "Point", "coordinates": [ 2.18491681274017, -81.0 ] } },
{ "type": "Feature", "properties": { "Longitude": 1.0843407775722653, "Latitude": -79.5 }, "geometry": { "type": "Point", "coordinates": [ 1.084340777572265, -79.5 ] } },
{ "type": "Feature", "properties": { "Longitude": 0.36503792790483658, "Latitude": -78.0 }, "geometry": { "type": "Point", "coordinates": [ 0.365037927904837, -78.0 ] } },
{ "type": "Feature", "properties": { "Longitude": -0.086382071290017848, "Latitude": -76.5 }, "geometry": { "type": "Point", "coordinates": [ -0.086382071290018, -76.5 ] } },
{ "type": "Feature", "properties": { "Longitude": -0.33779631023372758, "Latitude": -75.0 }, "geometry": { "type": "Point", "coordinates": [ -0.337796310233728, -75.0 ] } },
{ "type": "Feature", "properties": { "Longitude": -0.43223737377326188, "Latitude": -73.5 }, "geometry": { "type": "Point", "coordinates": [ -0.432237373773262, -73.5 ] } },
{ "type": "Feature", "properties": { "Longitude": -0.39822724876160009, "Latitude": -72.0 }, "geometry": { "type": "Point", "coordinates": [ -0.3982272487616, -72.0 ] } },
{ "type": "Feature", "properties": { "Longitude": -27.054061881811549, "Latitude": -85.5 }, "geometry": { "type": "Point", "coordinates": [ -27.054061881811549, -85.5 ] } },
{ "type": "Feature", "properties": { "Longitude": -22.148258147157009, "Latitude": -84.0 }, "geometry": { "type": "Point", "coordinates": [ -22.148258147157009, -84.0 ] } },
{ "type": "Feature", "properties": { "Longitude": -26.581122684008278, "Latitude": -81.0 }, "geometry": { "type": "Point", "coordinates": [ -26.581122684008278, -81.0 ] } },
{ "type": "Feature", "properties": { "Longitude": -23.608978419369407, "Latitude": -79.5 }, "geometry": { "type": "Point", "coordinates": [ -23.608978419369407, -79.5 ] } },
{ "type": "Feature", "properties": { "Longitude": -28.493368140559937, "Latitude": -78.0 }, "geometry": { "type": "Point", "coordinates": [ -28.493368140559937, -78.0 ] } },
{ "type": "Feature", "properties": { "Longitude": -25.788327489677158, "Latitude": -76.5 }, "geometry": { "type": "Point", "coordinates": [ -25.788327489677158, -76.5 ] } },
{ "type": "Feature", "properties": { "Longitude": -19.112750913651951, "Latitude": -82.5 }, "geometry": { "type": "Point", "coordinates": [ -19.112750913651951, -82.5 ] } },
{ "type": "Feature", "properties": { "Longitude": -16.992442851758796, "Latitude": -81.0 }, "geometry": { "type": "Point", "coordinates": [ -16.992442851758796, -81.0 ] } },
{ "type": "Feature", "properties": { "Longitude": -15.37787202038885, "Latitude": -79.5 }, "geometry": { "type": "Point", "coordinates": [ -15.37787202038885, -79.5 ] } },
{ "type": "Feature", "properties": { "Longitude": -21.278766623443744, "Latitude": -78.0 }, "geometry": { "type": "Point", "coordinates": [ -21.278766623443744, -78.0 ] } },
{ "type": "Feature", "properties": { "Longitude": -14.06416510632755, "Latitude": -78.0 }, "geometry": { "type": "Point", "coordinates": [ -14.06416510632755, -78.0 ] } },
{ "type": "Feature", "properties": { "Longitude": -19.362841135080373, "Latitude": -76.5 }, "geometry": { "type": "Point", "coordinates": [ -19.362841135080373, -76.5 ] } },
{ "type": "Feature", "properties": { "Longitude": -11.928906225702519, "Latitude": -75.0 }, "geometry": { "type": "Point", "coordinates": [ -11.928906225702519, -75.0 ] } },
{ "type": "Feature", "properties": { "Longitude": -6.1333512679681235, "Latitude": -75.0 }, "geometry": { "type": "Point", "coordinates": [ -6.133351267968123, -75.0 ] } },
{ "type": "Feature", "properties": { "Longitude": -10.995046940021894, "Latitude": -73.5 }, "geometry": { "type": "Point", "coordinates": [ -10.995046940021894, -73.5 ] } },
{ "type": "Feature", "properties": { "Longitude": -5.7136421568975777, "Latitude": -73.5 }, "geometry": { "type": "Point", "coordinates": [ -5.713642156897578, -73.5 ] } },
{ "type": "Feature", "properties": { "Longitude": -5.2523292150112866, "Latitude": -72.0 }, "geometry": { "type": "Point", "coordinates": [ -5.252329215011287, -72.0 ] } },
{ "type": "Feature", "properties": { "Longitude": -10.106431181260973, "Latitude": -72.0 }, "geometry": { "type": "Point", "coordinates": [ -10.106431181260973, -72.0 ] } },
{ "type": "Feature", "properties": { "Longitude": 20.626887397622085, "Latitude": -87.0 }, "geometry": { "type": "Point", "coordinates": [ 20.626887397622085, -87.0 ] } },
{ "type": "Feature", "properties": { "Longitude": 20.902216903618353, "Latitude": -84.0 }, "geometry": { "type": "Point", "coordinates": [ 20.902216903618353, -84.0 ] } },
{ "type": "Feature", "properties": { "Longitude": 26.855034539590349, "Latitude": -82.5 }, "geometry": { "type": "Point", "coordinates": [ 26.855034539590349, -82.5 ] } },
{ "type": "Feature", "properties": { "Longitude": 21.362276477239135, "Latitude": -81.0 }, "geometry": { "type": "Point", "coordinates": [ 21.362276477239135, -81.0 ] } },
{ "type": "Feature", "properties": { "Longitude": 25.777659974513938, "Latitude": -79.5 }, "geometry": { "type": "Point", "coordinates": [ 25.777659974513938, -79.5 ] } },
{ "type": "Feature", "properties": { "Longitude": 22.008842479253417, "Latitude": -78.0 }, "geometry": { "type": "Point", "coordinates": [ 22.008842479253417, -78.0 ] } },
{ "type": "Feature", "properties": { "Longitude": 25.615563347097122, "Latitude": -76.5 }, "geometry": { "type": "Point", "coordinates": [ 25.615563347097122, -76.5 ] } },
{ "type": "Feature", "properties": { "Longitude": 22.844423520703856, "Latitude": -75.0 }, "geometry": { "type": "Point", "coordinates": [ 22.844423520703856, -75.0 ] } },
{ "type": "Feature", "properties": { "Longitude": 28.639978478438252, "Latitude": -75.0 }, "geometry": { "type": "Point", "coordinates": [ 28.639978478438252, -75.0 ] } },
{ "type": "Feature", "properties": { "Longitude": 25.974786541848317, "Latitude": -73.5 }, "geometry": { "type": "Point", "coordinates": [ 25.974786541848317, -73.5 ] } },
{ "type": "Feature", "properties": { "Longitude": 11.182422647735564, "Latitude": -85.5 }, "geometry": { "type": "Point", "coordinates": [ 11.182422647735564, -85.5 ] } },
{ "type": "Feature", "properties": { "Longitude": 6.552058553359899, "Latitude": -84.0 }, "geometry": { "type": "Point", "coordinates": [ 6.552058553359899, -84.0 ] } },
{ "type": "Feature", "properties": { "Longitude": 3.8711418129691992, "Latitude": -82.5 }, "geometry": { "type": "Point", "coordinates": [ 3.871141812969199, -82.5 ] } },
{ "type": "Feature", "properties": { "Longitude": 11.773596644989652, "Latitude": -81.0 }, "geometry": { "type": "Point", "coordinates": [ 11.773596644989652, -81.0 ] } },
{ "type": "Feature", "properties": { "Longitude": 9.3154471765528228, "Latitude": -79.5 }, "geometry": { "type": "Point", "coordinates": [ 9.315447176552823, -79.5 ] } },
{ "type": "Feature", "properties": { "Longitude": 7.57963944502103, "Latitude": -78.0 }, "geometry": { "type": "Point", "coordinates": [ 7.57963944502103, -78.0 ] } },
{ "type": "Feature", "properties": { "Longitude": 6.3391042833067672, "Latitude": -76.5 }, "geometry": { "type": "Point", "coordinates": [ 6.339104283306767, -76.5 ] } },
{ "type": "Feature", "properties": { "Longitude": 11.253313605235064, "Latitude": -75.0 }, "geometry": { "type": "Point", "coordinates": [ 11.253313605235064, -75.0 ] } },
{ "type": "Feature", "properties": { "Longitude": 5.4577586475006683, "Latitude": -75.0 }, "geometry": { "type": "Point", "coordinates": [ 5.457758647500668, -75.0 ] } },
{ "type": "Feature", "properties": { "Longitude": 10.13057219247537, "Latitude": -73.5 }, "geometry": { "type": "Point", "coordinates": [ 10.13057219247537, -73.5 ] } },
{ "type": "Feature", "properties": { "Longitude": 15.363088176279774, "Latitude": -82.5 }, "geometry": { "type": "Point", "coordinates": [ 15.363088176279774, -82.5 ] } },
{ "type": "Feature", "properties": { "Longitude": 17.54655357553338, "Latitude": -79.5 }, "geometry": { "type": "Point", "coordinates": [ 17.54655357553338, -79.5 ] } },
{ "type": "Feature", "properties": { "Longitude": 14.794240962137224, "Latitude": -78.0 }, "geometry": { "type": "Point", "coordinates": [ 14.794240962137224, -78.0 ] } },
{ "type": "Feature", "properties": { "Longitude": 12.764590637903552, "Latitude": -76.5 }, "geometry": { "type": "Point", "coordinates": [ 12.764590637903552, -76.5 ] } },
{ "type": "Feature", "properties": { "Longitude": 19.190076992500337, "Latitude": -76.5 }, "geometry": { "type": "Point", "coordinates": [ 19.190076992500337, -76.5 ] } },
{ "type": "Feature", "properties": { "Longitude": 17.04886856296946, "Latitude": -75.0 }, "geometry": { "type": "Point", "coordinates": [ 17.04886856296946, -75.0 ] } },
{ "type": "Feature", "properties": { "Longitude": 15.411976975599686, "Latitude": -73.5 }, "geometry": { "type": "Point", "coordinates": [ 15.411976975599686, -73.5 ] } },
{ "type": "Feature", "properties": { "Longitude": 19.018180616237146, "Latitude": -72.0 }, "geometry": { "type": "Point", "coordinates": [ 19.018180616237146, -72.0 ] } },
{ "type": "Feature", "properties": { "Longitude": 14.164078649987459, "Latitude": -72.0 }, "geometry": { "type": "Point", "coordinates": [ 14.164078649987459, -72.0 ] } },
{ "type": "Feature", "properties": { "Longitude": 13.225508151794941, "Latitude": -70.5 }, "geometry": { "type": "Point", "coordinates": [ 13.225508151794941, -70.5 ] } },
{ "type": "Feature", "properties": { "Longitude": 4.8491674093510539, "Latitude": -73.5 }, "geometry": { "type": "Point", "coordinates": [ 4.849167409351054, -73.5 ] } },
{ "type": "Feature", "properties": { "Longitude": 9.3099766837377729, "Latitude": -72.0 }, "geometry": { "type": "Point", "coordinates": [ 9.309976683737773, -72.0 ] } },
{ "type": "Feature", "properties": { "Longitude": 4.4558747174880864, "Latitude": -72.0 }, "geometry": { "type": "Point", "coordinates": [ 4.455874717488086, -72.0 ] } },
{ "type": "Feature", "properties": { "Longitude": 8.7318916831485467, "Latitude": -70.5 }, "geometry": { "type": "Point", "coordinates": [ 8.731891683148547, -70.5 ] } },
{ "type": "Feature", "properties": { "Longitude": 20.693381758724001, "Latitude": -73.5 }, "geometry": { "type": "Point", "coordinates": [ 20.693381758724001, -73.5 ] } },
{ "type": "Feature", "properties": { "Longitude": 28.726384548736519, "Latitude": -72.0 }, "geometry": { "type": "Point", "coordinates": [ 28.726384548736519, -72.0 ] } },
{ "type": "Feature", "properties": { "Longitude": 23.872282582486832, "Latitude": -72.0 }, "geometry": { "type": "Point", "coordinates": [ 23.872282582486832, -72.0 ] } },
{ "type": "Feature", "properties": { "Longitude": 26.706357557734123, "Latitude": -70.5 }, "geometry": { "type": "Point", "coordinates": [ 26.706357557734123, -70.5 ] } },
{ "type": "Feature", "properties": { "Longitude": 17.719124620441335, "Latitude": -70.5 }, "geometry": { "type": "Point", "coordinates": [ 17.719124620441335, -70.5 ] } },
{ "type": "Feature", "properties": { "Longitude": 20.212057665451368, "Latitude": -34.5 }, "geometry": { "type": "Point", "coordinates": [ 20.212057665451368, -34.5 ] } },
{ "type": "Feature", "properties": { "Longitude": 25.682668014199663, "Latitude": -33.0 }, "geometry": { "type": "Point", "coordinates": [ 25.682668014199663, -33.0 ] } },
{ "type": "Feature", "properties": { "Longitude": 23.894123074945753, "Latitude": -33.0 }, "geometry": { "type": "Point", "coordinates": [ 23.894123074945753, -33.0 ] } },
{ "type": "Feature", "properties": { "Longitude": 27.471212953453573, "Latitude": -33.0 }, "geometry": { "type": "Point", "coordinates": [ 27.471212953453573, -33.0 ] } },
{ "type": "Feature", "properties": { "Longitude": 22.105578135691843, "Latitude": -33.0 }, "geometry": { "type": "Point", "coordinates": [ 22.105578135691843, -33.0 ] } },
{ "type": "Feature", "properties": { "Longitude": 27.590502300680953, "Latitude": -31.5 }, "geometry": { "type": "Point", "coordinates": [ 27.590502300680953, -31.5 ] } },
{ "type": "Feature", "properties": { "Longitude": 20.317033196437933, "Latitude": -33.0 }, "geometry": { "type": "Point", "coordinates": [ 20.317033196437933, -33.0 ] } },
{ "type": "Feature", "properties": { "Longitude": 18.528488257184023, "Latitude": -33.0 }, "geometry": { "type": "Point", "coordinates": [ 18.528488257184023, -33.0 ] } },
{ "type": "Feature", "properties": { "Longitude": 18.794294576075828, "Latitude": -31.5 }, "geometry": { "type": "Point", "coordinates": [ 18.794294576075828, -31.5 ] } },
{ "type": "Feature", "properties": { "Longitude": 22.312777665917878, "Latitude": -31.5 }, "geometry": { "type": "Point", "coordinates": [ 22.312777665917878, -31.5 ] } },
{ "type": "Feature", "properties": { "Longitude": 24.072019210838903, "Latitude": -31.5 }, "geometry": { "type": "Point", "coordinates": [ 24.072019210838903, -31.5 ] } },
{ "type": "Feature", "properties": { "Longitude": 20.553536120996853, "Latitude": -31.5 }, "geometry": { "type": "Point", "coordinates": [ 20.553536120996853, -31.5 ] } },
{ "type": "Feature", "properties": { "Longitude": 25.831260755759928, "Latitude": -31.5 }, "geometry": { "type": "Point", "coordinates": [ 25.831260755759928, -31.5 ] } },
{ "type": "Feature", "properties": { "Longitude": 24.381995293126408, "Latitude": -30.0 }, "geometry": { "type": "Point", "coordinates": [ 24.381995293126408, -30.0 ] } },
{ "type": "Feature", "properties": { "Longitude": 22.64994448555754, "Latitude": -30.0 }, "geometry": { "type": "Point", "coordinates": [ 22.64994448555754, -30.0 ] } },
{ "type": "Feature", "properties": { "Longitude": 27.846096908264144, "Latitude": -30.0 }, "geometry": { "type": "Point", "coordinates": [ 27.846096908264144, -30.0 ] } },
{ "type": "Feature", "properties": { "Longitude": 26.114046100695276, "Latitude": -30.0 }, "geometry": { "type": "Point", "coordinates": [ 26.114046100695276, -30.0 ] } },
{ "type": "Feature", "properties": { "Longitude": 20.917893677988673, "Latitude": -30.0 }, "geometry": { "type": "Point", "coordinates": [ 20.917893677988673, -30.0 ] } },
{ "type": "Feature", "properties": { "Longitude": 21.407093068387894, "Latitude": -28.5 }, "geometry": { "type": "Point", "coordinates": [ 21.407093068387894, -28.5 ] } },
{ "type": "Feature", "properties": { "Longitude": 17.453792062850937, "Latitude": -30.0 }, "geometry": { "type": "Point", "coordinates": [ 17.453792062850937, -30.0 ] } },
{ "type": "Feature", "properties": { "Longitude": 19.185842870419805, "Latitude": -30.0 }, "geometry": { "type": "Point", "coordinates": [ 19.185842870419805, -30.0 ] } },
{ "type": "Feature", "properties": { "Longitude": 19.700253296621895, "Latitude": -28.5 }, "geometry": { "type": "Point", "coordinates": [ 19.700253296621895, -28.5 ] } },
{ "type": "Feature", "properties": { "Longitude": 17.993413524855896, "Latitude": -28.5 }, "geometry": { "type": "Point", "coordinates": [ 17.993413524855896, -28.5 ] } },
{ "type": "Feature", "properties": { "Longitude": 16.286573753089897, "Latitude": -28.5 }, "geometry": { "type": "Point", "coordinates": [ 16.286573753089897, -28.5 ] } },
{ "type": "Feature", "properties": { "Longitude": 18.651744061280681, "Latitude": -27.0 }, "geometry": { "type": "Point", "coordinates": [ 18.651744061280681, -27.0 ] } },
{ "type": "Feature", "properties": { "Longitude": 20.335233417732212, "Latitude": -27.0 }, "geometry": { "type": "Point", "coordinates": [ 20.335233417732212, -27.0 ] } },
{ "type": "Feature", "properties": { "Longitude": 15.284765348377618, "Latitude": -27.0 }, "geometry": { "type": "Point", "coordinates": [ 15.284765348377618, -27.0 ] } },
{ "type": "Feature", "properties": { "Longitude": 16.96825470482915, "Latitude": -27.0 }, "geometry": { "type": "Point", "coordinates": [ 16.96825470482915, -27.0 ] } },
{ "type": "Feature", "properties": { "Longitude": 17.765245118719889, "Latitude": -25.5 }, "geometry": { "type": "Point", "coordinates": [ 17.765245118719889, -25.5 ] } },
{ "type": "Feature", "properties": { "Longitude": 19.427137934843586, "Latitude": -25.5 }, "geometry": { "type": "Point", "coordinates": [ 19.427137934843586, -25.5 ] } },
{ "type": "Feature", "properties": { "Longitude": 16.103352302596193, "Latitude": -25.5 }, "geometry": { "type": "Point", "coordinates": [ 16.103352302596193, -25.5 ] } },
{ "type": "Feature", "properties": { "Longitude": -53.013309312972382, "Latitude": -33.0 }, "geometry": { "type": "Point", "coordinates": [ -53.013309312972382, -33.0 ] } },
{ "type": "Feature", "properties": { "Longitude": -51.575367220765173, "Latitude": -31.5 }, "geometry": { "type": "Point", "coordinates": [ -51.575367220765173, -31.5 ] } },
{ "type": "Feature", "properties": { "Longitude": -53.334608765686198, "Latitude": -31.5 }, "geometry": { "type": "Point", "coordinates": [ -53.334608765686198, -31.5 ] } },
{ "type": "Feature", "properties": { "Longitude": -50.09618943233491, "Latitude": -30.0 }, "geometry": { "type": "Point", "coordinates": [ -50.09618943233491, -30.0 ] } },
{ "type": "Feature", "properties": { "Longitude": -53.560291047472646, "Latitude": -30.0 }, "geometry": { "type": "Point", "coordinates": [ -53.560291047472646, -30.0 ] } },
{ "type": "Feature", "properties": { "Longitude": -51.828240239903778, "Latitude": -30.0 }, "geometry": { "type": "Point", "coordinates": [ -51.828240239903778, -30.0 ] } },
{ "type": "Feature", "properties": { "Longitude": -50.280177345784068, "Latitude": -28.5 }, "geometry": { "type": "Point", "coordinates": [ -50.280177345784068, -28.5 ] } },
{ "type": "Feature", "properties": { "Longitude": -51.987017117550067, "Latitude": -28.5 }, "geometry": { "type": "Point", "coordinates": [ -51.987017117550067, -28.5 ] } },
{ "type": "Feature", "properties": { "Longitude": -53.693856889316066, "Latitude": -28.5 }, "geometry": { "type": "Point", "coordinates": [ -53.693856889316066, -28.5 ] } },
{ "type": "Feature", "properties": { "Longitude": -50.371319553232098, "Latitude": -27.0 }, "geometry": { "type": "Point", "coordinates": [ -50.371319553232098, -27.0 ] } },
{ "type": "Feature", "properties": { "Longitude": -52.054808909683629, "Latitude": -27.0 }, "geometry": { "type": "Point", "coordinates": [ -52.054808909683629, -27.0 ] } },
{ "type": "Feature", "properties": { "Longitude": -53.73829826613516, "Latitude": -27.0 }, "geometry": { "type": "Point", "coordinates": [ -53.73829826613516, -27.0 ] } },
{ "type": "Feature", "properties": { "Longitude": -48.687830196780567, "Latitude": -27.0 }, "geometry": { "type": "Point", "coordinates": [ -48.687830196780567, -27.0 ] } },
{ "type": "Feature", "properties": { "Longitude": -52.034253158475366, "Latitude": -25.5 }, "geometry": { "type": "Point", "coordinates": [ -52.034253158475366, -25.5 ] } },
{ "type": "Feature", "properties": { "Longitude": -48.710467526227973, "Latitude": -25.5 }, "geometry": { "type": "Point", "coordinates": [ -48.710467526227973, -25.5 ] } },
{ "type": "Feature", "properties": { "Longitude": -53.696145974599062, "Latitude": -25.5 }, "geometry": { "type": "Point", "coordinates": [ -53.696145974599062, -25.5 ] } },
{ "type": "Feature", "properties": { "Longitude": -50.372360342351669, "Latitude": -25.5 }, "geometry": { "type": "Point", "coordinates": [ -50.372360342351669, -25.5 ] } },
{ "type": "Feature", "properties": { "Longitude": -51.927555414791698, "Latitude": -24.0 }, "geometry": { "type": "Point", "coordinates": [ -51.927555414791698, -24.0 ] } },
{ "type": "Feature", "properties": { "Longitude": -47.001692161514455, "Latitude": -24.0 }, "geometry": { "type": "Point", "coordinates": [ -47.001692161514455, -24.0 ] } },
{ "type": "Feature", "properties": { "Longitude": -50.285600997032617, "Latitude": -24.0 }, "geometry": { "type": "Point", "coordinates": [ -50.285600997032617, -24.0 ] } },
{ "type": "Feature", "properties": { "Longitude": -53.569509832550779, "Latitude": -24.0 }, "geometry": { "type": "Point", "coordinates": [ -53.569509832550779, -24.0 ] } },
{ "type": "Feature", "properties": { "Longitude": -65.3953499576686, "Latitude": -88.5 }, "geometry": { "type": "Point", "coordinates": [ -65.3953499576686, -88.5 ] } },
{ "type": "Feature", "properties": { "Longitude": -65.356064344215952, "Latitude": -87.0 }, "geometry": { "type": "Point", "coordinates": [ -65.356064344215952, -87.0 ] } },
{ "type": "Feature", "properties": { "Longitude": -65.290546411358662, "Latitude": -85.5 }, "geometry": { "type": "Point", "coordinates": [ -65.290546411358662, -85.5 ] } },
{ "type": "Feature", "properties": { "Longitude": -65.19873319793237, "Latitude": -84.0 }, "geometry": { "type": "Point", "coordinates": [ -65.19873319793237, -84.0 ] } },
{ "type": "Feature", "properties": { "Longitude": -65.08053636689425, "Latitude": -82.5 }, "geometry": { "type": "Point", "coordinates": [ -65.08053636689425, -82.5 ] } },
{ "type": "Feature", "properties": { "Longitude": -70.766731971854654, "Latitude": -76.5 }, "geometry": { "type": "Point", "coordinates": [ -70.766731971854654, -76.5 ] } },
{ "type": "Feature", "properties": { "Longitude": -63.501552810007524, "Latitude": -72.0 }, "geometry": { "type": "Point", "coordinates": [ -63.501552810007524, -72.0 ] } },
{ "type": "Feature", "properties": { "Longitude": -63.165971815193757, "Latitude": -70.5 }, "geometry": { "type": "Point", "coordinates": [ -63.165971815193757, -70.5 ] } },
{ "type": "Feature", "properties": { "Longitude": -64.088900845312082, "Latitude": -75.0 }, "geometry": { "type": "Point", "coordinates": [ -64.088900845312082, -75.0 ] } },
{ "type": "Feature", "properties": { "Longitude": -69.884455803046478, "Latitude": -75.0 }, "geometry": { "type": "Point", "coordinates": [ -69.884455803046478, -75.0 ] } },
{ "type": "Feature", "properties": { "Longitude": -69.090499554389368, "Latitude": -73.5 }, "geometry": { "type": "Point", "coordinates": [ -69.090499554389368, -73.5 ] } },
{ "type": "Feature", "properties": { "Longitude": -63.809094771265052, "Latitude": -73.5 }, "geometry": { "type": "Point", "coordinates": [ -63.809094771265052, -73.5 ] } },
{ "type": "Feature", "properties": { "Longitude": -67.659588283840151, "Latitude": -70.5 }, "geometry": { "type": "Point", "coordinates": [ -67.659588283840151, -70.5 ] } },
{ "type": "Feature", "properties": { "Longitude": -66.987661560173791, "Latitude": -69.0 }, "geometry": { "type": "Point", "coordinates": [ -66.987661560173791, -69.0 ] } },
{ "type": "Feature", "properties": { "Longitude": -66.329022055755161, "Latitude": -67.5 }, "geometry": { "type": "Point", "coordinates": [ -66.329022055755161, -67.5 ] } },
{ "type": "Feature", "properties": { "Longitude": -73.209756742506897, "Latitude": -72.0 }, "geometry": { "type": "Point", "coordinates": [ -73.209756742506897, -72.0 ] } },
{ "type": "Feature", "properties": { "Longitude": -61.536154635498178, "Latitude": -64.5 }, "geometry": { "type": "Point", "coordinates": [ -61.536154635498178, -64.5 ] } },
{ "type": "Feature", "properties": { "Longitude": -68.772411225478095, "Latitude": -55.5 }, "geometry": { "type": "Point", "coordinates": [ -68.772411225478095, -55.5 ] } },
{ "type": "Feature", "properties": { "Longitude": -36.69508043026994, "Latitude": -87.0 }, "geometry": { "type": "Point", "coordinates": [ -36.69508043026994, -87.0 ] } },
{ "type": "Feature", "properties": { "Longitude": -36.498416497415462, "Latitude": -84.0 }, "geometry": { "type": "Point", "coordinates": [ -36.498416497415462, -84.0 ] } },
{ "type": "Feature", "properties": { "Longitude": -30.604697276962526, "Latitude": -82.5 }, "geometry": { "type": "Point", "coordinates": [ -30.604697276962526, -82.5 ] } },
{ "type": "Feature", "properties": { "Longitude": -46.172304146585105, "Latitude": -85.5 }, "geometry": { "type": "Point", "coordinates": [ -46.172304146585105, -85.5 ] } },
{ "type": "Feature", "properties": { "Longitude": -42.096643640273101, "Latitude": -82.5 }, "geometry": { "type": "Point", "coordinates": [ -42.096643640273101, -82.5 ] } },
{ "type": "Feature", "properties": { "Longitude": -50.848574847673916, "Latitude": -84.0 }, "geometry": { "type": "Point", "coordinates": [ -50.848574847673916, -84.0 ] } },
{ "type": "Feature", "properties": { "Longitude": -53.588590003583676, "Latitude": -82.5 }, "geometry": { "type": "Point", "coordinates": [ -53.588590003583676, -82.5 ] } },
{ "type": "Feature", "properties": { "Longitude": -48.30229761631108, "Latitude": -79.5 }, "geometry": { "type": "Point", "coordinates": [ -48.30229761631108, -79.5 ] } },
{ "type": "Feature", "properties": { "Longitude": -94.017048258161964, "Latitude": -87.0 }, "geometry": { "type": "Point", "coordinates": [ -94.017048258161964, -87.0 ] } },
{ "type": "Feature", "properties": { "Longitude": -93.899049898449277, "Latitude": -84.0 }, "geometry": { "type": "Point", "coordinates": [ -93.899049898449277, -84.0 ] } },
{ "type": "Feature", "properties": { "Longitude": -93.701881509754656, "Latitude": -81.0 }, "geometry": { "type": "Point", "coordinates": [ -93.701881509754656, -81.0 ] } },
{ "type": "Feature", "properties": { "Longitude": -89.457829611213867, "Latitude": -79.5 }, "geometry": { "type": "Point", "coordinates": [ -89.457829611213867, -79.5 ] } },
{ "type": "Feature", "properties": { "Longitude": -93.424781794605678, "Latitude": -78.0 }, "geometry": { "type": "Point", "coordinates": [ -93.424781794605678, -78.0 ] } },
{ "type": "Feature", "properties": { "Longitude": -96.468677390241794, "Latitude": -76.5 }, "geometry": { "type": "Point", "coordinates": [ -96.468677390241794, -76.5 ] } },
{ "type": "Feature", "properties": { "Longitude": -90.043191035645009, "Latitude": -76.5 }, "geometry": { "type": "Point", "coordinates": [ -90.043191035645009, -76.5 ] } },
{ "type": "Feature", "properties": { "Longitude": -93.066675633984062, "Latitude": -75.0 }, "geometry": { "type": "Point", "coordinates": [ -93.066675633984062, -75.0 ] } },
{ "type": "Feature", "properties": { "Longitude": -90.216118686886631, "Latitude": -73.5 }, "geometry": { "type": "Point", "coordinates": [ -90.216118686886631, -73.5 ] } },
{ "type": "Feature", "properties": { "Longitude": -103.52703094090577, "Latitude": -85.5 }, "geometry": { "type": "Point", "coordinates": [ -103.527030940905775, -85.5 ] } },
{ "type": "Feature", "properties": { "Longitude": -99.556375456825975, "Latitude": -82.5 }, "geometry": { "type": "Point", "coordinates": [ -99.556375456825975, -82.5 ] } },
{ "type": "Feature", "properties": { "Longitude": -103.29056134200414, "Latitude": -81.0 }, "geometry": { "type": "Point", "coordinates": [ -103.290561342004139, -81.0 ] } },
{ "type": "Feature", "properties": { "Longitude": -97.688936010194425, "Latitude": -79.5 }, "geometry": { "type": "Point", "coordinates": [ -97.688936010194425, -79.5 ] } },
{ "type": "Feature", "properties": { "Longitude": -100.63938331172187, "Latitude": -78.0 }, "geometry": { "type": "Point", "coordinates": [ -100.639383311721872, -78.0 ] } },
{ "type": "Feature", "properties": { "Longitude": -102.89416374483858, "Latitude": -76.5 }, "geometry": { "type": "Point", "coordinates": [ -102.894163744838579, -76.5 ] } },
{ "type": "Feature", "properties": { "Longitude": -98.862230591718458, "Latitude": -75.0 }, "geometry": { "type": "Point", "coordinates": [ -98.862230591718458, -75.0 ] } },
{ "type": "Feature", "properties": { "Longitude": -104.65778554945285, "Latitude": -75.0 }, "geometry": { "type": "Point", "coordinates": [ -104.657785549452854, -75.0 ] } },
{ "type": "Feature", "properties": { "Longitude": -100.77892825313526, "Latitude": -73.5 }, "geometry": { "type": "Point", "coordinates": [ -100.778928253135263, -73.5 ] } },
{ "type": "Feature", "properties": { "Longitude": -84.408788676132218, "Latitude": -85.5 }, "geometry": { "type": "Point", "coordinates": [ -84.408788676132218, -85.5 ] } },
{ "type": "Feature", "properties": { "Longitude": -88.0644290935154, "Latitude": -82.5 }, "geometry": { "type": "Point", "coordinates": [ -88.0644290935154, -82.5 ] } },
{ "type": "Feature", "properties": { "Longitude": -84.113201677505174, "Latitude": -81.0 }, "geometry": { "type": "Point", "coordinates": [ -84.113201677505174, -81.0 ] } },
{ "type": "Feature", "properties": { "Longitude": -81.22672321223331, "Latitude": -79.5 }, "geometry": { "type": "Point", "coordinates": [ -81.22672321223331, -79.5 ] } },
{ "type": "Feature", "properties": { "Longitude": -86.210180277489485, "Latitude": -78.0 }, "geometry": { "type": "Point", "coordinates": [ -86.210180277489485, -78.0 ] } },
{ "type": "Feature", "properties": { "Longitude": -83.617704681048224, "Latitude": -76.5 }, "geometry": { "type": "Point", "coordinates": [ -83.617704681048224, -76.5 ] } },
{ "type": "Feature", "properties": { "Longitude": -81.47556571851527, "Latitude": -75.0 }, "geometry": { "type": "Point", "coordinates": [ -81.47556571851527, -75.0 ] } },
{ "type": "Feature", "properties": { "Longitude": -87.271120676249666, "Latitude": -75.0 }, "geometry": { "type": "Point", "coordinates": [ -87.271120676249666, -75.0 ] } },
{ "type": "Feature", "properties": { "Longitude": -84.934713903762315, "Latitude": -73.5 }, "geometry": { "type": "Point", "coordinates": [ -84.934713903762315, -73.5 ] } },
{ "type": "Feature", "properties": { "Longitude": -79.548891548190824, "Latitude": -84.0 }, "geometry": { "type": "Point", "coordinates": [ -79.548891548190824, -84.0 ] } },
{ "type": "Feature", "properties": { "Longitude": -76.572482730204825, "Latitude": -82.5 }, "geometry": { "type": "Point", "coordinates": [ -76.572482730204825, -82.5 ] } },
{ "type": "Feature", "properties": { "Longitude": -74.524521845255691, "Latitude": -81.0 }, "geometry": { "type": "Point", "coordinates": [ -74.524521845255691, -81.0 ] } },
{ "type": "Feature", "properties": { "Longitude": -78.995578760373292, "Latitude": -78.0 }, "geometry": { "type": "Point", "coordinates": [ -78.995578760373292, -78.0 ] } },
{ "type": "Feature", "properties": { "Longitude": -77.192218326451439, "Latitude": -76.5 }, "geometry": { "type": "Point", "coordinates": [ -77.192218326451439, -76.5 ] } },
{ "type": "Feature", "properties": { "Longitude": -75.680010760780874, "Latitude": -75.0 }, "geometry": { "type": "Point", "coordinates": [ -75.680010760780874, -75.0 ] } },
{ "type": "Feature", "properties": { "Longitude": -79.653309120637999, "Latitude": -73.5 }, "geometry": { "type": "Point", "coordinates": [ -79.653309120637999, -73.5 ] } },
{ "type": "Feature", "properties": { "Longitude": -67.714093297530326, "Latitude": -54.0 }, "geometry": { "type": "Point", "coordinates": [ -67.714093297530326, -54.0 ] } },
{ "type": "Feature", "properties": { "Longitude": -70.266045722586455, "Latitude": -54.0 }, "geometry": { "type": "Point", "coordinates": [ -70.266045722586455, -54.0 ] } },
{ "type": "Feature", "properties": { "Longitude": -71.583144307497946, "Latitude": -52.5 }, "geometry": { "type": "Point", "coordinates": [ -71.583144307497946, -52.5 ] } },
{ "type": "Feature", "properties": { "Longitude": -70.357914694463261, "Latitude": -51.0 }, "geometry": { "type": "Point", "coordinates": [ -70.357914694463261, -51.0 ] } },
{ "type": "Feature", "properties": { "Longitude": -71.446282452822999, "Latitude": -49.5 }, "geometry": { "type": "Point", "coordinates": [ -71.446282452822999, -49.5 ] } },
{ "type": "Feature", "properties": { "Longitude": -69.136628887989446, "Latitude": -49.5 }, "geometry": { "type": "Point", "coordinates": [ -69.136628887989446, -49.5 ] } },
{ "type": "Feature", "properties": { "Longitude": -70.155973584951852, "Latitude": -48.0 }, "geometry": { "type": "Point", "coordinates": [ -70.155973584951852, -48.0 ] } },
{ "type": "Feature", "properties": { "Longitude": -67.914258760154951, "Latitude": -48.0 }, "geometry": { "type": "Point", "coordinates": [ -67.914258760154951, -48.0 ] } },
{ "type": "Feature", "properties": { "Longitude": -68.865415149017281, "Latitude": -46.5 }, "geometry": { "type": "Point", "coordinates": [ -68.865415149017281, -46.5 ] } },
{ "type": "Feature", "properties": { "Longitude": -73.755936017656552, "Latitude": -49.5 }, "geometry": { "type": "Point", "coordinates": [ -73.755936017656552, -49.5 ] } },
{ "type": "Feature", "properties": { "Longitude": -72.397688409748753, "Latitude": -48.0 }, "geometry": { "type": "Point", "coordinates": [ -72.397688409748753, -48.0 ] } },
{ "type": "Feature", "properties": { "Longitude": -74.639403234545654, "Latitude": -48.0 }, "geometry": { "type": "Point", "coordinates": [ -74.639403234545654, -48.0 ] } },
{ "type": "Feature", "properties": { "Longitude": -75.402743669663323, "Latitude": -46.5 }, "geometry": { "type": "Point", "coordinates": [ -75.402743669663323, -46.5 ] } },
{ "type": "Feature", "properties": { "Longitude": -73.223634162781309, "Latitude": -46.5 }, "geometry": { "type": "Point", "coordinates": [ -73.223634162781309, -46.5 ] } },
{ "type": "Feature", "properties": { "Longitude": -72.817998147642584, "Latitude": -54.0 }, "geometry": { "type": "Point", "coordinates": [ -72.817998147642584, -54.0 ] } },
{ "type": "Feature", "properties": { "Longitude": -74.047163755054811, "Latitude": -52.5 }, "geometry": { "type": "Point", "coordinates": [ -74.047163755054811, -52.5 ] } },
{ "type": "Feature", "properties": { "Longitude": -72.741438288061886, "Latitude": -51.0 }, "geometry": { "type": "Point", "coordinates": [ -72.741438288061886, -51.0 ] } },
{ "type": "Feature", "properties": { "Longitude": -73.933982822018436, "Latitude": -45.0 }, "geometry": { "type": "Point", "coordinates": [ -73.933982822018436, -45.0 ] } },
{ "type": "Feature", "properties": { "Longitude": -72.469319130826875, "Latitude": -43.5 }, "geometry": { "type": "Point", "coordinates": [ -72.469319130826875, -43.5 ] } },
{ "type": "Feature", "properties": { "Longitude": -73.022197996293244, "Latitude": -42.0 }, "geometry": { "type": "Point", "coordinates": [ -73.022197996293244, -42.0 ] } },
{ "type": "Feature", "properties": { "Longitude": -73.477953008845986, "Latitude": -40.5 }, "geometry": { "type": "Point", "coordinates": [ -73.477953008845986, -40.5 ] } },
{ "type": "Feature", "properties": { "Longitude": -71.044524655899295, "Latitude": -46.5 }, "geometry": { "type": "Point", "coordinates": [ -71.044524655899295, -46.5 ] } },
{ "type": "Feature", "properties": { "Longitude": -71.812662478458805, "Latitude": -45.0 }, "geometry": { "type": "Point", "coordinates": [ -71.812662478458805, -45.0 ] } },
{ "type": "Feature", "properties": { "Longitude": -69.691342134899173, "Latitude": -45.0 }, "geometry": { "type": "Point", "coordinates": [ -69.691342134899173, -45.0 ] } },
{ "type": "Feature", "properties": { "Longitude": -67.570021791339542, "Latitude": -45.0 }, "geometry": { "type": "Point", "coordinates": [ -67.570021791339542, -45.0 ] } },
{ "type": "Feature", "properties": { "Longitude": -70.401421421804315, "Latitude": -43.5 }, "geometry": { "type": "Point", "coordinates": [ -70.401421421804315, -43.5 ] } },
{ "type": "Feature", "properties": { "Longitude": -68.333523712781755, "Latitude": -43.5 }, "geometry": { "type": "Point", "coordinates": [ -68.333523712781755, -43.5 ] } },
{ "type": "Feature", "properties": { "Longitude": -63.614800509665059, "Latitude": -40.5 }, "geometry": { "type": "Point", "coordinates": [ -63.614800509665059, -40.5 ] } },
{ "type": "Feature", "properties": { "Longitude": -66.265626003759195, "Latitude": -43.5 }, "geometry": { "type": "Point", "coordinates": [ -66.265626003759195, -43.5 ] } },
{ "type": "Feature", "properties": { "Longitude": -68.985299807474121, "Latitude": -42.0 }, "geometry": { "type": "Point", "coordinates": [ -68.985299807474121, -42.0 ] } },
{ "type": "Feature", "properties": { "Longitude": -71.003748901883682, "Latitude": -42.0 }, "geometry": { "type": "Point", "coordinates": [ -71.003748901883682, -42.0 ] } },
{ "type": "Feature", "properties": { "Longitude": -66.966850713064559, "Latitude": -42.0 }, "geometry": { "type": "Point", "coordinates": [ -66.966850713064559, -42.0 ] } },
{ "type": "Feature", "properties": { "Longitude": -69.532692009173616, "Latitude": -40.5 }, "geometry": { "type": "Point", "coordinates": [ -69.532692009173616, -40.5 ] } },
{ "type": "Feature", "properties": { "Longitude": -71.505322509009801, "Latitude": -40.5 }, "geometry": { "type": "Point", "coordinates": [ -71.505322509009801, -40.5 ] } },
{ "type": "Feature", "properties": { "Longitude": -67.56006150933743, "Latitude": -40.5 }, "geometry": { "type": "Point", "coordinates": [ -67.56006150933743, -40.5 ] } },
{ "type": "Feature", "properties": { "Longitude": -65.587431009501245, "Latitude": -40.5 }, "geometry": { "type": "Point", "coordinates": [ -65.587431009501245, -40.5 ] } },
{ "type": "Feature", "properties": { "Longitude": -71.912196464973476, "Latitude": -39.0 }, "geometry": { "type": "Point", "coordinates": [ -71.912196464973476, -39.0 ] } },
{ "type": "Feature", "properties": { "Longitude": -60.885356876030301, "Latitude": -37.5 }, "geometry": { "type": "Point", "coordinates": [ -60.885356876030301, -37.5 ] } },
{ "type": "Feature", "properties": { "Longitude": -68.051917767293958, "Latitude": -39.0 }, "geometry": { "type": "Point", "coordinates": [ -68.051917767293958, -39.0 ] } },
{ "type": "Feature", "properties": { "Longitude": -66.121778418454198, "Latitude": -39.0 }, "geometry": { "type": "Point", "coordinates": [ -66.121778418454198, -39.0 ] } },
{ "type": "Feature", "properties": { "Longitude": -64.191639069614439, "Latitude": -39.0 }, "geometry": { "type": "Point", "coordinates": [ -64.191639069614439, -39.0 ] } },
{ "type": "Feature", "properties": { "Longitude": -69.982057116133717, "Latitude": -39.0 }, "geometry": { "type": "Point", "coordinates": [ -69.982057116133717, -39.0 ] } },
{ "type": "Feature", "properties": { "Longitude": -70.338899981107261, "Latitude": -37.5 }, "geometry": { "type": "Point", "coordinates": [ -70.338899981107261, -37.5 ] } },
{ "type": "Feature", "properties": { "Longitude": -66.557482739076477, "Latitude": -37.5 }, "geometry": { "type": "Point", "coordinates": [ -66.557482739076477, -37.5 ] } },
{ "type": "Feature", "properties": { "Longitude": -68.448191360091869, "Latitude": -37.5 }, "geometry": { "type": "Point", "coordinates": [ -68.448191360091869, -37.5 ] } },
{ "type": "Feature", "properties": { "Longitude": -64.666774118061085, "Latitude": -37.5 }, "geometry": { "type": "Point", "coordinates": [ -64.666774118061085, -37.5 ] } },
{ "type": "Feature", "properties": { "Longitude": -70.607983991268497, "Latitude": -36.0 }, "geometry": { "type": "Point", "coordinates": [ -70.607983991268497, -36.0 ] } },
{ "type": "Feature", "properties": { "Longitude": -66.899780058769124, "Latitude": -36.0 }, "geometry": { "type": "Point", "coordinates": [ -66.899780058769124, -36.0 ] } },
{ "type": "Feature", "properties": { "Longitude": -72.229608602122653, "Latitude": -37.5 }, "geometry": { "type": "Point", "coordinates": [ -72.229608602122653, -37.5 ] } },
{ "type": "Feature", "properties": { "Longitude": -72.462085957518184, "Latitude": -36.0 }, "geometry": { "type": "Point", "coordinates": [ -72.462085957518184, -36.0 ] } },
{ "type": "Feature", "properties": { "Longitude": -58.994648255014909, "Latitude": -37.5 }, "geometry": { "type": "Point", "coordinates": [ -58.994648255014909, -37.5 ] } },
{ "type": "Feature", "properties": { "Longitude": -62.776065497045693, "Latitude": -37.5 }, "geometry": { "type": "Point", "coordinates": [ -62.776065497045693, -37.5 ] } },
{ "type": "Feature", "properties": { "Longitude": -59.483372193770379, "Latitude": -36.0 }, "geometry": { "type": "Point", "coordinates": [ -59.483372193770379, -36.0 ] } },
{ "type": "Feature", "properties": { "Longitude": -61.337474160020065, "Latitude": -36.0 }, "geometry": { "type": "Point", "coordinates": [ -61.337474160020065, -36.0 ] } },
{ "type": "Feature", "properties": { "Longitude": -57.629270227520692, "Latitude": -36.0 }, "geometry": { "type": "Point", "coordinates": [ -57.629270227520692, -36.0 ] } },
{ "type": "Feature", "properties": { "Longitude": -63.191576126269752, "Latitude": -36.0 }, "geometry": { "type": "Point", "coordinates": [ -63.191576126269752, -36.0 ] } },
{ "type": "Feature", "properties": { "Longitude": -59.872765400729179, "Latitude": -34.5 }, "geometry": { "type": "Point", "coordinates": [ -59.872765400729179, -34.5 ] } },
{ "type": "Feature", "properties": { "Longitude": -56.232546170448245, "Latitude": -34.5 }, "geometry": { "type": "Point", "coordinates": [ -56.232546170448245, -34.5 ] } },
{ "type": "Feature", "properties": { "Longitude": -54.412436555307778, "Latitude": -34.5 }, "geometry": { "type": "Point", "coordinates": [ -54.412436555307778, -34.5 ] } },
{ "type": "Feature", "properties": { "Longitude": -54.801854252226292, "Latitude": -33.0 }, "geometry": { "type": "Point", "coordinates": [ -54.801854252226292, -33.0 ] } },
{ "type": "Feature", "properties": { "Longitude": -65.045678092519438, "Latitude": -36.0 }, "geometry": { "type": "Point", "coordinates": [ -65.045678092519438, -36.0 ] } },
{ "type": "Feature", "properties": { "Longitude": -68.753882025018811, "Latitude": -36.0 }, "geometry": { "type": "Point", "coordinates": [ -68.753882025018811, -36.0 ] } },
{ "type": "Feature", "properties": { "Longitude": -67.153203861291047, "Latitude": -34.5 }, "geometry": { "type": "Point", "coordinates": [ -67.153203861291047, -34.5 ] } },
{ "type": "Feature", "properties": { "Longitude": -68.973313476431514, "Latitude": -34.5 }, "geometry": { "type": "Point", "coordinates": [ -68.973313476431514, -34.5 ] } },
{ "type": "Feature", "properties": { "Longitude": -65.33309424615058, "Latitude": -34.5 }, "geometry": { "type": "Point", "coordinates": [ -65.33309424615058, -34.5 ] } },
{ "type": "Feature", "properties": { "Longitude": -70.793423091571981, "Latitude": -34.5 }, "geometry": { "type": "Point", "coordinates": [ -70.793423091571981, -34.5 ] } },
{ "type": "Feature", "properties": { "Longitude": -67.321668827003663, "Latitude": -33.0 }, "geometry": { "type": "Point", "coordinates": [ -67.321668827003663, -33.0 ] } },
{ "type": "Feature", "properties": { "Longitude": -70.898758705511483, "Latitude": -33.0 }, "geometry": { "type": "Point", "coordinates": [ -70.898758705511483, -33.0 ] } },
{ "type": "Feature", "properties": { "Longitude": -63.744578948495842, "Latitude": -33.0 }, "geometry": { "type": "Point", "coordinates": [ -63.744578948495842, -33.0 ] } },
{ "type": "Feature", "properties": { "Longitude": -69.110213766257573, "Latitude": -33.0 }, "geometry": { "type": "Point", "coordinates": [ -69.110213766257573, -33.0 ] } },
{ "type": "Feature", "properties": { "Longitude": -61.692875015869646, "Latitude": -34.5 }, "geometry": { "type": "Point", "coordinates": [ -61.692875015869646, -34.5 ] } },
{ "type": "Feature", "properties": { "Longitude": -63.512984631010113, "Latitude": -34.5 }, "geometry": { "type": "Point", "coordinates": [ -63.512984631010113, -34.5 ] } },
{ "type": "Feature", "properties": { "Longitude": -58.378944130734112, "Latitude": -33.0 }, "geometry": { "type": "Point", "coordinates": [ -58.378944130734112, -33.0 ] } },
{ "type": "Feature", "properties": { "Longitude": -56.590399191480202, "Latitude": -33.0 }, "geometry": { "type": "Point", "coordinates": [ -56.590399191480202, -33.0 ] } },
{ "type": "Feature", "properties": { "Longitude": -60.167489069988022, "Latitude": -33.0 }, "geometry": { "type": "Point", "coordinates": [ -60.167489069988022, -33.0 ] } },
{ "type": "Feature", "properties": { "Longitude": -61.956034009241932, "Latitude": -33.0 }, "geometry": { "type": "Point", "coordinates": [ -61.956034009241932, -33.0 ] } },
{ "type": "Feature", "properties": { "Longitude": -56.853091855528248, "Latitude": -31.5 }, "geometry": { "type": "Point", "coordinates": [ -56.853091855528248, -31.5 ] } },
{ "type": "Feature", "properties": { "Longitude": -62.130816490291323, "Latitude": -31.5 }, "geometry": { "type": "Point", "coordinates": [ -62.130816490291323, -31.5 ] } },
{ "type": "Feature", "properties": { "Longitude": -58.612333400449273, "Latitude": -31.5 }, "geometry": { "type": "Point", "coordinates": [ -58.612333400449273, -31.5 ] } },
{ "type": "Feature", "properties": { "Longitude": -65.533123887749753, "Latitude": -33.0 }, "geometry": { "type": "Point", "coordinates": [ -65.533123887749753, -33.0 ] } },
{ "type": "Feature", "properties": { "Longitude": -67.408541125054398, "Latitude": -31.5 }, "geometry": { "type": "Point", "coordinates": [ -67.408541125054398, -31.5 ] } },
{ "type": "Feature", "properties": { "Longitude": -70.927024214896448, "Latitude": -31.5 }, "geometry": { "type": "Point", "coordinates": [ -70.927024214896448, -31.5 ] } },
{ "type": "Feature", "properties": { "Longitude": -63.890058035212348, "Latitude": -31.5 }, "geometry": { "type": "Point", "coordinates": [ -63.890058035212348, -31.5 ] } },
{ "type": "Feature", "properties": { "Longitude": -69.167782669975423, "Latitude": -31.5 }, "geometry": { "type": "Point", "coordinates": [ -69.167782669975423, -31.5 ] } },
{ "type": "Feature", "properties": { "Longitude": -65.649299580133373, "Latitude": -31.5 }, "geometry": { "type": "Point", "coordinates": [ -65.649299580133373, -31.5 ] } },
{ "type": "Feature", "properties": { "Longitude": -67.416697508023589, "Latitude": -30.0 }, "geometry": { "type": "Point", "coordinates": [ -67.416697508023589, -30.0 ] } },
{ "type": "Feature", "properties": { "Longitude": -65.684646700454721, "Latitude": -30.0 }, "geometry": { "type": "Point", "coordinates": [ -65.684646700454721, -30.0 ] } },
{ "type": "Feature", "properties": { "Longitude": -69.148748315592456, "Latitude": -30.0 }, "geometry": { "type": "Point", "coordinates": [ -69.148748315592456, -30.0 ] } },
{ "type": "Feature", "properties": { "Longitude": -70.880799123161324, "Latitude": -30.0 }, "geometry": { "type": "Point", "coordinates": [ -70.880799123161324, -30.0 ] } },
{ "type": "Feature", "properties": { "Longitude": -60.371574945370298, "Latitude": -31.5 }, "geometry": { "type": "Point", "coordinates": [ -60.371574945370298, -31.5 ] } },
{ "type": "Feature", "properties": { "Longitude": -55.093850310607223, "Latitude": -31.5 }, "geometry": { "type": "Point", "coordinates": [ -55.093850310607223, -31.5 ] } },
{ "type": "Feature", "properties": { "Longitude": -60.488494277748117, "Latitude": -30.0 }, "geometry": { "type": "Point", "coordinates": [ -60.488494277748117, -30.0 ] } },
{ "type": "Feature", "properties": { "Longitude": -62.220545085316985, "Latitude": -30.0 }, "geometry": { "type": "Point", "coordinates": [ -62.220545085316985, -30.0 ] } },
{ "type": "Feature", "properties": { "Longitude": -55.292341855041514, "Latitude": -30.0 }, "geometry": { "type": "Point", "coordinates": [ -55.292341855041514, -30.0 ] } },
{ "type": "Feature", "properties": { "Longitude": -58.756443470179249, "Latitude": -30.0 }, "geometry": { "type": "Point", "coordinates": [ -58.756443470179249, -30.0 ] } },
{ "type": "Feature", "properties": { "Longitude": -57.024392662610381, "Latitude": -30.0 }, "geometry": { "type": "Point", "coordinates": [ -57.024392662610381, -30.0 ] } },
{ "type": "Feature", "properties": { "Longitude": -55.400696661082065, "Latitude": -28.5 }, "geometry": { "type": "Point", "coordinates": [ -55.400696661082065, -28.5 ] } },
{ "type": "Feature", "properties": { "Longitude": -57.107536432848065, "Latitude": -28.5 }, "geometry": { "type": "Point", "coordinates": [ -57.107536432848065, -28.5 ] } },
{ "type": "Feature", "properties": { "Longitude": -62.228055748146062, "Latitude": -28.5 }, "geometry": { "type": "Point", "coordinates": [ -62.228055748146062, -28.5 ] } },
{ "type": "Feature", "properties": { "Longitude": -63.952595892885853, "Latitude": -30.0 }, "geometry": { "type": "Point", "coordinates": [ -63.952595892885853, -30.0 ] } },
{ "type": "Feature", "properties": { "Longitude": -63.934895519912061, "Latitude": -28.5 }, "geometry": { "type": "Point", "coordinates": [ -63.934895519912061, -28.5 ] } },
{ "type": "Feature", "properties": { "Longitude": -67.348575063444059, "Latitude": -28.5 }, "geometry": { "type": "Point", "coordinates": [ -67.348575063444059, -28.5 ] } },
{ "type": "Feature", "properties": { "Longitude": -70.762254606976057, "Latitude": -28.5 }, "geometry": { "type": "Point", "coordinates": [ -70.762254606976057, -28.5 ] } },
{ "type": "Feature", "properties": { "Longitude": -69.055414835210058, "Latitude": -28.5 }, "geometry": { "type": "Point", "coordinates": [ -69.055414835210058, -28.5 ] } },
{ "type": "Feature", "properties": { "Longitude": -65.64173529167806, "Latitude": -28.5 }, "geometry": { "type": "Point", "coordinates": [ -65.64173529167806, -28.5 ] } },
{ "type": "Feature", "properties": { "Longitude": -67.20621311774741, "Latitude": -27.0 }, "geometry": { "type": "Point", "coordinates": [ -67.20621311774741, -27.0 ] } },
{ "type": "Feature", "properties": { "Longitude": -63.839234404844348, "Latitude": -27.0 }, "geometry": { "type": "Point", "coordinates": [ -63.839234404844348, -27.0 ] } },
{ "type": "Feature", "properties": { "Longitude": -70.573191830650472, "Latitude": -27.0 }, "geometry": { "type": "Point", "coordinates": [ -70.573191830650472, -27.0 ] } },
{ "type": "Feature", "properties": { "Longitude": -68.889702474198941, "Latitude": -27.0 }, "geometry": { "type": "Point", "coordinates": [ -68.889702474198941, -27.0 ] } },
{ "type": "Feature", "properties": { "Longitude": -60.521215976380063, "Latitude": -28.5 }, "geometry": { "type": "Point", "coordinates": [ -60.521215976380063, -28.5 ] } },
{ "type": "Feature", "properties": { "Longitude": -58.814376204614064, "Latitude": -28.5 }, "geometry": { "type": "Point", "coordinates": [ -58.814376204614064, -28.5 ] } },
{ "type": "Feature", "properties": { "Longitude": -57.105276979038223, "Latitude": -27.0 }, "geometry": { "type": "Point", "coordinates": [ -57.105276979038223, -27.0 ] } },
{ "type": "Feature", "properties": { "Longitude": -62.155745048392816, "Latitude": -27.0 }, "geometry": { "type": "Point", "coordinates": [ -62.155745048392816, -27.0 ] } },
{ "type": "Feature", "properties": { "Longitude": -60.472255691941285, "Latitude": -27.0 }, "geometry": { "type": "Point", "coordinates": [ -60.472255691941285, -27.0 ] } },
{ "type": "Feature", "properties": { "Longitude": -55.421787622586692, "Latitude": -27.0 }, "geometry": { "type": "Point", "coordinates": [ -55.421787622586692, -27.0 ] } },
{ "type": "Feature", "properties": { "Longitude": -58.788766335489754, "Latitude": -27.0 }, "geometry": { "type": "Point", "coordinates": [ -58.788766335489754, -27.0 ] } },
{ "type": "Feature", "properties": { "Longitude": -62.005610055217545, "Latitude": -25.5 }, "geometry": { "type": "Point", "coordinates": [ -62.005610055217545, -25.5 ] } },
{ "type": "Feature", "properties": { "Longitude": -55.358038790722759, "Latitude": -25.5 }, "geometry": { "type": "Point", "coordinates": [ -55.358038790722759, -25.5 ] } },
{ "type": "Feature", "properties": { "Longitude": -60.343717239093849, "Latitude": -25.5 }, "geometry": { "type": "Point", "coordinates": [ -60.343717239093849, -25.5 ] } },
{ "type": "Feature", "properties": { "Longitude": -65.522723761295879, "Latitude": -27.0 }, "geometry": { "type": "Point", "coordinates": [ -65.522723761295879, -27.0 ] } },
{ "type": "Feature", "properties": { "Longitude": -70.315074135836028, "Latitude": -25.5 }, "geometry": { "type": "Point", "coordinates": [ -70.315074135836028, -25.5 ] } },
{ "type": "Feature", "properties": { "Longitude": -66.991288503588635, "Latitude": -25.5 }, "geometry": { "type": "Point", "coordinates": [ -66.991288503588635, -25.5 ] } },
{ "type": "Feature", "properties": { "Longitude": -63.667502871341242, "Latitude": -25.5 }, "geometry": { "type": "Point", "coordinates": [ -63.667502871341242, -25.5 ] } },
{ "type": "Feature", "properties": { "Longitude": -68.653181319712331, "Latitude": -25.5 }, "geometry": { "type": "Point", "coordinates": [ -68.653181319712331, -25.5 ] } },
{ "type": "Feature", "properties": { "Longitude": -65.329395687464938, "Latitude": -25.5 }, "geometry": { "type": "Point", "coordinates": [ -65.329395687464938, -25.5 ] } },
{ "type": "Feature", "properties": { "Longitude": -65.063190756864344, "Latitude": -24.0 }, "geometry": { "type": "Point", "coordinates": [ -65.063190756864344, -24.0 ] } },
{ "type": "Feature", "properties": { "Longitude": -69.989054010141587, "Latitude": -24.0 }, "geometry": { "type": "Point", "coordinates": [ -69.989054010141587, -24.0 ] } },
{ "type": "Feature", "properties": { "Longitude": -66.705145174623425, "Latitude": -24.0 }, "geometry": { "type": "Point", "coordinates": [ -66.705145174623425, -24.0 ] } },
{ "type": "Feature", "properties": { "Longitude": -58.681824422970152, "Latitude": -25.5 }, "geometry": { "type": "Point", "coordinates": [ -58.681824422970152, -25.5 ] } },
{ "type": "Feature", "properties": { "Longitude": -57.019931606846455, "Latitude": -25.5 }, "geometry": { "type": "Point", "coordinates": [ -57.019931606846455, -25.5 ] } },
{ "type": "Feature", "properties": { "Longitude": -58.495373085828021, "Latitude": -24.0 }, "geometry": { "type": "Point", "coordinates": [ -58.495373085828021, -24.0 ] } },
{ "type": "Feature", "properties": { "Longitude": -61.779281921346183, "Latitude": -24.0 }, "geometry": { "type": "Point", "coordinates": [ -61.779281921346183, -24.0 ] } },
{ "type": "Feature", "properties": { "Longitude": -55.211464250309859, "Latitude": -24.0 }, "geometry": { "type": "Point", "coordinates": [ -55.211464250309859, -24.0 ] } },
{ "type": "Feature", "properties": { "Longitude": -63.421236339105263, "Latitude": -24.0 }, "geometry": { "type": "Point", "coordinates": [ -63.421236339105263, -24.0 ] } },
{ "type": "Feature", "properties": { "Longitude": -56.85341866806894, "Latitude": -24.0 }, "geometry": { "type": "Point", "coordinates": [ -56.85341866806894, -24.0 ] } },
{ "type": "Feature", "properties": { "Longitude": -60.137327503587102, "Latitude": -24.0 }, "geometry": { "type": "Point", "coordinates": [ -60.137327503587102, -24.0 ] } },
{ "type": "Feature", "properties": { "Longitude": -56.607289166666533, "Latitude": -22.5 }, "geometry": { "type": "Point", "coordinates": [ -56.607289166666533, -22.5 ] } },
{ "type": "Feature", "properties": { "Longitude": -59.854465767543729, "Latitude": -22.5 }, "geometry": { "type": "Point", "coordinates": [ -59.854465767543729, -22.5 ] } },
{ "type": "Feature", "properties": { "Longitude": -68.347099592382506, "Latitude": -24.0 }, "geometry": { "type": "Point", "coordinates": [ -68.347099592382506, -24.0 ] } },
{ "type": "Feature", "properties": { "Longitude": -66.348818969298122, "Latitude": -22.5 }, "geometry": { "type": "Point", "coordinates": [ -66.348818969298122, -22.5 ] } },
{ "type": "Feature", "properties": { "Longitude": -69.595995570175319, "Latitude": -22.5 }, "geometry": { "type": "Point", "coordinates": [ -69.595995570175319, -22.5 ] } },
{ "type": "Feature", "properties": { "Longitude": -67.972407269736721, "Latitude": -22.5 }, "geometry": { "type": "Point", "coordinates": [ -67.972407269736721, -22.5 ] } },
{ "type": "Feature", "properties": { "Longitude": -64.725230668859524, "Latitude": -22.5 }, "geometry": { "type": "Point", "coordinates": [ -64.725230668859524, -22.5 ] } },
{ "type": "Feature", "properties": { "Longitude": -67.529775668112393, "Latitude": -21.0 }, "geometry": { "type": "Point", "coordinates": [ -67.529775668112393, -21.0 ] } },
{ "type": "Feature", "properties": { "Longitude": -69.13649315856793, "Latitude": -21.0 }, "geometry": { "type": "Point", "coordinates": [ -69.13649315856793, -21.0 ] } },
{ "type": "Feature", "properties": { "Longitude": -65.923058177656856, "Latitude": -21.0 }, "geometry": { "type": "Point", "coordinates": [ -65.923058177656856, -21.0 ] } },
{ "type": "Feature", "properties": { "Longitude": -180.0, "Latitude": -16.5 }, "geometry": { "type": "Point", "coordinates": [ -180.0, -16.5 ] } },
{ "type": "Feature", "properties": { "Longitude": -43.618582763157747, "Latitude": -22.5 }, "geometry": { "type": "Point", "coordinates": [ -43.618582763157747, -22.5 ] } },
{ "type": "Feature", "properties": { "Longitude": -45.242171063596345, "Latitude": -22.5 }, "geometry": { "type": "Point", "coordinates": [ -45.242171063596345, -22.5 ] } },
{ "type": "Feature", "properties": { "Longitude": -48.643646579273536, "Latitude": -24.0 }, "geometry": { "type": "Point", "coordinates": [ -48.643646579273536, -24.0 ] } },
{ "type": "Feature", "properties": { "Longitude": -48.489347664473541, "Latitude": -22.5 }, "geometry": { "type": "Point", "coordinates": [ -48.489347664473541, -22.5 ] } },
{ "type": "Feature", "properties": { "Longitude": -46.865759364034943, "Latitude": -22.5 }, "geometry": { "type": "Point", "coordinates": [ -46.865759364034943, -22.5 ] } },
{ "type": "Feature", "properties": { "Longitude": -54.983700866227935, "Latitude": -22.5 }, "geometry": { "type": "Point", "coordinates": [ -54.983700866227935, -22.5 ] } },
{ "type": "Feature", "properties": { "Longitude": -53.360112565789336, "Latitude": -22.5 }, "geometry": { "type": "Point", "coordinates": [ -53.360112565789336, -22.5 ] } },
{ "type": "Feature", "properties": { "Longitude": -50.11293596491214, "Latitude": -22.5 }, "geometry": { "type": "Point", "coordinates": [ -50.11293596491214, -22.5 ] } },
{ "type": "Feature", "properties": { "Longitude": -51.736524265350738, "Latitude": -22.5 }, "geometry": { "type": "Point", "coordinates": [ -51.736524265350738, -22.5 ] } },
{ "type": "Feature", "properties": { "Longitude": -51.46260076355702, "Latitude": -21.0 }, "geometry": { "type": "Point", "coordinates": [ -51.46260076355702, -21.0 ] } },
{ "type": "Feature", "properties": { "Longitude": -54.676035744468095, "Latitude": -21.0 }, "geometry": { "type": "Point", "coordinates": [ -54.676035744468095, -21.0 ] } },
{ "type": "Feature", "properties": { "Longitude": -48.249165782645946, "Latitude": -21.0 }, "geometry": { "type": "Point", "coordinates": [ -48.249165782645946, -21.0 ] } },
{ "type": "Feature", "properties": { "Longitude": -41.994994462719148, "Latitude": -22.5 }, "geometry": { "type": "Point", "coordinates": [ -41.994994462719148, -22.5 ] } },
{ "type": "Feature", "properties": { "Longitude": -43.429013311279334, "Latitude": -21.0 }, "geometry": { "type": "Point", "coordinates": [ -43.429013311279334, -21.0 ] } },
{ "type": "Feature", "properties": { "Longitude": -41.822295820823797, "Latitude": -21.0 }, "geometry": { "type": "Point", "coordinates": [ -41.822295820823797, -21.0 ] } },
{ "type": "Feature", "properties": { "Longitude": -46.642448292190409, "Latitude": -21.0 }, "geometry": { "type": "Point", "coordinates": [ -46.642448292190409, -21.0 ] } },
{ "type": "Feature", "properties": { "Longitude": -45.035730801734871, "Latitude": -21.0 }, "geometry": { "type": "Point", "coordinates": [ -45.035730801734871, -21.0 ] } },
{ "type": "Feature", "properties": { "Longitude": -46.333063852290707, "Latitude": -19.5 }, "geometry": { "type": "Point", "coordinates": [ -46.333063852290707, -19.5 ] } },
{ "type": "Feature", "properties": { "Longitude": -39.96797165478074, "Latitude": -19.5 }, "geometry": { "type": "Point", "coordinates": [ -39.96797165478074, -19.5 ] } },
{ "type": "Feature", "properties": { "Longitude": -53.069318254012558, "Latitude": -21.0 }, "geometry": { "type": "Point", "coordinates": [ -53.069318254012558, -21.0 ] } },
{ "type": "Feature", "properties": { "Longitude": -49.855883273101483, "Latitude": -21.0 }, "geometry": { "type": "Point", "coordinates": [ -49.855883273101483, -21.0 ] } },
{ "type": "Feature", "properties": { "Longitude": -54.289429099178165, "Latitude": -19.5 }, "geometry": { "type": "Point", "coordinates": [ -54.289429099178165, -19.5 ] } },
{ "type": "Feature", "properties": { "Longitude": -47.924336901668198, "Latitude": -19.5 }, "geometry": { "type": "Point", "coordinates": [ -47.924336901668198, -19.5 ] } },
{ "type": "Feature", "properties": { "Longitude": -51.106883000423181, "Latitude": -19.5 }, "geometry": { "type": "Point", "coordinates": [ -51.106883000423181, -19.5 ] } },
{ "type": "Feature", "properties": { "Longitude": -49.51560995104569, "Latitude": -19.5 }, "geometry": { "type": "Point", "coordinates": [ -49.51560995104569, -19.5 ] } },
{ "type": "Feature", "properties": { "Longitude": -52.698156049800673, "Latitude": -19.5 }, "geometry": { "type": "Point", "coordinates": [ -52.698156049800673, -19.5 ] } },
{ "type": "Feature", "properties": { "Longitude": -53.824533091408284, "Latitude": -18.0 }, "geometry": { "type": "Point", "coordinates": [ -53.824533091408284, -18.0 ] } },
{ "type": "Feature", "properties": { "Longitude": -47.515759745978698, "Latitude": -18.0 }, "geometry": { "type": "Point", "coordinates": [ -47.515759745978698, -18.0 ] } },
{ "type": "Feature", "properties": { "Longitude": -49.092953082336095, "Latitude": -18.0 }, "geometry": { "type": "Point", "coordinates": [ -49.092953082336095, -18.0 ] } },
{ "type": "Feature", "properties": { "Longitude": -44.741790802913215, "Latitude": -19.5 }, "geometry": { "type": "Point", "coordinates": [ -44.741790802913215, -19.5 ] } },
{ "type": "Feature", "properties": { "Longitude": -41.559244704158232, "Latitude": -19.5 }, "geometry": { "type": "Point", "coordinates": [ -41.559244704158232, -19.5 ] } },
{ "type": "Feature", "properties": { "Longitude": -43.150517753535723, "Latitude": -19.5 }, "geometry": { "type": "Point", "coordinates": [ -43.150517753535723, -19.5 ] } },
{ "type": "Feature", "properties": { "Longitude": -45.938566409621302, "Latitude": -18.0 }, "geometry": { "type": "Point", "coordinates": [ -45.938566409621302, -18.0 ] } },
{ "type": "Feature", "properties": { "Longitude": -41.206986400549113, "Latitude": -18.0 }, "geometry": { "type": "Point", "coordinates": [ -41.206986400549113, -18.0 ] } },
{ "type": "Feature", "properties": { "Longitude": -42.784179736906509, "Latitude": -18.0 }, "geometry": { "type": "Point", "coordinates": [ -42.784179736906509, -18.0 ] } },
{ "type": "Feature", "properties": { "Longitude": -39.629793064191716, "Latitude": -18.0 }, "geometry": { "type": "Point", "coordinates": [ -39.629793064191716, -18.0 ] } },
{ "type": "Feature", "properties": { "Longitude": -44.361373073263906, "Latitude": -18.0 }, "geometry": { "type": "Point", "coordinates": [ -44.361373073263906, -18.0 ] } },
{ "type": "Feature", "properties": { "Longitude": -40.76632014843446, "Latitude": -16.5 }, "geometry": { "type": "Point", "coordinates": [ -40.76632014843446, -16.5 ] } },
{ "type": "Feature", "properties": { "Longitude": -63.101642368420926, "Latitude": -22.5 }, "geometry": { "type": "Point", "coordinates": [ -63.101642368420926, -22.5 ] } },
{ "type": "Feature", "properties": { "Longitude": -61.478054067982328, "Latitude": -22.5 }, "geometry": { "type": "Point", "coordinates": [ -61.478054067982328, -22.5 ] } },
{ "type": "Feature", "properties": { "Longitude": -58.230877467105131, "Latitude": -22.5 }, "geometry": { "type": "Point", "coordinates": [ -58.230877467105131, -22.5 ] } },
{ "type": "Feature", "properties": { "Longitude": -62.709623196745781, "Latitude": -21.0 }, "geometry": { "type": "Point", "coordinates": [ -62.709623196745781, -21.0 ] } },
{ "type": "Feature", "properties": { "Longitude": -57.889470725379169, "Latitude": -21.0 }, "geometry": { "type": "Point", "coordinates": [ -57.889470725379169, -21.0 ] } },
{ "type": "Feature", "properties": { "Longitude": -59.496188215834707, "Latitude": -21.0 }, "geometry": { "type": "Point", "coordinates": [ -59.496188215834707, -21.0 ] } },
{ "type": "Feature", "properties": { "Longitude": -56.282753234923632, "Latitude": -21.0 }, "geometry": { "type": "Point", "coordinates": [ -56.282753234923632, -21.0 ] } },
{ "type": "Feature", "properties": { "Longitude": -61.102905706290244, "Latitude": -21.0 }, "geometry": { "type": "Point", "coordinates": [ -61.102905706290244, -21.0 ] } },
{ "type": "Feature", "properties": { "Longitude": -57.471975197933148, "Latitude": -19.5 }, "geometry": { "type": "Point", "coordinates": [ -57.471975197933148, -19.5 ] } },
{ "type": "Feature", "properties": { "Longitude": -59.063248247310639, "Latitude": -19.5 }, "geometry": { "type": "Point", "coordinates": [ -59.063248247310639, -19.5 ] } },
{ "type": "Feature", "properties": { "Longitude": -64.316340687201318, "Latitude": -21.0 }, "geometry": { "type": "Point", "coordinates": [ -64.316340687201318, -21.0 ] } },
{ "type": "Feature", "properties": { "Longitude": -68.610886543575589, "Latitude": -19.5 }, "geometry": { "type": "Point", "coordinates": [ -68.610886543575589, -19.5 ] } },
{ "type": "Feature", "properties": { "Longitude": -67.019613494198097, "Latitude": -19.5 }, "geometry": { "type": "Point", "coordinates": [ -67.019613494198097, -19.5 ] } },
{ "type": "Feature", "properties": { "Longitude": -63.837067395443114, "Latitude": -19.5 }, "geometry": { "type": "Point", "coordinates": [ -63.837067395443114, -19.5 ] } },
{ "type": "Feature", "properties": { "Longitude": -70.20215959295308, "Latitude": -19.5 }, "geometry": { "type": "Point", "coordinates": [ -70.20215959295308, -19.5 ] } },
{ "type": "Feature", "properties": { "Longitude": -65.428340444820606, "Latitude": -19.5 }, "geometry": { "type": "Point", "coordinates": [ -65.428340444820606, -19.5 ] } },
{ "type": "Feature", "properties": { "Longitude": -66.442079782267456, "Latitude": -18.0 }, "geometry": { "type": "Point", "coordinates": [ -66.442079782267456, -18.0 ] } },
{ "type": "Feature", "properties": { "Longitude": -68.019273118624852, "Latitude": -18.0 }, "geometry": { "type": "Point", "coordinates": [ -68.019273118624852, -18.0 ] } },
{ "type": "Feature", "properties": { "Longitude": -62.245794346065622, "Latitude": -19.5 }, "geometry": { "type": "Point", "coordinates": [ -62.245794346065622, -19.5 ] } },
{ "type": "Feature", "properties": { "Longitude": -60.654521296688131, "Latitude": -19.5 }, "geometry": { "type": "Point", "coordinates": [ -60.654521296688131, -19.5 ] } },
{ "type": "Feature", "properties": { "Longitude": -55.880702148555656, "Latitude": -19.5 }, "geometry": { "type": "Point", "coordinates": [ -55.880702148555656, -19.5 ] } },
{ "type": "Feature", "properties": { "Longitude": -56.978919764123077, "Latitude": -18.0 }, "geometry": { "type": "Point", "coordinates": [ -56.978919764123077, -18.0 ] } },
{ "type": "Feature", "properties": { "Longitude": -63.287693109552663, "Latitude": -18.0 }, "geometry": { "type": "Point", "coordinates": [ -63.287693109552663, -18.0 ] } },
{ "type": "Feature", "properties": { "Longitude": -58.556113100480474, "Latitude": -18.0 }, "geometry": { "type": "Point", "coordinates": [ -58.556113100480474, -18.0 ] } },
{ "type": "Feature", "properties": { "Longitude": -61.710499773195266, "Latitude": -18.0 }, "geometry": { "type": "Point", "coordinates": [ -61.710499773195266, -18.0 ] } },
{ "type": "Feature", "properties": { "Longitude": -55.401726427765681, "Latitude": -18.0 }, "geometry": { "type": "Point", "coordinates": [ -55.401726427765681, -18.0 ] } },
{ "type": "Feature", "properties": { "Longitude": -60.13330643683787, "Latitude": -18.0 }, "geometry": { "type": "Point", "coordinates": [ -60.13330643683787, -18.0 ] } },
{ "type": "Feature", "properties": { "Longitude": -59.539400577859027, "Latitude": -16.5 }, "geometry": { "type": "Point", "coordinates": [ -59.539400577859027, -16.5 ] } },
{ "type": "Feature", "properties": { "Longitude": -69.596466454982249, "Latitude": -18.0 }, "geometry": { "type": "Point", "coordinates": [ -69.596466454982249, -18.0 ] } },
{ "type": "Feature", "properties": { "Longitude": -64.864886445910059, "Latitude": -18.0 }, "geometry": { "type": "Point", "coordinates": [ -64.864886445910059, -18.0 ] } },
{ "type": "Feature", "properties": { "Longitude": -64.232670685215169, "Latitude": -16.5 }, "geometry": { "type": "Point", "coordinates": [ -64.232670685215169, -16.5 ] } },
{ "type": "Feature", "properties": { "Longitude": -65.797094054333883, "Latitude": -16.5 }, "geometry": { "type": "Point", "coordinates": [ -65.797094054333883, -16.5 ] } },
{ "type": "Feature", "properties": { "Longitude": -67.361517423452597, "Latitude": -16.5 }, "geometry": { "type": "Point", "coordinates": [ -67.361517423452597, -16.5 ] } },
{ "type": "Feature", "properties": { "Longitude": -70.490364161690025, "Latitude": -16.5 }, "geometry": { "type": "Point", "coordinates": [ -70.490364161690025, -16.5 ] } },
{ "type": "Feature", "properties": { "Longitude": -68.925940792571311, "Latitude": -16.5 }, "geometry": { "type": "Point", "coordinates": [ -68.925940792571311, -16.5 ] } },
{ "type": "Feature", "properties": { "Longitude": -68.190172515710401, "Latitude": -15.0 }, "geometry": { "type": "Point", "coordinates": [ -68.190172515710401, -15.0 ] } },
{ "type": "Feature", "properties": { "Longitude": -66.637258245095268, "Latitude": -15.0 }, "geometry": { "type": "Point", "coordinates": [ -66.637258245095268, -15.0 ] } },
{ "type": "Feature", "properties": { "Longitude": -65.084343974480134, "Latitude": -15.0 }, "geometry": { "type": "Point", "coordinates": [ -65.084343974480134, -15.0 ] } },
{ "type": "Feature", "properties": { "Longitude": -72.054787530808738, "Latitude": -16.5 }, "geometry": { "type": "Point", "coordinates": [ -72.054787530808738, -16.5 ] } },
{ "type": "Feature", "properties": { "Longitude": -72.848915327555801, "Latitude": -15.0 }, "geometry": { "type": "Point", "coordinates": [ -72.848915327555801, -15.0 ] } },
{ "type": "Feature", "properties": { "Longitude": -74.401829598170934, "Latitude": -15.0 }, "geometry": { "type": "Point", "coordinates": [ -74.401829598170934, -15.0 ] } },
{ "type": "Feature", "properties": { "Longitude": -52.247339755050888, "Latitude": -18.0 }, "geometry": { "type": "Point", "coordinates": [ -52.247339755050888, -18.0 ] } },
{ "type": "Feature", "properties": { "Longitude": -50.670146418693491, "Latitude": -18.0 }, "geometry": { "type": "Point", "coordinates": [ -50.670146418693491, -18.0 ] } },
{ "type": "Feature", "properties": { "Longitude": -54.846130470502885, "Latitude": -16.5 }, "geometry": { "type": "Point", "coordinates": [ -54.846130470502885, -16.5 ] } },
{ "type": "Feature", "properties": { "Longitude": -53.281707101384171, "Latitude": -16.5 }, "geometry": { "type": "Point", "coordinates": [ -53.281707101384171, -16.5 ] } },
{ "type": "Feature", "properties": { "Longitude": -47.024013624909315, "Latitude": -16.5 }, "geometry": { "type": "Point", "coordinates": [ -47.024013624909315, -16.5 ] } },
{ "type": "Feature", "properties": { "Longitude": -50.152860363146743, "Latitude": -16.5 }, "geometry": { "type": "Point", "coordinates": [ -50.152860363146743, -16.5 ] } },
{ "type": "Feature", "properties": { "Longitude": -51.717283732265457, "Latitude": -16.5 }, "geometry": { "type": "Point", "coordinates": [ -51.717283732265457, -16.5 ] } },
{ "type": "Feature", "properties": { "Longitude": -48.588436994028029, "Latitude": -16.5 }, "geometry": { "type": "Point", "coordinates": [ -48.588436994028029, -16.5 ] } },
{ "type": "Feature", "properties": { "Longitude": -54.213944080174201, "Latitude": -15.0 }, "geometry": { "type": "Point", "coordinates": [ -54.213944080174201, -15.0 ] } },
{ "type": "Feature", "properties": { "Longitude": -48.002286997713668, "Latitude": -15.0 }, "geometry": { "type": "Point", "coordinates": [ -48.002286997713668, -15.0 ] } },
{ "type": "Feature", "properties": { "Longitude": -56.410553839621599, "Latitude": -16.5 }, "geometry": { "type": "Point", "coordinates": [ -56.410553839621599, -16.5 ] } },
{ "type": "Feature", "properties": { "Longitude": -62.668247316096455, "Latitude": -16.5 }, "geometry": { "type": "Point", "coordinates": [ -62.668247316096455, -16.5 ] } },
{ "type": "Feature", "properties": { "Longitude": -61.103823946977741, "Latitude": -16.5 }, "geometry": { "type": "Point", "coordinates": [ -61.103823946977741, -16.5 ] } },
{ "type": "Feature", "properties": { "Longitude": -57.974977208740313, "Latitude": -16.5 }, "geometry": { "type": "Point", "coordinates": [ -57.974977208740313, -16.5 ] } },
{ "type": "Feature", "properties": { "Longitude": -57.319772621404468, "Latitude": -15.0 }, "geometry": { "type": "Point", "coordinates": [ -57.319772621404468, -15.0 ] } },
{ "type": "Feature", "properties": { "Longitude": -60.425601162634734, "Latitude": -15.0 }, "geometry": { "type": "Point", "coordinates": [ -60.425601162634734, -15.0 ] } },
{ "type": "Feature", "properties": { "Longitude": -58.872686892019601, "Latitude": -15.0 }, "geometry": { "type": "Point", "coordinates": [ -58.872686892019601, -15.0 ] } },
{ "type": "Feature", "properties": { "Longitude": -61.978515433249868, "Latitude": -15.0 }, "geometry": { "type": "Point", "coordinates": [ -61.978515433249868, -15.0 ] } },
{ "type": "Feature", "properties": { "Longitude": -55.766858350789335, "Latitude": -15.0 }, "geometry": { "type": "Point", "coordinates": [ -55.766858350789335, -15.0 ] } },
{ "type": "Feature", "properties": { "Longitude": -63.531429703865001, "Latitude": -15.0 }, "geometry": { "type": "Point", "coordinates": [ -63.531429703865001, -15.0 ] } },
{ "type": "Feature", "properties": { "Longitude": -71.296001056940668, "Latitude": -15.0 }, "geometry": { "type": "Point", "coordinates": [ -71.296001056940668, -15.0 ] } },
{ "type": "Feature", "properties": { "Longitude": -69.743086786325534, "Latitude": -15.0 }, "geometry": { "type": "Point", "coordinates": [ -69.743086786325534, -15.0 ] } },
{ "type": "Feature", "properties": { "Longitude": -70.473781874656055, "Latitude": -13.5 }, "geometry": { "type": "Point", "coordinates": [ -70.473781874656055, -13.5 ] } },
{ "type": "Feature", "properties": { "Longitude": -67.388536293660451, "Latitude": -13.5 }, "geometry": { "type": "Point", "coordinates": [ -67.388536293660451, -13.5 ] } },
{ "type": "Feature", "properties": { "Longitude": -65.845913503162649, "Latitude": -13.5 }, "geometry": { "type": "Point", "coordinates": [ -65.845913503162649, -13.5 ] } },
{ "type": "Feature", "properties": { "Longitude": -68.931159084158253, "Latitude": -13.5 }, "geometry": { "type": "Point", "coordinates": [ -68.931159084158253, -13.5 ] } },
{ "type": "Feature", "properties": { "Longitude": -64.303290712664847, "Latitude": -13.5 }, "geometry": { "type": "Point", "coordinates": [ -64.303290712664847, -13.5 ] } },
{ "type": "Feature", "properties": { "Longitude": -66.520193969980824, "Latitude": -12.0 }, "geometry": { "type": "Point", "coordinates": [ -66.520193969980824, -12.0 ] } },
{ "type": "Feature", "properties": { "Longitude": -71.120726646873493, "Latitude": -12.0 }, "geometry": { "type": "Point", "coordinates": [ -71.120726646873493, -12.0 ] } },
{ "type": "Feature", "properties": { "Longitude": -68.05370486227838, "Latitude": -12.0 }, "geometry": { "type": "Point", "coordinates": [ -68.05370486227838, -12.0 ] } },
{ "type": "Feature", "properties": { "Longitude": -75.101650246149461, "Latitude": -13.5 }, "geometry": { "type": "Point", "coordinates": [ -75.101650246149461, -13.5 ] } },
{ "type": "Feature", "properties": { "Longitude": -72.016404665153857, "Latitude": -13.5 }, "geometry": { "type": "Point", "coordinates": [ -72.016404665153857, -13.5 ] } },
{ "type": "Feature", "properties": { "Longitude": -73.559027455651659, "Latitude": -13.5 }, "geometry": { "type": "Point", "coordinates": [ -73.559027455651659, -13.5 ] } },
{ "type": "Feature", "properties": { "Longitude": -72.654237539171049, "Latitude": -12.0 }, "geometry": { "type": "Point", "coordinates": [ -72.654237539171049, -12.0 ] } },
{ "type": "Feature", "properties": { "Longitude": -51.108115538943935, "Latitude": -15.0 }, "geometry": { "type": "Point", "coordinates": [ -51.108115538943935, -15.0 ] } },
{ "type": "Feature", "properties": { "Longitude": -49.555201268328801, "Latitude": -15.0 }, "geometry": { "type": "Point", "coordinates": [ -49.555201268328801, -15.0 ] } },
{ "type": "Feature", "properties": { "Longitude": -52.661029809559068, "Latitude": -15.0 }, "geometry": { "type": "Point", "coordinates": [ -52.661029809559068, -15.0 ] } },
{ "type": "Feature", "properties": { "Longitude": -51.96230838868243, "Latitude": -13.5 }, "geometry": { "type": "Point", "coordinates": [ -51.96230838868243, -13.5 ] } },
{ "type": "Feature", "properties": { "Longitude": -53.504931179180232, "Latitude": -13.5 }, "geometry": { "type": "Point", "coordinates": [ -53.504931179180232, -13.5 ] } },
{ "type": "Feature", "properties": { "Longitude": -50.419685598184628, "Latitude": -13.5 }, "geometry": { "type": "Point", "coordinates": [ -50.419685598184628, -13.5 ] } },
{ "type": "Feature", "properties": { "Longitude": -48.877062807686826, "Latitude": -13.5 }, "geometry": { "type": "Point", "coordinates": [ -48.877062807686826, -13.5 ] } },
{ "type": "Feature", "properties": { "Longitude": -47.334440017189024, "Latitude": -13.5 }, "geometry": { "type": "Point", "coordinates": [ -47.334440017189024, -13.5 ] } },
{ "type": "Feature", "properties": { "Longitude": -55.047553969678034, "Latitude": -13.5 }, "geometry": { "type": "Point", "coordinates": [ -55.047553969678034, -13.5 ] } },
{ "type": "Feature", "properties": { "Longitude": -49.651574154707703, "Latitude": -12.0 }, "geometry": { "type": "Point", "coordinates": [ -49.651574154707703, -12.0 ] } },
{ "type": "Feature", "properties": { "Longitude": -59.675422341171441, "Latitude": -13.5 }, "geometry": { "type": "Point", "coordinates": [ -59.675422341171441, -13.5 ] } },
{ "type": "Feature", "properties": { "Longitude": -61.218045131669243, "Latitude": -13.5 }, "geometry": { "type": "Point", "coordinates": [ -61.218045131669243, -13.5 ] } },
{ "type": "Feature", "properties": { "Longitude": -56.590176760175837, "Latitude": -13.5 }, "geometry": { "type": "Point", "coordinates": [ -56.590176760175837, -13.5 ] } },
{ "type": "Feature", "properties": { "Longitude": -58.132799550673639, "Latitude": -13.5 }, "geometry": { "type": "Point", "coordinates": [ -58.132799550673639, -13.5 ] } },
{ "type": "Feature", "properties": { "Longitude": -62.760667922167045, "Latitude": -13.5 }, "geometry": { "type": "Point", "coordinates": [ -62.760667922167045, -13.5 ] } },
{ "type": "Feature", "properties": { "Longitude": -63.453172185385711, "Latitude": -12.0 }, "geometry": { "type": "Point", "coordinates": [ -63.453172185385711, -12.0 ] } },
{ "type": "Feature", "properties": { "Longitude": -60.386150400790598, "Latitude": -12.0 }, "geometry": { "type": "Point", "coordinates": [ -60.386150400790598, -12.0 ] } },
{ "type": "Feature", "properties": { "Longitude": -58.852639508493041, "Latitude": -12.0 }, "geometry": { "type": "Point", "coordinates": [ -58.852639508493041, -12.0 ] } },
{ "type": "Feature", "properties": { "Longitude": -57.319128616195485, "Latitude": -12.0 }, "geometry": { "type": "Point", "coordinates": [ -57.319128616195485, -12.0 ] } },
{ "type": "Feature", "properties": { "Longitude": -55.785617723897928, "Latitude": -12.0 }, "geometry": { "type": "Point", "coordinates": [ -55.785617723897928, -12.0 ] } },
{ "type": "Feature", "properties": { "Longitude": -51.185085047005259, "Latitude": -12.0 }, "geometry": { "type": "Point", "coordinates": [ -51.185085047005259, -12.0 ] } },
{ "type": "Feature", "properties": { "Longitude": -48.118063262410146, "Latitude": -12.0 }, "geometry": { "type": "Point", "coordinates": [ -48.118063262410146, -12.0 ] } },
{ "type": "Feature", "properties": { "Longitude": -54.252106831600372, "Latitude": -12.0 }, "geometry": { "type": "Point", "coordinates": [ -54.252106831600372, -12.0 ] } },
{ "type": "Feature", "properties": { "Longitude": -52.718595939302816, "Latitude": -12.0 }, "geometry": { "type": "Point", "coordinates": [ -52.718595939302816, -12.0 ] } },
{ "type": "Feature", "properties": { "Longitude": -48.803095710346554, "Latitude": -10.5 }, "geometry": { "type": "Point", "coordinates": [ -48.803095710346554, -10.5 ] } },
{ "type": "Feature", "properties": { "Longitude": -53.379731906497256, "Latitude": -10.5 }, "geometry": { "type": "Point", "coordinates": [ -53.379731906497256, -10.5 ] } },
{ "type": "Feature", "properties": { "Longitude": -51.854186507780355, "Latitude": -10.5 }, "geometry": { "type": "Point", "coordinates": [ -51.854186507780355, -10.5 ] } },
{ "type": "Feature", "properties": { "Longitude": -50.328641109063454, "Latitude": -10.5 }, "geometry": { "type": "Point", "coordinates": [ -50.328641109063454, -10.5 ] } },
{ "type": "Feature", "properties": { "Longitude": -47.277550311629653, "Latitude": -10.5 }, "geometry": { "type": "Point", "coordinates": [ -47.277550311629653, -10.5 ] } },
{ "type": "Feature", "properties": { "Longitude": -54.905277305214156, "Latitude": -10.5 }, "geometry": { "type": "Point", "coordinates": [ -54.905277305214156, -10.5 ] } },
{ "type": "Feature", "properties": { "Longitude": -75.721259323766162, "Latitude": -12.0 }, "geometry": { "type": "Point", "coordinates": [ -75.721259323766162, -12.0 ] } },
{ "type": "Feature", "properties": { "Longitude": -74.187748431468606, "Latitude": -12.0 }, "geometry": { "type": "Point", "coordinates": [ -74.187748431468606, -12.0 ] } },
{ "type": "Feature", "properties": { "Longitude": -76.262912887250764, "Latitude": -10.5 }, "geometry": { "type": "Point", "coordinates": [ -76.262912887250764, -10.5 ] } },
{ "type": "Feature", "properties": { "Longitude": -73.211822089816962, "Latitude": -10.5 }, "geometry": { "type": "Point", "coordinates": [ -73.211822089816962, -10.5 ] } },
{ "type": "Feature", "properties": { "Longitude": -77.788458285967664, "Latitude": -10.5 }, "geometry": { "type": "Point", "coordinates": [ -77.788458285967664, -10.5 ] } },
{ "type": "Feature", "properties": { "Longitude": -74.737367488533863, "Latitude": -10.5 }, "geometry": { "type": "Point", "coordinates": [ -74.737367488533863, -10.5 ] } },
{ "type": "Feature", "properties": { "Longitude": -72.172464103577255, "Latitude": -9.0 }, "geometry": { "type": "Point", "coordinates": [ -72.172464103577255, -9.0 ] } },
{ "type": "Feature", "properties": { "Longitude": -76.728557169623286, "Latitude": -9.0 }, "geometry": { "type": "Point", "coordinates": [ -76.728557169623286, -9.0 ] } },
{ "type": "Feature", "properties": { "Longitude": -69.587215754575936, "Latitude": -12.0 }, "geometry": { "type": "Point", "coordinates": [ -69.587215754575936, -12.0 ] } },
{ "type": "Feature", "properties": { "Longitude": -64.986683077683267, "Latitude": -12.0 }, "geometry": { "type": "Point", "coordinates": [ -64.986683077683267, -12.0 ] } },
{ "type": "Feature", "properties": { "Longitude": -67.10964049494936, "Latitude": -10.5 }, "geometry": { "type": "Point", "coordinates": [ -67.10964049494936, -10.5 ] } },
{ "type": "Feature", "properties": { "Longitude": -65.58409509623246, "Latitude": -10.5 }, "geometry": { "type": "Point", "coordinates": [ -65.58409509623246, -10.5 ] } },
{ "type": "Feature", "properties": { "Longitude": -71.686276691100062, "Latitude": -10.5 }, "geometry": { "type": "Point", "coordinates": [ -71.686276691100062, -10.5 ] } },
{ "type": "Feature", "properties": { "Longitude": -70.160731292383161, "Latitude": -10.5 }, "geometry": { "type": "Point", "coordinates": [ -70.160731292383161, -10.5 ] } },
{ "type": "Feature", "properties": { "Longitude": -68.635185893666261, "Latitude": -10.5 }, "geometry": { "type": "Point", "coordinates": [ -68.635185893666261, -10.5 ] } },
{ "type": "Feature", "properties": { "Longitude": -64.058549697515559, "Latitude": -10.5 }, "geometry": { "type": "Point", "coordinates": [ -64.058549697515559, -10.5 ] } },
{ "type": "Feature", "properties": { "Longitude": -67.616371037531223, "Latitude": -9.0 }, "geometry": { "type": "Point", "coordinates": [ -67.616371037531223, -9.0 ] } },
{ "type": "Feature", "properties": { "Longitude": -66.097673348849213, "Latitude": -9.0 }, "geometry": { "type": "Point", "coordinates": [ -66.097673348849213, -9.0 ] } },
{ "type": "Feature", "properties": { "Longitude": -61.919661293088154, "Latitude": -12.0 }, "geometry": { "type": "Point", "coordinates": [ -61.919661293088154, -12.0 ] } },
{ "type": "Feature", "properties": { "Longitude": -62.533004298798659, "Latitude": -10.5 }, "geometry": { "type": "Point", "coordinates": [ -62.533004298798659, -10.5 ] } },
{ "type": "Feature", "properties": { "Longitude": -59.481913501364858, "Latitude": -10.5 }, "geometry": { "type": "Point", "coordinates": [ -59.481913501364858, -10.5 ] } },
{ "type": "Feature", "properties": { "Longitude": -56.430822703931057, "Latitude": -10.5 }, "geometry": { "type": "Point", "coordinates": [ -56.430822703931057, -10.5 ] } },
{ "type": "Feature", "properties": { "Longitude": -61.007458900081758, "Latitude": -10.5 }, "geometry": { "type": "Point", "coordinates": [ -61.007458900081758, -10.5 ] } },
{ "type": "Feature", "properties": { "Longitude": -57.956368102647957, "Latitude": -10.5 }, "geometry": { "type": "Point", "coordinates": [ -57.956368102647957, -10.5 ] } },
{ "type": "Feature", "properties": { "Longitude": -61.541580282803181, "Latitude": -9.0 }, "geometry": { "type": "Point", "coordinates": [ -61.541580282803181, -9.0 ] } },
{ "type": "Feature", "properties": { "Longitude": -58.504184905439161, "Latitude": -9.0 }, "geometry": { "type": "Point", "coordinates": [ -58.504184905439161, -9.0 ] } },
{ "type": "Feature", "properties": { "Longitude": -56.98548721675715, "Latitude": -9.0 }, "geometry": { "type": "Point", "coordinates": [ -56.98548721675715, -9.0 ] } },
{ "type": "Feature", "properties": { "Longitude": -55.46678952807514, "Latitude": -9.0 }, "geometry": { "type": "Point", "coordinates": [ -55.46678952807514, -9.0 ] } },
{ "type": "Feature", "properties": { "Longitude": -52.429394150711119, "Latitude": -9.0 }, "geometry": { "type": "Point", "coordinates": [ -52.429394150711119, -9.0 ] } },
{ "type": "Feature", "properties": { "Longitude": -53.948091839393129, "Latitude": -9.0 }, "geometry": { "type": "Point", "coordinates": [ -53.948091839393129, -9.0 ] } },
{ "type": "Feature", "properties": { "Longitude": -47.873301084665087, "Latitude": -9.0 }, "geometry": { "type": "Point", "coordinates": [ -47.873301084665087, -9.0 ] } },
{ "type": "Feature", "properties": { "Longitude": -49.391998773347098, "Latitude": -9.0 }, "geometry": { "type": "Point", "coordinates": [ -49.391998773347098, -9.0 ] } },
{ "type": "Feature", "properties": { "Longitude": -50.910696462029108, "Latitude": -9.0 }, "geometry": { "type": "Point", "coordinates": [ -50.910696462029108, -9.0 ] } },
{ "type": "Feature", "properties": { "Longitude": -51.399807526030372, "Latitude": -7.5 }, "geometry": { "type": "Point", "coordinates": [ -51.399807526030372, -7.5 ] } },
{ "type": "Feature", "properties": { "Longitude": -52.912750966900603, "Latitude": -7.5 }, "geometry": { "type": "Point", "coordinates": [ -52.912750966900603, -7.5 ] } },
{ "type": "Feature", "properties": { "Longitude": -49.886864085160141, "Latitude": -7.5 }, "geometry": { "type": "Point", "coordinates": [ -49.886864085160141, -7.5 ] } },
{ "type": "Feature", "properties": { "Longitude": -54.425694407770834, "Latitude": -7.5 }, "geometry": { "type": "Point", "coordinates": [ -54.425694407770834, -7.5 ] } },
{ "type": "Feature", "properties": { "Longitude": -48.37392064428991, "Latitude": -7.5 }, "geometry": { "type": "Point", "coordinates": [ -48.37392064428991, -7.5 ] } },
{ "type": "Feature", "properties": { "Longitude": -63.060277971485192, "Latitude": -9.0 }, "geometry": { "type": "Point", "coordinates": [ -63.060277971485192, -9.0 ] } },
{ "type": "Feature", "properties": { "Longitude": -60.022882594121171, "Latitude": -9.0 }, "geometry": { "type": "Point", "coordinates": [ -60.022882594121171, -9.0 ] } },
{ "type": "Feature", "properties": { "Longitude": -63.503355052992219, "Latitude": -7.5 }, "geometry": { "type": "Point", "coordinates": [ -63.503355052992219, -7.5 ] } },
{ "type": "Feature", "properties": { "Longitude": -57.451581289511296, "Latitude": -7.5 }, "geometry": { "type": "Point", "coordinates": [ -57.451581289511296, -7.5 ] } },
{ "type": "Feature", "properties": { "Longitude": -60.477468171251758, "Latitude": -7.5 }, "geometry": { "type": "Point", "coordinates": [ -60.477468171251758, -7.5 ] } },
{ "type": "Feature", "properties": { "Longitude": -61.990411612121989, "Latitude": -7.5 }, "geometry": { "type": "Point", "coordinates": [ -61.990411612121989, -7.5 ] } },
{ "type": "Feature", "properties": { "Longitude": -55.938637848641065, "Latitude": -7.5 }, "geometry": { "type": "Point", "coordinates": [ -55.938637848641065, -7.5 ] } },
{ "type": "Feature", "properties": { "Longitude": -58.964524730381527, "Latitude": -7.5 }, "geometry": { "type": "Point", "coordinates": [ -58.964524730381527, -7.5 ] } },
{ "type": "Feature", "properties": { "Longitude": -57.830744033033, "Latitude": -6.0 }, "geometry": { "type": "Point", "coordinates": [ -57.830744033033, -6.0 ] } },
{ "type": "Feature", "properties": { "Longitude": -59.339006452378271, "Latitude": -6.0 }, "geometry": { "type": "Point", "coordinates": [ -59.339006452378271, -6.0 ] } },
{ "type": "Feature", "properties": { "Longitude": -70.653766414895244, "Latitude": -9.0 }, "geometry": { "type": "Point", "coordinates": [ -70.653766414895244, -9.0 ] } },
{ "type": "Feature", "properties": { "Longitude": -64.578975660167202, "Latitude": -9.0 }, "geometry": { "type": "Point", "coordinates": [ -64.578975660167202, -9.0 ] } },
{ "type": "Feature", "properties": { "Longitude": -69.135068726213234, "Latitude": -9.0 }, "geometry": { "type": "Point", "coordinates": [ -69.135068726213234, -9.0 ] } },
{ "type": "Feature", "properties": { "Longitude": -66.529241934732681, "Latitude": -7.5 }, "geometry": { "type": "Point", "coordinates": [ -66.529241934732681, -7.5 ] } },
{ "type": "Feature", "properties": { "Longitude": -65.01629849386245, "Latitude": -7.5 }, "geometry": { "type": "Point", "coordinates": [ -65.01629849386245, -7.5 ] } },
{ "type": "Feature", "properties": { "Longitude": -68.042185375602912, "Latitude": -7.5 }, "geometry": { "type": "Point", "coordinates": [ -68.042185375602912, -7.5 ] } },
{ "type": "Feature", "properties": { "Longitude": -69.555128816473143, "Latitude": -7.5 }, "geometry": { "type": "Point", "coordinates": [ -69.555128816473143, -7.5 ] } },
{ "type": "Feature", "properties": { "Longitude": -71.068072257343374, "Latitude": -7.5 }, "geometry": { "type": "Point", "coordinates": [ -71.068072257343374, -7.5 ] } },
{ "type": "Feature", "properties": { "Longitude": -66.880318549104629, "Latitude": -6.0 }, "geometry": { "type": "Point", "coordinates": [ -66.880318549104629, -6.0 ] } },
{ "type": "Feature", "properties": { "Longitude": -69.896843387795172, "Latitude": -6.0 }, "geometry": { "type": "Point", "coordinates": [ -69.896843387795172, -6.0 ] } },
{ "type": "Feature", "properties": { "Longitude": -63.863793710414086, "Latitude": -6.0 }, "geometry": { "type": "Point", "coordinates": [ -63.863793710414086, -6.0 ] } },
{ "type": "Feature", "properties": { "Longitude": -71.405105807140444, "Latitude": -6.0 }, "geometry": { "type": "Point", "coordinates": [ -71.405105807140444, -6.0 ] } },
{ "type": "Feature", "properties": { "Longitude": -68.388580968449901, "Latitude": -6.0 }, "geometry": { "type": "Point", "coordinates": [ -68.388580968449901, -6.0 ] } },
{ "type": "Feature", "properties": { "Longitude": -65.372056129759358, "Latitude": -6.0 }, "geometry": { "type": "Point", "coordinates": [ -65.372056129759358, -6.0 ] } },
{ "type": "Feature", "properties": { "Longitude": -70.161404266131399, "Latitude": -4.5 }, "geometry": { "type": "Point", "coordinates": [ -70.161404266131399, -4.5 ] } },
{ "type": "Feature", "properties": { "Longitude": -67.152127670682944, "Latitude": -4.5 }, "geometry": { "type": "Point", "coordinates": [ -67.152127670682944, -4.5 ] } },
{ "type": "Feature", "properties": { "Longitude": -65.647489372958717, "Latitude": -4.5 }, "geometry": { "type": "Point", "coordinates": [ -65.647489372958717, -4.5 ] } },
{ "type": "Feature", "properties": { "Longitude": -68.656765968407171, "Latitude": -4.5 }, "geometry": { "type": "Point", "coordinates": [ -68.656765968407171, -4.5 ] } },
{ "type": "Feature", "properties": { "Longitude": -71.666042563855626, "Latitude": -4.5 }, "geometry": { "type": "Point", "coordinates": [ -71.666042563855626, -4.5 ] } },
{ "type": "Feature", "properties": { "Longitude": -64.142851075234489, "Latitude": -4.5 }, "geometry": { "type": "Point", "coordinates": [ -64.142851075234489, -4.5 ] } },
{ "type": "Feature", "properties": { "Longitude": -75.209859480941276, "Latitude": -9.0 }, "geometry": { "type": "Point", "coordinates": [ -75.209859480941276, -9.0 ] } },
{ "type": "Feature", "properties": { "Longitude": -78.247254858305297, "Latitude": -9.0 }, "geometry": { "type": "Point", "coordinates": [ -78.247254858305297, -9.0 ] } },
{ "type": "Feature", "properties": { "Longitude": -73.691161792259265, "Latitude": -9.0 }, "geometry": { "type": "Point", "coordinates": [ -73.691161792259265, -9.0 ] } },
{ "type": "Feature", "properties": { "Longitude": -77.119846020824298, "Latitude": -7.5 }, "geometry": { "type": "Point", "coordinates": [ -77.119846020824298, -7.5 ] } },
{ "type": "Feature", "properties": { "Longitude": -75.606902579954067, "Latitude": -7.5 }, "geometry": { "type": "Point", "coordinates": [ -75.606902579954067, -7.5 ] } },
{ "type": "Feature", "properties": { "Longitude": -74.093959139083836, "Latitude": -7.5 }, "geometry": { "type": "Point", "coordinates": [ -74.093959139083836, -7.5 ] } },
{ "type": "Feature", "properties": { "Longitude": -78.632789461694529, "Latitude": -7.5 }, "geometry": { "type": "Point", "coordinates": [ -78.632789461694529, -7.5 ] } },
{ "type": "Feature", "properties": { "Longitude": -72.581015698213605, "Latitude": -7.5 }, "geometry": { "type": "Point", "coordinates": [ -72.581015698213605, -7.5 ] } },
{ "type": "Feature", "properties": { "Longitude": -80.454680323212074, "Latitude": -6.0 }, "geometry": { "type": "Point", "coordinates": [ -80.454680323212074, -6.0 ] } },
{ "type": "Feature", "properties": { "Longitude": -80.693872350200991, "Latitude": -4.5 }, "geometry": { "type": "Point", "coordinates": [ -80.693872350200991, -4.5 ] } },
{ "type": "Feature", "properties": { "Longitude": -46.860977203419679, "Latitude": -7.5 }, "geometry": { "type": "Point", "coordinates": [ -46.860977203419679, -7.5 ] } },
{ "type": "Feature", "properties": { "Longitude": -47.272907097616098, "Latitude": -6.0 }, "geometry": { "type": "Point", "coordinates": [ -47.272907097616098, -6.0 ] } },
{ "type": "Feature", "properties": { "Longitude": -53.305956774997185, "Latitude": -6.0 }, "geometry": { "type": "Point", "coordinates": [ -53.305956774997185, -6.0 ] } },
{ "type": "Feature", "properties": { "Longitude": -54.814219194342456, "Latitude": -6.0 }, "geometry": { "type": "Point", "coordinates": [ -54.814219194342456, -6.0 ] } },
{ "type": "Feature", "properties": { "Longitude": -48.78116951696137, "Latitude": -6.0 }, "geometry": { "type": "Point", "coordinates": [ -48.78116951696137, -6.0 ] } },
{ "type": "Feature", "properties": { "Longitude": -51.797694355651913, "Latitude": -6.0 }, "geometry": { "type": "Point", "coordinates": [ -51.797694355651913, -6.0 ] } },
{ "type": "Feature", "properties": { "Longitude": -50.289431936306642, "Latitude": -6.0 }, "geometry": { "type": "Point", "coordinates": [ -50.289431936306642, -6.0 ] } },
{ "type": "Feature", "properties": { "Longitude": -47.591829800267988, "Latitude": -4.5 }, "geometry": { "type": "Point", "coordinates": [ -47.591829800267988, -4.5 ] } },
{ "type": "Feature", "properties": { "Longitude": -49.096468097992215, "Latitude": -4.5 }, "geometry": { "type": "Point", "coordinates": [ -49.096468097992215, -4.5 ] } },
{ "type": "Feature", "properties": { "Longitude": -53.610382991164897, "Latitude": -4.5 }, "geometry": { "type": "Point", "coordinates": [ -53.610382991164897, -4.5 ] } },
{ "type": "Feature", "properties": { "Longitude": -35.206807742853925, "Latitude": -6.0 }, "geometry": { "type": "Point", "coordinates": [ -35.206807742853925, -6.0 ] } },
{ "type": "Feature", "properties": { "Longitude": -36.715070162199197, "Latitude": -6.0 }, "geometry": { "type": "Point", "coordinates": [ -36.715070162199197, -6.0 ] } },
{ "type": "Feature", "properties": { "Longitude": -38.223332581544469, "Latitude": -6.0 }, "geometry": { "type": "Point", "coordinates": [ -38.223332581544469, -6.0 ] } },
{ "type": "Feature", "properties": { "Longitude": -44.256382258925555, "Latitude": -6.0 }, "geometry": { "type": "Point", "coordinates": [ -44.256382258925555, -6.0 ] } },
{ "type": "Feature", "properties": { "Longitude": -45.764644678270827, "Latitude": -6.0 }, "geometry": { "type": "Point", "coordinates": [ -45.764644678270827, -6.0 ] } },
{ "type": "Feature", "properties": { "Longitude": -46.08719150254376, "Latitude": -4.5 }, "geometry": { "type": "Point", "coordinates": [ -46.08719150254376, -4.5 ] } },
{ "type": "Feature", "properties": { "Longitude": -41.573276609371078, "Latitude": -4.5 }, "geometry": { "type": "Point", "coordinates": [ -41.573276609371078, -4.5 ] } },
{ "type": "Feature", "properties": { "Longitude": -40.068638311646851, "Latitude": -4.5 }, "geometry": { "type": "Point", "coordinates": [ -40.068638311646851, -4.5 ] } },
{ "type": "Feature", "properties": { "Longitude": -44.582553204819533, "Latitude": -4.5 }, "geometry": { "type": "Point", "coordinates": [ -44.582553204819533, -4.5 ] } },
{ "type": "Feature", "properties": { "Longitude": -38.564000013922623, "Latitude": -4.5 }, "geometry": { "type": "Point", "coordinates": [ -38.564000013922623, -4.5 ] } },
{ "type": "Feature", "properties": { "Longitude": -43.077914907095305, "Latitude": -4.5 }, "geometry": { "type": "Point", "coordinates": [ -43.077914907095305, -4.5 ] } },
{ "type": "Feature", "properties": { "Longitude": -43.312674771284321, "Latitude": -3.0 }, "geometry": { "type": "Point", "coordinates": [ -43.312674771284321, -3.0 ] } },
{ "type": "Feature", "properties": { "Longitude": -50.601106395716442, "Latitude": -4.5 }, "geometry": { "type": "Point", "coordinates": [ -50.601106395716442, -4.5 ] } },
{ "type": "Feature", "properties": { "Longitude": -52.10574469344067, "Latitude": -4.5 }, "geometry": { "type": "Point", "coordinates": [ -52.10574469344067, -4.5 ] } },
{ "type": "Feature", "properties": { "Longitude": -52.325025885265575, "Latitude": -3.0 }, "geometry": { "type": "Point", "coordinates": [ -52.325025885265575, -3.0 ] } },
{ "type": "Feature", "properties": { "Longitude": -49.320908847271824, "Latitude": -3.0 }, "geometry": { "type": "Point", "coordinates": [ -49.320908847271824, -3.0 ] } },
{ "type": "Feature", "properties": { "Longitude": -53.82708440426245, "Latitude": -3.0 }, "geometry": { "type": "Point", "coordinates": [ -53.82708440426245, -3.0 ] } },
{ "type": "Feature", "properties": { "Longitude": -50.822967366268699, "Latitude": -3.0 }, "geometry": { "type": "Point", "coordinates": [ -50.822967366268699, -3.0 ] } },
{ "type": "Feature", "properties": { "Longitude": -47.818850328274948, "Latitude": -3.0 }, "geometry": { "type": "Point", "coordinates": [ -47.818850328274948, -3.0 ] } },
{ "type": "Feature", "properties": { "Longitude": -52.456293957414175, "Latitude": -1.5 }, "geometry": { "type": "Point", "coordinates": [ -52.456293957414175, -1.5 ] } },
{ "type": "Feature", "properties": { "Longitude": -49.455265579941567, "Latitude": -1.5 }, "geometry": { "type": "Point", "coordinates": [ -49.455265579941567, -1.5 ] } },
{ "type": "Feature", "properties": { "Longitude": -53.956808146150479, "Latitude": -1.5 }, "geometry": { "type": "Point", "coordinates": [ -53.956808146150479, -1.5 ] } },
{ "type": "Feature", "properties": { "Longitude": -46.316791809278072, "Latitude": -3.0 }, "geometry": { "type": "Point", "coordinates": [ -46.316791809278072, -3.0 ] } },
{ "type": "Feature", "properties": { "Longitude": -44.814733290281197, "Latitude": -3.0 }, "geometry": { "type": "Point", "coordinates": [ -44.814733290281197, -3.0 ] } },
{ "type": "Feature", "properties": { "Longitude": -41.810616252287446, "Latitude": -3.0 }, "geometry": { "type": "Point", "coordinates": [ -41.810616252287446, -3.0 ] } },
{ "type": "Feature", "properties": { "Longitude": -40.30855773329057, "Latitude": -3.0 }, "geometry": { "type": "Point", "coordinates": [ -40.30855773329057, -3.0 ] } },
{ "type": "Feature", "properties": { "Longitude": -46.45423720246896, "Latitude": -1.5 }, "geometry": { "type": "Point", "coordinates": [ -46.45423720246896, -1.5 ] } },
{ "type": "Feature", "properties": { "Longitude": -74.964006788458732, "Latitude": 1.5 }, "geometry": { "type": "Point", "coordinates": [ -74.964006788458732, 1.5 ] } },
{ "type": "Feature", "properties": { "Longitude": -76.357962189215584, "Latitude": 3.0 }, "geometry": { "type": "Point", "coordinates": [ -76.357962189215584, 3.0 ] } },
{ "type": "Feature", "properties": { "Longitude": -74.855903670218709, "Latitude": 3.0 }, "geometry": { "type": "Point", "coordinates": [ -74.855903670218709, 3.0 ] } },
{ "type": "Feature", "properties": { "Longitude": -73.353845151221833, "Latitude": 3.0 }, "geometry": { "type": "Point", "coordinates": [ -73.353845151221833, 3.0 ] } },
{ "type": "Feature", "properties": { "Longitude": -73.170680861579854, "Latitude": 4.5 }, "geometry": { "type": "Point", "coordinates": [ -73.170680861579854, 4.5 ] } },
{ "type": "Feature", "properties": { "Longitude": -74.421630645830987, "Latitude": -6.0 }, "geometry": { "type": "Point", "coordinates": [ -74.421630645830987, -6.0 ] } },
{ "type": "Feature", "properties": { "Longitude": -75.929893065176259, "Latitude": -6.0 }, "geometry": { "type": "Point", "coordinates": [ -75.929893065176259, -6.0 ] } },
{ "type": "Feature", "properties": { "Longitude": -77.438155484521531, "Latitude": -6.0 }, "geometry": { "type": "Point", "coordinates": [ -77.438155484521531, -6.0 ] } },
{ "type": "Feature", "properties": { "Longitude": -72.913368226485716, "Latitude": -6.0 }, "geometry": { "type": "Point", "coordinates": [ -72.913368226485716, -6.0 ] } },
{ "type": "Feature", "properties": { "Longitude": -78.946417903866802, "Latitude": -6.0 }, "geometry": { "type": "Point", "coordinates": [ -78.946417903866802, -6.0 ] } },
{ "type": "Feature", "properties": { "Longitude": -79.189234052476763, "Latitude": -4.5 }, "geometry": { "type": "Point", "coordinates": [ -79.189234052476763, -4.5 ] } },
{ "type": "Feature", "properties": { "Longitude": -77.684595754752536, "Latitude": -4.5 }, "geometry": { "type": "Point", "coordinates": [ -77.684595754752536, -4.5 ] } },
{ "type": "Feature", "properties": { "Longitude": -74.675319159304081, "Latitude": -4.5 }, "geometry": { "type": "Point", "coordinates": [ -74.675319159304081, -4.5 ] } },
{ "type": "Feature", "properties": { "Longitude": -73.170680861579854, "Latitude": -4.5 }, "geometry": { "type": "Point", "coordinates": [ -73.170680861579854, -4.5 ] } },
{ "type": "Feature", "properties": { "Longitude": -76.179957457028308, "Latitude": -4.5 }, "geometry": { "type": "Point", "coordinates": [ -76.179957457028308, -4.5 ] } },
{ "type": "Feature", "properties": { "Longitude": -60.847268871723543, "Latitude": -6.0 }, "geometry": { "type": "Point", "coordinates": [ -60.847268871723543, -6.0 ] } },
{ "type": "Feature", "properties": { "Longitude": -62.355531291068814, "Latitude": -6.0 }, "geometry": { "type": "Point", "coordinates": [ -62.355531291068814, -6.0 ] } },
{ "type": "Feature", "properties": { "Longitude": -56.322481613687728, "Latitude": -6.0 }, "geometry": { "type": "Point", "coordinates": [ -56.322481613687728, -6.0 ] } },
{ "type": "Feature", "properties": { "Longitude": -56.619659586613352, "Latitude": -4.5 }, "geometry": { "type": "Point", "coordinates": [ -56.619659586613352, -4.5 ] } },
{ "type": "Feature", "properties": { "Longitude": -58.124297884337579, "Latitude": -4.5 }, "geometry": { "type": "Point", "coordinates": [ -58.124297884337579, -4.5 ] } },
{ "type": "Feature", "properties": { "Longitude": -61.133574479786034, "Latitude": -4.5 }, "geometry": { "type": "Point", "coordinates": [ -61.133574479786034, -4.5 ] } },
{ "type": "Feature", "properties": { "Longitude": -55.115021288889125, "Latitude": -4.5 }, "geometry": { "type": "Point", "coordinates": [ -55.115021288889125, -4.5 ] } },
{ "type": "Feature", "properties": { "Longitude": -62.638212777510262, "Latitude": -4.5 }, "geometry": { "type": "Point", "coordinates": [ -62.638212777510262, -4.5 ] } },
{ "type": "Feature", "properties": { "Longitude": -59.628936182061807, "Latitude": -4.5 }, "geometry": { "type": "Point", "coordinates": [ -59.628936182061807, -4.5 ] } },
{ "type": "Feature", "properties": { "Longitude": -61.337376999246828, "Latitude": -3.0 }, "geometry": { "type": "Point", "coordinates": [ -61.337376999246828, -3.0 ] } },
{ "type": "Feature", "properties": { "Longitude": -67.345611075234331, "Latitude": -3.0 }, "geometry": { "type": "Point", "coordinates": [ -67.345611075234331, -3.0 ] } },
{ "type": "Feature", "properties": { "Longitude": -71.851786632224957, "Latitude": -3.0 }, "geometry": { "type": "Point", "coordinates": [ -71.851786632224957, -3.0 ] } },
{ "type": "Feature", "properties": { "Longitude": -65.843552556237455, "Latitude": -3.0 }, "geometry": { "type": "Point", "coordinates": [ -65.843552556237455, -3.0 ] } },
{ "type": "Feature", "properties": { "Longitude": -68.847669594231206, "Latitude": -3.0 }, "geometry": { "type": "Point", "coordinates": [ -68.847669594231206, -3.0 ] } },
{ "type": "Feature", "properties": { "Longitude": -70.349728113228082, "Latitude": -3.0 }, "geometry": { "type": "Point", "coordinates": [ -70.349728113228082, -3.0 ] } },
{ "type": "Feature", "properties": { "Longitude": -64.341494037240579, "Latitude": -3.0 }, "geometry": { "type": "Point", "coordinates": [ -64.341494037240579, -3.0 ] } },
{ "type": "Feature", "properties": { "Longitude": -64.460407467304606, "Latitude": -1.5 }, "geometry": { "type": "Point", "coordinates": [ -64.460407467304606, -1.5 ] } },
{ "type": "Feature", "properties": { "Longitude": -70.462464222249821, "Latitude": -1.5 }, "geometry": { "type": "Point", "coordinates": [ -70.462464222249821, -1.5 ] } },
{ "type": "Feature", "properties": { "Longitude": -65.96092165604091, "Latitude": -1.5 }, "geometry": { "type": "Point", "coordinates": [ -65.96092165604091, -1.5 ] } },
{ "type": "Feature", "properties": { "Longitude": -68.961950033513517, "Latitude": -1.5 }, "geometry": { "type": "Point", "coordinates": [ -68.961950033513517, -1.5 ] } },
{ "type": "Feature", "properties": { "Longitude": -59.835318480249953, "Latitude": -3.0 }, "geometry": { "type": "Point", "coordinates": [ -59.835318480249953, -3.0 ] } },
{ "type": "Feature", "properties": { "Longitude": -55.329142923259326, "Latitude": -3.0 }, "geometry": { "type": "Point", "coordinates": [ -55.329142923259326, -3.0 ] } },
{ "type": "Feature", "properties": { "Longitude": -56.831201442256202, "Latitude": -3.0 }, "geometry": { "type": "Point", "coordinates": [ -56.831201442256202, -3.0 ] } },
{ "type": "Feature", "properties": { "Longitude": -58.333259961253077, "Latitude": -3.0 }, "geometry": { "type": "Point", "coordinates": [ -58.333259961253077, -3.0 ] } },
{ "type": "Feature", "properties": { "Longitude": -62.839435518243704, "Latitude": -3.0 }, "geometry": { "type": "Point", "coordinates": [ -62.839435518243704, -3.0 ] } },
{ "type": "Feature", "properties": { "Longitude": -61.459379089831998, "Latitude": -1.5 }, "geometry": { "type": "Point", "coordinates": [ -61.459379089831998, -1.5 ] } },
{ "type": "Feature", "properties": { "Longitude": -55.457322334886783, "Latitude": -1.5 }, "geometry": { "type": "Point", "coordinates": [ -55.457322334886783, -1.5 ] } },
{ "type": "Feature", "properties": { "Longitude": -62.959893278568302, "Latitude": -1.5 }, "geometry": { "type": "Point", "coordinates": [ -62.959893278568302, -1.5 ] } },
{ "type": "Feature", "properties": { "Longitude": -59.958864901095694, "Latitude": -1.5 }, "geometry": { "type": "Point", "coordinates": [ -59.958864901095694, -1.5 ] } },
{ "type": "Feature", "properties": { "Longitude": -56.957836523623087, "Latitude": -1.5 }, "geometry": { "type": "Point", "coordinates": [ -56.957836523623087, -1.5 ] } },
{ "type": "Feature", "properties": { "Longitude": -73.353845151221833, "Latitude": -3.0 }, "geometry": { "type": "Point", "coordinates": [ -73.353845151221833, -3.0 ] } },
{ "type": "Feature", "properties": { "Longitude": -76.357962189215584, "Latitude": -3.0 }, "geometry": { "type": "Point", "coordinates": [ -76.357962189215584, -3.0 ] } },
{ "type": "Feature", "properties": { "Longitude": -79.362079227209335, "Latitude": -3.0 }, "geometry": { "type": "Point", "coordinates": [ -79.362079227209335, -3.0 ] } },
{ "type": "Feature", "properties": { "Longitude": -74.855903670218709, "Latitude": -3.0 }, "geometry": { "type": "Point", "coordinates": [ -74.855903670218709, -3.0 ] } },
{ "type": "Feature", "properties": { "Longitude": -77.86002070821246, "Latitude": -3.0 }, "geometry": { "type": "Point", "coordinates": [ -77.86002070821246, -3.0 ] } },
{ "type": "Feature", "properties": { "Longitude": -73.463492599722429, "Latitude": -1.5 }, "geometry": { "type": "Point", "coordinates": [ -73.463492599722429, -1.5 ] } },
{ "type": "Feature", "properties": { "Longitude": -76.464520977195036, "Latitude": -1.5 }, "geometry": { "type": "Point", "coordinates": [ -76.464520977195036, -1.5 ] } },
{ "type": "Feature", "properties": { "Longitude": -77.96503516593134, "Latitude": -1.5 }, "geometry": { "type": "Point", "coordinates": [ -77.96503516593134, -1.5 ] } },
{ "type": "Feature", "properties": { "Longitude": -71.962978410986125, "Latitude": -1.5 }, "geometry": { "type": "Point", "coordinates": [ -71.962978410986125, -1.5 ] } },
{ "type": "Feature", "properties": { "Longitude": -79.465549354667644, "Latitude": -1.5 }, "geometry": { "type": "Point", "coordinates": [ -79.465549354667644, -1.5 ] } },
{ "type": "Feature", "properties": { "Longitude": -67.461435844777213, "Latitude": -1.5 }, "geometry": { "type": "Point", "coordinates": [ -67.461435844777213, -1.5 ] } },
{ "type": "Feature", "properties": { "Longitude": -64.5, "Latitude": 0.0 }, "geometry": { "type": "Point", "coordinates": [ -64.5, 0.0 ] } },
{ "type": "Feature", "properties": { "Longitude": -66.0, "Latitude": 0.0 }, "geometry": { "type": "Point", "coordinates": [ -66.0, 0.0 ] } },
{ "type": "Feature", "properties": { "Longitude": -70.5, "Latitude": 0.0 }, "geometry": { "type": "Point", "coordinates": [ -70.5, 0.0 ] } },
{ "type": "Feature", "properties": { "Longitude": -67.5, "Latitude": 0.0 }, "geometry": { "type": "Point", "coordinates": [ -67.5, 0.0 ] } },
{ "type": "Feature", "properties": { "Longitude": -69.0, "Latitude": 0.0 }, "geometry": { "type": "Point", "coordinates": [ -69.0, 0.0 ] } },
{ "type": "Feature", "properties": { "Longitude": -65.96092165604091, "Latitude": 1.5 }, "geometry": { "type": "Point", "coordinates": [ -65.96092165604091, 1.5 ] } },
{ "type": "Feature", "properties": { "Longitude": -70.462464222249821, "Latitude": 1.5 }, "geometry": { "type": "Point", "coordinates": [ -70.462464222249821, 1.5 ] } },
{ "type": "Feature", "properties": { "Longitude": -64.460407467304606, "Latitude": 1.5 }, "geometry": { "type": "Point", "coordinates": [ -64.460407467304606, 1.5 ] } },
{ "type": "Feature", "properties": { "Longitude": -68.961950033513517, "Latitude": 1.5 }, "geometry": { "type": "Point", "coordinates": [ -68.961950033513517, 1.5 ] } },
{ "type": "Feature", "properties": { "Longitude": -74.964006788458732, "Latitude": -1.5 }, "geometry": { "type": "Point", "coordinates": [ -74.964006788458732, -1.5 ] } },
{ "type": "Feature", "properties": { "Longitude": -73.5, "Latitude": 0.0 }, "geometry": { "type": "Point", "coordinates": [ -73.5, 0.0 ] } },
{ "type": "Feature", "properties": { "Longitude": -76.5, "Latitude": 0.0 }, "geometry": { "type": "Point", "coordinates": [ -76.5, 0.0 ] } },
{ "type": "Feature", "properties": { "Longitude": -78.0, "Latitude": 0.0 }, "geometry": { "type": "Point", "coordinates": [ -78.0, 0.0 ] } },
{ "type": "Feature", "properties": { "Longitude": -75.0, "Latitude": 0.0 }, "geometry": { "type": "Point", "coordinates": [ -75.0, 0.0 ] } },
{ "type": "Feature", "properties": { "Longitude": -79.5, "Latitude": 0.0 }, "geometry": { "type": "Point", "coordinates": [ -79.5, 0.0 ] } },
{ "type": "Feature", "properties": { "Longitude": -72.0, "Latitude": 0.0 }, "geometry": { "type": "Point", "coordinates": [ -72.0, 0.0 ] } },
{ "type": "Feature", "properties": { "Longitude": -73.463492599722429, "Latitude": 1.5 }, "geometry": { "type": "Point", "coordinates": [ -73.463492599722429, 1.5 ] } },
{ "type": "Feature", "properties": { "Longitude": -76.464520977195036, "Latitude": 1.5 }, "geometry": { "type": "Point", "coordinates": [ -76.464520977195036, 1.5 ] } },
{ "type": "Feature", "properties": { "Longitude": -77.96503516593134, "Latitude": 1.5 }, "geometry": { "type": "Point", "coordinates": [ -77.96503516593134, 1.5 ] } },
{ "type": "Feature", "properties": { "Longitude": -47.954751391205264, "Latitude": -1.5 }, "geometry": { "type": "Point", "coordinates": [ -47.954751391205264, -1.5 ] } },
{ "type": "Feature", "properties": { "Longitude": -50.955779768677871, "Latitude": -1.5 }, "geometry": { "type": "Point", "coordinates": [ -50.955779768677871, -1.5 ] } },
{ "type": "Feature", "properties": { "Longitude": -52.5, "Latitude": 0.0 }, "geometry": { "type": "Point", "coordinates": [ -52.5, 0.0 ] } },
{ "type": "Feature", "properties": { "Longitude": -51.0, "Latitude": 0.0 }, "geometry": { "type": "Point", "coordinates": [ -51.0, 0.0 ] } },
{ "type": "Feature", "properties": { "Longitude": -54.0, "Latitude": 0.0 }, "geometry": { "type": "Point", "coordinates": [ -54.0, 0.0 ] } },
{ "type": "Feature", "properties": { "Longitude": -53.956808146150479, "Latitude": 1.5 }, "geometry": { "type": "Point", "coordinates": [ -53.956808146150479, 1.5 ] } },
{ "type": "Feature", "properties": { "Longitude": -50.955779768677871, "Latitude": 1.5 }, "geometry": { "type": "Point", "coordinates": [ -50.955779768677871, 1.5 ] } },
{ "type": "Feature", "properties": { "Longitude": -52.456293957414175, "Latitude": 1.5 }, "geometry": { "type": "Point", "coordinates": [ -52.456293957414175, 1.5 ] } },
{ "type": "Feature", "properties": { "Longitude": -58.45835071235939, "Latitude": -1.5 }, "geometry": { "type": "Point", "coordinates": [ -58.45835071235939, -1.5 ] } },
{ "type": "Feature", "properties": { "Longitude": -61.5, "Latitude": 0.0 }, "geometry": { "type": "Point", "coordinates": [ -61.5, 0.0 ] } },
{ "type": "Feature", "properties": { "Longitude": -63.0, "Latitude": 0.0 }, "geometry": { "type": "Point", "coordinates": [ -63.0, 0.0 ] } },
{ "type": "Feature", "properties": { "Longitude": -58.5, "Latitude": 0.0 }, "geometry": { "type": "Point", "coordinates": [ -58.5, 0.0 ] } },
{ "type": "Feature", "properties": { "Longitude": -55.5, "Latitude": 0.0 }, "geometry": { "type": "Point", "coordinates": [ -55.5, 0.0 ] } },
{ "type": "Feature", "properties": { "Longitude": -57.0, "Latitude": 0.0 }, "geometry": { "type": "Point", "coordinates": [ -57.0, 0.0 ] } },
{ "type": "Feature", "properties": { "Longitude": -60.0, "Latitude": 0.0 }, "geometry": { "type": "Point", "coordinates": [ -60.0, 0.0 ] } },
{ "type": "Feature", "properties": { "Longitude": -58.45835071235939, "Latitude": 1.5 }, "geometry": { "type": "Point", "coordinates": [ -58.45835071235939, 1.5 ] } },
{ "type": "Feature", "properties": { "Longitude": -62.959893278568302, "Latitude": 1.5 }, "geometry": { "type": "Point", "coordinates": [ -62.959893278568302, 1.5 ] } },
{ "type": "Feature", "properties": { "Longitude": -59.958864901095694, "Latitude": 1.5 }, "geometry": { "type": "Point", "coordinates": [ -59.958864901095694, 1.5 ] } },
{ "type": "Feature", "properties": { "Longitude": -61.459379089831998, "Latitude": 1.5 }, "geometry": { "type": "Point", "coordinates": [ -61.459379089831998, 1.5 ] } },
{ "type": "Feature", "properties": { "Longitude": -56.957836523623087, "Latitude": 1.5 }, "geometry": { "type": "Point", "coordinates": [ -56.957836523623087, 1.5 ] } },
{ "type": "Feature", "properties": { "Longitude": -55.457322334886783, "Latitude": 1.5 }, "geometry": { "type": "Point", "coordinates": [ -55.457322334886783, 1.5 ] } },
{ "type": "Feature", "properties": { "Longitude": -58.333259961253077, "Latitude": 3.0 }, "geometry": { "type": "Point", "coordinates": [ -58.333259961253077, 3.0 ] } },
{ "type": "Feature", "properties": { "Longitude": -62.839435518243704, "Latitude": 3.0 }, "geometry": { "type": "Point", "coordinates": [ -62.839435518243704, 3.0 ] } },
{ "type": "Feature", "properties": { "Longitude": -59.835318480249953, "Latitude": 3.0 }, "geometry": { "type": "Point", "coordinates": [ -59.835318480249953, 3.0 ] } },
{ "type": "Feature", "properties": { "Longitude": -56.831201442256202, "Latitude": 3.0 }, "geometry": { "type": "Point", "coordinates": [ -56.831201442256202, 3.0 ] } },
{ "type": "Feature", "properties": { "Longitude": -61.337376999246828, "Latitude": 3.0 }, "geometry": { "type": "Point", "coordinates": [ -61.337376999246828, 3.0 ] } },
{ "type": "Feature", "properties": { "Longitude": -55.329142923259326, "Latitude": 3.0 }, "geometry": { "type": "Point", "coordinates": [ -55.329142923259326, 3.0 ] } },
{ "type": "Feature", "properties": { "Longitude": -55.115021288889125, "Latitude": 4.5 }, "geometry": { "type": "Point", "coordinates": [ -55.115021288889125, 4.5 ] } },
{ "type": "Feature", "properties": { "Longitude": -53.82708440426245, "Latitude": 3.0 }, "geometry": { "type": "Point", "coordinates": [ -53.82708440426245, 3.0 ] } },
{ "type": "Feature", "properties": { "Longitude": -52.325025885265575, "Latitude": 3.0 }, "geometry": { "type": "Point", "coordinates": [ -52.325025885265575, 3.0 ] } },
{ "type": "Feature", "properties": { "Longitude": -52.10574469344067, "Latitude": 4.5 }, "geometry": { "type": "Point", "coordinates": [ -52.10574469344067, 4.5 ] } },
{ "type": "Feature", "properties": { "Longitude": -53.610382991164897, "Latitude": 4.5 }, "geometry": { "type": "Point", "coordinates": [ -53.610382991164897, 4.5 ] } },
{ "type": "Feature", "properties": { "Longitude": -98.649984805826875, "Latitude": 16.5 }, "geometry": { "type": "Point", "coordinates": [ -98.649984805826875, 16.5 ] } },
{ "type": "Feature", "properties": { "Longitude": -99.563139845772781, "Latitude": 18.0 }, "geometry": { "type": "Point", "coordinates": [ -99.563139845772781, 18.0 ] } },
{ "type": "Feature", "properties": { "Longitude": -97.985946509415385, "Latitude": 18.0 }, "geometry": { "type": "Point", "coordinates": [ -97.985946509415385, 18.0 ] } },
{ "type": "Feature", "properties": { "Longitude": -106.11205120084136, "Latitude": 24.0 }, "geometry": { "type": "Point", "coordinates": [ -106.112051200841364, 24.0 ] } },
{ "type": "Feature", "properties": { "Longitude": -108.53860890668105, "Latitude": 25.5 }, "geometry": { "type": "Point", "coordinates": [ -108.538608906681048, 25.5 ] } },
{ "type": "Feature", "properties": { "Longitude": -106.87671609055735, "Latitude": 25.5 }, "geometry": { "type": "Point", "coordinates": [ -106.876716090557352, 25.5 ] } },
{ "type": "Feature", "properties": { "Longitude": -111.86239453892844, "Latitude": 25.5 }, "geometry": { "type": "Point", "coordinates": [ -111.862394538928442, 25.5 ] } },
{ "type": "Feature", "properties": { "Longitude": -112.66042574193875, "Latitude": 27.0 }, "geometry": { "type": "Point", "coordinates": [ -112.660425741938752, 27.0 ] } },
{ "type": "Feature", "properties": { "Longitude": -105.92646831613263, "Latitude": 27.0 }, "geometry": { "type": "Point", "coordinates": [ -105.926468316132627, 27.0 ] } },
{ "type": "Feature", "properties": { "Longitude": -99.544233529805041, "Latitude": 24.0 }, "geometry": { "type": "Point", "coordinates": [ -99.544233529805041, 24.0 ] } },
{ "type": "Feature", "properties": { "Longitude": -97.90227911204596, "Latitude": 24.0 }, "geometry": { "type": "Point", "coordinates": [ -97.90227911204596, 24.0 ] } },
{ "type": "Feature", "properties": { "Longitude": -104.47009678308228, "Latitude": 24.0 }, "geometry": { "type": "Point", "coordinates": [ -104.470096783082283, 24.0 ] } },
{ "type": "Feature", "properties": { "Longitude": -102.8281423653232, "Latitude": 24.0 }, "geometry": { "type": "Point", "coordinates": [ -102.828142365323203, 24.0 ] } },
{ "type": "Feature", "properties": { "Longitude": -105.21482327443366, "Latitude": 25.5 }, "geometry": { "type": "Point", "coordinates": [ -105.214823274433655, 25.5 ] } },
{ "type": "Feature", "properties": { "Longitude": -98.567252009938869, "Latitude": 25.5 }, "geometry": { "type": "Point", "coordinates": [ -98.567252009938869, 25.5 ] } },
{ "type": "Feature", "properties": { "Longitude": -101.89103764218626, "Latitude": 25.5 }, "geometry": { "type": "Point", "coordinates": [ -101.891037642186262, 25.5 ] } },
{ "type": "Feature", "properties": { "Longitude": -103.55293045830996, "Latitude": 25.5 }, "geometry": { "type": "Point", "coordinates": [ -103.552930458309959, 25.5 ] } },
{ "type": "Feature", "properties": { "Longitude": -100.22914482606257, "Latitude": 25.5 }, "geometry": { "type": "Point", "coordinates": [ -100.229144826062566, 25.5 ] } },
{ "type": "Feature", "properties": { "Longitude": -99.192510890326503, "Latitude": 27.0 }, "geometry": { "type": "Point", "coordinates": [ -99.192510890326503, 27.0 ] } },
{ "type": "Feature", "properties": { "Longitude": -107.60995767258416, "Latitude": 27.0 }, "geometry": { "type": "Point", "coordinates": [ -107.609957672584159, 27.0 ] } },
{ "type": "Feature", "properties": { "Longitude": -109.29344702903569, "Latitude": 27.0 }, "geometry": { "type": "Point", "coordinates": [ -109.29344702903569, 27.0 ] } },
{ "type": "Feature", "properties": { "Longitude": -111.72640912936004, "Latitude": 28.5 }, "geometry": { "type": "Point", "coordinates": [ -111.726409129360036, 28.5 ] } },
{ "type": "Feature", "properties": { "Longitude": -113.43324890112603, "Latitude": 28.5 }, "geometry": { "type": "Point", "coordinates": [ -113.433248901126035, 28.5 ] } },
{ "type": "Feature", "properties": { "Longitude": -110.01956935759404, "Latitude": 28.5 }, "geometry": { "type": "Point", "coordinates": [ -110.019569357594037, 28.5 ] } },
{ "type": "Feature", "properties": { "Longitude": -106.60588981406204, "Latitude": 28.5 }, "geometry": { "type": "Point", "coordinates": [ -106.605889814062039, 28.5 ] } },
{ "type": "Feature", "properties": { "Longitude": -108.31272958582804, "Latitude": 28.5 }, "geometry": { "type": "Point", "coordinates": [ -108.312729585828038, 28.5 ] } },
{ "type": "Feature", "properties": { "Longitude": -108.98591688967642, "Latitude": 30.0 }, "geometry": { "type": "Point", "coordinates": [ -108.985916889676417, 30.0 ] } },
{ "type": "Feature", "properties": { "Longitude": -110.71796769724529, "Latitude": 30.0 }, "geometry": { "type": "Point", "coordinates": [ -110.717967697245285, 30.0 ] } },
{ "type": "Feature", "properties": { "Longitude": -112.45001850481415, "Latitude": 30.0 }, "geometry": { "type": "Point", "coordinates": [ -112.450018504814153, 30.0 ] } },
{ "type": "Feature", "properties": { "Longitude": -71.962978410986125, "Latitude": 1.5 }, "geometry": { "type": "Point", "coordinates": [ -71.962978410986125, 1.5 ] } },
{ "type": "Feature", "properties": { "Longitude": -67.461435844777213, "Latitude": 1.5 }, "geometry": { "type": "Point", "coordinates": [ -67.461435844777213, 1.5 ] } },
{ "type": "Feature", "properties": { "Longitude": -71.851786632224957, "Latitude": 3.0 }, "geometry": { "type": "Point", "coordinates": [ -71.851786632224957, 3.0 ] } },
{ "type": "Feature", "properties": { "Longitude": -65.843552556237455, "Latitude": 3.0 }, "geometry": { "type": "Point", "coordinates": [ -65.843552556237455, 3.0 ] } },
{ "type": "Feature", "properties": { "Longitude": -67.345611075234331, "Latitude": 3.0 }, "geometry": { "type": "Point", "coordinates": [ -67.345611075234331, 3.0 ] } },
{ "type": "Feature", "properties": { "Longitude": -70.349728113228082, "Latitude": 3.0 }, "geometry": { "type": "Point", "coordinates": [ -70.349728113228082, 3.0 ] } },
{ "type": "Feature", "properties": { "Longitude": -64.341494037240579, "Latitude": 3.0 }, "geometry": { "type": "Point", "coordinates": [ -64.341494037240579, 3.0 ] } },
{ "type": "Feature", "properties": { "Longitude": -68.847669594231206, "Latitude": 3.0 }, "geometry": { "type": "Point", "coordinates": [ -68.847669594231206, 3.0 ] } },
{ "type": "Feature", "properties": { "Longitude": -68.656765968407171, "Latitude": 4.5 }, "geometry": { "type": "Point", "coordinates": [ -68.656765968407171, 4.5 ] } },
{ "type": "Feature", "properties": { "Longitude": -70.161404266131399, "Latitude": 4.5 }, "geometry": { "type": "Point", "coordinates": [ -70.161404266131399, 4.5 ] } },
{ "type": "Feature", "properties": { "Longitude": -62.638212777510262, "Latitude": 4.5 }, "geometry": { "type": "Point", "coordinates": [ -62.638212777510262, 4.5 ] } },
{ "type": "Feature", "properties": { "Longitude": -56.619659586613352, "Latitude": 4.5 }, "geometry": { "type": "Point", "coordinates": [ -56.619659586613352, 4.5 ] } },
{ "type": "Feature", "properties": { "Longitude": -59.628936182061807, "Latitude": 4.5 }, "geometry": { "type": "Point", "coordinates": [ -59.628936182061807, 4.5 ] } },
{ "type": "Feature", "properties": { "Longitude": -58.124297884337579, "Latitude": 4.5 }, "geometry": { "type": "Point", "coordinates": [ -58.124297884337579, 4.5 ] } },
{ "type": "Feature", "properties": { "Longitude": -61.133574479786034, "Latitude": 4.5 }, "geometry": { "type": "Point", "coordinates": [ -61.133574479786034, 4.5 ] } },
{ "type": "Feature", "properties": { "Longitude": -60.847268871723543, "Latitude": 6.0 }, "geometry": { "type": "Point", "coordinates": [ -60.847268871723543, 6.0 ] } },
{ "type": "Feature", "properties": { "Longitude": -62.355531291068814, "Latitude": 6.0 }, "geometry": { "type": "Point", "coordinates": [ -62.355531291068814, 6.0 ] } },
{ "type": "Feature", "properties": { "Longitude": -59.339006452378271, "Latitude": 6.0 }, "geometry": { "type": "Point", "coordinates": [ -59.339006452378271, 6.0 ] } },
{ "type": "Feature", "properties": { "Longitude": -57.830744033033, "Latitude": 6.0 }, "geometry": { "type": "Point", "coordinates": [ -57.830744033033, 6.0 ] } },
{ "type": "Feature", "properties": { "Longitude": -64.142851075234489, "Latitude": 4.5 }, "geometry": { "type": "Point", "coordinates": [ -64.142851075234489, 4.5 ] } },
{ "type": "Feature", "properties": { "Longitude": -71.666042563855626, "Latitude": 4.5 }, "geometry": { "type": "Point", "coordinates": [ -71.666042563855626, 4.5 ] } },
{ "type": "Feature", "properties": { "Longitude": -65.647489372958717, "Latitude": 4.5 }, "geometry": { "type": "Point", "coordinates": [ -65.647489372958717, 4.5 ] } },
{ "type": "Feature", "properties": { "Longitude": -67.152127670682944, "Latitude": 4.5 }, "geometry": { "type": "Point", "coordinates": [ -67.152127670682944, 4.5 ] } },
{ "type": "Feature", "properties": { "Longitude": -63.863793710414086, "Latitude": 6.0 }, "geometry": { "type": "Point", "coordinates": [ -63.863793710414086, 6.0 ] } },
{ "type": "Feature", "properties": { "Longitude": -69.896843387795172, "Latitude": 6.0 }, "geometry": { "type": "Point", "coordinates": [ -69.896843387795172, 6.0 ] } },
{ "type": "Feature", "properties": { "Longitude": -71.405105807140444, "Latitude": 6.0 }, "geometry": { "type": "Point", "coordinates": [ -71.405105807140444, 6.0 ] } },
{ "type": "Feature", "properties": { "Longitude": -68.388580968449901, "Latitude": 6.0 }, "geometry": { "type": "Point", "coordinates": [ -68.388580968449901, 6.0 ] } },
{ "type": "Feature", "properties": { "Longitude": -65.372056129759358, "Latitude": 6.0 }, "geometry": { "type": "Point", "coordinates": [ -65.372056129759358, 6.0 ] } },
{ "type": "Feature", "properties": { "Longitude": -66.880318549104629, "Latitude": 6.0 }, "geometry": { "type": "Point", "coordinates": [ -66.880318549104629, 6.0 ] } },
{ "type": "Feature", "properties": { "Longitude": -71.068072257343374, "Latitude": 7.5 }, "geometry": { "type": "Point", "coordinates": [ -71.068072257343374, 7.5 ] } },
{ "type": "Feature", "properties": { "Longitude": -65.01629849386245, "Latitude": 7.5 }, "geometry": { "type": "Point", "coordinates": [ -65.01629849386245, 7.5 ] } },
{ "type": "Feature", "properties": { "Longitude": -69.555128816473143, "Latitude": 7.5 }, "geometry": { "type": "Point", "coordinates": [ -69.555128816473143, 7.5 ] } },
{ "type": "Feature", "properties": { "Longitude": -66.529241934732681, "Latitude": 7.5 }, "geometry": { "type": "Point", "coordinates": [ -66.529241934732681, 7.5 ] } },
{ "type": "Feature", "properties": { "Longitude": -68.042185375602912, "Latitude": 7.5 }, "geometry": { "type": "Point", "coordinates": [ -68.042185375602912, 7.5 ] } },
{ "type": "Feature", "properties": { "Longitude": -67.616371037531223, "Latitude": 9.0 }, "geometry": { "type": "Point", "coordinates": [ -67.616371037531223, 9.0 ] } },
{ "type": "Feature", "properties": { "Longitude": -66.097673348849213, "Latitude": 9.0 }, "geometry": { "type": "Point", "coordinates": [ -66.097673348849213, 9.0 ] } },
{ "type": "Feature", "properties": { "Longitude": -64.578975660167202, "Latitude": 9.0 }, "geometry": { "type": "Point", "coordinates": [ -64.578975660167202, 9.0 ] } },
{ "type": "Feature", "properties": { "Longitude": -70.653766414895244, "Latitude": 9.0 }, "geometry": { "type": "Point", "coordinates": [ -70.653766414895244, 9.0 ] } },
{ "type": "Feature", "properties": { "Longitude": -69.135068726213234, "Latitude": 9.0 }, "geometry": { "type": "Point", "coordinates": [ -69.135068726213234, 9.0 ] } },
{ "type": "Feature", "properties": { "Longitude": -63.503355052992219, "Latitude": 7.5 }, "geometry": { "type": "Point", "coordinates": [ -63.503355052992219, 7.5 ] } },
{ "type": "Feature", "properties": { "Longitude": -61.990411612121989, "Latitude": 7.5 }, "geometry": { "type": "Point", "coordinates": [ -61.990411612121989, 7.5 ] } },
{ "type": "Feature", "properties": { "Longitude": -58.964524730381527, "Latitude": 7.5 }, "geometry": { "type": "Point", "coordinates": [ -58.964524730381527, 7.5 ] } },
{ "type": "Feature", "properties": { "Longitude": -60.477468171251758, "Latitude": 7.5 }, "geometry": { "type": "Point", "coordinates": [ -60.477468171251758, 7.5 ] } },
{ "type": "Feature", "properties": { "Longitude": -61.541580282803181, "Latitude": 9.0 }, "geometry": { "type": "Point", "coordinates": [ -61.541580282803181, 9.0 ] } },
{ "type": "Feature", "properties": { "Longitude": -75.606902579954067, "Latitude": 7.5 }, "geometry": { "type": "Point", "coordinates": [ -75.606902579954067, 7.5 ] } },
{ "type": "Feature", "properties": { "Longitude": -72.581015698213605, "Latitude": 7.5 }, "geometry": { "type": "Point", "coordinates": [ -72.581015698213605, 7.5 ] } },
{ "type": "Feature", "properties": { "Longitude": -75.209859480941276, "Latitude": 9.0 }, "geometry": { "type": "Point", "coordinates": [ -75.209859480941276, 9.0 ] } },
{ "type": "Feature", "properties": { "Longitude": -78.247254858305297, "Latitude": 9.0 }, "geometry": { "type": "Point", "coordinates": [ -78.247254858305297, 9.0 ] } },
{ "type": "Feature", "properties": { "Longitude": -79.765952546987307, "Latitude": 9.0 }, "geometry": { "type": "Point", "coordinates": [ -79.765952546987307, 9.0 ] } },
{ "type": "Feature", "properties": { "Longitude": -72.172464103577255, "Latitude": 9.0 }, "geometry": { "type": "Point", "coordinates": [ -72.172464103577255, 9.0 ] } },
{ "type": "Feature", "properties": { "Longitude": -73.691161792259265, "Latitude": 9.0 }, "geometry": { "type": "Point", "coordinates": [ -73.691161792259265, 9.0 ] } },
{ "type": "Feature", "properties": { "Longitude": -63.060277971485192, "Latitude": 9.0 }, "geometry": { "type": "Point", "coordinates": [ -63.060277971485192, 9.0 ] } },
{ "type": "Feature", "properties": { "Longitude": -62.533004298798659, "Latitude": 10.5 }, "geometry": { "type": "Point", "coordinates": [ -62.533004298798659, 10.5 ] } },
{ "type": "Feature", "properties": { "Longitude": -61.007458900081758, "Latitude": 10.5 }, "geometry": { "type": "Point", "coordinates": [ -61.007458900081758, 10.5 ] } },
{ "type": "Feature", "properties": { "Longitude": -71.686276691100062, "Latitude": 10.5 }, "geometry": { "type": "Point", "coordinates": [ -71.686276691100062, 10.5 ] } },
{ "type": "Feature", "properties": { "Longitude": -64.058549697515559, "Latitude": 10.5 }, "geometry": { "type": "Point", "coordinates": [ -64.058549697515559, 10.5 ] } },
{ "type": "Feature", "properties": { "Longitude": -67.10964049494936, "Latitude": 10.5 }, "geometry": { "type": "Point", "coordinates": [ -67.10964049494936, 10.5 ] } },
{ "type": "Feature", "properties": { "Longitude": -68.635185893666261, "Latitude": 10.5 }, "geometry": { "type": "Point", "coordinates": [ -68.635185893666261, 10.5 ] } },
{ "type": "Feature", "properties": { "Longitude": -70.160731292383161, "Latitude": 10.5 }, "geometry": { "type": "Point", "coordinates": [ -70.160731292383161, 10.5 ] } },
{ "type": "Feature", "properties": { "Longitude": -74.675319159304081, "Latitude": 4.5 }, "geometry": { "type": "Point", "coordinates": [ -74.675319159304081, 4.5 ] } },
{ "type": "Feature", "properties": { "Longitude": -76.179957457028308, "Latitude": 4.5 }, "geometry": { "type": "Point", "coordinates": [ -76.179957457028308, 4.5 ] } },
{ "type": "Feature", "properties": { "Longitude": -75.929893065176259, "Latitude": 6.0 }, "geometry": { "type": "Point", "coordinates": [ -75.929893065176259, 6.0 ] } },
{ "type": "Feature", "properties": { "Longitude": -74.421630645830987, "Latitude": 6.0 }, "geometry": { "type": "Point", "coordinates": [ -74.421630645830987, 6.0 ] } },
{ "type": "Feature", "properties": { "Longitude": -72.913368226485716, "Latitude": 6.0 }, "geometry": { "type": "Point", "coordinates": [ -72.913368226485716, 6.0 ] } },
{ "type": "Feature", "properties": { "Longitude": -74.093959139083836, "Latitude": 7.5 }, "geometry": { "type": "Point", "coordinates": [ -74.093959139083836, 7.5 ] } },
{ "type": "Feature", "properties": { "Longitude": -80.14573290256476, "Latitude": 7.5 }, "geometry": { "type": "Point", "coordinates": [ -80.14573290256476, 7.5 ] } },
{ "type": "Feature", "properties": { "Longitude": -77.119846020824298, "Latitude": 7.5 }, "geometry": { "type": "Point", "coordinates": [ -77.119846020824298, 7.5 ] } },
{ "type": "Feature", "properties": { "Longitude": -82.803347924351328, "Latitude": 9.0 }, "geometry": { "type": "Point", "coordinates": [ -82.803347924351328, 9.0 ] } },
{ "type": "Feature", "properties": { "Longitude": -83.890639880835266, "Latitude": 10.5 }, "geometry": { "type": "Point", "coordinates": [ -83.890639880835266, 10.5 ] } },
{ "type": "Feature", "properties": { "Longitude": -85.416185279552167, "Latitude": 10.5 }, "geometry": { "type": "Point", "coordinates": [ -85.416185279552167, 10.5 ] } },
{ "type": "Feature", "properties": { "Longitude": -86.455835569849057, "Latitude": 12.0 }, "geometry": { "type": "Point", "coordinates": [ -86.455835569849057, 12.0 ] } },
{ "type": "Feature", "properties": { "Longitude": -73.211822089816962, "Latitude": 10.5 }, "geometry": { "type": "Point", "coordinates": [ -73.211822089816962, 10.5 ] } },
{ "type": "Feature", "properties": { "Longitude": -74.737367488533863, "Latitude": 10.5 }, "geometry": { "type": "Point", "coordinates": [ -74.737367488533863, 10.5 ] } },
{ "type": "Feature", "properties": { "Longitude": -88.985255360629679, "Latitude": 13.5 }, "geometry": { "type": "Point", "coordinates": [ -88.985255360629679, 13.5 ] } },
{ "type": "Feature", "properties": { "Longitude": -89.930972304322268, "Latitude": 15.0 }, "geometry": { "type": "Point", "coordinates": [ -89.930972304322268, 15.0 ] } },
{ "type": "Feature", "properties": { "Longitude": -84.922324677551501, "Latitude": 12.0 }, "geometry": { "type": "Point", "coordinates": [ -84.922324677551501, 12.0 ] } },
{ "type": "Feature", "properties": { "Longitude": -87.442632570131877, "Latitude": 13.5 }, "geometry": { "type": "Point", "coordinates": [ -87.442632570131877, 13.5 ] } },
{ "type": "Feature", "properties": { "Longitude": -84.357386989136273, "Latitude": 13.5 }, "geometry": { "type": "Point", "coordinates": [ -84.357386989136273, 13.5 ] } },
{ "type": "Feature", "properties": { "Longitude": -85.900009779634075, "Latitude": 13.5 }, "geometry": { "type": "Point", "coordinates": [ -85.900009779634075, 13.5 ] } },
{ "type": "Feature", "properties": { "Longitude": -88.378058033707134, "Latitude": 15.0 }, "geometry": { "type": "Point", "coordinates": [ -88.378058033707134, 15.0 ] } },
{ "type": "Feature", "properties": { "Longitude": -85.272229492476868, "Latitude": 15.0 }, "geometry": { "type": "Point", "coordinates": [ -85.272229492476868, 15.0 ] } },
{ "type": "Feature", "properties": { "Longitude": -83.719315221861734, "Latitude": 15.0 }, "geometry": { "type": "Point", "coordinates": [ -83.719315221861734, 15.0 ] } },
{ "type": "Feature", "properties": { "Longitude": -86.825143763092001, "Latitude": 15.0 }, "geometry": { "type": "Point", "coordinates": [ -86.825143763092001, 15.0 ] } },
{ "type": "Feature", "properties": { "Longitude": -88.522786491271006, "Latitude": 18.0 }, "geometry": { "type": "Point", "coordinates": [ -88.522786491271006, 18.0 ] } },
{ "type": "Feature", "properties": { "Longitude": -91.483886574937401, "Latitude": 15.0 }, "geometry": { "type": "Point", "coordinates": [ -91.483886574937401, 15.0 ] } },
{ "type": "Feature", "properties": { "Longitude": -93.956714698470734, "Latitude": 16.5 }, "geometry": { "type": "Point", "coordinates": [ -93.956714698470734, 16.5 ] } },
{ "type": "Feature", "properties": { "Longitude": -95.521138067589447, "Latitude": 16.5 }, "geometry": { "type": "Point", "coordinates": [ -95.521138067589447, 16.5 ] } },
{ "type": "Feature", "properties": { "Longitude": -90.827867960233306, "Latitude": 16.5 }, "geometry": { "type": "Point", "coordinates": [ -90.827867960233306, 16.5 ] } },
{ "type": "Feature", "properties": { "Longitude": -97.085561436708161, "Latitude": 16.5 }, "geometry": { "type": "Point", "coordinates": [ -97.085561436708161, 16.5 ] } },
{ "type": "Feature", "properties": { "Longitude": -89.263444591114592, "Latitude": 16.5 }, "geometry": { "type": "Point", "coordinates": [ -89.263444591114592, 16.5 ] } },
{ "type": "Feature", "properties": { "Longitude": -92.39229132935202, "Latitude": 16.5 }, "geometry": { "type": "Point", "coordinates": [ -92.39229132935202, 16.5 ] } },
{ "type": "Feature", "properties": { "Longitude": -96.408753173057988, "Latitude": 18.0 }, "geometry": { "type": "Point", "coordinates": [ -96.408753173057988, 18.0 ] } },
{ "type": "Feature", "properties": { "Longitude": -93.254366500343195, "Latitude": 18.0 }, "geometry": { "type": "Point", "coordinates": [ -93.254366500343195, 18.0 ] } },
{ "type": "Feature", "properties": { "Longitude": -87.706163136105488, "Latitude": 19.5 }, "geometry": { "type": "Point", "coordinates": [ -87.706163136105488, 19.5 ] } },
{ "type": "Feature", "properties": { "Longitude": -88.417103044034377, "Latitude": 21.0 }, "geometry": { "type": "Point", "coordinates": [ -88.417103044034377, 21.0 ] } },
{ "type": "Feature", "properties": { "Longitude": -91.677173163985799, "Latitude": 18.0 }, "geometry": { "type": "Point", "coordinates": [ -91.677173163985799, 18.0 ] } },
{ "type": "Feature", "properties": { "Longitude": -94.831559836700592, "Latitude": 18.0 }, "geometry": { "type": "Point", "coordinates": [ -94.831559836700592, 18.0 ] } },
{ "type": "Feature", "properties": { "Longitude": -90.099979827628403, "Latitude": 18.0 }, "geometry": { "type": "Point", "coordinates": [ -90.099979827628403, 18.0 ] } },
{ "type": "Feature", "properties": { "Longitude": -89.297436185482979, "Latitude": 19.5 }, "geometry": { "type": "Point", "coordinates": [ -89.297436185482979, 19.5 ] } },
{ "type": "Feature", "properties": { "Longitude": -101.14033318213018, "Latitude": 18.0 }, "geometry": { "type": "Point", "coordinates": [ -101.140333182130178, 18.0 ] } },
{ "type": "Feature", "properties": { "Longitude": -100.43634753112542, "Latitude": 19.5 }, "geometry": { "type": "Point", "coordinates": [ -100.436347531125421, 19.5 ] } },
{ "type": "Feature", "properties": { "Longitude": -98.845074481747929, "Latitude": 19.5 }, "geometry": { "type": "Point", "coordinates": [ -98.845074481747929, 19.5 ] } },
{ "type": "Feature", "properties": { "Longitude": -102.02762058050291, "Latitude": 19.5 }, "geometry": { "type": "Point", "coordinates": [ -102.027620580502912, 19.5 ] } },
{ "type": "Feature", "properties": { "Longitude": -103.6188936298804, "Latitude": 19.5 }, "geometry": { "type": "Point", "coordinates": [ -103.618893629880404, 19.5 ] } },
{ "type": "Feature", "properties": { "Longitude": -97.253801432370437, "Latitude": 19.5 }, "geometry": { "type": "Point", "coordinates": [ -97.253801432370437, 19.5 ] } },
{ "type": "Feature", "properties": { "Longitude": -102.87756045813421, "Latitude": 21.0 }, "geometry": { "type": "Point", "coordinates": [ -102.877560458134212, 21.0 ] } },
{ "type": "Feature", "properties": { "Longitude": -99.664125477223138, "Latitude": 21.0 }, "geometry": { "type": "Point", "coordinates": [ -99.664125477223138, 21.0 ] } },
{ "type": "Feature", "properties": { "Longitude": -77.482433136769231, "Latitude": 18.0 }, "geometry": { "type": "Point", "coordinates": [ -77.482433136769231, 18.0 ] } },
{ "type": "Feature", "properties": { "Longitude": -71.173659791339645, "Latitude": 18.0 }, "geometry": { "type": "Point", "coordinates": [ -71.173659791339645, 18.0 ] } },
{ "type": "Feature", "properties": { "Longitude": -66.442079782267456, "Latitude": 18.0 }, "geometry": { "type": "Point", "coordinates": [ -66.442079782267456, 18.0 ] } },
{ "type": "Feature", "properties": { "Longitude": -71.793432642330572, "Latitude": 19.5 }, "geometry": { "type": "Point", "coordinates": [ -71.793432642330572, 19.5 ] } },
{ "type": "Feature", "properties": { "Longitude": -70.20215959295308, "Latitude": 19.5 }, "geometry": { "type": "Point", "coordinates": [ -70.20215959295308, 19.5 ] } },
{ "type": "Feature", "properties": { "Longitude": -77.170080610845616, "Latitude": 21.0 }, "geometry": { "type": "Point", "coordinates": [ -77.170080610845616, 21.0 ] } },
{ "type": "Feature", "properties": { "Longitude": -80.286431032578207, "Latitude": 25.5 }, "geometry": { "type": "Point", "coordinates": [ -80.286431032578207, 25.5 ] } },
{ "type": "Feature", "properties": { "Longitude": -80.961113673245507, "Latitude": 22.5 }, "geometry": { "type": "Point", "coordinates": [ -80.961113673245507, 22.5 ] } },
{ "type": "Feature", "properties": { "Longitude": -84.208290274122703, "Latitude": 22.5 }, "geometry": { "type": "Point", "coordinates": [ -84.208290274122703, 22.5 ] } },
{ "type": "Feature", "properties": { "Longitude": -101.27084296767867, "Latitude": 21.0 }, "geometry": { "type": "Point", "coordinates": [ -101.270842967678675, 21.0 ] } },
{ "type": "Feature", "properties": { "Longitude": -104.48427794858975, "Latitude": 21.0 }, "geometry": { "type": "Point", "coordinates": [ -104.484277948589749, 21.0 ] } },
{ "type": "Feature", "properties": { "Longitude": -98.057407986767601, "Latitude": 21.0 }, "geometry": { "type": "Point", "coordinates": [ -98.057407986767601, 21.0 ] } },
{ "type": "Feature", "properties": { "Longitude": -102.06776157894728, "Latitude": 22.5 }, "geometry": { "type": "Point", "coordinates": [ -102.067761578947284, 22.5 ] } },
{ "type": "Feature", "properties": { "Longitude": -98.820584978070087, "Latitude": 22.5 }, "geometry": { "type": "Point", "coordinates": [ -98.820584978070087, 22.5 ] } },
{ "type": "Feature", "properties": { "Longitude": -100.44417327850869, "Latitude": 22.5 }, "geometry": { "type": "Point", "coordinates": [ -100.444173278508686, 22.5 ] } },
{ "type": "Feature", "properties": { "Longitude": -105.31493817982448, "Latitude": 22.5 }, "geometry": { "type": "Point", "coordinates": [ -105.31493817982448, 22.5 ] } },
{ "type": "Feature", "properties": { "Longitude": -103.69134987938588, "Latitude": 22.5 }, "geometry": { "type": "Point", "coordinates": [ -103.691349879385882, 22.5 ] } },
{ "type": "Feature", "properties": { "Longitude": -101.18618794756412, "Latitude": 24.0 }, "geometry": { "type": "Point", "coordinates": [ -101.186187947564122, 24.0 ] } },
{ "type": "Feature", "properties": { "Longitude": -90.023820534489914, "Latitude": 21.0 }, "geometry": { "type": "Point", "coordinates": [ -90.023820534489914, 21.0 ] } },
{ "type": "Feature", "properties": { "Longitude": -82.357617325811191, "Latitude": 27.0 }, "geometry": { "type": "Point", "coordinates": [ -82.357617325811191, 27.0 ] } },
{ "type": "Feature", "properties": { "Longitude": -80.67412796935966, "Latitude": 27.0 }, "geometry": { "type": "Point", "coordinates": [ -80.67412796935966, 27.0 ] } },
{ "type": "Feature", "properties": { "Longitude": -81.003293237572052, "Latitude": 28.5 }, "geometry": { "type": "Point", "coordinates": [ -81.003293237572052, 28.5 ] } },
{ "type": "Feature", "properties": { "Longitude": -96.364851183466044, "Latitude": 28.5 }, "geometry": { "type": "Point", "coordinates": [ -96.364851183466044, 28.5 ] } },
{ "type": "Feature", "properties": { "Longitude": -95.129510429125475, "Latitude": 30.0 }, "geometry": { "type": "Point", "coordinates": [ -95.129510429125475, 30.0 ] } },
{ "type": "Feature", "properties": { "Longitude": -96.861561236694342, "Latitude": 30.0 }, "geometry": { "type": "Point", "coordinates": [ -96.861561236694342, 30.0 ] } },
{ "type": "Feature", "properties": { "Longitude": -97.509021533874972, "Latitude": 27.0 }, "geometry": { "type": "Point", "coordinates": [ -97.509021533874972, 27.0 ] } },
{ "type": "Feature", "properties": { "Longitude": -100.87600024677803, "Latitude": 27.0 }, "geometry": { "type": "Point", "coordinates": [ -100.876000246778034, 27.0 ] } },
{ "type": "Feature", "properties": { "Longitude": -102.55948960322957, "Latitude": 27.0 }, "geometry": { "type": "Point", "coordinates": [ -102.559489603229565, 27.0 ] } },
{ "type": "Feature", "properties": { "Longitude": -104.2429789596811, "Latitude": 27.0 }, "geometry": { "type": "Point", "coordinates": [ -104.242978959681096, 27.0 ] } },
{ "type": "Feature", "properties": { "Longitude": -101.48537049876404, "Latitude": 28.5 }, "geometry": { "type": "Point", "coordinates": [ -101.485370498764041, 28.5 ] } },
{ "type": "Feature", "properties": { "Longitude": -103.19221027053004, "Latitude": 28.5 }, "geometry": { "type": "Point", "coordinates": [ -103.19221027053004, 28.5 ] } },
{ "type": "Feature", "properties": { "Longitude": -104.89905004229604, "Latitude": 28.5 }, "geometry": { "type": "Point", "coordinates": [ -104.899050042296039, 28.5 ] } },
{ "type": "Feature", "properties": { "Longitude": -98.071690955232043, "Latitude": 28.5 }, "geometry": { "type": "Point", "coordinates": [ -98.071690955232043, 28.5 ] } },
{ "type": "Feature", "properties": { "Longitude": -99.778530726998042, "Latitude": 28.5 }, "geometry": { "type": "Point", "coordinates": [ -99.778530726998042, 28.5 ] } },
{ "type": "Feature", "properties": { "Longitude": -98.59361204426321, "Latitude": 30.0 }, "geometry": { "type": "Point", "coordinates": [ -98.59361204426321, 30.0 ] } },
{ "type": "Feature", "properties": { "Longitude": -83.005154776143399, "Latitude": 30.0 }, "geometry": { "type": "Point", "coordinates": [ -83.005154776143399, 30.0 ] } },
{ "type": "Feature", "properties": { "Longitude": -84.737205583712267, "Latitude": 30.0 }, "geometry": { "type": "Point", "coordinates": [ -84.737205583712267, 30.0 ] } },
{ "type": "Feature", "properties": { "Longitude": -88.519439664106699, "Latitude": 31.5 }, "geometry": { "type": "Point", "coordinates": [ -88.519439664106699, 31.5 ] } },
{ "type": "Feature", "properties": { "Longitude": -83.241715029343624, "Latitude": 31.5 }, "geometry": { "type": "Point", "coordinates": [ -83.241715029343624, 31.5 ] } },
{ "type": "Feature", "properties": { "Longitude": -81.482473484422599, "Latitude": 31.5 }, "geometry": { "type": "Point", "coordinates": [ -81.482473484422599, 31.5 ] } },
{ "type": "Feature", "properties": { "Longitude": -85.000956574264649, "Latitude": 31.5 }, "geometry": { "type": "Point", "coordinates": [ -85.000956574264649, 31.5 ] } },
{ "type": "Feature", "properties": { "Longitude": -86.760198119185674, "Latitude": 31.5 }, "geometry": { "type": "Point", "coordinates": [ -86.760198119185674, 31.5 ] } },
{ "type": "Feature", "properties": { "Longitude": -103.78976446696981, "Latitude": 30.0 }, "geometry": { "type": "Point", "coordinates": [ -103.789764466969814, 30.0 ] } },
{ "type": "Feature", "properties": { "Longitude": -102.05771365940095, "Latitude": 30.0 }, "geometry": { "type": "Point", "coordinates": [ -102.057713659400946, 30.0 ] } },
{ "type": "Feature", "properties": { "Longitude": -100.32566285183208, "Latitude": 30.0 }, "geometry": { "type": "Point", "coordinates": [ -100.325662851832078, 30.0 ] } },
{ "type": "Feature", "properties": { "Longitude": -105.52181527453868, "Latitude": 30.0 }, "geometry": { "type": "Point", "coordinates": [ -105.521815274538682, 30.0 ] } },
{ "type": "Feature", "properties": { "Longitude": -100.83413047855387, "Latitude": 31.5 }, "geometry": { "type": "Point", "coordinates": [ -100.834130478553874, 31.5 ] } },
{ "type": "Feature", "properties": { "Longitude": -104.35261356839592, "Latitude": 31.5 }, "geometry": { "type": "Point", "coordinates": [ -104.352613568395924, 31.5 ] } },
{ "type": "Feature", "properties": { "Longitude": -99.074888933632849, "Latitude": 31.5 }, "geometry": { "type": "Point", "coordinates": [ -99.074888933632849, 31.5 ] } },
{ "type": "Feature", "properties": { "Longitude": -102.5933720234749, "Latitude": 31.5 }, "geometry": { "type": "Point", "coordinates": [ -102.593372023474899, 31.5 ] } },
{ "type": "Feature", "properties": { "Longitude": -97.315647388711824, "Latitude": 31.5 }, "geometry": { "type": "Point", "coordinates": [ -97.315647388711824, 31.5 ] } },
{ "type": "Feature", "properties": { "Longitude": -103.09256761208187, "Latitude": 33.0 }, "geometry": { "type": "Point", "coordinates": [ -103.092567612081865, 33.0 ] } },
{ "type": "Feature", "properties": { "Longitude": -114.90806283792207, "Latitude": 31.5 }, "geometry": { "type": "Point", "coordinates": [ -114.908062837922074, 31.5 ] } },
{ "type": "Feature", "properties": { "Longitude": -107.25386608210755, "Latitude": 30.0 }, "geometry": { "type": "Point", "coordinates": [ -107.25386608210755, 30.0 ] } },
{ "type": "Feature", "properties": { "Longitude": -107.87109665823797, "Latitude": 31.5 }, "geometry": { "type": "Point", "coordinates": [ -107.871096658237974, 31.5 ] } },
{ "type": "Feature", "properties": { "Longitude": -106.11185511331695, "Latitude": 31.5 }, "geometry": { "type": "Point", "coordinates": [ -106.111855113316949, 31.5 ] } },
{ "type": "Feature", "properties": { "Longitude": -113.14882129300105, "Latitude": 31.5 }, "geometry": { "type": "Point", "coordinates": [ -113.148821293001049, 31.5 ] } },
{ "type": "Feature", "properties": { "Longitude": -109.630338203159, "Latitude": 31.5 }, "geometry": { "type": "Point", "coordinates": [ -109.630338203158999, 31.5 ] } },
{ "type": "Feature", "properties": { "Longitude": -111.38957974808002, "Latitude": 31.5 }, "geometry": { "type": "Point", "coordinates": [ -111.389579748080024, 31.5 ] } },
{ "type": "Feature", "properties": { "Longitude": -108.4582024298436, "Latitude": 33.0 }, "geometry": { "type": "Point", "coordinates": [ -108.458202429843595, 33.0 ] } },
{ "type": "Feature", "properties": { "Longitude": -110.24674736909751, "Latitude": 33.0 }, "geometry": { "type": "Point", "coordinates": [ -110.246747369097505, 33.0 ] } },
{ "type": "Feature", "properties": { "Longitude": -112.03529230835142, "Latitude": 33.0 }, "geometry": { "type": "Point", "coordinates": [ -112.035292308351416, 33.0 ] } },
{ "type": "Feature", "properties": { "Longitude": -106.66965749058969, "Latitude": 33.0 }, "geometry": { "type": "Point", "coordinates": [ -106.669657490589685, 33.0 ] } },
{ "type": "Feature", "properties": { "Longitude": -113.82383724760533, "Latitude": 33.0 }, "geometry": { "type": "Point", "coordinates": [ -113.823837247605326, 33.0 ] } },
{ "type": "Feature", "properties": { "Longitude": -109.01572500952179, "Latitude": 34.5 }, "geometry": { "type": "Point", "coordinates": [ -109.015725009521788, 34.5 ] } },
{ "type": "Feature", "properties": { "Longitude": -112.65594423980272, "Latitude": 34.5 }, "geometry": { "type": "Point", "coordinates": [ -112.655944239802722, 34.5 ] } },
{ "type": "Feature", "properties": { "Longitude": -110.83583462466225, "Latitude": 34.5 }, "geometry": { "type": "Point", "coordinates": [ -110.835834624662255, 34.5 ] } },
{ "type": "Feature", "properties": { "Longitude": -107.19561539438132, "Latitude": 34.5 }, "geometry": { "type": "Point", "coordinates": [ -107.195615394381321, 34.5 ] } },
{ "type": "Feature", "properties": { "Longitude": -113.25232921501129, "Latitude": 36.0 }, "geometry": { "type": "Point", "coordinates": [ -113.252329215011287, 36.0 ] } },
{ "type": "Feature", "properties": { "Longitude": -111.3982272487616, "Latitude": 36.0 }, "geometry": { "type": "Point", "coordinates": [ -111.3982272487616, 36.0 ] } },
{ "type": "Feature", "properties": { "Longitude": -107.69002331626223, "Latitude": 36.0 }, "geometry": { "type": "Point", "coordinates": [ -107.690023316262227, 36.0 ] } },
{ "type": "Feature", "properties": { "Longitude": -105.83592135001254, "Latitude": 36.0 }, "geometry": { "type": "Point", "coordinates": [ -105.835921350012541, 36.0 ] } },
{ "type": "Feature", "properties": { "Longitude": -109.54412528251191, "Latitude": 36.0 }, "geometry": { "type": "Point", "coordinates": [ -109.544125282511914, 36.0 ] } },
{ "type": "Feature", "properties": { "Longitude": -115.61238218685924, "Latitude": 33.0 }, "geometry": { "type": "Point", "coordinates": [ -115.612382186859236, 33.0 ] } },
{ "type": "Feature", "properties": { "Longitude": -114.47605385494319, "Latitude": 34.5 }, "geometry": { "type": "Point", "coordinates": [ -114.476053854943189, 34.5 ] } },
{ "type": "Feature", "properties": { "Longitude": -118.11627308522412, "Latitude": 34.5 }, "geometry": { "type": "Point", "coordinates": [ -118.116273085224122, 34.5 ] } },
{ "type": "Feature", "properties": { "Longitude": -116.29616347008366, "Latitude": 34.5 }, "geometry": { "type": "Point", "coordinates": [ -116.296163470083656, 34.5 ] } },
{ "type": "Feature", "properties": { "Longitude": -119.93638270036459, "Latitude": 34.5 }, "geometry": { "type": "Point", "coordinates": [ -119.936382700364589, 34.5 ] } },
{ "type": "Feature", "properties": { "Longitude": -115.10643118126097, "Latitude": 36.0 }, "geometry": { "type": "Point", "coordinates": [ -115.106431181260973, 36.0 ] } },
{ "type": "Feature", "properties": { "Longitude": -97.726932794320135, "Latitude": 33.0 }, "geometry": { "type": "Point", "coordinates": [ -97.726932794320135, 33.0 ] } },
{ "type": "Feature", "properties": { "Longitude": -99.515477733574045, "Latitude": 33.0 }, "geometry": { "type": "Point", "coordinates": [ -99.515477733574045, 33.0 ] } },
{ "type": "Feature", "properties": { "Longitude": -101.30402267282795, "Latitude": 33.0 }, "geometry": { "type": "Point", "coordinates": [ -101.304022672827955, 33.0 ] } },
{ "type": "Feature", "properties": { "Longitude": -104.88111255133578, "Latitude": 33.0 }, "geometry": { "type": "Point", "coordinates": [ -104.881112551335775, 33.0 ] } },
{ "type": "Feature", "properties": { "Longitude": -101.73528654895992, "Latitude": 34.5 }, "geometry": { "type": "Point", "coordinates": [ -101.73528654895992, 34.5 ] } },
{ "type": "Feature", "properties": { "Longitude": -105.37550577924085, "Latitude": 34.5 }, "geometry": { "type": "Point", "coordinates": [ -105.375505779240854, 34.5 ] } },
{ "type": "Feature", "properties": { "Longitude": -98.095067318678986, "Latitude": 34.5 }, "geometry": { "type": "Point", "coordinates": [ -98.095067318678986, 34.5 ] } },
{ "type": "Feature", "properties": { "Longitude": -99.915176933819453, "Latitude": 34.5 }, "geometry": { "type": "Point", "coordinates": [ -99.915176933819453, 34.5 ] } },
{ "type": "Feature", "properties": { "Longitude": -103.55539616410039, "Latitude": 34.5 }, "geometry": { "type": "Point", "coordinates": [ -103.555396164100387, 34.5 ] } },
{ "type": "Feature", "properties": { "Longitude": -103.98181938376285, "Latitude": 36.0 }, "geometry": { "type": "Point", "coordinates": [ -103.981819383762854, 36.0 ] } },
{ "type": "Feature", "properties": { "Longitude": -118.81463511376035, "Latitude": 36.0 }, "geometry": { "type": "Point", "coordinates": [ -118.814635113760346, 36.0 ] } },
{ "type": "Feature", "properties": { "Longitude": -116.96053314751066, "Latitude": 36.0 }, "geometry": { "type": "Point", "coordinates": [ -116.96053314751066, 36.0 ] } },
{ "type": "Feature", "properties": { "Longitude": -120.66873708001003, "Latitude": 36.0 }, "geometry": { "type": "Point", "coordinates": [ -120.668737080010033, 36.0 ] } },
{ "type": "Feature", "properties": { "Longitude": -119.49732412750745, "Latitude": 37.5 }, "geometry": { "type": "Point", "coordinates": [ -119.497324127507454, 37.5 ] } },
{ "type": "Feature", "properties": { "Longitude": -121.38803274852285, "Latitude": 37.5 }, "geometry": { "type": "Point", "coordinates": [ -121.388032748522846, 37.5 ] } },
{ "type": "Feature", "properties": { "Longitude": -115.71590688547667, "Latitude": 37.5 }, "geometry": { "type": "Point", "coordinates": [ -115.71590688547667, 37.5 ] } },
{ "type": "Feature", "properties": { "Longitude": -117.60661550649206, "Latitude": 37.5 }, "geometry": { "type": "Point", "coordinates": [ -117.606615506492062, 37.5 ] } },
{ "type": "Feature", "properties": { "Longitude": -116.30540148828794, "Latitude": 39.0 }, "geometry": { "type": "Point", "coordinates": [ -116.305401488287941, 39.0 ] } },
{ "type": "Feature", "properties": { "Longitude": -114.37526213944818, "Latitude": 39.0 }, "geometry": { "type": "Point", "coordinates": [ -114.375262139448182, 39.0 ] } },
{ "type": "Feature", "properties": { "Longitude": -118.2355408371277, "Latitude": 39.0 }, "geometry": { "type": "Point", "coordinates": [ -118.235540837127701, 39.0 ] } },
{ "type": "Feature", "properties": { "Longitude": -102.12771741751317, "Latitude": 36.0 }, "geometry": { "type": "Point", "coordinates": [ -102.127717417513168, 36.0 ] } },
{ "type": "Feature", "properties": { "Longitude": -98.419513485013795, "Latitude": 36.0 }, "geometry": { "type": "Point", "coordinates": [ -98.419513485013795, 36.0 ] } },
{ "type": "Feature", "properties": { "Longitude": -100.27361545126348, "Latitude": 36.0 }, "geometry": { "type": "Point", "coordinates": [ -100.273615451263481, 36.0 ] } },
{ "type": "Feature", "properties": { "Longitude": -100.59023791735353, "Latitude": 37.5 }, "geometry": { "type": "Point", "coordinates": [ -100.590237917353534, 37.5 ] } },
{ "type": "Feature", "properties": { "Longitude": -102.48094653836893, "Latitude": 37.5 }, "geometry": { "type": "Point", "coordinates": [ -102.480946538368926, 37.5 ] } },
{ "type": "Feature", "properties": { "Longitude": -98.699529296338142, "Latitude": 37.5 }, "geometry": { "type": "Point", "coordinates": [ -98.699529296338142, 37.5 ] } },
{ "type": "Feature", "properties": { "Longitude": -104.37165515938432, "Latitude": 37.5 }, "geometry": { "type": "Point", "coordinates": [ -104.371655159384318, 37.5 ] } },
{ "type": "Feature", "properties": { "Longitude": -104.72456539524939, "Latitude": 39.0 }, "geometry": { "type": "Point", "coordinates": [ -104.724565395249385, 39.0 ] } },
{ "type": "Feature", "properties": { "Longitude": -100.86428669756987, "Latitude": 39.0 }, "geometry": { "type": "Point", "coordinates": [ -100.864286697569867, 39.0 ] } },
{ "type": "Feature", "properties": { "Longitude": -102.79442604640963, "Latitude": 39.0 }, "geometry": { "type": "Point", "coordinates": [ -102.794426046409626, 39.0 ] } },
{ "type": "Feature", "properties": { "Longitude": -78.024391856267243, "Latitude": 36.0 }, "geometry": { "type": "Point", "coordinates": [ -78.024391856267243, 36.0 ] } },
{ "type": "Feature", "properties": { "Longitude": -79.87849382251693, "Latitude": 36.0 }, "geometry": { "type": "Point", "coordinates": [ -79.87849382251693, 36.0 ] } },
{ "type": "Feature", "properties": { "Longitude": -77.901734465168829, "Latitude": 37.5 }, "geometry": { "type": "Point", "coordinates": [ -77.901734465168829, 37.5 ] } },
{ "type": "Feature", "properties": { "Longitude": -79.792443086184221, "Latitude": 37.5 }, "geometry": { "type": "Point", "coordinates": [ -79.792443086184221, 37.5 ] } },
{ "type": "Feature", "properties": { "Longitude": -77.702614511492754, "Latitude": 39.0 }, "geometry": { "type": "Point", "coordinates": [ -77.702614511492754, 39.0 ] } },
{ "type": "Feature", "properties": { "Longitude": -75.772475162652995, "Latitude": 39.0 }, "geometry": { "type": "Point", "coordinates": [ -75.772475162652995, 39.0 ] } },
{ "type": "Feature", "properties": { "Longitude": -91.665408813987739, "Latitude": 30.0 }, "geometry": { "type": "Point", "coordinates": [ -91.665408813987739, 30.0 ] } },
{ "type": "Feature", "properties": { "Longitude": -93.397459621556607, "Latitude": 30.0 }, "geometry": { "type": "Point", "coordinates": [ -93.397459621556607, 30.0 ] } },
{ "type": "Feature", "properties": { "Longitude": -89.933358006418871, "Latitude": 30.0 }, "geometry": { "type": "Point", "coordinates": [ -89.933358006418871, 30.0 ] } },
{ "type": "Feature", "properties": { "Longitude": -93.797164298869774, "Latitude": 31.5 }, "geometry": { "type": "Point", "coordinates": [ -93.797164298869774, 31.5 ] } },
{ "type": "Feature", "properties": { "Longitude": -95.556405843790799, "Latitude": 31.5 }, "geometry": { "type": "Point", "coordinates": [ -95.556405843790799, 31.5 ] } },
{ "type": "Feature", "properties": { "Longitude": -90.278681209027724, "Latitude": 31.5 }, "geometry": { "type": "Point", "coordinates": [ -90.278681209027724, 31.5 ] } },
{ "type": "Feature", "properties": { "Longitude": -92.037922753948749, "Latitude": 31.5 }, "geometry": { "type": "Point", "coordinates": [ -92.037922753948749, 31.5 ] } },
{ "type": "Feature", "properties": { "Longitude": -90.572753037304494, "Latitude": 33.0 }, "geometry": { "type": "Point", "coordinates": [ -90.572753037304494, 33.0 ] } },
{ "type": "Feature", "properties": { "Longitude": -92.361297976558404, "Latitude": 33.0 }, "geometry": { "type": "Point", "coordinates": [ -92.361297976558404, 33.0 ] } },
{ "type": "Feature", "properties": { "Longitude": -94.149842915812314, "Latitude": 33.0 }, "geometry": { "type": "Point", "coordinates": [ -94.149842915812314, 33.0 ] } },
{ "type": "Feature", "properties": { "Longitude": -95.938387855066225, "Latitude": 33.0 }, "geometry": { "type": "Point", "coordinates": [ -95.938387855066225, 33.0 ] } },
{ "type": "Feature", "properties": { "Longitude": -94.454848088398052, "Latitude": 34.5 }, "geometry": { "type": "Point", "coordinates": [ -94.454848088398052, 34.5 ] } },
{ "type": "Feature", "properties": { "Longitude": -88.994519242976651, "Latitude": 34.5 }, "geometry": { "type": "Point", "coordinates": [ -88.994519242976651, 34.5 ] } },
{ "type": "Feature", "properties": { "Longitude": -92.634738473257585, "Latitude": 34.5 }, "geometry": { "type": "Point", "coordinates": [ -92.634738473257585, 34.5 ] } },
{ "type": "Feature", "properties": { "Longitude": -96.274957703538519, "Latitude": 34.5 }, "geometry": { "type": "Point", "coordinates": [ -96.274957703538519, 34.5 ] } },
{ "type": "Feature", "properties": { "Longitude": -90.814628858117118, "Latitude": 34.5 }, "geometry": { "type": "Point", "coordinates": [ -90.814628858117118, 34.5 ] } },
{ "type": "Feature", "properties": { "Longitude": -92.857207586264735, "Latitude": 36.0 }, "geometry": { "type": "Point", "coordinates": [ -92.857207586264735, 36.0 ] } },
{ "type": "Feature", "properties": { "Longitude": -96.565411518764108, "Latitude": 36.0 }, "geometry": { "type": "Point", "coordinates": [ -96.565411518764108, 36.0 ] } },
{ "type": "Feature", "properties": { "Longitude": -89.149003653765362, "Latitude": 36.0 }, "geometry": { "type": "Point", "coordinates": [ -89.149003653765362, 36.0 ] } },
{ "type": "Feature", "properties": { "Longitude": -91.003105620015049, "Latitude": 36.0 }, "geometry": { "type": "Point", "coordinates": [ -91.003105620015049, 36.0 ] } },
{ "type": "Feature", "properties": { "Longitude": -79.841483401781034, "Latitude": 33.0 }, "geometry": { "type": "Point", "coordinates": [ -79.841483401781034, 33.0 ] } },
{ "type": "Feature", "properties": { "Longitude": -78.073861552133849, "Latitude": 34.5 }, "geometry": { "type": "Point", "coordinates": [ -78.073861552133849, 34.5 ] } },
{ "type": "Feature", "properties": { "Longitude": -79.893971167274316, "Latitude": 34.5 }, "geometry": { "type": "Point", "coordinates": [ -79.893971167274316, 34.5 ] } },
{ "type": "Feature", "properties": { "Longitude": -76.170289890017557, "Latitude": 36.0 }, "geometry": { "type": "Point", "coordinates": [ -76.170289890017557, 36.0 ] } },
{ "type": "Feature", "properties": { "Longitude": -83.418573280288854, "Latitude": 33.0 }, "geometry": { "type": "Point", "coordinates": [ -83.418573280288854, 33.0 ] } },
{ "type": "Feature", "properties": { "Longitude": -86.995663158796674, "Latitude": 33.0 }, "geometry": { "type": "Point", "coordinates": [ -86.995663158796674, 33.0 ] } },
{ "type": "Feature", "properties": { "Longitude": -81.630028341034944, "Latitude": 33.0 }, "geometry": { "type": "Point", "coordinates": [ -81.630028341034944, 33.0 ] } },
{ "type": "Feature", "properties": { "Longitude": -88.784208098050584, "Latitude": 33.0 }, "geometry": { "type": "Point", "coordinates": [ -88.784208098050584, 33.0 ] } },
{ "type": "Feature", "properties": { "Longitude": -85.207118219542764, "Latitude": 33.0 }, "geometry": { "type": "Point", "coordinates": [ -85.207118219542764, 33.0 ] } },
{ "type": "Feature", "properties": { "Longitude": -81.714080782414783, "Latitude": 34.5 }, "geometry": { "type": "Point", "coordinates": [ -81.714080782414783, 34.5 ] } },
{ "type": "Feature", "properties": { "Longitude": -87.174409627836184, "Latitude": 34.5 }, "geometry": { "type": "Point", "coordinates": [ -87.174409627836184, 34.5 ] } },
{ "type": "Feature", "properties": { "Longitude": -85.354300012695717, "Latitude": 34.5 }, "geometry": { "type": "Point", "coordinates": [ -85.354300012695717, 34.5 ] } },
{ "type": "Feature", "properties": { "Longitude": -83.53419039755525, "Latitude": 34.5 }, "geometry": { "type": "Point", "coordinates": [ -83.53419039755525, 34.5 ] } },
{ "type": "Feature", "properties": { "Longitude": -83.586697755016303, "Latitude": 36.0 }, "geometry": { "type": "Point", "coordinates": [ -83.586697755016303, 36.0 ] } },
{ "type": "Feature", "properties": { "Longitude": -87.294901687515676, "Latitude": 36.0 }, "geometry": { "type": "Point", "coordinates": [ -87.294901687515676, 36.0 ] } },
{ "type": "Feature", "properties": { "Longitude": -85.440799721265989, "Latitude": 36.0 }, "geometry": { "type": "Point", "coordinates": [ -85.440799721265989, 36.0 ] } },
{ "type": "Feature", "properties": { "Longitude": -81.732595788766616, "Latitude": 36.0 }, "geometry": { "type": "Point", "coordinates": [ -81.732595788766616, 36.0 ] } },
{ "type": "Feature", "properties": { "Longitude": -85.464568949230397, "Latitude": 37.5 }, "geometry": { "type": "Point", "coordinates": [ -85.464568949230397, 37.5 ] } },
{ "type": "Feature", "properties": { "Longitude": -87.355277570245789, "Latitude": 37.5 }, "geometry": { "type": "Point", "coordinates": [ -87.355277570245789, 37.5 ] } },
{ "type": "Feature", "properties": { "Longitude": -81.683151707199613, "Latitude": 37.5 }, "geometry": { "type": "Point", "coordinates": [ -81.683151707199613, 37.5 ] } },
{ "type": "Feature", "properties": { "Longitude": -83.573860328215005, "Latitude": 37.5 }, "geometry": { "type": "Point", "coordinates": [ -83.573860328215005, 37.5 ] } },
{ "type": "Feature", "properties": { "Longitude": -85.423171906851792, "Latitude": 39.0 }, "geometry": { "type": "Point", "coordinates": [ -85.423171906851792, 39.0 ] } },
{ "type": "Feature", "properties": { "Longitude": -87.353311255691551, "Latitude": 39.0 }, "geometry": { "type": "Point", "coordinates": [ -87.353311255691551, 39.0 ] } },
{ "type": "Feature", "properties": { "Longitude": -81.562893209172273, "Latitude": 39.0 }, "geometry": { "type": "Point", "coordinates": [ -81.562893209172273, 39.0 ] } },
{ "type": "Feature", "properties": { "Longitude": -94.711309552514422, "Latitude": 36.0 }, "geometry": { "type": "Point", "coordinates": [ -94.711309552514422, 36.0 ] } },
{ "type": "Feature", "properties": { "Longitude": -94.918112054307358, "Latitude": 37.5 }, "geometry": { "type": "Point", "coordinates": [ -94.918112054307358, 37.5 ] } },
{ "type": "Feature", "properties": { "Longitude": -89.245986191261181, "Latitude": 37.5 }, "geometry": { "type": "Point", "coordinates": [ -89.245986191261181, 37.5 ] } },
{ "type": "Feature", "properties": { "Longitude": -93.027403433291965, "Latitude": 37.5 }, "geometry": { "type": "Point", "coordinates": [ -93.027403433291965, 37.5 ] } },
{ "type": "Feature", "properties": { "Longitude": -91.136694812276573, "Latitude": 37.5 }, "geometry": { "type": "Point", "coordinates": [ -91.136694812276573, 37.5 ] } },
{ "type": "Feature", "properties": { "Longitude": -96.80882067532275, "Latitude": 37.5 }, "geometry": { "type": "Point", "coordinates": [ -96.80882067532275, 37.5 ] } },
{ "type": "Feature", "properties": { "Longitude": -89.283450604531311, "Latitude": 39.0 }, "geometry": { "type": "Point", "coordinates": [ -89.283450604531311, 39.0 ] } },
{ "type": "Feature", "properties": { "Longitude": -95.073868651050589, "Latitude": 39.0 }, "geometry": { "type": "Point", "coordinates": [ -95.073868651050589, 39.0 ] } },
{ "type": "Feature", "properties": { "Longitude": -91.21358995337107, "Latitude": 39.0 }, "geometry": { "type": "Point", "coordinates": [ -91.21358995337107, 39.0 ] } },
{ "type": "Feature", "properties": { "Longitude": -93.143729302210829, "Latitude": 39.0 }, "geometry": { "type": "Point", "coordinates": [ -93.143729302210829, 39.0 ] } },
{ "type": "Feature", "properties": { "Longitude": -97.004007999890348, "Latitude": 39.0 }, "geometry": { "type": "Point", "coordinates": [ -97.004007999890348, 39.0 ] } },
{ "type": "Feature", "properties": { "Longitude": -95.176888507044026, "Latitude": 40.5 }, "geometry": { "type": "Point", "coordinates": [ -95.176888507044026, 40.5 ] } },
{ "type": "Feature", "properties": { "Longitude": -91.231627507371655, "Latitude": 40.5 }, "geometry": { "type": "Point", "coordinates": [ -91.231627507371655, 40.5 ] } },
{ "type": "Feature", "properties": { "Longitude": -89.25899700753547, "Latitude": 40.5 }, "geometry": { "type": "Point", "coordinates": [ -89.25899700753547, 40.5 ] } },
{ "type": "Feature", "properties": { "Longitude": -93.204258007207841, "Latitude": 40.5 }, "geometry": { "type": "Point", "coordinates": [ -93.204258007207841, 40.5 ] } },
{ "type": "Feature", "properties": { "Longitude": -97.149519006880212, "Latitude": 40.5 }, "geometry": { "type": "Point", "coordinates": [ -97.149519006880212, 40.5 ] } },
{ "type": "Feature", "properties": { "Longitude": -95.22513803479842, "Latitude": 42.0 }, "geometry": { "type": "Point", "coordinates": [ -95.22513803479842, 42.0 ] } },
{ "type": "Feature", "properties": { "Longitude": -89.169790751569735, "Latitude": 42.0 }, "geometry": { "type": "Point", "coordinates": [ -89.169790751569735, 42.0 ] } },
{ "type": "Feature", "properties": { "Longitude": -93.206688940388858, "Latitude": 42.0 }, "geometry": { "type": "Point", "coordinates": [ -93.206688940388858, 42.0 ] } },
{ "type": "Feature", "properties": { "Longitude": -91.188239845979297, "Latitude": 42.0 }, "geometry": { "type": "Point", "coordinates": [ -91.188239845979297, 42.0 ] } },
{ "type": "Feature", "properties": { "Longitude": -79.632753860332514, "Latitude": 39.0 }, "geometry": { "type": "Point", "coordinates": [ -79.632753860332514, 39.0 ] } },
{ "type": "Feature", "properties": { "Longitude": -77.423214008518357, "Latitude": 40.5 }, "geometry": { "type": "Point", "coordinates": [ -77.423214008518357, 40.5 ] } },
{ "type": "Feature", "properties": { "Longitude": -75.450583508682172, "Latitude": 40.5 }, "geometry": { "type": "Point", "coordinates": [ -75.450583508682172, 40.5 ] } },
{ "type": "Feature", "properties": { "Longitude": -79.395844508354543, "Latitude": 40.5 }, "geometry": { "type": "Point", "coordinates": [ -79.395844508354543, 40.5 ] } },
{ "type": "Feature", "properties": { "Longitude": -75.040647090702805, "Latitude": 42.0 }, "geometry": { "type": "Point", "coordinates": [ -75.040647090702805, 42.0 ] } },
{ "type": "Feature", "properties": { "Longitude": -79.077545279521928, "Latitude": 42.0 }, "geometry": { "type": "Point", "coordinates": [ -79.077545279521928, 42.0 ] } },
{ "type": "Feature", "properties": { "Longitude": -77.059096185112367, "Latitude": 42.0 }, "geometry": { "type": "Point", "coordinates": [ -77.059096185112367, 42.0 ] } },
{ "type": "Feature", "properties": { "Longitude": -73.022197996293244, "Latitude": 42.0 }, "geometry": { "type": "Point", "coordinates": [ -73.022197996293244, 42.0 ] } },
{ "type": "Feature", "properties": { "Longitude": -98.934147348730107, "Latitude": 39.0 }, "geometry": { "type": "Point", "coordinates": [ -98.934147348730107, 39.0 ] } },
{ "type": "Feature", "properties": { "Longitude": -99.122149506716397, "Latitude": 40.5 }, "geometry": { "type": "Point", "coordinates": [ -99.122149506716397, 40.5 ] } },
{ "type": "Feature", "properties": { "Longitude": -101.09478000655258, "Latitude": 40.5 }, "geometry": { "type": "Point", "coordinates": [ -101.094780006552583, 40.5 ] } },
{ "type": "Feature", "properties": { "Longitude": -105.04004100622495, "Latitude": 40.5 }, "geometry": { "type": "Point", "coordinates": [ -105.040041006224953, 40.5 ] } },
{ "type": "Feature", "properties": { "Longitude": -103.06741050638877, "Latitude": 40.5 }, "geometry": { "type": "Point", "coordinates": [ -103.067410506388768, 40.5 ] } },
{ "type": "Feature", "properties": { "Longitude": -103.29893441243667, "Latitude": 42.0 }, "geometry": { "type": "Point", "coordinates": [ -103.298934412436665, 42.0 ] } },
{ "type": "Feature", "properties": { "Longitude": -105.31738350684623, "Latitude": 42.0 }, "geometry": { "type": "Point", "coordinates": [ -105.317383506846227, 42.0 ] } },
{ "type": "Feature", "properties": { "Longitude": -99.262036223617542, "Latitude": 42.0 }, "geometry": { "type": "Point", "coordinates": [ -99.262036223617542, 42.0 ] } },
{ "type": "Feature", "properties": { "Longitude": -101.2804853180271, "Latitude": 42.0 }, "geometry": { "type": "Point", "coordinates": [ -101.280485318027104, 42.0 ] } },
{ "type": "Feature", "properties": { "Longitude": -97.243587129207981, "Latitude": 42.0 }, "geometry": { "type": "Point", "coordinates": [ -97.243587129207981, 42.0 ] } },
{ "type": "Feature", "properties": { "Longitude": -83.493032558012032, "Latitude": 39.0 }, "geometry": { "type": "Point", "coordinates": [ -83.493032558012032, 39.0 ] } },
{ "type": "Feature", "properties": { "Longitude": -83.341105508026914, "Latitude": 40.5 }, "geometry": { "type": "Point", "coordinates": [ -83.341105508026914, 40.5 ] } },
{ "type": "Feature", "properties": { "Longitude": -85.313736007863099, "Latitude": 40.5 }, "geometry": { "type": "Point", "coordinates": [ -85.313736007863099, 40.5 ] } },
{ "type": "Feature", "properties": { "Longitude": -87.286366507699285, "Latitude": 40.5 }, "geometry": { "type": "Point", "coordinates": [ -87.286366507699285, 40.5 ] } },
{ "type": "Feature", "properties": { "Longitude": -81.368475008190728, "Latitude": 40.5 }, "geometry": { "type": "Point", "coordinates": [ -81.368475008190728, 40.5 ] } },
{ "type": "Feature", "properties": { "Longitude": -87.151341657160174, "Latitude": 42.0 }, "geometry": { "type": "Point", "coordinates": [ -87.151341657160174, 42.0 ] } },
{ "type": "Feature", "properties": { "Longitude": -81.095994373931489, "Latitude": 42.0 }, "geometry": { "type": "Point", "coordinates": [ -81.095994373931489, 42.0 ] } },
{ "type": "Feature", "properties": { "Longitude": -83.114443468341051, "Latitude": 42.0 }, "geometry": { "type": "Point", "coordinates": [ -83.114443468341051, 42.0 ] } },
{ "type": "Feature", "properties": { "Longitude": -85.132892562750612, "Latitude": 42.0 }, "geometry": { "type": "Point", "coordinates": [ -85.132892562750612, 42.0 ] } },
{ "type": "Feature", "properties": { "Longitude": -82.808807675939676, "Latitude": 43.5 }, "geometry": { "type": "Point", "coordinates": [ -82.808807675939676, 43.5 ] } },
{ "type": "Feature", "properties": { "Longitude": -2.3166039629764725, "Latitude": 31.5 }, "geometry": { "type": "Point", "coordinates": [ -2.316603962976473, 31.5 ] } },
{ "type": "Feature", "properties": { "Longitude": -2.9340510138628986, "Latitude": 33.0 }, "geometry": { "type": "Point", "coordinates": [ -2.934051013862899, 33.0 ] } },
{ "type": "Feature", "properties": { "Longitude": -4.7225959531168087, "Latitude": 33.0 }, "geometry": { "type": "Point", "coordinates": [ -4.722595953116809, 33.0 ] } },
{ "type": "Feature", "properties": { "Longitude": 0.64303886464492166, "Latitude": 33.0 }, "geometry": { "type": "Point", "coordinates": [ 0.643038864644922, 33.0 ] } },
{ "type": "Feature", "properties": { "Longitude": 2.4315838038988318, "Latitude": 33.0 }, "geometry": { "type": "Point", "coordinates": [ 2.431583803898832, 33.0 ] } },
{ "type": "Feature", "properties": { "Longitude": -1.1455060746089885, "Latitude": 33.0 }, "geometry": { "type": "Point", "coordinates": [ -1.145506074608988, 33.0 ] } },
{ "type": "Feature", "properties": { "Longitude": 0.19085189890623155, "Latitude": 34.5 }, "geometry": { "type": "Point", "coordinates": [ 0.190851898906232, 34.5 ] } },
{ "type": "Feature", "properties": { "Longitude": 2.0109615140466985, "Latitude": 34.5 }, "geometry": { "type": "Point", "coordinates": [ 2.010961514046699, 34.5 ] } },
{ "type": "Feature", "properties": { "Longitude": -3.4493673313747024, "Latitude": 34.5 }, "geometry": { "type": "Point", "coordinates": [ -3.449367331374702, 34.5 ] } },
{ "type": "Feature", "properties": { "Longitude": -1.6292577162342354, "Latitude": 34.5 }, "geometry": { "type": "Point", "coordinates": [ -1.629257716234235, 34.5 ] } },
{ "type": "Feature", "properties": { "Longitude": -6.5111408923707188, "Latitude": 33.0 }, "geometry": { "type": "Point", "coordinates": [ -6.511140892370719, 33.0 ] } },
{ "type": "Feature", "properties": { "Longitude": -5.2694769465151694, "Latitude": 34.5 }, "geometry": { "type": "Point", "coordinates": [ -5.269476946515169, 34.5 ] } },
{ "type": "Feature", "properties": { "Longitude": -7.945515487599323, "Latitude": 37.5 }, "geometry": { "type": "Point", "coordinates": [ -7.945515487599323, 37.5 ] } },
{ "type": "Feature", "properties": { "Longitude": -6.054806866583931, "Latitude": 37.5 }, "geometry": { "type": "Point", "coordinates": [ -6.054806866583931, 37.5 ] } },
{ "type": "Feature", "properties": { "Longitude": -8.2175979532614178, "Latitude": 39.0 }, "geometry": { "type": "Point", "coordinates": [ -8.217597953261418, 39.0 ] } },
{ "type": "Feature", "properties": { "Longitude": -6.2874586044216585, "Latitude": 39.0 }, "geometry": { "type": "Point", "coordinates": [ -6.287458604421658, 39.0 ] } },
{ "type": "Feature", "properties": { "Longitude": -8.3811465142518671, "Latitude": 40.5 }, "geometry": { "type": "Point", "coordinates": [ -8.381146514251867, 40.5 ] } },
{ "type": "Feature", "properties": { "Longitude": -2.4271799067421398, "Latitude": 39.0 }, "geometry": { "type": "Point", "coordinates": [ -2.42717990674214, 39.0 ] } },
{ "type": "Feature", "properties": { "Longitude": -4.3573192555818991, "Latitude": 39.0 }, "geometry": { "type": "Point", "coordinates": [ -4.357319255581899, 39.0 ] } },
{ "type": "Feature", "properties": { "Longitude": -0.49704055790238044, "Latitude": 39.0 }, "geometry": { "type": "Point", "coordinates": [ -0.49704055790238, 39.0 ] } },
{ "type": "Feature", "properties": { "Longitude": -2.4632550147433108, "Latitude": 40.5 }, "geometry": { "type": "Point", "coordinates": [ -2.463255014743311, 40.5 ] } },
{ "type": "Feature", "properties": { "Longitude": -4.4358855145794962, "Latitude": 40.5 }, "geometry": { "type": "Point", "coordinates": [ -4.435885514579496, 40.5 ] } },
{ "type": "Feature", "properties": { "Longitude": -0.49062451490712533, "Latitude": 40.5 }, "geometry": { "type": "Point", "coordinates": [ -0.490624514907125, 40.5 ] } },
{ "type": "Feature", "properties": { "Longitude": 8.2388453065496776, "Latitude": 31.5 }, "geometry": { "type": "Point", "coordinates": [ 8.238845306549678, 31.5 ] } },
{ "type": "Feature", "properties": { "Longitude": 4.7203622167076276, "Latitude": 31.5 }, "geometry": { "type": "Point", "coordinates": [ 4.720362216707628, 31.5 ] } },
{ "type": "Feature", "properties": { "Longitude": 11.757328396391728, "Latitude": 31.5 }, "geometry": { "type": "Point", "coordinates": [ 11.757328396391728, 31.5 ] } },
{ "type": "Feature", "properties": { "Longitude": 9.9980868514707026, "Latitude": 31.5 }, "geometry": { "type": "Point", "coordinates": [ 9.998086851470703, 31.5 ] } },
{ "type": "Feature", "properties": { "Longitude": 4.2201287431527419, "Latitude": 33.0 }, "geometry": { "type": "Point", "coordinates": [ 4.220128743152742, 33.0 ] } },
{ "type": "Feature", "properties": { "Longitude": 6.008673682406652, "Latitude": 33.0 }, "geometry": { "type": "Point", "coordinates": [ 6.008673682406652, 33.0 ] } },
{ "type": "Feature", "properties": { "Longitude": 9.5857635609144722, "Latitude": 33.0 }, "geometry": { "type": "Point", "coordinates": [ 9.585763560914472, 33.0 ] } },
{ "type": "Feature", "properties": { "Longitude": 11.374308500168382, "Latitude": 33.0 }, "geometry": { "type": "Point", "coordinates": [ 11.374308500168382, 33.0 ] } },
{ "type": "Feature", "properties": { "Longitude": 7.7972186216605621, "Latitude": 33.0 }, "geometry": { "type": "Point", "coordinates": [ 7.797218621660562, 33.0 ] } },
{ "type": "Feature", "properties": { "Longitude": 5.6511807443276325, "Latitude": 34.5 }, "geometry": { "type": "Point", "coordinates": [ 5.651180744327633, 34.5 ] } },
{ "type": "Feature", "properties": { "Longitude": 7.4712903594680995, "Latitude": 34.5 }, "geometry": { "type": "Point", "coordinates": [ 7.471290359468099, 34.5 ] } },
{ "type": "Feature", "properties": { "Longitude": 9.2913999746085665, "Latitude": 34.5 }, "geometry": { "type": "Point", "coordinates": [ 9.291399974608566, 34.5 ] } },
{ "type": "Feature", "properties": { "Longitude": 3.8310711291871655, "Latitude": 34.5 }, "geometry": { "type": "Point", "coordinates": [ 3.831071129187166, 34.5 ] } },
{ "type": "Feature", "properties": { "Longitude": 7.2642985912183349, "Latitude": 36.0 }, "geometry": { "type": "Point", "coordinates": [ 7.264298591218335, 36.0 ] } },
{ "type": "Feature", "properties": { "Longitude": 5.4101966249686484, "Latitude": 36.0 }, "geometry": { "type": "Point", "coordinates": [ 5.410196624968648, 36.0 ] } },
{ "type": "Feature", "properties": { "Longitude": 9.1184005574680214, "Latitude": 36.0 }, "geometry": { "type": "Point", "coordinates": [ 9.118400557468021, 36.0 ] } },
{ "type": "Feature", "properties": { "Longitude": 12.85227934356999, "Latitude": 37.5 }, "geometry": { "type": "Point", "coordinates": [ 12.85227934356999, 37.5 ] } },
{ "type": "Feature", "properties": { "Longitude": 14.742987964585382, "Latitude": 37.5 }, "geometry": { "type": "Point", "coordinates": [ 14.742987964585382, 37.5 ] } },
{ "type": "Feature", "properties": { "Longitude": 3.5560946587189619, "Latitude": 36.0 }, "geometry": { "type": "Point", "coordinates": [ 3.556094658718962, 36.0 ] } },
{ "type": "Feature", "properties": { "Longitude": 1.7019926924692754, "Latitude": 36.0 }, "geometry": { "type": "Point", "coordinates": [ 1.701992692469275, 36.0 ] } },
{ "type": "Feature", "properties": { "Longitude": -2.2733896245531469, "Latitude": 37.5 }, "geometry": { "type": "Point", "coordinates": [ -2.273389624553147, 37.5 ] } },
{ "type": "Feature", "properties": { "Longitude": -4.1640982455685389, "Latitude": 37.5 }, "geometry": { "type": "Point", "coordinates": [ -4.164098245568539, 37.5 ] } },
{ "type": "Feature", "properties": { "Longitude": 22.30582244864695, "Latitude": 37.5 }, "geometry": { "type": "Point", "coordinates": [ 22.30582244864695, 37.5 ] } },
{ "type": "Feature", "properties": { "Longitude": 27.977948311693126, "Latitude": 37.5 }, "geometry": { "type": "Point", "coordinates": [ 27.977948311693126, 37.5 ] } },
{ "type": "Feature", "properties": { "Longitude": 20.734492279334972, "Latitude": 39.0 }, "geometry": { "type": "Point", "coordinates": [ 20.734492279334972, 39.0 ] } },
{ "type": "Feature", "properties": { "Longitude": 28.45504967469401, "Latitude": 39.0 }, "geometry": { "type": "Point", "coordinates": [ 28.45504967469401, 39.0 ] } },
{ "type": "Feature", "properties": { "Longitude": 22.664631628174732, "Latitude": 39.0 }, "geometry": { "type": "Point", "coordinates": [ 22.664631628174732, 39.0 ] } },
{ "type": "Feature", "properties": { "Longitude": 9.3725279842738018, "Latitude": 40.5 }, "geometry": { "type": "Point", "coordinates": [ 9.372527984273802, 40.5 ] } },
{ "type": "Feature", "properties": { "Longitude": 16.874213581655454, "Latitude": 39.0 }, "geometry": { "type": "Point", "coordinates": [ 16.874213581655454, 39.0 ] } },
{ "type": "Feature", "properties": { "Longitude": 17.263049983618544, "Latitude": 40.5 }, "geometry": { "type": "Point", "coordinates": [ 17.263049983618544, 40.5 ] } },
{ "type": "Feature", "properties": { "Longitude": 15.290419483782358, "Latitude": 40.5 }, "geometry": { "type": "Point", "coordinates": [ 15.290419483782358, 40.5 ] } },
{ "type": "Feature", "properties": { "Longitude": 23.1809414831271, "Latitude": 40.5 }, "geometry": { "type": "Point", "coordinates": [ 23.1809414831271, 40.5 ] } },
{ "type": "Feature", "properties": { "Longitude": 21.208310983290914, "Latitude": 40.5 }, "geometry": { "type": "Point", "coordinates": [ 21.208310983290914, 40.5 ] } },
{ "type": "Feature", "properties": { "Longitude": 23.863358535365705, "Latitude": 42.0 }, "geometry": { "type": "Point", "coordinates": [ 23.863358535365705, 42.0 ] } },
{ "type": "Feature", "properties": { "Longitude": 27.900256724184828, "Latitude": 42.0 }, "geometry": { "type": "Point", "coordinates": [ 27.900256724184828, 42.0 ] } },
{ "type": "Feature", "properties": { "Longitude": 25.881807629775267, "Latitude": 42.0 }, "geometry": { "type": "Point", "coordinates": [ 25.881807629775267, 42.0 ] } },
{ "type": "Feature", "properties": { "Longitude": 21.844909440956144, "Latitude": 42.0 }, "geometry": { "type": "Point", "coordinates": [ 21.844909440956144, 42.0 ] } },
{ "type": "Feature", "properties": { "Longitude": 26.789770902256009, "Latitude": 43.5 }, "geometry": { "type": "Point", "coordinates": [ 26.789770902256009, 43.5 ] } },
{ "type": "Feature", "properties": { "Longitude": 24.721873193233449, "Latitude": 43.5 }, "geometry": { "type": "Point", "coordinates": [ 24.721873193233449, 43.5 ] } },
{ "type": "Feature", "properties": { "Longitude": 11.752663968908337, "Latitude": 42.0 }, "geometry": { "type": "Point", "coordinates": [ 11.752663968908337, 42.0 ] } },
{ "type": "Feature", "properties": { "Longitude": 6.1107938120304084, "Latitude": 43.5 }, "geometry": { "type": "Point", "coordinates": [ 6.110793812030408, 43.5 ] } },
{ "type": "Feature", "properties": { "Longitude": 4.0428961030078483, "Latitude": 43.5 }, "geometry": { "type": "Point", "coordinates": [ 4.042896103007848, 43.5 ] } },
{ "type": "Feature", "properties": { "Longitude": 4.5548698896879216, "Latitude": 45.0 }, "geometry": { "type": "Point", "coordinates": [ 4.554869889687922, 45.0 ] } },
{ "type": "Feature", "properties": { "Longitude": 6.6761902332475529, "Latitude": 45.0 }, "geometry": { "type": "Point", "coordinates": [ 6.676190233247553, 45.0 ] } },
{ "type": "Feature", "properties": { "Longitude": -6.4085160144156816, "Latitude": 40.5 }, "geometry": { "type": "Point", "coordinates": [ -6.408516014415682, 40.5 ] } },
{ "type": "Feature", "properties": { "Longitude": -8.4318269751872776, "Latitude": 42.0 }, "geometry": { "type": "Point", "coordinates": [ -8.431826975187278, 42.0 ] } },
{ "type": "Feature", "properties": { "Longitude": -6.4133778807777162, "Latitude": 42.0 }, "geometry": { "type": "Point", "coordinates": [ -6.413377880777716, 42.0 ] } },
{ "type": "Feature", "properties": { "Longitude": -6.2965924421049522, "Latitude": 43.5 }, "geometry": { "type": "Point", "coordinates": [ -6.296592442104952, 43.5 ] } },
{ "type": "Feature", "properties": { "Longitude": -8.3644901511275123, "Latitude": 43.5 }, "geometry": { "type": "Point", "coordinates": [ -8.364490151127512, 43.5 ] } },
{ "type": "Feature", "properties": { "Longitude": 0.31222920256865905, "Latitude": 45.0 }, "geometry": { "type": "Point", "coordinates": [ 0.312229202568659, 45.0 ] } },
{ "type": "Feature", "properties": { "Longitude": 0.86608907120717049, "Latitude": 46.5 }, "geometry": { "type": "Point", "coordinates": [ 0.86608907120717, 46.5 ] } },
{ "type": "Feature", "properties": { "Longitude": 3.0451985780891846, "Latitude": 46.5 }, "geometry": { "type": "Point", "coordinates": [ 3.045198578089185, 46.5 ] } },
{ "type": "Feature", "properties": { "Longitude": -1.3130204356748436, "Latitude": 46.5 }, "geometry": { "type": "Point", "coordinates": [ -1.313020435674844, 46.5 ] } },
{ "type": "Feature", "properties": { "Longitude": 1.5789008085489797, "Latitude": 48.0 }, "geometry": { "type": "Point", "coordinates": [ 1.57890080854898, 48.0 ] } },
{ "type": "Feature", "properties": { "Longitude": -2.9045288410448222, "Latitude": 48.0 }, "geometry": { "type": "Point", "coordinates": [ -2.904528841044822, 48.0 ] } },
{ "type": "Feature", "properties": { "Longitude": -0.66281401624792124, "Latitude": 48.0 }, "geometry": { "type": "Point", "coordinates": [ -0.662814016247921, 48.0 ] } },
{ "type": "Feature", "properties": { "Longitude": -7.5186386710194597, "Latitude": 52.5 }, "geometry": { "type": "Point", "coordinates": [ -7.51863867101946, 52.5 ] } },
{ "type": "Feature", "properties": { "Longitude": 2.4626316218507043, "Latitude": 49.5 }, "geometry": { "type": "Point", "coordinates": [ 2.462631621850704, 49.5 ] } },
{ "type": "Feature", "properties": { "Longitude": 0.15297805701715106, "Latitude": 49.5 }, "geometry": { "type": "Point", "coordinates": [ 0.152978057017151, 49.5 ] } },
{ "type": "Feature", "properties": { "Longitude": -1.2357304801031432, "Latitude": 51.0 }, "geometry": { "type": "Point", "coordinates": [ -1.235730480103143, 51.0 ] } },
{ "type": "Feature", "properties": { "Longitude": -3.619254073701768, "Latitude": 51.0 }, "geometry": { "type": "Point", "coordinates": [ -3.619254073701768, 51.0 ] } },
{ "type": "Feature", "properties": { "Longitude": 3.5313167070941063, "Latitude": 51.0 }, "geometry": { "type": "Point", "coordinates": [ 3.531316707094106, 51.0 ] } },
{ "type": "Feature", "properties": { "Longitude": -0.12658032834886512, "Latitude": 52.5 }, "geometry": { "type": "Point", "coordinates": [ -0.126580328348865, 52.5 ] } },
{ "type": "Feature", "properties": { "Longitude": -6.4672350961832308, "Latitude": 54.0 }, "geometry": { "type": "Point", "coordinates": [ -6.467235096183231, 54.0 ] } },
{ "type": "Feature", "properties": { "Longitude": -9.0191875212393597, "Latitude": 54.0 }, "geometry": { "type": "Point", "coordinates": [ -9.01918752123936, 54.0 ] } },
{ "type": "Feature", "properties": { "Longitude": -2.59059977590573, "Latitude": 52.5 }, "geometry": { "type": "Point", "coordinates": [ -2.59059977590573, 52.5 ] } },
{ "type": "Feature", "properties": { "Longitude": -1.3633302460709729, "Latitude": 54.0 }, "geometry": { "type": "Point", "coordinates": [ -1.363330246070973, 54.0 ] } },
{ "type": "Feature", "properties": { "Longitude": -2.5655131454055322, "Latitude": 55.5 }, "geometry": { "type": "Point", "coordinates": [ -2.565513145405532, 55.5 ] } },
{ "type": "Feature", "properties": { "Longitude": -3.7364679574402544, "Latitude": 57.0 }, "geometry": { "type": "Point", "coordinates": [ -3.736467957440254, 57.0 ] } },
{ "type": "Feature", "properties": { "Longitude": 13.771113063317898, "Latitude": 42.0 }, "geometry": { "type": "Point", "coordinates": [ 13.771113063317898, 42.0 ] } },
{ "type": "Feature", "properties": { "Longitude": 19.826460346546583, "Latitude": 42.0 }, "geometry": { "type": "Point", "coordinates": [ 19.826460346546583, 42.0 ] } },
{ "type": "Feature", "properties": { "Longitude": 16.450282357143209, "Latitude": 43.5 }, "geometry": { "type": "Point", "coordinates": [ 16.450282357143209, 43.5 ] } },
{ "type": "Feature", "properties": { "Longitude": 18.518180066165769, "Latitude": 43.5 }, "geometry": { "type": "Point", "coordinates": [ 18.518180066165769, 43.5 ] } },
{ "type": "Feature", "properties": { "Longitude": 12.314486939098089, "Latitude": 43.5 }, "geometry": { "type": "Point", "coordinates": [ 12.314486939098089, 43.5 ] } },
{ "type": "Feature", "properties": { "Longitude": 17.282791951045709, "Latitude": 45.0 }, "geometry": { "type": "Point", "coordinates": [ 17.282791951045709, 45.0 ] } },
{ "type": "Feature", "properties": { "Longitude": 19.404112294605341, "Latitude": 45.0 }, "geometry": { "type": "Point", "coordinates": [ 19.404112294605341, 45.0 ] } },
{ "type": "Feature", "properties": { "Longitude": 1.6604184968605296, "Latitude": 42.0 }, "geometry": { "type": "Point", "coordinates": [ 1.66041849686053, 42.0 ] } },
{ "type": "Feature", "properties": { "Longitude": -4.3949287863681548, "Latitude": 42.0 }, "geometry": { "type": "Point", "coordinates": [ -4.394928786368155, 42.0 ] } },
{ "type": "Feature", "properties": { "Longitude": -2.3764796919585933, "Latitude": 42.0 }, "geometry": { "type": "Point", "coordinates": [ -2.376479691958593, 42.0 ] } },
{ "type": "Feature", "properties": { "Longitude": -0.35803059754903188, "Latitude": 42.0 }, "geometry": { "type": "Point", "coordinates": [ -0.358030597549032, 42.0 ] } },
{ "type": "Feature", "properties": { "Longitude": -0.09289931503727189, "Latitude": 43.5 }, "geometry": { "type": "Point", "coordinates": [ -0.092899315037272, 43.5 ] } },
{ "type": "Feature", "properties": { "Longitude": 1.9749983939852882, "Latitude": 43.5 }, "geometry": { "type": "Point", "coordinates": [ 1.974998393985288, 43.5 ] } },
{ "type": "Feature", "properties": { "Longitude": 2.4335495461282903, "Latitude": 45.0 }, "geometry": { "type": "Point", "coordinates": [ 2.43354954612829, 45.0 ] } },
{ "type": "Feature", "properties": { "Longitude": 22.653975484210889, "Latitude": 43.5 }, "geometry": { "type": "Point", "coordinates": [ 22.653975484210889, 43.5 ] } },
{ "type": "Feature", "properties": { "Longitude": 20.586077775188329, "Latitude": 43.5 }, "geometry": { "type": "Point", "coordinates": [ 20.586077775188329, 43.5 ] } },
{ "type": "Feature", "properties": { "Longitude": 25.768073325284234, "Latitude": 45.0 }, "geometry": { "type": "Point", "coordinates": [ 25.768073325284234, 45.0 ] } },
{ "type": "Feature", "properties": { "Longitude": 23.646752981724603, "Latitude": 45.0 }, "geometry": { "type": "Point", "coordinates": [ 23.646752981724603, 45.0 ] } },
{ "type": "Feature", "properties": { "Longitude": 27.889393668843866, "Latitude": 45.0 }, "geometry": { "type": "Point", "coordinates": [ 27.889393668843866, 45.0 ] } },
{ "type": "Feature", "properties": { "Longitude": 21.525432638164972, "Latitude": 45.0 }, "geometry": { "type": "Point", "coordinates": [ 21.525432638164972, 45.0 ] } },
{ "type": "Feature", "properties": { "Longitude": 22.657184140027312, "Latitude": 46.5 }, "geometry": { "type": "Point", "coordinates": [ 22.657184140027312, 46.5 ] } },
{ "type": "Feature", "properties": { "Longitude": 24.836293646909326, "Latitude": 46.5 }, "geometry": { "type": "Point", "coordinates": [ 24.836293646909326, 46.5 ] } },
{ "type": "Feature", "properties": { "Longitude": 27.01540315379134, "Latitude": 46.5 }, "geometry": { "type": "Point", "coordinates": [ 27.01540315379134, 46.5 ] } },
{ "type": "Feature", "properties": { "Longitude": 15.161471607486078, "Latitude": 45.0 }, "geometry": { "type": "Point", "coordinates": [ 15.161471607486078, 45.0 ] } },
{ "type": "Feature", "properties": { "Longitude": 16.119855619381269, "Latitude": 46.5 }, "geometry": { "type": "Point", "coordinates": [ 16.119855619381269, 46.5 ] } },
{ "type": "Feature", "properties": { "Longitude": 13.940746112499255, "Latitude": 46.5 }, "geometry": { "type": "Point", "coordinates": [ 13.940746112499255, 46.5 ] } },
{ "type": "Feature", "properties": { "Longitude": 18.298965126263283, "Latitude": 46.5 }, "geometry": { "type": "Point", "coordinates": [ 18.298965126263283, 46.5 ] } },
{ "type": "Feature", "properties": { "Longitude": 20.478074633145297, "Latitude": 46.5 }, "geometry": { "type": "Point", "coordinates": [ 20.478074633145297, 46.5 ] } },
{ "type": "Feature", "properties": { "Longitude": 17.270904582127287, "Latitude": 48.0 }, "geometry": { "type": "Point", "coordinates": [ 17.270904582127287, 48.0 ] } },
{ "type": "Feature", "properties": { "Longitude": 15.029189757330386, "Latitude": 48.0 }, "geometry": { "type": "Point", "coordinates": [ 15.029189757330386, 48.0 ] } },
{ "type": "Feature", "properties": { "Longitude": 19.512619406924188, "Latitude": 48.0 }, "geometry": { "type": "Point", "coordinates": [ 19.512619406924188, 48.0 ] } },
{ "type": "Feature", "properties": { "Longitude": 12.787474932533485, "Latitude": 48.0 }, "geometry": { "type": "Point", "coordinates": [ 12.787474932533485, 48.0 ] } },
{ "type": "Feature", "properties": { "Longitude": 10.918830920366815, "Latitude": 45.0 }, "geometry": { "type": "Point", "coordinates": [ 10.918830920366815, 45.0 ] } },
{ "type": "Feature", "properties": { "Longitude": 8.7975105768071842, "Latitude": 45.0 }, "geometry": { "type": "Point", "coordinates": [ 8.797510576807184, 45.0 ] } },
{ "type": "Feature", "properties": { "Longitude": 11.761636605617241, "Latitude": 46.5 }, "geometry": { "type": "Point", "coordinates": [ 11.761636605617241, 46.5 ] } },
{ "type": "Feature", "properties": { "Longitude": 5.2243080849711987, "Latitude": 46.5 }, "geometry": { "type": "Point", "coordinates": [ 5.224308084971199, 46.5 ] } },
{ "type": "Feature", "properties": { "Longitude": 7.4034175918532128, "Latitude": 46.5 }, "geometry": { "type": "Point", "coordinates": [ 7.403417591853213, 46.5 ] } },
{ "type": "Feature", "properties": { "Longitude": 9.5825270987352269, "Latitude": 46.5 }, "geometry": { "type": "Point", "coordinates": [ 9.582527098735227, 46.5 ] } },
{ "type": "Feature", "properties": { "Longitude": 10.545760107736584, "Latitude": 48.0 }, "geometry": { "type": "Point", "coordinates": [ 10.545760107736584, 48.0 ] } },
{ "type": "Feature", "properties": { "Longitude": 8.3040452829396827, "Latitude": 48.0 }, "geometry": { "type": "Point", "coordinates": [ 8.304045282939683, 48.0 ] } },
{ "type": "Feature", "properties": { "Longitude": 3.8206156333458807, "Latitude": 48.0 }, "geometry": { "type": "Point", "coordinates": [ 3.820615633345881, 48.0 ] } },
{ "type": "Feature", "properties": { "Longitude": 6.0623304581427817, "Latitude": 48.0 }, "geometry": { "type": "Point", "coordinates": [ 6.062330458142782, 48.0 ] } },
{ "type": "Feature", "properties": { "Longitude": 28.479478706111792, "Latitude": 48.0 }, "geometry": { "type": "Point", "coordinates": [ 28.479478706111792, 48.0 ] } },
{ "type": "Feature", "properties": { "Longitude": 21.754334231721089, "Latitude": 48.0 }, "geometry": { "type": "Point", "coordinates": [ 21.754334231721089, 48.0 ] } },
{ "type": "Feature", "properties": { "Longitude": 26.237763881314891, "Latitude": 48.0 }, "geometry": { "type": "Point", "coordinates": [ 26.237763881314891, 48.0 ] } },
{ "type": "Feature", "properties": { "Longitude": 23.99604905651799, "Latitude": 48.0 }, "geometry": { "type": "Point", "coordinates": [ 23.99604905651799, 48.0 ] } },
{ "type": "Feature", "properties": { "Longitude": 23.249513705352683, "Latitude": 49.5 }, "geometry": { "type": "Point", "coordinates": [ 23.249513705352683, 49.5 ] } },
{ "type": "Feature", "properties": { "Longitude": 27.86882083501979, "Latitude": 49.5 }, "geometry": { "type": "Point", "coordinates": [ 27.86882083501979, 49.5 ] } },
{ "type": "Feature", "properties": { "Longitude": 25.559167270186236, "Latitude": 49.5 }, "geometry": { "type": "Point", "coordinates": [ 25.559167270186236, 49.5 ] } },
{ "type": "Feature", "properties": { "Longitude": 20.93986014051913, "Latitude": 49.5 }, "geometry": { "type": "Point", "coordinates": [ 20.93986014051913, 49.5 ] } },
{ "type": "Feature", "properties": { "Longitude": 22.599505455883104, "Latitude": 51.0 }, "geometry": { "type": "Point", "coordinates": [ 22.599505455883104, 51.0 ] } },
{ "type": "Feature", "properties": { "Longitude": 24.983029049481729, "Latitude": 51.0 }, "geometry": { "type": "Point", "coordinates": [ 24.983029049481729, 51.0 ] } },
{ "type": "Feature", "properties": { "Longitude": 7.0819387515178107, "Latitude": 49.5 }, "geometry": { "type": "Point", "coordinates": [ 7.081938751517811, 49.5 ] } },
{ "type": "Feature", "properties": { "Longitude": 4.7722851866842575, "Latitude": 49.5 }, "geometry": { "type": "Point", "coordinates": [ 4.772285186684257, 49.5 ] } },
{ "type": "Feature", "properties": { "Longitude": 11.701245881184917, "Latitude": 49.5 }, "geometry": { "type": "Point", "coordinates": [ 11.701245881184917, 49.5 ] } },
{ "type": "Feature", "properties": { "Longitude": 9.3915923163513639, "Latitude": 49.5 }, "geometry": { "type": "Point", "coordinates": [ 9.391592316351364, 49.5 ] } },
{ "type": "Feature", "properties": { "Longitude": 8.2983638942913558, "Latitude": 51.0 }, "geometry": { "type": "Point", "coordinates": [ 8.298363894291356, 51.0 ] } },
{ "type": "Feature", "properties": { "Longitude": 10.681887487889981, "Latitude": 51.0 }, "geometry": { "type": "Point", "coordinates": [ 10.681887487889981, 51.0 ] } },
{ "type": "Feature", "properties": { "Longitude": 5.914840300692731, "Latitude": 51.0 }, "geometry": { "type": "Point", "coordinates": [ 5.914840300692731, 51.0 ] } },
{ "type": "Feature", "properties": { "Longitude": 7.2654780143217295, "Latitude": 52.5 }, "geometry": { "type": "Point", "coordinates": [ 7.265478014321729, 52.5 ] } },
{ "type": "Feature", "properties": { "Longitude": 4.8014585667648646, "Latitude": 52.5 }, "geometry": { "type": "Point", "coordinates": [ 4.801458566764865, 52.5 ] } },
{ "type": "Feature", "properties": { "Longitude": 9.7294974618785943, "Latitude": 52.5 }, "geometry": { "type": "Point", "coordinates": [ 9.729497461878594, 52.5 ] } },
{ "type": "Feature", "properties": { "Longitude": 18.630206575685577, "Latitude": 49.5 }, "geometry": { "type": "Point", "coordinates": [ 18.630206575685577, 49.5 ] } },
{ "type": "Feature", "properties": { "Longitude": 16.320553010852024, "Latitude": 49.5 }, "geometry": { "type": "Point", "coordinates": [ 16.320553010852024, 49.5 ] } },
{ "type": "Feature", "properties": { "Longitude": 14.01089944601847, "Latitude": 49.5 }, "geometry": { "type": "Point", "coordinates": [ 14.01089944601847, 49.5 ] } },
{ "type": "Feature", "properties": { "Longitude": 15.44893467508723, "Latitude": 51.0 }, "geometry": { "type": "Point", "coordinates": [ 15.44893467508723, 51.0 ] } },
{ "type": "Feature", "properties": { "Longitude": 13.065411081488605, "Latitude": 51.0 }, "geometry": { "type": "Point", "coordinates": [ 13.065411081488605, 51.0 ] } },
{ "type": "Feature", "properties": { "Longitude": 20.21598186228448, "Latitude": 51.0 }, "geometry": { "type": "Point", "coordinates": [ 20.21598186228448, 51.0 ] } },
{ "type": "Feature", "properties": { "Longitude": 17.832458268685855, "Latitude": 51.0 }, "geometry": { "type": "Point", "coordinates": [ 17.832458268685855, 51.0 ] } },
{ "type": "Feature", "properties": { "Longitude": 19.585575252106054, "Latitude": 52.5 }, "geometry": { "type": "Point", "coordinates": [ 19.585575252106054, 52.5 ] } },
{ "type": "Feature", "properties": { "Longitude": 12.193516909435459, "Latitude": 52.5 }, "geometry": { "type": "Point", "coordinates": [ 12.193516909435459, 52.5 ] } },
{ "type": "Feature", "properties": { "Longitude": 17.121555804549189, "Latitude": 52.5 }, "geometry": { "type": "Point", "coordinates": [ 17.121555804549189, 52.5 ] } },
{ "type": "Feature", "properties": { "Longitude": 27.366552643080354, "Latitude": 51.0 }, "geometry": { "type": "Point", "coordinates": [ 27.366552643080354, 51.0 ] } },
{ "type": "Feature", "properties": { "Longitude": 22.049594699662919, "Latitude": 52.5 }, "geometry": { "type": "Point", "coordinates": [ 22.049594699662919, 52.5 ] } },
{ "type": "Feature", "properties": { "Longitude": 24.513614147219783, "Latitude": 52.5 }, "geometry": { "type": "Point", "coordinates": [ 24.513614147219783, 52.5 ] } },
{ "type": "Feature", "properties": { "Longitude": 26.977633594776648, "Latitude": 52.5 }, "geometry": { "type": "Point", "coordinates": [ 26.977633594776648, 52.5 ] } },
{ "type": "Feature", "properties": { "Longitude": 26.708146429546446, "Latitude": 54.0 }, "geometry": { "type": "Point", "coordinates": [ 26.708146429546446, 54.0 ] } },
{ "type": "Feature", "properties": { "Longitude": 21.604241579434188, "Latitude": 54.0 }, "geometry": { "type": "Point", "coordinates": [ 21.604241579434188, 54.0 ] } },
{ "type": "Feature", "properties": { "Longitude": 24.156194004490317, "Latitude": 54.0 }, "geometry": { "type": "Point", "coordinates": [ 24.156194004490317, 54.0 ] } },
{ "type": "Feature", "properties": { "Longitude": 21.26897016342059, "Latitude": 55.5 }, "geometry": { "type": "Point", "coordinates": [ 21.26897016342059, 55.5 ] } },
{ "type": "Feature", "properties": { "Longitude": 26.565522009826395, "Latitude": 55.5 }, "geometry": { "type": "Point", "coordinates": [ 26.565522009826395, 55.5 ] } },
{ "type": "Feature", "properties": { "Longitude": 23.917246086623493, "Latitude": 55.5 }, "geometry": { "type": "Point", "coordinates": [ 23.917246086623493, 55.5 ] } },
{ "type": "Feature", "properties": { "Longitude": 14.657536356992324, "Latitude": 52.5 }, "geometry": { "type": "Point", "coordinates": [ 14.657536356992324, 52.5 ] } },
{ "type": "Feature", "properties": { "Longitude": 19.052289154378059, "Latitude": 54.0 }, "geometry": { "type": "Point", "coordinates": [ 19.052289154378059, 54.0 ] } },
{ "type": "Feature", "properties": { "Longitude": 16.50033672932193, "Latitude": 54.0 }, "geometry": { "type": "Point", "coordinates": [ 16.50033672932193, 54.0 ] } },
{ "type": "Feature", "properties": { "Longitude": 13.324142393811883, "Latitude": 55.5 }, "geometry": { "type": "Point", "coordinates": [ 13.324142393811883, 55.5 ] } },
{ "type": "Feature", "properties": { "Longitude": 12.788238171549722, "Latitude": 57.0 }, "geometry": { "type": "Point", "coordinates": [ 12.788238171549722, 57.0 ] } },
{ "type": "Feature", "properties": { "Longitude": 15.542355859714718, "Latitude": 57.0 }, "geometry": { "type": "Point", "coordinates": [ 15.542355859714718, 57.0 ] } },
{ "type": "Feature", "properties": { "Longitude": -4.8799017280679777, "Latitude": 58.5 }, "geometry": { "type": "Point", "coordinates": [ -4.879901728067978, 58.5 ] } },
{ "type": "Feature", "properties": { "Longitude": -19.725385683321065, "Latitude": 64.5 }, "geometry": { "type": "Point", "coordinates": [ -19.725385683321065, 64.5 ] } },
{ "type": "Feature", "properties": { "Longitude": -16.241154937306305, "Latitude": 64.5 }, "geometry": { "type": "Point", "coordinates": [ -16.241154937306305, 64.5 ] } },
{ "type": "Feature", "properties": { "Longitude": -21.420729855461502, "Latitude": 66.0 }, "geometry": { "type": "Point", "coordinates": [ -21.420729855461502, 66.0 ] } },
{ "type": "Feature", "properties": { "Longitude": -17.732839852100142, "Latitude": 66.0 }, "geometry": { "type": "Point", "coordinates": [ -17.732839852100142, 66.0 ] } },
{ "type": "Feature", "properties": { "Longitude": -29.316882080231721, "Latitude": 69.0 }, "geometry": { "type": "Point", "coordinates": [ -29.316882080231721, 69.0 ] } },
{ "type": "Feature", "properties": { "Longitude": -27.217040066022605, "Latitude": 70.5 }, "geometry": { "type": "Point", "coordinates": [ -27.217040066022605, 70.5 ] } },
{ "type": "Feature", "properties": { "Longitude": -24.668737080010033, "Latitude": 72.0 }, "geometry": { "type": "Point", "coordinates": [ -24.668737080010033, 72.0 ] } },
{ "type": "Feature", "properties": { "Longitude": -29.522839046259719, "Latitude": 72.0 }, "geometry": { "type": "Point", "coordinates": [ -29.522839046259719, 72.0 ] } },
{ "type": "Feature", "properties": { "Longitude": -26.839261289394841, "Latitude": 73.5 }, "geometry": { "type": "Point", "coordinates": [ -26.839261289394841, 73.5 ] } },
{ "type": "Feature", "properties": { "Longitude": -21.557856506270525, "Latitude": 73.5 }, "geometry": { "type": "Point", "coordinates": [ -21.557856506270525, 73.5 ] } },
{ "type": "Feature", "properties": { "Longitude": 8.844479454153543, "Latitude": 54.0 }, "geometry": { "type": "Point", "coordinates": [ 8.844479454153543, 54.0 ] } },
{ "type": "Feature", "properties": { "Longitude": 11.396431879209672, "Latitude": 54.0 }, "geometry": { "type": "Point", "coordinates": [ 11.396431879209672, 54.0 ] } },
{ "type": "Feature", "properties": { "Longitude": 10.034120483384726, "Latitude": 57.0 }, "geometry": { "type": "Point", "coordinates": [ 10.034120483384726, 57.0 ] } },
{ "type": "Feature", "properties": { "Longitude": 26.558826612374702, "Latitude": 57.0 }, "geometry": { "type": "Point", "coordinates": [ 26.558826612374702, 57.0 ] } },
{ "type": "Feature", "properties": { "Longitude": 23.804708924209706, "Latitude": 57.0 }, "geometry": { "type": "Point", "coordinates": [ 23.804708924209706, 57.0 ] } },
{ "type": "Feature", "properties": { "Longitude": 26.699132386542715, "Latitude": 58.5 }, "geometry": { "type": "Point", "coordinates": [ 26.699132386542715, 58.5 ] } },
{ "type": "Feature", "properties": { "Longitude": 23.828311103396288, "Latitude": 58.5 }, "geometry": { "type": "Point", "coordinates": [ 23.828311103396288, 58.5 ] } },
{ "type": "Feature", "properties": { "Longitude": 24.0, "Latitude": 60.0 }, "geometry": { "type": "Point", "coordinates": [ 24.0, 60.0 ] } },
{ "type": "Feature", "properties": { "Longitude": 27.478114718332677, "Latitude": 61.5 }, "geometry": { "type": "Point", "coordinates": [ 27.478114718332677, 61.5 ] } },
{ "type": "Feature", "properties": { "Longitude": 6.6033834045177286, "Latitude": 58.5 }, "geometry": { "type": "Point", "coordinates": [ 6.603383404517729, 58.5 ] } },
{ "type": "Feature", "properties": { "Longitude": 12.0, "Latitude": 60.0 }, "geometry": { "type": "Point", "coordinates": [ 12.0, 60.0 ] } },
{ "type": "Feature", "properties": { "Longitude": 6.0, "Latitude": 60.0 }, "geometry": { "type": "Point", "coordinates": [ 6.0, 60.0 ] } },
{ "type": "Feature", "properties": { "Longitude": 9.0, "Latitude": 60.0 }, "geometry": { "type": "Point", "coordinates": [ 9.0, 60.0 ] } },
{ "type": "Feature", "properties": { "Longitude": 5.4728601269943624, "Latitude": 61.5 }, "geometry": { "type": "Point", "coordinates": [ 5.472860126994362, 61.5 ] } },
{ "type": "Feature", "properties": { "Longitude": 8.6164679257569787, "Latitude": 61.5 }, "geometry": { "type": "Point", "coordinates": [ 8.616467925756979, 61.5 ] } },
{ "type": "Feature", "properties": { "Longitude": 11.760075724519595, "Latitude": 61.5 }, "geometry": { "type": "Point", "coordinates": [ 11.760075724519595, 61.5 ] } },
{ "type": "Feature", "properties": { "Longitude": 15.215847253957008, "Latitude": 58.5 }, "geometry": { "type": "Point", "coordinates": [ 15.215847253957008, 58.5 ] } },
{ "type": "Feature", "properties": { "Longitude": 12.345025970810582, "Latitude": 58.5 }, "geometry": { "type": "Point", "coordinates": [ 12.345025970810582, 58.5 ] } },
{ "type": "Feature", "properties": { "Longitude": 18.0, "Latitude": 60.0 }, "geometry": { "type": "Point", "coordinates": [ 18.0, 60.0 ] } },
{ "type": "Feature", "properties": { "Longitude": 15.0, "Latitude": 60.0 }, "geometry": { "type": "Point", "coordinates": [ 15.0, 60.0 ] } },
{ "type": "Feature", "properties": { "Longitude": 14.903683523282211, "Latitude": 61.5 }, "geometry": { "type": "Point", "coordinates": [ 14.903683523282211, 61.5 ] } },
{ "type": "Feature", "properties": { "Longitude": 14.937999915796752, "Latitude": 63.0 }, "geometry": { "type": "Point", "coordinates": [ 14.937999915796752, 63.0 ] } },
{ "type": "Feature", "properties": { "Longitude": 18.242033812674663, "Latitude": 63.0 }, "geometry": { "type": "Point", "coordinates": [ 18.242033812674663, 63.0 ] } },
{ "type": "Feature", "properties": { "Longitude": 15.11692177682653, "Latitude": 64.5 }, "geometry": { "type": "Point", "coordinates": [ 15.11692177682653, 64.5 ] } },
{ "type": "Feature", "properties": { "Longitude": 24.33450691957006, "Latitude": 61.5 }, "geometry": { "type": "Point", "coordinates": [ 24.33450691957006, 61.5 ] } },
{ "type": "Feature", "properties": { "Longitude": 21.546067709552574, "Latitude": 63.0 }, "geometry": { "type": "Point", "coordinates": [ 21.546067709552574, 63.0 ] } },
{ "type": "Feature", "properties": { "Longitude": 28.154135503308396, "Latitude": 63.0 }, "geometry": { "type": "Point", "coordinates": [ 28.154135503308396, 63.0 ] } },
{ "type": "Feature", "properties": { "Longitude": 24.850101606430485, "Latitude": 63.0 }, "geometry": { "type": "Point", "coordinates": [ 24.850101606430485, 63.0 ] } },
{ "type": "Feature", "properties": { "Longitude": 25.569614014870808, "Latitude": 64.5 }, "geometry": { "type": "Point", "coordinates": [ 25.569614014870808, 64.5 ] } },
{ "type": "Feature", "properties": { "Longitude": 22.833950184874823, "Latitude": 66.0 }, "geometry": { "type": "Point", "coordinates": [ 22.833950184874823, 66.0 ] } },
{ "type": "Feature", "properties": { "Longitude": 26.521840188236183, "Latitude": 66.0 }, "geometry": { "type": "Point", "coordinates": [ 26.521840188236183, 66.0 ] } },
{ "type": "Feature", "properties": { "Longitude": 23.823822520714884, "Latitude": 67.5 }, "geometry": { "type": "Point", "coordinates": [ 23.823822520714884, 67.5 ] } },
{ "type": "Feature", "properties": { "Longitude": 11.633966018918841, "Latitude": 63.0 }, "geometry": { "type": "Point", "coordinates": [ 11.633966018918841, 63.0 ] } },
{ "type": "Feature", "properties": { "Longitude": 8.3299321220409297, "Latitude": 63.0 }, "geometry": { "type": "Point", "coordinates": [ 8.32993212204093, 63.0 ] } },
{ "type": "Feature", "properties": { "Longitude": 11.63269103081177, "Latitude": 64.5 }, "geometry": { "type": "Point", "coordinates": [ 11.63269103081177, 64.5 ] } },
{ "type": "Feature", "properties": { "Longitude": 18.601152522841289, "Latitude": 64.5 }, "geometry": { "type": "Point", "coordinates": [ 18.601152522841289, 64.5 ] } },
{ "type": "Feature", "properties": { "Longitude": 19.146060181513462, "Latitude": 66.0 }, "geometry": { "type": "Point", "coordinates": [ 19.146060181513462, 66.0 ] } },
{ "type": "Feature", "properties": { "Longitude": 15.458170178152102, "Latitude": 66.0 }, "geometry": { "type": "Point", "coordinates": [ 15.458170178152102, 66.0 ] } },
{ "type": "Feature", "properties": { "Longitude": 19.904133626085752, "Latitude": 67.5 }, "geometry": { "type": "Point", "coordinates": [ 19.904133626085752, 67.5 ] } },
{ "type": "Feature", "properties": { "Longitude": 15.98444473145662, "Latitude": 67.5 }, "geometry": { "type": "Point", "coordinates": [ 15.98444473145662, 67.5 ] } },
{ "type": "Feature", "properties": { "Longitude": 27.743511415344017, "Latitude": 67.5 }, "geometry": { "type": "Point", "coordinates": [ 27.743511415344017, 67.5 ] } },
{ "type": "Feature", "properties": { "Longitude": 20.910823893024372, "Latitude": 69.0 }, "geometry": { "type": "Point", "coordinates": [ 20.910823893024372, 69.0 ] } },
{ "type": "Feature", "properties": { "Longitude": 25.096466057462379, "Latitude": 69.0 }, "geometry": { "type": "Point", "coordinates": [ 25.096466057462379, 69.0 ] } },
{ "type": "Feature", "properties": { "Longitude": 26.706357557734123, "Latitude": 70.5 }, "geometry": { "type": "Point", "coordinates": [ 26.706357557734123, 70.5 ] } },
{ "type": "Feature", "properties": { "Longitude": 14.794240962137224, "Latitude": 78.0 }, "geometry": { "type": "Point", "coordinates": [ 14.794240962137224, 78.0 ] } },
{ "type": "Feature", "properties": { "Longitude": 17.54655357553338, "Latitude": 79.5 }, "geometry": { "type": "Point", "coordinates": [ 17.54655357553338, 79.5 ] } },
{ "type": "Feature", "properties": { "Longitude": -21.278766623443744, "Latitude": 78.0 }, "geometry": { "type": "Point", "coordinates": [ -21.278766623443744, 78.0 ] } },
{ "type": "Feature", "properties": { "Longitude": -16.992442851758796, "Latitude": 81.0 }, "geometry": { "type": "Point", "coordinates": [ -16.992442851758796, 81.0 ] } },
{ "type": "Feature", "properties": { "Longitude": 22.008842479253417, "Latitude": 78.0 }, "geometry": { "type": "Point", "coordinates": [ 22.008842479253417, 78.0 ] } },
{ "type": "Feature", "properties": { "Longitude": -23.520016141171311, "Latitude": 75.0 }, "geometry": { "type": "Point", "coordinates": [ -23.520016141171311, 75.0 ] } },
{ "type": "Feature", "properties": { "Longitude": -29.315571098905707, "Latitude": 75.0 }, "geometry": { "type": "Point", "coordinates": [ -29.315571098905707, 75.0 ] } },
{ "type": "Feature", "properties": { "Longitude": -25.788327489677158, "Latitude": 76.5 }, "geometry": { "type": "Point", "coordinates": [ -25.788327489677158, 76.5 ] } },
{ "type": "Feature", "properties": { "Longitude": -28.493368140559937, "Latitude": 78.0 }, "geometry": { "type": "Point", "coordinates": [ -28.493368140559937, 78.0 ] } },
{ "type": "Feature", "properties": { "Longitude": -23.608978419369407, "Latitude": 79.5 }, "geometry": { "type": "Point", "coordinates": [ -23.608978419369407, 79.5 ] } },
{ "type": "Feature", "properties": { "Longitude": -26.581122684008278, "Latitude": 81.0 }, "geometry": { "type": "Point", "coordinates": [ -26.581122684008278, 81.0 ] } },
{ "type": "Feature", "properties": { "Longitude": -40.906681014374499, "Latitude": 75.0 }, "geometry": { "type": "Point", "coordinates": [ -40.906681014374499, 75.0 ] } },
{ "type": "Feature", "properties": { "Longitude": -45.064786553467513, "Latitude": 76.5 }, "geometry": { "type": "Point", "coordinates": [ -45.064786553467513, 76.5 ] } },
{ "type": "Feature", "properties": { "Longitude": -38.639300198870728, "Latitude": 76.5 }, "geometry": { "type": "Point", "coordinates": [ -38.639300198870728, 76.5 ] } },
{ "type": "Feature", "properties": { "Longitude": -42.922571174792324, "Latitude": 78.0 }, "geometry": { "type": "Point", "coordinates": [ -42.922571174792324, 78.0 ] } },
{ "type": "Feature", "properties": { "Longitude": -40.071191217330522, "Latitude": 79.5 }, "geometry": { "type": "Point", "coordinates": [ -40.071191217330522, 79.5 ] } },
{ "type": "Feature", "properties": { "Longitude": -45.758482348507243, "Latitude": 81.0 }, "geometry": { "type": "Point", "coordinates": [ -45.758482348507243, 81.0 ] } },
{ "type": "Feature", "properties": { "Longitude": -42.096643640273101, "Latitude": 82.5 }, "geometry": { "type": "Point", "coordinates": [ -42.096643640273101, 82.5 ] } },
{ "type": "Feature", "properties": { "Longitude": -35.111126056640103, "Latitude": 75.0 }, "geometry": { "type": "Point", "coordinates": [ -35.111126056640103, 75.0 ] } },
{ "type": "Feature", "properties": { "Longitude": -32.213813844273943, "Latitude": 76.5 }, "geometry": { "type": "Point", "coordinates": [ -32.213813844273943, 76.5 ] } },
{ "type": "Feature", "properties": { "Longitude": -35.707969657676131, "Latitude": 78.0 }, "geometry": { "type": "Point", "coordinates": [ -35.707969657676131, 78.0 ] } },
{ "type": "Feature", "properties": { "Longitude": -31.840084818349965, "Latitude": 79.5 }, "geometry": { "type": "Point", "coordinates": [ -31.840084818349965, 79.5 ] } },
{ "type": "Feature", "properties": { "Longitude": -36.169802516257761, "Latitude": 81.0 }, "geometry": { "type": "Point", "coordinates": [ -36.169802516257761, 81.0 ] } },
{ "type": "Feature", "properties": { "Longitude": -30.604697276962526, "Latitude": 82.5 }, "geometry": { "type": "Point", "coordinates": [ -30.604697276962526, 82.5 ] } },
{ "type": "Feature", "properties": { "Longitude": -106.26236378039971, "Latitude": 37.5 }, "geometry": { "type": "Point", "coordinates": [ -106.26236378039971, 37.5 ] } },
{ "type": "Feature", "properties": { "Longitude": -113.82519826446128, "Latitude": 37.5 }, "geometry": { "type": "Point", "coordinates": [ -113.825198264461278, 37.5 ] } },
{ "type": "Feature", "properties": { "Longitude": -111.93448964344589, "Latitude": 37.5 }, "geometry": { "type": "Point", "coordinates": [ -111.934489643445886, 37.5 ] } },
{ "type": "Feature", "properties": { "Longitude": -110.04378102243049, "Latitude": 37.5 }, "geometry": { "type": "Point", "coordinates": [ -110.043781022430494, 37.5 ] } },
{ "type": "Feature", "properties": { "Longitude": -108.1530724014151, "Latitude": 37.5 }, "geometry": { "type": "Point", "coordinates": [ -108.153072401415102, 37.5 ] } },
{ "type": "Feature", "properties": { "Longitude": -112.44512279060842, "Latitude": 39.0 }, "geometry": { "type": "Point", "coordinates": [ -112.445122790608423, 39.0 ] } },
{ "type": "Feature", "properties": { "Longitude": -106.65470474408914, "Latitude": 39.0 }, "geometry": { "type": "Point", "coordinates": [ -106.654704744089145, 39.0 ] } },
{ "type": "Feature", "properties": { "Longitude": -110.51498344176866, "Latitude": 39.0 }, "geometry": { "type": "Point", "coordinates": [ -110.514983441768663, 39.0 ] } },
{ "type": "Feature", "properties": { "Longitude": -108.5848440929289, "Latitude": 39.0 }, "geometry": { "type": "Point", "coordinates": [ -108.584844092928904, 39.0 ] } },
{ "type": "Feature", "properties": { "Longitude": -110.95793250573351, "Latitude": 40.5 }, "geometry": { "type": "Point", "coordinates": [ -110.95793250573351, 40.5 ] } },
{ "type": "Feature", "properties": { "Longitude": -120.16568018596746, "Latitude": 39.0 }, "geometry": { "type": "Point", "coordinates": [ -120.16568018596746, 39.0 ] } },
{ "type": "Feature", "properties": { "Longitude": -122.09581953480722, "Latitude": 39.0 }, "geometry": { "type": "Point", "coordinates": [ -122.095819534807219, 39.0 ] } },
{ "type": "Feature", "properties": { "Longitude": -114.90319350540588, "Latitude": 40.5 }, "geometry": { "type": "Point", "coordinates": [ -114.903193505405881, 40.5 ] } },
{ "type": "Feature", "properties": { "Longitude": -116.87582400524207, "Latitude": 40.5 }, "geometry": { "type": "Point", "coordinates": [ -116.875824005242066, 40.5 ] } },
{ "type": "Feature", "properties": { "Longitude": -118.84845450507825, "Latitude": 40.5 }, "geometry": { "type": "Point", "coordinates": [ -118.848454505078251, 40.5 ] } },
{ "type": "Feature", "properties": { "Longitude": -120.82108500491444, "Latitude": 40.5 }, "geometry": { "type": "Point", "coordinates": [ -120.821085004914437, 40.5 ] } },
{ "type": "Feature", "properties": { "Longitude": -121.46497626212272, "Latitude": 42.0 }, "geometry": { "type": "Point", "coordinates": [ -121.464976262122718, 42.0 ] } },
{ "type": "Feature", "properties": { "Longitude": -117.4280780733036, "Latitude": 42.0 }, "geometry": { "type": "Point", "coordinates": [ -117.428078073303595, 42.0 ] } },
{ "type": "Feature", "properties": { "Longitude": -115.40962897889403, "Latitude": 42.0 }, "geometry": { "type": "Point", "coordinates": [ -115.409628978894034, 42.0 ] } },
{ "type": "Feature", "properties": { "Longitude": -119.44652716771316, "Latitude": 42.0 }, "geometry": { "type": "Point", "coordinates": [ -119.446527167713157, 42.0 ] } },
{ "type": "Feature", "properties": { "Longitude": -122.79371550475062, "Latitude": 40.5 }, "geometry": { "type": "Point", "coordinates": [ -122.793715504750622, 40.5 ] } },
{ "type": "Feature", "properties": { "Longitude": -123.48342535653228, "Latitude": 42.0 }, "geometry": { "type": "Point", "coordinates": [ -123.48342535653228, 42.0 ] } },
{ "type": "Feature", "properties": { "Longitude": -124.16676185639088, "Latitude": 43.5 }, "geometry": { "type": "Point", "coordinates": [ -124.166761856390877, 43.5 ] } },
{ "type": "Feature", "properties": { "Longitude": -112.9305630055697, "Latitude": 40.5 }, "geometry": { "type": "Point", "coordinates": [ -112.930563005569695, 40.5 ] } },
{ "type": "Feature", "properties": { "Longitude": -107.01267150606114, "Latitude": 40.5 }, "geometry": { "type": "Point", "coordinates": [ -107.012671506061139, 40.5 ] } },
{ "type": "Feature", "properties": { "Longitude": -108.98530200589732, "Latitude": 40.5 }, "geometry": { "type": "Point", "coordinates": [ -108.985302005897324, 40.5 ] } },
{ "type": "Feature", "properties": { "Longitude": -111.37273079007491, "Latitude": 42.0 }, "geometry": { "type": "Point", "coordinates": [ -111.372730790074911, 42.0 ] } },
{ "type": "Feature", "properties": { "Longitude": -109.35428169566535, "Latitude": 42.0 }, "geometry": { "type": "Point", "coordinates": [ -109.35428169566535, 42.0 ] } },
{ "type": "Feature", "properties": { "Longitude": -113.39117988448447, "Latitude": 42.0 }, "geometry": { "type": "Point", "coordinates": [ -113.391179884484472, 42.0 ] } },
{ "type": "Feature", "properties": { "Longitude": -107.33583260125579, "Latitude": 42.0 }, "geometry": { "type": "Point", "coordinates": [ -107.335832601255788, 42.0 ] } },
{ "type": "Feature", "properties": { "Longitude": -107.6235801842104, "Latitude": 43.5 }, "geometry": { "type": "Point", "coordinates": [ -107.623580184210397, 43.5 ] } },
{ "type": "Feature", "properties": { "Longitude": -113.82727331127808, "Latitude": 43.5 }, "geometry": { "type": "Point", "coordinates": [ -113.827273311278077, 43.5 ] } },
{ "type": "Feature", "properties": { "Longitude": -109.69147789323296, "Latitude": 43.5 }, "geometry": { "type": "Point", "coordinates": [ -109.691477893232957, 43.5 ] } },
{ "type": "Feature", "properties": { "Longitude": -122.09886414736832, "Latitude": 43.5 }, "geometry": { "type": "Point", "coordinates": [ -122.098864147368317, 43.5 ] } },
{ "type": "Feature", "properties": { "Longitude": -117.9630687293232, "Latitude": 43.5 }, "geometry": { "type": "Point", "coordinates": [ -117.963068729323197, 43.5 ] } },
{ "type": "Feature", "properties": { "Longitude": -120.03096643834576, "Latitude": 43.5 }, "geometry": { "type": "Point", "coordinates": [ -120.030966438345757, 43.5 ] } },
{ "type": "Feature", "properties": { "Longitude": -115.89517102030064, "Latitude": 43.5 }, "geometry": { "type": "Point", "coordinates": [ -115.895171020300637, 43.5 ] } },
{ "type": "Feature", "properties": { "Longitude": -114.23906934965143, "Latitude": 45.0 }, "geometry": { "type": "Point", "coordinates": [ -114.23906934965143, 45.0 ] } },
{ "type": "Feature", "properties": { "Longitude": -120.60303038033032, "Latitude": 45.0 }, "geometry": { "type": "Point", "coordinates": [ -120.603030380330324, 45.0 ] } },
{ "type": "Feature", "properties": { "Longitude": -116.36038969321106, "Latitude": 45.0 }, "geometry": { "type": "Point", "coordinates": [ -116.360389693211062, 45.0 ] } },
{ "type": "Feature", "properties": { "Longitude": -118.48171003677069, "Latitude": 45.0 }, "geometry": { "type": "Point", "coordinates": [ -118.481710036770693, 45.0 ] } },
{ "type": "Feature", "properties": { "Longitude": -114.62671479353958, "Latitude": 46.5 }, "geometry": { "type": "Point", "coordinates": [ -114.626714793539577, 46.5 ] } },
{ "type": "Feature", "properties": { "Longitude": -116.80582430042159, "Latitude": 46.5 }, "geometry": { "type": "Point", "coordinates": [ -116.805824300421591, 46.5 ] } },
{ "type": "Feature", "properties": { "Longitude": -122.72435072388996, "Latitude": 45.0 }, "geometry": { "type": "Point", "coordinates": [ -122.724350723889955, 45.0 ] } },
{ "type": "Feature", "properties": { "Longitude": -123.34315282106763, "Latitude": 46.5 }, "geometry": { "type": "Point", "coordinates": [ -123.343152821067633, 46.5 ] } },
{ "type": "Feature", "properties": { "Longitude": -111.75937560225552, "Latitude": 43.5 }, "geometry": { "type": "Point", "coordinates": [ -111.759375602255517, 43.5 ] } },
{ "type": "Feature", "properties": { "Longitude": -112.1177490060918, "Latitude": 45.0 }, "geometry": { "type": "Point", "coordinates": [ -112.117749006091799, 45.0 ] } },
{ "type": "Feature", "properties": { "Longitude": -107.87510831897254, "Latitude": 45.0 }, "geometry": { "type": "Point", "coordinates": [ -107.875108318972536, 45.0 ] } },
{ "type": "Feature", "properties": { "Longitude": -105.75378797541291, "Latitude": 45.0 }, "geometry": { "type": "Point", "coordinates": [ -105.753787975412905, 45.0 ] } },
{ "type": "Feature", "properties": { "Longitude": -109.99642866253217, "Latitude": 45.0 }, "geometry": { "type": "Point", "coordinates": [ -109.996428662532168, 45.0 ] } },
{ "type": "Feature", "properties": { "Longitude": -105.91027676601152, "Latitude": 46.5 }, "geometry": { "type": "Point", "coordinates": [ -105.910276766011521, 46.5 ] } },
{ "type": "Feature", "properties": { "Longitude": -112.44760528665756, "Latitude": 46.5 }, "geometry": { "type": "Point", "coordinates": [ -112.447605286657563, 46.5 ] } },
{ "type": "Feature", "properties": { "Longitude": -108.08938627289353, "Latitude": 46.5 }, "geometry": { "type": "Point", "coordinates": [ -108.089386272893535, 46.5 ] } },
{ "type": "Feature", "properties": { "Longitude": -110.26849577977555, "Latitude": 46.5 }, "geometry": { "type": "Point", "coordinates": [ -110.268495779775549, 46.5 ] } },
{ "type": "Feature", "properties": { "Longitude": -108.26512560649917, "Latitude": 48.0 }, "geometry": { "type": "Point", "coordinates": [ -108.265125606499168, 48.0 ] } },
{ "type": "Feature", "properties": { "Longitude": -118.98493380730361, "Latitude": 46.5 }, "geometry": { "type": "Point", "coordinates": [ -118.984933807303605, 46.5 ] } },
{ "type": "Feature", "properties": { "Longitude": -121.16404331418562, "Latitude": 46.5 }, "geometry": { "type": "Point", "coordinates": [ -121.164043314185619, 46.5 ] } },
{ "type": "Feature", "properties": { "Longitude": -119.47369973048367, "Latitude": 48.0 }, "geometry": { "type": "Point", "coordinates": [ -119.473699730483673, 48.0 ] } },
{ "type": "Feature", "properties": { "Longitude": -121.71541455528057, "Latitude": 48.0 }, "geometry": { "type": "Point", "coordinates": [ -121.715414555280574, 48.0 ] } },
{ "type": "Feature", "properties": { "Longitude": -114.99027008088987, "Latitude": 48.0 }, "geometry": { "type": "Point", "coordinates": [ -114.990270080889871, 48.0 ] } },
{ "type": "Feature", "properties": { "Longitude": -117.23198490568677, "Latitude": 48.0 }, "geometry": { "type": "Point", "coordinates": [ -117.231984905686772, 48.0 ] } },
{ "type": "Feature", "properties": { "Longitude": -122.25866087916117, "Latitude": 49.5 }, "geometry": { "type": "Point", "coordinates": [ -122.25866087916117, 49.5 ] } },
{ "type": "Feature", "properties": { "Longitude": -119.94900731432762, "Latitude": 49.5 }, "geometry": { "type": "Point", "coordinates": [ -119.949007314327616, 49.5 ] } },
{ "type": "Feature", "properties": { "Longitude": -115.32970018466051, "Latitude": 49.5 }, "geometry": { "type": "Point", "coordinates": [ -115.32970018466051, 49.5 ] } },
{ "type": "Feature", "properties": { "Longitude": -117.63935374949406, "Latitude": 49.5 }, "geometry": { "type": "Point", "coordinates": [ -117.639353749494063, 49.5 ] } },
{ "type": "Feature", "properties": { "Longitude": -106.02341078170227, "Latitude": 48.0 }, "geometry": { "type": "Point", "coordinates": [ -106.023410781702268, 48.0 ] } },
{ "type": "Feature", "properties": { "Longitude": -112.74855525609297, "Latitude": 48.0 }, "geometry": { "type": "Point", "coordinates": [ -112.74855525609297, 48.0 ] } },
{ "type": "Feature", "properties": { "Longitude": -110.50684043129607, "Latitude": 48.0 }, "geometry": { "type": "Point", "coordinates": [ -110.506840431296069, 48.0 ] } },
{ "type": "Feature", "properties": { "Longitude": -108.40073949015985, "Latitude": 49.5 }, "geometry": { "type": "Point", "coordinates": [ -108.40073949015985, 49.5 ] } },
{ "type": "Feature", "properties": { "Longitude": -113.02004661982696, "Latitude": 49.5 }, "geometry": { "type": "Point", "coordinates": [ -113.020046619826957, 49.5 ] } },
{ "type": "Feature", "properties": { "Longitude": -110.7103930549934, "Latitude": 49.5 }, "geometry": { "type": "Point", "coordinates": [ -110.710393054993403, 49.5 ] } },
{ "type": "Feature", "properties": { "Longitude": -106.0910859253263, "Latitude": 49.5 }, "geometry": { "type": "Point", "coordinates": [ -106.091085925326297, 49.5 ] } },
{ "type": "Feature", "properties": { "Longitude": -110.87781578563988, "Latitude": 51.0 }, "geometry": { "type": "Point", "coordinates": [ -110.877815785639882, 51.0 ] } },
{ "type": "Feature", "properties": { "Longitude": -113.26133937923851, "Latitude": 51.0 }, "geometry": { "type": "Point", "coordinates": [ -113.261339379238507, 51.0 ] } },
{ "type": "Feature", "properties": { "Longitude": -106.11076859844263, "Latitude": 51.0 }, "geometry": { "type": "Point", "coordinates": [ -106.110768598442633, 51.0 ] } },
{ "type": "Feature", "properties": { "Longitude": -120.41191016003438, "Latitude": 51.0 }, "geometry": { "type": "Point", "coordinates": [ -120.411910160034381, 51.0 ] } },
{ "type": "Feature", "properties": { "Longitude": -115.64486297283713, "Latitude": 51.0 }, "geometry": { "type": "Point", "coordinates": [ -115.644862972837132, 51.0 ] } },
{ "type": "Feature", "properties": { "Longitude": -118.02838656643576, "Latitude": 51.0 }, "geometry": { "type": "Point", "coordinates": [ -118.028386566435756, 51.0 ] } },
{ "type": "Feature", "properties": { "Longitude": -115.93549436352151, "Latitude": 52.5 }, "geometry": { "type": "Point", "coordinates": [ -115.935494363521514, 52.5 ] } },
{ "type": "Feature", "properties": { "Longitude": -118.39951381107838, "Latitude": 52.5 }, "geometry": { "type": "Point", "coordinates": [ -118.399513811078378, 52.5 ] } },
{ "type": "Feature", "properties": { "Longitude": -120.86353325863524, "Latitude": 52.5 }, "geometry": { "type": "Point", "coordinates": [ -120.863533258635243, 52.5 ] } },
{ "type": "Feature", "properties": { "Longitude": -116.20118937359678, "Latitude": 54.0 }, "geometry": { "type": "Point", "coordinates": [ -116.201189373596776, 54.0 ] } },
{ "type": "Feature", "properties": { "Longitude": -118.7531417986529, "Latitude": 54.0 }, "geometry": { "type": "Point", "coordinates": [ -118.753141798652905, 54.0 ] } },
{ "type": "Feature", "properties": { "Longitude": -121.30509422370903, "Latitude": 54.0 }, "geometry": { "type": "Point", "coordinates": [ -121.305094223709034, 54.0 ] } },
{ "type": "Feature", "properties": { "Longitude": -121.73792968953614, "Latitude": 55.5 }, "geometry": { "type": "Point", "coordinates": [ -121.737929689536145, 55.5 ] } },
{ "type": "Feature", "properties": { "Longitude": -161.46206853757968, "Latitude": 55.5 }, "geometry": { "type": "Point", "coordinates": [ -161.462068537579682, 55.5 ] } },
{ "type": "Feature", "properties": { "Longitude": -123.95712938007748, "Latitude": 48.0 }, "geometry": { "type": "Point", "coordinates": [ -123.957129380077475, 48.0 ] } },
{ "type": "Feature", "properties": { "Longitude": -122.79543375363301, "Latitude": 51.0 }, "geometry": { "type": "Point", "coordinates": [ -122.795433753633006, 51.0 ] } },
{ "type": "Feature", "properties": { "Longitude": -133.17999930119507, "Latitude": 57.0 }, "geometry": { "type": "Point", "coordinates": [ -133.179999301195068, 57.0 ] } },
{ "type": "Feature", "properties": { "Longitude": -134.06685946965717, "Latitude": 58.5 }, "geometry": { "type": "Point", "coordinates": [ -134.066859469657174, 58.5 ] } },
{ "type": "Feature", "properties": { "Longitude": -131.19603818651075, "Latitude": 58.5 }, "geometry": { "type": "Point", "coordinates": [ -131.196038186510748, 58.5 ] } },
{ "type": "Feature", "properties": { "Longitude": -136.9376807528036, "Latitude": 58.5 }, "geometry": { "type": "Point", "coordinates": [ -136.937680752803601, 58.5 ] } },
{ "type": "Feature", "properties": { "Longitude": -132.0, "Latitude": 60.0 }, "geometry": { "type": "Point", "coordinates": [ -132.0, 60.0 ] } },
{ "type": "Feature", "properties": { "Longitude": -157.96705849468003, "Latitude": 57.0 }, "geometry": { "type": "Point", "coordinates": [ -157.967058494680032, 57.0 ] } },
{ "type": "Feature", "properties": { "Longitude": -157.03342973482859, "Latitude": 58.5 }, "geometry": { "type": "Point", "coordinates": [ -157.033429734828587, 58.5 ] } },
{ "type": "Feature", "properties": { "Longitude": -162.0, "Latitude": 60.0 }, "geometry": { "type": "Point", "coordinates": [ -162.0, 60.0 ] } },
{ "type": "Feature", "properties": { "Longitude": -159.0, "Latitude": 60.0 }, "geometry": { "type": "Point", "coordinates": [ -159.0, 60.0 ] } },
{ "type": "Feature", "properties": { "Longitude": -156.0, "Latitude": 60.0 }, "geometry": { "type": "Point", "coordinates": [ -156.0, 60.0 ] } },
{ "type": "Feature", "properties": { "Longitude": -161.1383532074243, "Latitude": 61.5 }, "geometry": { "type": "Point", "coordinates": [ -161.138353207424302, 61.5 ] } },
{ "type": "Feature", "properties": { "Longitude": -157.99474540866169, "Latitude": 61.5 }, "geometry": { "type": "Point", "coordinates": [ -157.994745408661686, 61.5 ] } },
{ "type": "Feature", "properties": { "Longitude": -164.28196100618692, "Latitude": 61.5 }, "geometry": { "type": "Point", "coordinates": [ -164.281961006186918, 61.5 ] } },
{ "type": "Feature", "properties": { "Longitude": -156.87176272185462, "Latitude": 63.0 }, "geometry": { "type": "Point", "coordinates": [ -156.871762721854623, 63.0 ] } },
{ "type": "Feature", "properties": { "Longitude": -163.47983051561044, "Latitude": 63.0 }, "geometry": { "type": "Point", "coordinates": [ -163.479830515610445, 63.0 ] } },
{ "type": "Feature", "properties": { "Longitude": -160.17579661873253, "Latitude": 63.0 }, "geometry": { "type": "Point", "coordinates": [ -160.175796618732534, 63.0 ] } },
{ "type": "Feature", "properties": { "Longitude": -159.09461552391144, "Latitude": 64.5 }, "geometry": { "type": "Point", "coordinates": [ -159.094615523911443, 64.5 ] } },
{ "type": "Feature", "properties": { "Longitude": -162.5788462699262, "Latitude": 64.5 }, "geometry": { "type": "Point", "coordinates": [ -162.578846269926203, 64.5 ] } },
{ "type": "Feature", "properties": { "Longitude": -157.87265997983184, "Latitude": 66.0 }, "geometry": { "type": "Point", "coordinates": [ -157.872659979831838, 66.0 ] } },
{ "type": "Feature", "properties": { "Longitude": -161.5605499831932, "Latitude": 66.0 }, "geometry": { "type": "Point", "coordinates": [ -161.560549983193198, 66.0 ] } },
{ "type": "Feature", "properties": { "Longitude": -173.03153850797048, "Latitude": 64.5 }, "geometry": { "type": "Point", "coordinates": [ -173.031538507970481, 64.5 ] } },
{ "type": "Feature", "properties": { "Longitude": -180.0, "Latitude": 66.0 }, "geometry": { "type": "Point", "coordinates": [ -180.0, 66.0 ] } },
{ "type": "Feature", "properties": { "Longitude": -172.62421999327728, "Latitude": 66.0 }, "geometry": { "type": "Point", "coordinates": [ -172.624219993277279, 66.0 ] } },
{ "type": "Feature", "properties": { "Longitude": -176.31210999663864, "Latitude": 66.0 }, "geometry": { "type": "Point", "coordinates": [ -176.31210999663864, 66.0 ] } },
{ "type": "Feature", "properties": { "Longitude": -176.08031110537087, "Latitude": 67.5 }, "geometry": { "type": "Point", "coordinates": [ -176.080311105370868, 67.5 ] } },
{ "type": "Feature", "properties": { "Longitude": -180.0, "Latitude": 67.5 }, "geometry": { "type": "Point", "coordinates": [ -180.0, 67.5 ] } },
{ "type": "Feature", "properties": { "Longitude": -165.24843998655456, "Latitude": 66.0 }, "geometry": { "type": "Point", "coordinates": [ -165.248439986554558, 66.0 ] } },
{ "type": "Feature", "properties": { "Longitude": -160.40155552685434, "Latitude": 67.5 }, "geometry": { "type": "Point", "coordinates": [ -160.401555526854338, 67.5 ] } },
{ "type": "Feature", "properties": { "Longitude": -156.48186663222521, "Latitude": 67.5 }, "geometry": { "type": "Point", "coordinates": [ -156.481866632225206, 67.5 ] } },
{ "type": "Feature", "properties": { "Longitude": -159.07178917780996, "Latitude": 69.0 }, "geometry": { "type": "Point", "coordinates": [ -159.071789177809961, 69.0 ] } },
{ "type": "Feature", "properties": { "Longitude": -163.25743134224797, "Latitude": 69.0 }, "geometry": { "type": "Point", "coordinates": [ -163.257431342247969, 69.0 ] } },
{ "type": "Feature", "properties": { "Longitude": -157.53191765676803, "Latitude": 70.5 }, "geometry": { "type": "Point", "coordinates": [ -157.53191765676803, 70.5 ] } },
{ "type": "Feature", "properties": { "Longitude": -154.16260845168216, "Latitude": 58.5 }, "geometry": { "type": "Point", "coordinates": [ -154.162608451682161, 58.5 ] } },
{ "type": "Feature", "properties": { "Longitude": -150.0, "Latitude": 60.0 }, "geometry": { "type": "Point", "coordinates": [ -150.0, 60.0 ] } },
{ "type": "Feature", "properties": { "Longitude": -153.0, "Latitude": 60.0 }, "geometry": { "type": "Point", "coordinates": [ -153.0, 60.0 ] } },
{ "type": "Feature", "properties": { "Longitude": -138.0, "Latitude": 60.0 }, "geometry": { "type": "Point", "coordinates": [ -138.0, 60.0 ] } },
{ "type": "Feature", "properties": { "Longitude": -135.0, "Latitude": 60.0 }, "geometry": { "type": "Point", "coordinates": [ -135.0, 60.0 ] } },
{ "type": "Feature", "properties": { "Longitude": -132.84588301856076, "Latitude": 61.5 }, "geometry": { "type": "Point", "coordinates": [ -132.845883018560755, 61.5 ] } },
{ "type": "Feature", "properties": { "Longitude": -135.98949081732337, "Latitude": 61.5 }, "geometry": { "type": "Point", "coordinates": [ -135.989490817323372, 61.5 ] } },
{ "type": "Feature", "properties": { "Longitude": -139.13309861608599, "Latitude": 61.5 }, "geometry": { "type": "Point", "coordinates": [ -139.133098616085988, 61.5 ] } },
{ "type": "Feature", "properties": { "Longitude": -133.74352544370925, "Latitude": 63.0 }, "geometry": { "type": "Point", "coordinates": [ -133.743525443709245, 63.0 ] } },
{ "type": "Feature", "properties": { "Longitude": -137.04755934058716, "Latitude": 63.0 }, "geometry": { "type": "Point", "coordinates": [ -137.047559340587156, 63.0 ] } },
{ "type": "Feature", "properties": { "Longitude": -138.18923104782289, "Latitude": 64.5 }, "geometry": { "type": "Point", "coordinates": [ -138.189231047822886, 64.5 ] } },
{ "type": "Feature", "properties": { "Longitude": -131.22076955579337, "Latitude": 64.5 }, "geometry": { "type": "Point", "coordinates": [ -131.220769555793368, 64.5 ] } },
{ "type": "Feature", "properties": { "Longitude": -134.70500030180813, "Latitude": 64.5 }, "geometry": { "type": "Point", "coordinates": [ -134.705000301808127, 64.5 ] } },
{ "type": "Feature", "properties": { "Longitude": -141.0, "Latitude": 60.0 }, "geometry": { "type": "Point", "coordinates": [ -141.0, 60.0 ] } },
{ "type": "Feature", "properties": { "Longitude": -142.2767064148486, "Latitude": 61.5 }, "geometry": { "type": "Point", "coordinates": [ -142.276706414848604, 61.5 ] } },
{ "type": "Feature", "properties": { "Longitude": -145.42031421361122, "Latitude": 61.5 }, "geometry": { "type": "Point", "coordinates": [ -145.420314213611221, 61.5 ] } },
{ "type": "Feature", "properties": { "Longitude": -143.65562713434298, "Latitude": 63.0 }, "geometry": { "type": "Point", "coordinates": [ -143.655627134342978, 63.0 ] } },
{ "type": "Feature", "properties": { "Longitude": -146.95966103122089, "Latitude": 63.0 }, "geometry": { "type": "Point", "coordinates": [ -146.95966103122089, 63.0 ] } },
{ "type": "Feature", "properties": { "Longitude": -140.35159323746507, "Latitude": 63.0 }, "geometry": { "type": "Point", "coordinates": [ -140.351593237465067, 63.0 ] } },
{ "type": "Feature", "properties": { "Longitude": -145.15769253985241, "Latitude": 64.5 }, "geometry": { "type": "Point", "coordinates": [ -145.157692539852405, 64.5 ] } },
{ "type": "Feature", "properties": { "Longitude": -141.67346179383765, "Latitude": 64.5 }, "geometry": { "type": "Point", "coordinates": [ -141.673461793837646, 64.5 ] } },
{ "type": "Feature", "properties": { "Longitude": -143.1210999663864, "Latitude": 66.0 }, "geometry": { "type": "Point", "coordinates": [ -143.121099966386396, 66.0 ] } },
{ "type": "Feature", "properties": { "Longitude": -146.80898996974776, "Latitude": 66.0 }, "geometry": { "type": "Point", "coordinates": [ -146.808989969747756, 66.0 ] } },
{ "type": "Feature", "properties": { "Longitude": -151.70752981113645, "Latitude": 61.5 }, "geometry": { "type": "Point", "coordinates": [ -151.707529811136453, 61.5 ] } },
{ "type": "Feature", "properties": { "Longitude": -148.56392201237384, "Latitude": 61.5 }, "geometry": { "type": "Point", "coordinates": [ -148.563922012373837, 61.5 ] } },
{ "type": "Feature", "properties": { "Longitude": -154.85113760989907, "Latitude": 61.5 }, "geometry": { "type": "Point", "coordinates": [ -154.85113760989907, 61.5 ] } },
{ "type": "Feature", "properties": { "Longitude": -150.2636949280988, "Latitude": 63.0 }, "geometry": { "type": "Point", "coordinates": [ -150.263694928098801, 63.0 ] } },
{ "type": "Feature", "properties": { "Longitude": -153.56772882497671, "Latitude": 63.0 }, "geometry": { "type": "Point", "coordinates": [ -153.567728824976712, 63.0 ] } },
{ "type": "Feature", "properties": { "Longitude": -155.61038477789668, "Latitude": 64.5 }, "geometry": { "type": "Point", "coordinates": [ -155.610384777896684, 64.5 ] } },
{ "type": "Feature", "properties": { "Longitude": -148.64192328586716, "Latitude": 64.5 }, "geometry": { "type": "Point", "coordinates": [ -148.641923285867165, 64.5 ] } },
{ "type": "Feature", "properties": { "Longitude": -152.12615403188192, "Latitude": 64.5 }, "geometry": { "type": "Point", "coordinates": [ -152.126154031881924, 64.5 ] } },
{ "type": "Feature", "properties": { "Longitude": -154.18476997647048, "Latitude": 66.0 }, "geometry": { "type": "Point", "coordinates": [ -154.184769976470477, 66.0 ] } },
{ "type": "Feature", "properties": { "Longitude": -150.49687997310912, "Latitude": 66.0 }, "geometry": { "type": "Point", "coordinates": [ -150.496879973109117, 66.0 ] } },
{ "type": "Feature", "properties": { "Longitude": -126.55866742103552, "Latitude": 61.5 }, "geometry": { "type": "Point", "coordinates": [ -126.558667421035523, 61.5 ] } },
{ "type": "Feature", "properties": { "Longitude": -129.70227521979814, "Latitude": 61.5 }, "geometry": { "type": "Point", "coordinates": [ -129.702275219798139, 61.5 ] } },
{ "type": "Feature", "properties": { "Longitude": -130.43949154683133, "Latitude": 63.0 }, "geometry": { "type": "Point", "coordinates": [ -130.439491546831334, 63.0 ] } },
{ "type": "Feature", "properties": { "Longitude": -123.83142375307551, "Latitude": 63.0 }, "geometry": { "type": "Point", "coordinates": [ -123.831423753075512, 63.0 ] } },
{ "type": "Feature", "properties": { "Longitude": -127.13545764995342, "Latitude": 63.0 }, "geometry": { "type": "Point", "coordinates": [ -127.135457649953423, 63.0 ] } },
{ "type": "Feature", "properties": { "Longitude": -127.73653880977861, "Latitude": 64.5 }, "geometry": { "type": "Point", "coordinates": [ -127.736538809778608, 64.5 ] } },
{ "type": "Feature", "properties": { "Longitude": -124.25230806376385, "Latitude": 64.5 }, "geometry": { "type": "Point", "coordinates": [ -124.252308063763849, 64.5 ] } },
{ "type": "Feature", "properties": { "Longitude": -124.68164994957959, "Latitude": 66.0 }, "geometry": { "type": "Point", "coordinates": [ -124.681649949579594, 66.0 ] } },
{ "type": "Feature", "properties": { "Longitude": -128.36953995294095, "Latitude": 66.0 }, "geometry": { "type": "Point", "coordinates": [ -128.369539952940954, 66.0 ] } },
{ "type": "Feature", "properties": { "Longitude": -125.12435547519215, "Latitude": 67.5 }, "geometry": { "type": "Point", "coordinates": [ -125.124355475192147, 67.5 ] } },
{ "type": "Feature", "properties": { "Longitude": -132.05742995630231, "Latitude": 66.0 }, "geometry": { "type": "Point", "coordinates": [ -132.057429956302315, 66.0 ] } },
{ "type": "Feature", "properties": { "Longitude": -135.74531995966368, "Latitude": 66.0 }, "geometry": { "type": "Point", "coordinates": [ -135.745319959663675, 66.0 ] } },
{ "type": "Feature", "properties": { "Longitude": -136.88342215907954, "Latitude": 67.5 }, "geometry": { "type": "Point", "coordinates": [ -136.883422159079544, 67.5 ] } },
{ "type": "Feature", "properties": { "Longitude": -132.96373326445041, "Latitude": 67.5 }, "geometry": { "type": "Point", "coordinates": [ -132.963733264450411, 67.5 ] } },
{ "type": "Feature", "properties": { "Longitude": -138.14357835561992, "Latitude": 69.0 }, "geometry": { "type": "Point", "coordinates": [ -138.143578355619923, 69.0 ] } },
{ "type": "Feature", "properties": { "Longitude": -133.95793619118191, "Latitude": 69.0 }, "geometry": { "type": "Point", "coordinates": [ -133.957936191181915, 69.0 ] } },
{ "type": "Feature", "properties": { "Longitude": -139.43320996302504, "Latitude": 66.0 }, "geometry": { "type": "Point", "coordinates": [ -139.433209963025035, 66.0 ] } },
{ "type": "Feature", "properties": { "Longitude": -140.80311105370868, "Latitude": 67.5 }, "geometry": { "type": "Point", "coordinates": [ -140.803111053708676, 67.5 ] } },
{ "type": "Feature", "properties": { "Longitude": -144.72279994833781, "Latitude": 67.5 }, "geometry": { "type": "Point", "coordinates": [ -144.722799948337808, 67.5 ] } },
{ "type": "Feature", "properties": { "Longitude": -142.32922052005793, "Latitude": 69.0 }, "geometry": { "type": "Point", "coordinates": [ -142.32922052005793, 69.0 ] } },
{ "type": "Feature", "properties": { "Longitude": -146.51486268449594, "Latitude": 69.0 }, "geometry": { "type": "Point", "coordinates": [ -146.514862684495938, 69.0 ] } },
{ "type": "Feature", "properties": { "Longitude": -152.56217773759607, "Latitude": 67.5 }, "geometry": { "type": "Point", "coordinates": [ -152.562177737596073, 67.5 ] } },
{ "type": "Feature", "properties": { "Longitude": -148.64248884296694, "Latitude": 67.5 }, "geometry": { "type": "Point", "coordinates": [ -148.642488842966941, 67.5 ] } },
{ "type": "Feature", "properties": { "Longitude": -154.88614701337195, "Latitude": 69.0 }, "geometry": { "type": "Point", "coordinates": [ -154.886147013371954, 69.0 ] } },
{ "type": "Feature", "properties": { "Longitude": -150.70050484893395, "Latitude": 69.0 }, "geometry": { "type": "Point", "coordinates": [ -150.700504848933946, 69.0 ] } },
{ "type": "Feature", "properties": { "Longitude": -153.03830118812164, "Latitude": 70.5 }, "geometry": { "type": "Point", "coordinates": [ -153.038301188121636, 70.5 ] } },
{ "type": "Feature", "properties": { "Longitude": -129.04404436982128, "Latitude": 67.5 }, "geometry": { "type": "Point", "coordinates": [ -129.044044369821279, 67.5 ] } },
{ "type": "Feature", "properties": { "Longitude": -129.77229402674391, "Latitude": 69.0 }, "geometry": { "type": "Point", "coordinates": [ -129.772294026743907, 69.0 ] } },
{ "type": "Feature", "properties": { "Longitude": -125.5866518623059, "Latitude": 69.0 }, "geometry": { "type": "Point", "coordinates": [ -125.586651862305899, 69.0 ] } },
{ "type": "Feature", "properties": { "Longitude": -121.90454738563253, "Latitude": 73.5 }, "geometry": { "type": "Point", "coordinates": [ -121.904547385632526, 73.5 ] } },
{ "type": "Feature", "properties": { "Longitude": -110.45334050718725, "Latitude": 75.0 }, "geometry": { "type": "Point", "coordinates": [ -110.453340507187249, 75.0 ] } },
{ "type": "Feature", "properties": { "Longitude": -109.31965009943536, "Latitude": 76.5 }, "geometry": { "type": "Point", "coordinates": [ -109.319650099435364, 76.5 ] } },
{ "type": "Feature", "properties": { "Longitude": -71.003748901883682, "Latitude": 42.0 }, "geometry": { "type": "Point", "coordinates": [ -71.003748901883682, 42.0 ] } },
{ "type": "Feature", "properties": { "Longitude": -70.401421421804315, "Latitude": 43.5 }, "geometry": { "type": "Point", "coordinates": [ -70.401421421804315, 43.5 ] } },
{ "type": "Feature", "properties": { "Longitude": -63.327381104220279, "Latitude": 45.0 }, "geometry": { "type": "Point", "coordinates": [ -63.327381104220279, 45.0 ] } },
{ "type": "Feature", "properties": { "Longitude": -67.570021791339542, "Latitude": 45.0 }, "geometry": { "type": "Point", "coordinates": [ -67.570021791339542, 45.0 ] } },
{ "type": "Feature", "properties": { "Longitude": -69.691342134899173, "Latitude": 45.0 }, "geometry": { "type": "Point", "coordinates": [ -69.691342134899173, 45.0 ] } },
{ "type": "Feature", "properties": { "Longitude": -71.812662478458805, "Latitude": 45.0 }, "geometry": { "type": "Point", "coordinates": [ -71.812662478458805, 45.0 ] } },
{ "type": "Feature", "properties": { "Longitude": -68.865415149017281, "Latitude": 46.5 }, "geometry": { "type": "Point", "coordinates": [ -68.865415149017281, 46.5 ] } },
{ "type": "Feature", "properties": { "Longitude": -66.686305642135267, "Latitude": 46.5 }, "geometry": { "type": "Point", "coordinates": [ -66.686305642135267, 46.5 ] } },
{ "type": "Feature", "properties": { "Longitude": -71.044524655899295, "Latitude": 46.5 }, "geometry": { "type": "Point", "coordinates": [ -71.044524655899295, 46.5 ] } },
{ "type": "Feature", "properties": { "Longitude": -67.914258760154951, "Latitude": 48.0 }, "geometry": { "type": "Point", "coordinates": [ -67.914258760154951, 48.0 ] } },
{ "type": "Feature", "properties": { "Longitude": -56.705684636170446, "Latitude": 48.0 }, "geometry": { "type": "Point", "coordinates": [ -56.705684636170446, 48.0 ] } },
{ "type": "Feature", "properties": { "Longitude": -58.947399460967347, "Latitude": 48.0 }, "geometry": { "type": "Point", "coordinates": [ -58.947399460967347, 48.0 ] } },
{ "type": "Feature", "properties": { "Longitude": -75.402743669663323, "Latitude": 46.5 }, "geometry": { "type": "Point", "coordinates": [ -75.402743669663323, 46.5 ] } },
{ "type": "Feature", "properties": { "Longitude": -73.223634162781309, "Latitude": 46.5 }, "geometry": { "type": "Point", "coordinates": [ -73.223634162781309, 46.5 ] } },
{ "type": "Feature", "properties": { "Longitude": -74.639403234545654, "Latitude": 48.0 }, "geometry": { "type": "Point", "coordinates": [ -74.639403234545654, 48.0 ] } },
{ "type": "Feature", "properties": { "Longitude": -76.881118059342555, "Latitude": 48.0 }, "geometry": { "type": "Point", "coordinates": [ -76.881118059342555, 48.0 ] } },
{ "type": "Feature", "properties": { "Longitude": -79.122832884139456, "Latitude": 48.0 }, "geometry": { "type": "Point", "coordinates": [ -79.122832884139456, 48.0 ] } },
{ "type": "Feature", "properties": { "Longitude": -72.397688409748753, "Latitude": 48.0 }, "geometry": { "type": "Point", "coordinates": [ -72.397688409748753, 48.0 ] } },
{ "type": "Feature", "properties": { "Longitude": -78.375243147323658, "Latitude": 49.5 }, "geometry": { "type": "Point", "coordinates": [ -78.375243147323658, 49.5 ] } },
{ "type": "Feature", "properties": { "Longitude": -73.755936017656552, "Latitude": 49.5 }, "geometry": { "type": "Point", "coordinates": [ -73.755936017656552, 49.5 ] } },
{ "type": "Feature", "properties": { "Longitude": -76.065589582490105, "Latitude": 49.5 }, "geometry": { "type": "Point", "coordinates": [ -76.065589582490105, 49.5 ] } },
{ "type": "Feature", "properties": { "Longitude": -77.508485475259135, "Latitude": 51.0 }, "geometry": { "type": "Point", "coordinates": [ -77.508485475259135, 51.0 ] } },
{ "type": "Feature", "properties": { "Longitude": -54.463969811373545, "Latitude": 48.0 }, "geometry": { "type": "Point", "coordinates": [ -54.463969811373545, 48.0 ] } },
{ "type": "Feature", "properties": { "Longitude": -70.155973584951852, "Latitude": 48.0 }, "geometry": { "type": "Point", "coordinates": [ -70.155973584951852, 48.0 ] } },
{ "type": "Feature", "properties": { "Longitude": -65.67254393535805, "Latitude": 48.0 }, "geometry": { "type": "Point", "coordinates": [ -65.67254393535805, 48.0 ] } },
{ "type": "Feature", "properties": { "Longitude": -69.136628887989446, "Latitude": 49.5 }, "geometry": { "type": "Point", "coordinates": [ -69.136628887989446, 49.5 ] } },
{ "type": "Feature", "properties": { "Longitude": -71.446282452822999, "Latitude": 49.5 }, "geometry": { "type": "Point", "coordinates": [ -71.446282452822999, 49.5 ] } },
{ "type": "Feature", "properties": { "Longitude": -65.590867507266012, "Latitude": 51.0 }, "geometry": { "type": "Point", "coordinates": [ -65.590867507266012, 51.0 ] } },
{ "type": "Feature", "properties": { "Longitude": -67.974391100864636, "Latitude": 51.0 }, "geometry": { "type": "Point", "coordinates": [ -67.974391100864636, 51.0 ] } },
{ "type": "Feature", "properties": { "Longitude": -70.357914694463261, "Latitude": 51.0 }, "geometry": { "type": "Point", "coordinates": [ -70.357914694463261, 51.0 ] } },
{ "type": "Feature", "properties": { "Longitude": -69.119124859941081, "Latitude": 52.5 }, "geometry": { "type": "Point", "coordinates": [ -69.119124859941081, 52.5 ] } },
{ "type": "Feature", "properties": { "Longitude": -57.588361063821679, "Latitude": 49.5 }, "geometry": { "type": "Point", "coordinates": [ -57.588361063821679, 49.5 ] } },
{ "type": "Feature", "properties": { "Longitude": -60.823820320068762, "Latitude": 51.0 }, "geometry": { "type": "Point", "coordinates": [ -60.823820320068762, 51.0 ] } },
{ "type": "Feature", "properties": { "Longitude": -63.207343913667387, "Latitude": 51.0 }, "geometry": { "type": "Point", "coordinates": [ -63.207343913667387, 51.0 ] } },
{ "type": "Feature", "properties": { "Longitude": -56.056773132871513, "Latitude": 51.0 }, "geometry": { "type": "Point", "coordinates": [ -56.056773132871513, 51.0 ] } },
{ "type": "Feature", "properties": { "Longitude": -56.799027622156757, "Latitude": 52.5 }, "geometry": { "type": "Point", "coordinates": [ -56.799027622156757, 52.5 ] } },
{ "type": "Feature", "properties": { "Longitude": -59.263047069713622, "Latitude": 52.5 }, "geometry": { "type": "Point", "coordinates": [ -59.263047069713622, 52.5 ] } },
{ "type": "Feature", "properties": { "Longitude": -61.727066517270487, "Latitude": 52.5 }, "geometry": { "type": "Point", "coordinates": [ -61.727066517270487, 52.5 ] } },
{ "type": "Feature", "properties": { "Longitude": -80.740909966917116, "Latitude": 43.5 }, "geometry": { "type": "Point", "coordinates": [ -80.740909966917116, 43.5 ] } },
{ "type": "Feature", "properties": { "Longitude": -84.876705384962236, "Latitude": 43.5 }, "geometry": { "type": "Point", "coordinates": [ -84.876705384962236, 43.5 ] } },
{ "type": "Feature", "properties": { "Longitude": -86.944603093984796, "Latitude": 43.5 }, "geometry": { "type": "Point", "coordinates": [ -86.944603093984796, 43.5 ] } },
{ "type": "Feature", "properties": { "Longitude": -88.783225226935855, "Latitude": 45.0 }, "geometry": { "type": "Point", "coordinates": [ -88.783225226935855, 45.0 ] } },
{ "type": "Feature", "properties": { "Longitude": -82.419264196256961, "Latitude": 45.0 }, "geometry": { "type": "Point", "coordinates": [ -82.419264196256961, 45.0 ] } },
{ "type": "Feature", "properties": { "Longitude": -84.540584539816592, "Latitude": 45.0 }, "geometry": { "type": "Point", "coordinates": [ -84.540584539816592, 45.0 ] } },
{ "type": "Feature", "properties": { "Longitude": -86.661904883376224, "Latitude": 45.0 }, "geometry": { "type": "Point", "coordinates": [ -86.661904883376224, 45.0 ] } },
{ "type": "Feature", "properties": { "Longitude": -88.477400710955408, "Latitude": 46.5 }, "geometry": { "type": "Point", "coordinates": [ -88.477400710955408, 46.5 ] } },
{ "type": "Feature", "properties": { "Longitude": -84.119181697191379, "Latitude": 46.5 }, "geometry": { "type": "Point", "coordinates": [ -84.119181697191379, 46.5 ] } },
{ "type": "Feature", "properties": { "Longitude": -81.940072190309365, "Latitude": 46.5 }, "geometry": { "type": "Point", "coordinates": [ -81.940072190309365, 46.5 ] } },
{ "type": "Feature", "properties": { "Longitude": -91.080398512029916, "Latitude": 43.5 }, "geometry": { "type": "Point", "coordinates": [ -91.080398512029916, 43.5 ] } },
{ "type": "Feature", "properties": { "Longitude": -89.012500803007356, "Latitude": 43.5 }, "geometry": { "type": "Point", "coordinates": [ -89.012500803007356, 43.5 ] } },
{ "type": "Feature", "properties": { "Longitude": -93.148296221052476, "Latitude": 43.5 }, "geometry": { "type": "Point", "coordinates": [ -93.148296221052476, 43.5 ] } },
{ "type": "Feature", "properties": { "Longitude": -95.216193930075036, "Latitude": 43.5 }, "geometry": { "type": "Point", "coordinates": [ -95.216193930075036, 43.5 ] } },
{ "type": "Feature", "properties": { "Longitude": -93.025865914055117, "Latitude": 45.0 }, "geometry": { "type": "Point", "coordinates": [ -93.025865914055117, 45.0 ] } },
{ "type": "Feature", "properties": { "Longitude": -90.904545570495486, "Latitude": 45.0 }, "geometry": { "type": "Point", "coordinates": [ -90.904545570495486, 45.0 ] } },
{ "type": "Feature", "properties": { "Longitude": -95.147186257614749, "Latitude": 45.0 }, "geometry": { "type": "Point", "coordinates": [ -95.147186257614749, 45.0 ] } },
{ "type": "Feature", "properties": { "Longitude": -92.835619724719436, "Latitude": 46.5 }, "geometry": { "type": "Point", "coordinates": [ -92.835619724719436, 46.5 ] } },
{ "type": "Feature", "properties": { "Longitude": -95.01472923160145, "Latitude": 46.5 }, "geometry": { "type": "Point", "coordinates": [ -95.01472923160145, 46.5 ] } },
{ "type": "Feature", "properties": { "Longitude": -90.656510217837422, "Latitude": 46.5 }, "geometry": { "type": "Point", "coordinates": [ -90.656510217837422, 46.5 ] } },
{ "type": "Feature", "properties": { "Longitude": -76.605114548871995, "Latitude": 43.5 }, "geometry": { "type": "Point", "coordinates": [ -76.605114548871995, 43.5 ] } },
{ "type": "Feature", "properties": { "Longitude": -78.673012257894555, "Latitude": 43.5 }, "geometry": { "type": "Point", "coordinates": [ -78.673012257894555, 43.5 ] } },
{ "type": "Feature", "properties": { "Longitude": -74.537216839849435, "Latitude": 43.5 }, "geometry": { "type": "Point", "coordinates": [ -74.537216839849435, 43.5 ] } },
{ "type": "Feature", "properties": { "Longitude": -72.469319130826875, "Latitude": 43.5 }, "geometry": { "type": "Point", "coordinates": [ -72.469319130826875, 43.5 ] } },
{ "type": "Feature", "properties": { "Longitude": -73.933982822018436, "Latitude": 45.0 }, "geometry": { "type": "Point", "coordinates": [ -73.933982822018436, 45.0 ] } },
{ "type": "Feature", "properties": { "Longitude": -78.176623509137698, "Latitude": 45.0 }, "geometry": { "type": "Point", "coordinates": [ -78.176623509137698, 45.0 ] } },
{ "type": "Feature", "properties": { "Longitude": -76.055303165578067, "Latitude": 45.0 }, "geometry": { "type": "Point", "coordinates": [ -76.055303165578067, 45.0 ] } },
{ "type": "Feature", "properties": { "Longitude": -80.29794385269733, "Latitude": 45.0 }, "geometry": { "type": "Point", "coordinates": [ -80.29794385269733, 45.0 ] } },
{ "type": "Feature", "properties": { "Longitude": -77.581853176545337, "Latitude": 46.5 }, "geometry": { "type": "Point", "coordinates": [ -77.581853176545337, 46.5 ] } },
{ "type": "Feature", "properties": { "Longitude": -79.760962683427351, "Latitude": 46.5 }, "geometry": { "type": "Point", "coordinates": [ -79.760962683427351, 46.5 ] } },
{ "type": "Feature", "properties": { "Longitude": -99.351989348120156, "Latitude": 43.5 }, "geometry": { "type": "Point", "coordinates": [ -99.351989348120156, 43.5 ] } },
{ "type": "Feature", "properties": { "Longitude": -105.55568247518784, "Latitude": 43.5 }, "geometry": { "type": "Point", "coordinates": [ -105.555682475187837, 43.5 ] } },
{ "type": "Feature", "properties": { "Longitude": -103.48778476616528, "Latitude": 43.5 }, "geometry": { "type": "Point", "coordinates": [ -103.487784766165277, 43.5 ] } },
{ "type": "Feature", "properties": { "Longitude": -97.284091639097596, "Latitude": 43.5 }, "geometry": { "type": "Point", "coordinates": [ -97.284091639097596, 43.5 ] } },
{ "type": "Feature", "properties": { "Longitude": -101.41988705714272, "Latitude": 43.5 }, "geometry": { "type": "Point", "coordinates": [ -101.419887057142716, 43.5 ] } },
{ "type": "Feature", "properties": { "Longitude": -103.63246763185327, "Latitude": 45.0 }, "geometry": { "type": "Point", "coordinates": [ -103.632467631853274, 45.0 ] } },
{ "type": "Feature", "properties": { "Longitude": -101.51114728829364, "Latitude": 45.0 }, "geometry": { "type": "Point", "coordinates": [ -101.511147288293643, 45.0 ] } },
{ "type": "Feature", "properties": { "Longitude": -99.389826944734011, "Latitude": 45.0 }, "geometry": { "type": "Point", "coordinates": [ -99.389826944734011, 45.0 ] } },
{ "type": "Feature", "properties": { "Longitude": -97.26850660117438, "Latitude": 45.0 }, "geometry": { "type": "Point", "coordinates": [ -97.26850660117438, 45.0 ] } },
{ "type": "Feature", "properties": { "Longitude": -101.55205775224749, "Latitude": 46.5 }, "geometry": { "type": "Point", "coordinates": [ -101.552057752247492, 46.5 ] } },
{ "type": "Feature", "properties": { "Longitude": -99.372948245365478, "Latitude": 46.5 }, "geometry": { "type": "Point", "coordinates": [ -99.372948245365478, 46.5 ] } },
{ "type": "Feature", "properties": { "Longitude": -103.73116725912951, "Latitude": 46.5 }, "geometry": { "type": "Point", "coordinates": [ -103.731167259129506, 46.5 ] } },
{ "type": "Feature", "properties": { "Longitude": -97.193838738483464, "Latitude": 46.5 }, "geometry": { "type": "Point", "coordinates": [ -97.193838738483464, 46.5 ] } },
{ "type": "Feature", "properties": { "Longitude": -101.53998113210847, "Latitude": 48.0 }, "geometry": { "type": "Point", "coordinates": [ -101.539981132108466, 48.0 ] } },
{ "type": "Feature", "properties": { "Longitude": -99.298266307311565, "Latitude": 48.0 }, "geometry": { "type": "Point", "coordinates": [ -99.298266307311565, 48.0 ] } },
{ "type": "Feature", "properties": { "Longitude": -103.78169595690537, "Latitude": 48.0 }, "geometry": { "type": "Point", "coordinates": [ -103.781695956905367, 48.0 ] } },
{ "type": "Feature", "properties": { "Longitude": -101.47177879565919, "Latitude": 49.5 }, "geometry": { "type": "Point", "coordinates": [ -101.471778795659191, 49.5 ] } },
{ "type": "Feature", "properties": { "Longitude": -99.162125230825637, "Latitude": 49.5 }, "geometry": { "type": "Point", "coordinates": [ -99.162125230825637, 49.5 ] } },
{ "type": "Feature", "properties": { "Longitude": -103.78143236049274, "Latitude": 49.5 }, "geometry": { "type": "Point", "coordinates": [ -103.781432360492744, 49.5 ] } },
{ "type": "Feature", "properties": { "Longitude": -101.34372141124538, "Latitude": 51.0 }, "geometry": { "type": "Point", "coordinates": [ -101.343721411245383, 51.0 ] } },
{ "type": "Feature", "properties": { "Longitude": -86.298291204073394, "Latitude": 46.5 }, "geometry": { "type": "Point", "coordinates": [ -86.298291204073394, 46.5 ] } },
{ "type": "Feature", "properties": { "Longitude": -88.08969218332706, "Latitude": 48.0 }, "geometry": { "type": "Point", "coordinates": [ -88.08969218332706, 48.0 ] } },
{ "type": "Feature", "properties": { "Longitude": -85.847977358530159, "Latitude": 48.0 }, "geometry": { "type": "Point", "coordinates": [ -85.847977358530159, 48.0 ] } },
{ "type": "Feature", "properties": { "Longitude": -83.606262533733258, "Latitude": 48.0 }, "geometry": { "type": "Point", "coordinates": [ -83.606262533733258, 48.0 ] } },
{ "type": "Feature", "properties": { "Longitude": -81.364547708936357, "Latitude": 48.0 }, "geometry": { "type": "Point", "coordinates": [ -81.364547708936357, 48.0 ] } },
{ "type": "Feature", "properties": { "Longitude": -82.994550276990765, "Latitude": 49.5 }, "geometry": { "type": "Point", "coordinates": [ -82.994550276990765, 49.5 ] } },
{ "type": "Feature", "properties": { "Longitude": -80.684896712157212, "Latitude": 49.5 }, "geometry": { "type": "Point", "coordinates": [ -80.684896712157212, 49.5 ] } },
{ "type": "Feature", "properties": { "Longitude": -85.304203841824318, "Latitude": 49.5 }, "geometry": { "type": "Point", "coordinates": [ -85.304203841824318, 49.5 ] } },
{ "type": "Feature", "properties": { "Longitude": -87.613857406657871, "Latitude": 49.5 }, "geometry": { "type": "Point", "coordinates": [ -87.613857406657871, 49.5 ] } },
{ "type": "Feature", "properties": { "Longitude": -82.275532662456385, "Latitude": 51.0 }, "geometry": { "type": "Point", "coordinates": [ -82.275532662456385, 51.0 ] } },
{ "type": "Feature", "properties": { "Longitude": -97.056551482514664, "Latitude": 48.0 }, "geometry": { "type": "Point", "coordinates": [ -97.056551482514664, 48.0 ] } },
{ "type": "Feature", "properties": { "Longitude": -92.573121832920862, "Latitude": 48.0 }, "geometry": { "type": "Point", "coordinates": [ -92.573121832920862, 48.0 ] } },
{ "type": "Feature", "properties": { "Longitude": -90.331407008123961, "Latitude": 48.0 }, "geometry": { "type": "Point", "coordinates": [ -90.331407008123961, 48.0 ] } },
{ "type": "Feature", "properties": { "Longitude": -94.814836657717763, "Latitude": 48.0 }, "geometry": { "type": "Point", "coordinates": [ -94.814836657717763, 48.0 ] } },
{ "type": "Feature", "properties": { "Longitude": -94.542818101158531, "Latitude": 49.5 }, "geometry": { "type": "Point", "coordinates": [ -94.542818101158531, 49.5 ] } },
{ "type": "Feature", "properties": { "Longitude": -96.852471665992084, "Latitude": 49.5 }, "geometry": { "type": "Point", "coordinates": [ -96.852471665992084, 49.5 ] } },
{ "type": "Feature", "properties": { "Longitude": -89.923510971491424, "Latitude": 49.5 }, "geometry": { "type": "Point", "coordinates": [ -89.923510971491424, 49.5 ] } },
{ "type": "Feature", "properties": { "Longitude": -92.233164536324978, "Latitude": 49.5 }, "geometry": { "type": "Point", "coordinates": [ -92.233164536324978, 49.5 ] } },
{ "type": "Feature", "properties": { "Longitude": -91.809627036850884, "Latitude": 51.0 }, "geometry": { "type": "Point", "coordinates": [ -91.809627036850884, 51.0 ] } },
{ "type": "Feature", "properties": { "Longitude": -89.426103443252259, "Latitude": 51.0 }, "geometry": { "type": "Point", "coordinates": [ -89.426103443252259, 51.0 ] } },
{ "type": "Feature", "properties": { "Longitude": -87.042579849653634, "Latitude": 51.0 }, "geometry": { "type": "Point", "coordinates": [ -87.042579849653634, 51.0 ] } },
{ "type": "Feature", "properties": { "Longitude": -84.65905625605501, "Latitude": 51.0 }, "geometry": { "type": "Point", "coordinates": [ -84.65905625605501, 51.0 ] } },
{ "type": "Feature", "properties": { "Longitude": -86.367260992839135, "Latitude": 52.5 }, "geometry": { "type": "Point", "coordinates": [ -86.367260992839135, 52.5 ] } },
{ "type": "Feature", "properties": { "Longitude": -83.90324154528227, "Latitude": 52.5 }, "geometry": { "type": "Point", "coordinates": [ -83.90324154528227, 52.5 ] } },
{ "type": "Feature", "properties": { "Longitude": -88.129712697979357, "Latitude": 54.0 }, "geometry": { "type": "Point", "coordinates": [ -88.129712697979357, 54.0 ] } },
{ "type": "Feature", "properties": { "Longitude": -83.0258078478671, "Latitude": 54.0 }, "geometry": { "type": "Point", "coordinates": [ -83.0258078478671, 54.0 ] } },
{ "type": "Feature", "properties": { "Longitude": -85.577760272923229, "Latitude": 54.0 }, "geometry": { "type": "Point", "coordinates": [ -85.577760272923229, 54.0 ] } },
{ "type": "Feature", "properties": { "Longitude": -98.960197817646758, "Latitude": 51.0 }, "geometry": { "type": "Point", "coordinates": [ -98.960197817646758, 51.0 ] } },
{ "type": "Feature", "properties": { "Longitude": -103.72724500484401, "Latitude": 51.0 }, "geometry": { "type": "Point", "coordinates": [ -103.727245004844008, 51.0 ] } },
{ "type": "Feature", "properties": { "Longitude": -103.61539712573719, "Latitude": 52.5 }, "geometry": { "type": "Point", "coordinates": [ -103.615397125737189, 52.5 ] } },
{ "type": "Feature", "properties": { "Longitude": -98.68735823062346, "Latitude": 52.5 }, "geometry": { "type": "Point", "coordinates": [ -98.68735823062346, 52.5 ] } },
{ "type": "Feature", "properties": { "Longitude": -101.15137767818032, "Latitude": 52.5 }, "geometry": { "type": "Point", "coordinates": [ -101.151377678180324, 52.5 ] } },
{ "type": "Feature", "properties": { "Longitude": -103.44142724831613, "Latitude": 54.0 }, "geometry": { "type": "Point", "coordinates": [ -103.441427248316131, 54.0 ] } },
{ "type": "Feature", "properties": { "Longitude": -100.88947482326, "Latitude": 54.0 }, "geometry": { "type": "Point", "coordinates": [ -100.889474823260002, 54.0 ] } },
{ "type": "Feature", "properties": { "Longitude": -98.337522398203873, "Latitude": 54.0 }, "geometry": { "type": "Point", "coordinates": [ -98.337522398203873, 54.0 ] } },
{ "type": "Feature", "properties": { "Longitude": -103.19999822711583, "Latitude": 55.5 }, "geometry": { "type": "Point", "coordinates": [ -103.199998227115827, 55.5 ] } },
{ "type": "Feature", "properties": { "Longitude": -97.903446380710022, "Latitude": 55.5 }, "geometry": { "type": "Point", "coordinates": [ -97.903446380710022, 55.5 ] } },
{ "type": "Feature", "properties": { "Longitude": -96.576674224048134, "Latitude": 51.0 }, "geometry": { "type": "Point", "coordinates": [ -96.576674224048134, 51.0 ] } },
{ "type": "Feature", "properties": { "Longitude": -94.193150630449509, "Latitude": 51.0 }, "geometry": { "type": "Point", "coordinates": [ -94.193150630449509, 51.0 ] } },
{ "type": "Feature", "properties": { "Longitude": -96.223338783066595, "Latitude": 52.5 }, "geometry": { "type": "Point", "coordinates": [ -96.223338783066595, 52.5 ] } },
{ "type": "Feature", "properties": { "Longitude": -93.75931933550973, "Latitude": 52.5 }, "geometry": { "type": "Point", "coordinates": [ -93.75931933550973, 52.5 ] } },
{ "type": "Feature", "properties": { "Longitude": -91.295299887952865, "Latitude": 52.5 }, "geometry": { "type": "Point", "coordinates": [ -91.295299887952865, 52.5 ] } },
{ "type": "Feature", "properties": { "Longitude": -88.831280440396, "Latitude": 52.5 }, "geometry": { "type": "Point", "coordinates": [ -88.831280440396, 52.5 ] } },
{ "type": "Feature", "properties": { "Longitude": -95.785569973147744, "Latitude": 54.0 }, "geometry": { "type": "Point", "coordinates": [ -95.785569973147744, 54.0 ] } },
{ "type": "Feature", "properties": { "Longitude": -90.681665123035486, "Latitude": 54.0 }, "geometry": { "type": "Point", "coordinates": [ -90.681665123035486, 54.0 ] } },
{ "type": "Feature", "properties": { "Longitude": -93.233617548091615, "Latitude": 54.0 }, "geometry": { "type": "Point", "coordinates": [ -93.233617548091615, 54.0 ] } },
{ "type": "Feature", "properties": { "Longitude": -95.25517045750712, "Latitude": 55.5 }, "geometry": { "type": "Point", "coordinates": [ -95.25517045750712, 55.5 ] } },
{ "type": "Feature", "properties": { "Longitude": -108.49429219204126, "Latitude": 51.0 }, "geometry": { "type": "Point", "coordinates": [ -108.494292192041257, 51.0 ] } },
{ "type": "Feature", "properties": { "Longitude": -113.47147491596465, "Latitude": 52.5 }, "geometry": { "type": "Point", "coordinates": [ -113.471474915964649, 52.5 ] } },
{ "type": "Feature", "properties": { "Longitude": -111.00745546840778, "Latitude": 52.5 }, "geometry": { "type": "Point", "coordinates": [ -111.007455468407784, 52.5 ] } },
{ "type": "Feature", "properties": { "Longitude": -106.07941657329405, "Latitude": 52.5 }, "geometry": { "type": "Point", "coordinates": [ -106.079416573294054, 52.5 ] } },
{ "type": "Feature", "properties": { "Longitude": -108.54343602085092, "Latitude": 52.5 }, "geometry": { "type": "Point", "coordinates": [ -108.543436020850919, 52.5 ] } },
{ "type": "Feature", "properties": { "Longitude": -111.09728452348452, "Latitude": 54.0 }, "geometry": { "type": "Point", "coordinates": [ -111.097284523484518, 54.0 ] } },
{ "type": "Feature", "properties": { "Longitude": -113.64923694854065, "Latitude": 54.0 }, "geometry": { "type": "Point", "coordinates": [ -113.649236948540647, 54.0 ] } },
{ "type": "Feature", "properties": { "Longitude": -105.99337967337226, "Latitude": 54.0 }, "geometry": { "type": "Point", "coordinates": [ -105.99337967337226, 54.0 ] } },
{ "type": "Feature", "properties": { "Longitude": -108.54533209842839, "Latitude": 54.0 }, "geometry": { "type": "Point", "coordinates": [ -108.545332098428389, 54.0 ] } },
{ "type": "Feature", "properties": { "Longitude": -111.14482599672453, "Latitude": 55.5 }, "geometry": { "type": "Point", "coordinates": [ -111.144825996724535, 55.5 ] } },
{ "type": "Feature", "properties": { "Longitude": -125.17895734723163, "Latitude": 51.0 }, "geometry": { "type": "Point", "coordinates": [ -125.178957347231631, 51.0 ] } },
{ "type": "Feature", "properties": { "Longitude": -123.32755270619211, "Latitude": 52.5 }, "geometry": { "type": "Point", "coordinates": [ -123.327552706192108, 52.5 ] } },
{ "type": "Feature", "properties": { "Longitude": -125.79157215374897, "Latitude": 52.5 }, "geometry": { "type": "Point", "coordinates": [ -125.791572153748973, 52.5 ] } },
{ "type": "Feature", "properties": { "Longitude": -128.25559160130584, "Latitude": 52.5 }, "geometry": { "type": "Point", "coordinates": [ -128.255591601305838, 52.5 ] } },
{ "type": "Feature", "properties": { "Longitude": -128.96095149887742, "Latitude": 54.0 }, "geometry": { "type": "Point", "coordinates": [ -128.960951498877421, 54.0 ] } },
{ "type": "Feature", "properties": { "Longitude": -126.40899907382129, "Latitude": 54.0 }, "geometry": { "type": "Point", "coordinates": [ -126.408999073821292, 54.0 ] } },
{ "type": "Feature", "properties": { "Longitude": -123.85704664876516, "Latitude": 54.0 }, "geometry": { "type": "Point", "coordinates": [ -123.857046648765163, 54.0 ] } },
{ "type": "Feature", "properties": { "Longitude": -124.38620561273905, "Latitude": 55.5 }, "geometry": { "type": "Point", "coordinates": [ -124.386205612739047, 55.5 ] } },
{ "type": "Feature", "properties": { "Longitude": -129.68275745914485, "Latitude": 55.5 }, "geometry": { "type": "Point", "coordinates": [ -129.682757459144852, 55.5 ] } },
{ "type": "Feature", "properties": { "Longitude": -127.03448153594195, "Latitude": 55.5 }, "geometry": { "type": "Point", "coordinates": [ -127.03448153594195, 55.5 ] } },
{ "type": "Feature", "properties": { "Longitude": -116.44137784313034, "Latitude": 55.5 }, "geometry": { "type": "Point", "coordinates": [ -116.44137784313034, 55.5 ] } },
{ "type": "Feature", "properties": { "Longitude": -119.08965376633324, "Latitude": 55.5 }, "geometry": { "type": "Point", "coordinates": [ -119.089653766333242, 55.5 ] } },
{ "type": "Feature", "properties": { "Longitude": -122.16352854853508, "Latitude": 57.0 }, "geometry": { "type": "Point", "coordinates": [ -122.163528548535083, 57.0 ] } },
{ "type": "Feature", "properties": { "Longitude": -119.40941086037009, "Latitude": 57.0 }, "geometry": { "type": "Point", "coordinates": [ -119.409410860370087, 57.0 ] } },
{ "type": "Feature", "properties": { "Longitude": -116.65529317220509, "Latitude": 57.0 }, "geometry": { "type": "Point", "coordinates": [ -116.655293172205091, 57.0 ] } },
{ "type": "Feature", "properties": { "Longitude": -116.84193177077861, "Latitude": 58.5 }, "geometry": { "type": "Point", "coordinates": [ -116.841931770778615, 58.5 ] } },
{ "type": "Feature", "properties": { "Longitude": -119.71275305392504, "Latitude": 58.5 }, "geometry": { "type": "Point", "coordinates": [ -119.712753053925042, 58.5 ] } },
{ "type": "Feature", "properties": { "Longitude": -113.97111048763219, "Latitude": 58.5 }, "geometry": { "type": "Point", "coordinates": [ -113.971110487632188, 58.5 ] } },
{ "type": "Feature", "properties": { "Longitude": -120.0, "Latitude": 60.0 }, "geometry": { "type": "Point", "coordinates": [ -120.0, 60.0 ] } },
{ "type": "Feature", "properties": { "Longitude": -117.0, "Latitude": 60.0 }, "geometry": { "type": "Point", "coordinates": [ -117.0, 60.0 ] } },
{ "type": "Feature", "properties": { "Longitude": -113.79310191992744, "Latitude": 55.5 }, "geometry": { "type": "Point", "coordinates": [ -113.793101919927437, 55.5 ] } },
{ "type": "Feature", "properties": { "Longitude": -105.84827415031873, "Latitude": 55.5 }, "geometry": { "type": "Point", "coordinates": [ -105.84827415031873, 55.5 ] } },
{ "type": "Feature", "properties": { "Longitude": -108.49655007352163, "Latitude": 55.5 }, "geometry": { "type": "Point", "coordinates": [ -108.496550073521632, 55.5 ] } },
{ "type": "Feature", "properties": { "Longitude": -108.3929401077101, "Latitude": 57.0 }, "geometry": { "type": "Point", "coordinates": [ -108.392940107710103, 57.0 ] } },
{ "type": "Feature", "properties": { "Longitude": -111.1470577958751, "Latitude": 57.0 }, "geometry": { "type": "Point", "coordinates": [ -111.147057795875099, 57.0 ] } },
{ "type": "Feature", "properties": { "Longitude": -113.9011754840401, "Latitude": 57.0 }, "geometry": { "type": "Point", "coordinates": [ -113.901175484040095, 57.0 ] } },
{ "type": "Feature", "properties": { "Longitude": -105.63882241954511, "Latitude": 57.0 }, "geometry": { "type": "Point", "coordinates": [ -105.638822419545107, 57.0 ] } },
{ "type": "Feature", "properties": { "Longitude": -108.22946792133934, "Latitude": 58.5 }, "geometry": { "type": "Point", "coordinates": [ -108.229467921339335, 58.5 ] } },
{ "type": "Feature", "properties": { "Longitude": -111.10028920448576, "Latitude": 58.5 }, "geometry": { "type": "Point", "coordinates": [ -111.100289204485762, 58.5 ] } },
{ "type": "Feature", "properties": { "Longitude": -111.0, "Latitude": 60.0 }, "geometry": { "type": "Point", "coordinates": [ -111.0, 60.0 ] } },
{ "type": "Feature", "properties": { "Longitude": -124.91764623670008, "Latitude": 57.0 }, "geometry": { "type": "Point", "coordinates": [ -124.917646236700079, 57.0 ] } },
{ "type": "Feature", "properties": { "Longitude": -127.67176392486508, "Latitude": 57.0 }, "geometry": { "type": "Point", "coordinates": [ -127.671763924865076, 57.0 ] } },
{ "type": "Feature", "properties": { "Longitude": -130.42588161303007, "Latitude": 57.0 }, "geometry": { "type": "Point", "coordinates": [ -130.425881613030072, 57.0 ] } },
{ "type": "Feature", "properties": { "Longitude": -122.58357433707147, "Latitude": 58.5 }, "geometry": { "type": "Point", "coordinates": [ -122.583574337071468, 58.5 ] } },
{ "type": "Feature", "properties": { "Longitude": -125.45439562021789, "Latitude": 58.5 }, "geometry": { "type": "Point", "coordinates": [ -125.454395620217895, 58.5 ] } },
{ "type": "Feature", "properties": { "Longitude": -128.32521690336432, "Latitude": 58.5 }, "geometry": { "type": "Point", "coordinates": [ -128.325216903364321, 58.5 ] } },
{ "type": "Feature", "properties": { "Longitude": -123.0, "Latitude": 60.0 }, "geometry": { "type": "Point", "coordinates": [ -123.0, 60.0 ] } },
{ "type": "Feature", "properties": { "Longitude": -129.0, "Latitude": 60.0 }, "geometry": { "type": "Point", "coordinates": [ -129.0, 60.0 ] } },
{ "type": "Feature", "properties": { "Longitude": -126.0, "Latitude": 60.0 }, "geometry": { "type": "Point", "coordinates": [ -126.0, 60.0 ] } },
{ "type": "Feature", "properties": { "Longitude": -123.41505962227291, "Latitude": 61.5 }, "geometry": { "type": "Point", "coordinates": [ -123.415059622272906, 61.5 ] } },
{ "type": "Feature", "properties": { "Longitude": -108.0, "Latitude": 60.0 }, "geometry": { "type": "Point", "coordinates": [ -108.0, 60.0 ] } },
{ "type": "Feature", "properties": { "Longitude": -107.69702062845982, "Latitude": 61.5 }, "geometry": { "type": "Point", "coordinates": [ -107.697020628459825, 61.5 ] } },
{ "type": "Feature", "properties": { "Longitude": -110.84062842722244, "Latitude": 61.5 }, "geometry": { "type": "Point", "coordinates": [ -110.840628427222441, 61.5 ] } },
{ "type": "Feature", "properties": { "Longitude": -107.31125426868596, "Latitude": 63.0 }, "geometry": { "type": "Point", "coordinates": [ -107.311254268685957, 63.0 ] } },
{ "type": "Feature", "properties": { "Longitude": -110.61528816556387, "Latitude": 63.0 }, "geometry": { "type": "Point", "coordinates": [ -110.615288165563868, 63.0 ] } },
{ "type": "Feature", "properties": { "Longitude": -106.83115433369005, "Latitude": 64.5 }, "geometry": { "type": "Point", "coordinates": [ -106.831154333690051, 64.5 ] } },
{ "type": "Feature", "properties": { "Longitude": -110.31538507970481, "Latitude": 64.5 }, "geometry": { "type": "Point", "coordinates": [ -110.315385079704811, 64.5 ] } },
{ "type": "Feature", "properties": { "Longitude": -113.79961582571957, "Latitude": 64.5 }, "geometry": { "type": "Point", "coordinates": [ -113.79961582571957, 64.5 ] } },
{ "type": "Feature", "properties": { "Longitude": -109.93008993613415, "Latitude": 66.0 }, "geometry": { "type": "Point", "coordinates": [ -109.930089936134152, 66.0 ] } },
{ "type": "Feature", "properties": { "Longitude": -106.24219993277279, "Latitude": 66.0 }, "geometry": { "type": "Point", "coordinates": [ -106.242199932772792, 66.0 ] } },
{ "type": "Feature", "properties": { "Longitude": -114.0, "Latitude": 60.0 }, "geometry": { "type": "Point", "coordinates": [ -114.0, 60.0 ] } },
{ "type": "Feature", "properties": { "Longitude": -120.27145182351029, "Latitude": 61.5 }, "geometry": { "type": "Point", "coordinates": [ -120.27145182351029, 61.5 ] } },
{ "type": "Feature", "properties": { "Longitude": -113.98423622598506, "Latitude": 61.5 }, "geometry": { "type": "Point", "coordinates": [ -113.984236225985057, 61.5 ] } },
{ "type": "Feature", "properties": { "Longitude": -117.12784402474767, "Latitude": 61.5 }, "geometry": { "type": "Point", "coordinates": [ -117.127844024747674, 61.5 ] } },
{ "type": "Feature", "properties": { "Longitude": -117.22335595931969, "Latitude": 63.0 }, "geometry": { "type": "Point", "coordinates": [ -117.22335595931969, 63.0 ] } },
{ "type": "Feature", "properties": { "Longitude": -120.5273898561976, "Latitude": 63.0 }, "geometry": { "type": "Point", "coordinates": [ -120.527389856197601, 63.0 ] } },
{ "type": "Feature", "properties": { "Longitude": -113.91932206244178, "Latitude": 63.0 }, "geometry": { "type": "Point", "coordinates": [ -113.919322062441779, 63.0 ] } },
{ "type": "Feature", "properties": { "Longitude": -117.28384657173433, "Latitude": 64.5 }, "geometry": { "type": "Point", "coordinates": [ -117.28384657173433, 64.5 ] } },
{ "type": "Feature", "properties": { "Longitude": -120.76807731774909, "Latitude": 64.5 }, "geometry": { "type": "Point", "coordinates": [ -120.768077317749089, 64.5 ] } },
{ "type": "Feature", "properties": { "Longitude": -117.30586994285687, "Latitude": 66.0 }, "geometry": { "type": "Point", "coordinates": [ -117.305869942856873, 66.0 ] } },
{ "type": "Feature", "properties": { "Longitude": -113.61797993949551, "Latitude": 66.0 }, "geometry": { "type": "Point", "coordinates": [ -113.617979939495513, 66.0 ] } },
{ "type": "Feature", "properties": { "Longitude": -109.44559989667562, "Latitude": 67.5 }, "geometry": { "type": "Point", "coordinates": [ -109.445599896675617, 67.5 ] } },
{ "type": "Feature", "properties": { "Longitude": -113.36528879130475, "Latitude": 67.5 }, "geometry": { "type": "Point", "coordinates": [ -113.365288791304749, 67.5 ] } },
{ "type": "Feature", "properties": { "Longitude": -108.84408320455387, "Latitude": 69.0 }, "geometry": { "type": "Point", "coordinates": [ -108.844083204553868, 69.0 ] } },
{ "type": "Feature", "properties": { "Longitude": -113.02972536899188, "Latitude": 69.0 }, "geometry": { "type": "Point", "coordinates": [ -113.029725368991876, 69.0 ] } },
{ "type": "Feature", "properties": { "Longitude": -112.59575297030409, "Latitude": 70.5 }, "geometry": { "type": "Point", "coordinates": [ -112.59575297030409, 70.5 ] } },
{ "type": "Feature", "properties": { "Longitude": -108.1021365016577, "Latitude": 70.5 }, "geometry": { "type": "Point", "coordinates": [ -108.102136501657696, 70.5 ] } },
{ "type": "Feature", "properties": { "Longitude": -107.1884705062547, "Latitude": 72.0 }, "geometry": { "type": "Point", "coordinates": [ -107.188470506254703, 72.0 ] } },
{ "type": "Feature", "properties": { "Longitude": -112.04257247250439, "Latitude": 72.0 }, "geometry": { "type": "Point", "coordinates": [ -112.042572472504389, 72.0 ] } },
{ "type": "Feature", "properties": { "Longitude": -106.06033303625958, "Latitude": 73.5 }, "geometry": { "type": "Point", "coordinates": [ -106.060333036259578, 73.5 ] } },
{ "type": "Feature", "properties": { "Longitude": -120.99375994621823, "Latitude": 66.0 }, "geometry": { "type": "Point", "coordinates": [ -120.993759946218233, 66.0 ] } },
{ "type": "Feature", "properties": { "Longitude": -117.28497768593388, "Latitude": 67.5 }, "geometry": { "type": "Point", "coordinates": [ -117.284977685933882, 67.5 ] } },
{ "type": "Feature", "properties": { "Longitude": -121.20466658056301, "Latitude": 67.5 }, "geometry": { "type": "Point", "coordinates": [ -121.204666580563014, 67.5 ] } },
{ "type": "Feature", "properties": { "Longitude": -121.40100969786789, "Latitude": 69.0 }, "geometry": { "type": "Point", "coordinates": [ -121.401009697867892, 69.0 ] } },
{ "type": "Feature", "properties": { "Longitude": -116.89667443875408, "Latitude": 72.0 }, "geometry": { "type": "Point", "coordinates": [ -116.896674438754076, 72.0 ] } },
{ "type": "Feature", "properties": { "Longitude": -121.75077640500376, "Latitude": 72.0 }, "geometry": { "type": "Point", "coordinates": [ -121.750776405003762, 72.0 ] } },
{ "type": "Feature", "properties": { "Longitude": -116.62314260250821, "Latitude": 73.5 }, "geometry": { "type": "Point", "coordinates": [ -116.62314260250821, 73.5 ] } },
{ "type": "Feature", "properties": { "Longitude": -101.60622210741735, "Latitude": 67.5 }, "geometry": { "type": "Point", "coordinates": [ -101.606222107417352, 67.5 ] } },
{ "type": "Feature", "properties": { "Longitude": -105.52591100204648, "Latitude": 67.5 }, "geometry": { "type": "Point", "coordinates": [ -105.525911002046485, 67.5 ] } },
{ "type": "Feature", "properties": { "Longitude": -97.68653321278822, "Latitude": 67.5 }, "geometry": { "type": "Point", "coordinates": [ -97.68653321278822, 67.5 ] } },
{ "type": "Feature", "properties": { "Longitude": -104.65844104011586, "Latitude": 69.0 }, "geometry": { "type": "Point", "coordinates": [ -104.658441040115861, 69.0 ] } },
{ "type": "Feature", "properties": { "Longitude": -103.6085200330113, "Latitude": 70.5 }, "geometry": { "type": "Point", "coordinates": [ -103.608520033011303, 70.5 ] } },
{ "type": "Feature", "properties": { "Longitude": -97.48026657375533, "Latitude": 72.0 }, "geometry": { "type": "Point", "coordinates": [ -97.48026657375533, 72.0 ] } },
{ "type": "Feature", "properties": { "Longitude": -100.77892825313526, "Latitude": 73.5 }, "geometry": { "type": "Point", "coordinates": [ -100.778928253135263, 73.5 ] } },
{ "type": "Feature", "properties": { "Longitude": -71.583144307497946, "Latitude": 52.5 }, "geometry": { "type": "Point", "coordinates": [ -71.583144307497946, 52.5 ] } },
{ "type": "Feature", "properties": { "Longitude": -66.655105412384216, "Latitude": 52.5 }, "geometry": { "type": "Point", "coordinates": [ -66.655105412384216, 52.5 ] } },
{ "type": "Feature", "properties": { "Longitude": -64.191085964827352, "Latitude": 52.5 }, "geometry": { "type": "Point", "coordinates": [ -64.191085964827352, 52.5 ] } },
{ "type": "Feature", "properties": { "Longitude": -67.714093297530326, "Latitude": 54.0 }, "geometry": { "type": "Point", "coordinates": [ -67.714093297530326, 54.0 ] } },
{ "type": "Feature", "properties": { "Longitude": -65.162140872474197, "Latitude": 54.0 }, "geometry": { "type": "Point", "coordinates": [ -65.162140872474197, 54.0 ] } },
{ "type": "Feature", "properties": { "Longitude": -70.266045722586455, "Latitude": 54.0 }, "geometry": { "type": "Point", "coordinates": [ -70.266045722586455, 54.0 ] } },
{ "type": "Feature", "properties": { "Longitude": -71.420687148680997, "Latitude": 55.5 }, "geometry": { "type": "Point", "coordinates": [ -71.420687148680997, 55.5 ] } },
{ "type": "Feature", "properties": { "Longitude": -68.772411225478095, "Latitude": 55.5 }, "geometry": { "type": "Point", "coordinates": [ -68.772411225478095, 55.5 ] } },
{ "type": "Feature", "properties": { "Longitude": -66.124135302275192, "Latitude": 55.5 }, "geometry": { "type": "Point", "coordinates": [ -66.124135302275192, 55.5 ] } },
{ "type": "Feature", "properties": { "Longitude": -69.835292473400159, "Latitude": 57.0 }, "geometry": { "type": "Point", "coordinates": [ -69.835292473400159, 57.0 ] } },
{ "type": "Feature", "properties": { "Longitude": -62.610188447418068, "Latitude": 54.0 }, "geometry": { "type": "Point", "coordinates": [ -62.610188447418068, 54.0 ] } },
{ "type": "Feature", "properties": { "Longitude": -60.058236022361939, "Latitude": 54.0 }, "geometry": { "type": "Point", "coordinates": [ -60.058236022361939, 54.0 ] } },
{ "type": "Feature", "properties": { "Longitude": -57.50628359730581, "Latitude": 54.0 }, "geometry": { "type": "Point", "coordinates": [ -57.50628359730581, 54.0 ] } },
{ "type": "Feature", "properties": { "Longitude": -63.47585937907229, "Latitude": 55.5 }, "geometry": { "type": "Point", "coordinates": [ -63.47585937907229, 55.5 ] } },
{ "type": "Feature", "properties": { "Longitude": -60.827583455869387, "Latitude": 55.5 }, "geometry": { "type": "Point", "coordinates": [ -60.827583455869387, 55.5 ] } },
{ "type": "Feature", "properties": { "Longitude": -61.572939408905171, "Latitude": 57.0 }, "geometry": { "type": "Point", "coordinates": [ -61.572939408905171, 57.0 ] } },
{ "type": "Feature", "properties": { "Longitude": -74.0689630718839, "Latitude": 55.5 }, "geometry": { "type": "Point", "coordinates": [ -74.0689630718839, 55.5 ] } },
{ "type": "Feature", "properties": { "Longitude": -75.343527849730151, "Latitude": 57.0 }, "geometry": { "type": "Point", "coordinates": [ -75.343527849730151, 57.0 ] } },
{ "type": "Feature", "properties": { "Longitude": -72.589410161565155, "Latitude": 57.0 }, "geometry": { "type": "Point", "coordinates": [ -72.589410161565155, 57.0 ] } },
{ "type": "Feature", "properties": { "Longitude": -73.779612523582216, "Latitude": 58.5 }, "geometry": { "type": "Point", "coordinates": [ -73.779612523582216, 58.5 ] } },
{ "type": "Feature", "properties": { "Longitude": -76.650433806728643, "Latitude": 58.5 }, "geometry": { "type": "Point", "coordinates": [ -76.650433806728643, 58.5 ] } },
{ "type": "Feature", "properties": { "Longitude": -75.0, "Latitude": 60.0 }, "geometry": { "type": "Point", "coordinates": [ -75.0, 60.0 ] } },
{ "type": "Feature", "properties": { "Longitude": -64.327057097070167, "Latitude": 57.0 }, "geometry": { "type": "Point", "coordinates": [ -64.327057097070167, 57.0 ] } },
{ "type": "Feature", "properties": { "Longitude": -67.081174785235163, "Latitude": 57.0 }, "geometry": { "type": "Point", "coordinates": [ -67.081174785235163, 57.0 ] } },
{ "type": "Feature", "properties": { "Longitude": -65.167148674142936, "Latitude": 58.5 }, "geometry": { "type": "Point", "coordinates": [ -65.167148674142936, 58.5 ] } },
{ "type": "Feature", "properties": { "Longitude": -70.908791240435789, "Latitude": 58.5 }, "geometry": { "type": "Point", "coordinates": [ -70.908791240435789, 58.5 ] } },
{ "type": "Feature", "properties": { "Longitude": -68.037969957289363, "Latitude": 58.5 }, "geometry": { "type": "Point", "coordinates": [ -68.037969957289363, 58.5 ] } },
{ "type": "Feature", "properties": { "Longitude": -72.0, "Latitude": 60.0 }, "geometry": { "type": "Point", "coordinates": [ -72.0, 60.0 ] } },
{ "type": "Feature", "properties": { "Longitude": -73.117334842071045, "Latitude": 61.5 }, "geometry": { "type": "Point", "coordinates": [ -73.117334842071045, 61.5 ] } },
{ "type": "Feature", "properties": { "Longitude": -76.260942640833662, "Latitude": 61.5 }, "geometry": { "type": "Point", "coordinates": [ -76.260942640833662, 61.5 ] } },
{ "type": "Feature", "properties": { "Longitude": -71.988846873542457, "Latitude": 64.5 }, "geometry": { "type": "Point", "coordinates": [ -71.988846873542457, 64.5 ] } },
{ "type": "Feature", "properties": { "Longitude": -75.473077619557216, "Latitude": 64.5 }, "geometry": { "type": "Point", "coordinates": [ -75.473077619557216, 64.5 ] } },
{ "type": "Feature", "properties": { "Longitude": -73.051189902520548, "Latitude": 66.0 }, "geometry": { "type": "Point", "coordinates": [ -73.051189902520548, 66.0 ] } },
{ "type": "Feature", "properties": { "Longitude": -47.968472451970115, "Latitude": 61.5 }, "geometry": { "type": "Point", "coordinates": [ -47.968472451970115, 61.5 ] } },
{ "type": "Feature", "properties": { "Longitude": -47.838644124883558, "Latitude": 63.0 }, "geometry": { "type": "Point", "coordinates": [ -47.838644124883558, 63.0 ] } },
{ "type": "Feature", "properties": { "Longitude": -47.59923165143914, "Latitude": 64.5 }, "geometry": { "type": "Point", "coordinates": [ -47.59923165143914, 64.5 ] } },
{ "type": "Feature", "properties": { "Longitude": -51.0834623974539, "Latitude": 64.5 }, "geometry": { "type": "Point", "coordinates": [ -51.0834623974539, 64.5 ] } },
{ "type": "Feature", "properties": { "Longitude": -50.923849882352386, "Latitude": 66.0 }, "geometry": { "type": "Point", "coordinates": [ -50.923849882352386, 66.0 ] } },
{ "type": "Feature", "properties": { "Longitude": -67.662847506151024, "Latitude": 63.0 }, "geometry": { "type": "Point", "coordinates": [ -67.662847506151024, 63.0 ] } },
{ "type": "Feature", "properties": { "Longitude": -70.966881403028935, "Latitude": 63.0 }, "geometry": { "type": "Point", "coordinates": [ -70.966881403028935, 63.0 ] } },
{ "type": "Feature", "properties": { "Longitude": -68.504616127527697, "Latitude": 64.5 }, "geometry": { "type": "Point", "coordinates": [ -68.504616127527697, 64.5 ] } },
{ "type": "Feature", "properties": { "Longitude": -69.363299899159188, "Latitude": 66.0 }, "geometry": { "type": "Point", "coordinates": [ -69.363299899159188, 66.0 ] } },
{ "type": "Feature", "properties": { "Longitude": -65.675409895797827, "Latitude": 66.0 }, "geometry": { "type": "Point", "coordinates": [ -65.675409895797827, 66.0 ] } },
{ "type": "Feature", "properties": { "Longitude": -70.248710950384293, "Latitude": 67.5 }, "geometry": { "type": "Point", "coordinates": [ -70.248710950384293, 67.5 ] } },
{ "type": "Feature", "properties": { "Longitude": -66.329022055755161, "Latitude": 67.5 }, "geometry": { "type": "Point", "coordinates": [ -66.329022055755161, 67.5 ] } },
{ "type": "Feature", "properties": { "Longitude": -71.173303724611799, "Latitude": 69.0 }, "geometry": { "type": "Point", "coordinates": [ -71.173303724611799, 69.0 ] } },
{ "type": "Feature", "properties": { "Longitude": -75.358945889049807, "Latitude": 69.0 }, "geometry": { "type": "Point", "coordinates": [ -75.358945889049807, 69.0 ] } },
{ "type": "Feature", "properties": { "Longitude": -76.646821221132939, "Latitude": 70.5 }, "geometry": { "type": "Point", "coordinates": [ -76.646821221132939, 70.5 ] } },
{ "type": "Feature", "properties": { "Longitude": -72.153204752486545, "Latitude": 70.5 }, "geometry": { "type": "Point", "coordinates": [ -72.153204752486545, 70.5 ] } },
{ "type": "Feature", "properties": { "Longitude": -78.063858708756584, "Latitude": 72.0 }, "geometry": { "type": "Point", "coordinates": [ -78.063858708756584, 72.0 ] } },
{ "type": "Feature", "properties": { "Longitude": -79.653309120637999, "Latitude": 73.5 }, "geometry": { "type": "Point", "coordinates": [ -79.653309120637999, 73.5 ] } },
{ "type": "Feature", "properties": { "Longitude": -79.89200906885776, "Latitude": 51.0 }, "geometry": { "type": "Point", "coordinates": [ -79.89200906885776, 51.0 ] } },
{ "type": "Feature", "properties": { "Longitude": -75.124961881660511, "Latitude": 51.0 }, "geometry": { "type": "Point", "coordinates": [ -75.124961881660511, 51.0 ] } },
{ "type": "Feature", "properties": { "Longitude": -72.741438288061886, "Latitude": 51.0 }, "geometry": { "type": "Point", "coordinates": [ -72.741438288061886, 51.0 ] } },
{ "type": "Feature", "properties": { "Longitude": -76.511183202611676, "Latitude": 52.5 }, "geometry": { "type": "Point", "coordinates": [ -76.511183202611676, 52.5 ] } },
{ "type": "Feature", "properties": { "Longitude": -74.047163755054811, "Latitude": 52.5 }, "geometry": { "type": "Point", "coordinates": [ -74.047163755054811, 52.5 ] } },
{ "type": "Feature", "properties": { "Longitude": -77.921902997754842, "Latitude": 54.0 }, "geometry": { "type": "Point", "coordinates": [ -77.921902997754842, 54.0 ] } },
{ "type": "Feature", "properties": { "Longitude": -72.817998147642584, "Latitude": 54.0 }, "geometry": { "type": "Point", "coordinates": [ -72.817998147642584, 54.0 ] } },
{ "type": "Feature", "properties": { "Longitude": -75.369950572698713, "Latitude": 54.0 }, "geometry": { "type": "Point", "coordinates": [ -75.369950572698713, 54.0 ] } },
{ "type": "Feature", "properties": { "Longitude": -76.717238995086802, "Latitude": 55.5 }, "geometry": { "type": "Point", "coordinates": [ -76.717238995086802, 55.5 ] } },
{ "type": "Feature", "properties": { "Longitude": -87.310342687898412, "Latitude": 55.5 }, "geometry": { "type": "Point", "coordinates": [ -87.310342687898412, 55.5 ] } },
{ "type": "Feature", "properties": { "Longitude": -92.606894534304217, "Latitude": 55.5 }, "geometry": { "type": "Point", "coordinates": [ -92.606894534304217, 55.5 ] } },
{ "type": "Feature", "properties": { "Longitude": -89.958618611101315, "Latitude": 55.5 }, "geometry": { "type": "Point", "coordinates": [ -89.958618611101315, 55.5 ] } },
{ "type": "Feature", "properties": { "Longitude": -94.622351666885123, "Latitude": 57.0 }, "geometry": { "type": "Point", "coordinates": [ -94.622351666885123, 57.0 ] } },
{ "type": "Feature", "properties": { "Longitude": -91.868233978720127, "Latitude": 57.0 }, "geometry": { "type": "Point", "coordinates": [ -91.868233978720127, 57.0 ] } },
{ "type": "Feature", "properties": { "Longitude": -96.746182788753629, "Latitude": 58.5 }, "geometry": { "type": "Point", "coordinates": [ -96.746182788753629, 58.5 ] } },
{ "type": "Feature", "properties": { "Longitude": -93.875361505607202, "Latitude": 58.5 }, "geometry": { "type": "Point", "coordinates": [ -93.875361505607202, 58.5 ] } },
{ "type": "Feature", "properties": { "Longitude": -96.0, "Latitude": 60.0 }, "geometry": { "type": "Point", "coordinates": [ -96.0, 60.0 ] } },
{ "type": "Feature", "properties": { "Longitude": -100.55172230391292, "Latitude": 55.5 }, "geometry": { "type": "Point", "coordinates": [ -100.551722303912925, 55.5 ] } },
{ "type": "Feature", "properties": { "Longitude": -97.376469355050119, "Latitude": 57.0 }, "geometry": { "type": "Point", "coordinates": [ -97.376469355050119, 57.0 ] } },
{ "type": "Feature", "properties": { "Longitude": -102.88470473138011, "Latitude": 57.0 }, "geometry": { "type": "Point", "coordinates": [ -102.884704731380111, 57.0 ] } },
{ "type": "Feature", "properties": { "Longitude": -100.13058704321512, "Latitude": 57.0 }, "geometry": { "type": "Point", "coordinates": [ -100.130587043215115, 57.0 ] } },
{ "type": "Feature", "properties": { "Longitude": -99.617004071900055, "Latitude": 58.5 }, "geometry": { "type": "Point", "coordinates": [ -99.617004071900055, 58.5 ] } },
{ "type": "Feature", "properties": { "Longitude": -105.35864663819291, "Latitude": 58.5 }, "geometry": { "type": "Point", "coordinates": [ -105.358646638192909, 58.5 ] } },
{ "type": "Feature", "properties": { "Longitude": -102.48782535504648, "Latitude": 58.5 }, "geometry": { "type": "Point", "coordinates": [ -102.487825355046482, 58.5 ] } },
{ "type": "Feature", "properties": { "Longitude": -99.0, "Latitude": 60.0 }, "geometry": { "type": "Point", "coordinates": [ -99.0, 60.0 ] } },
{ "type": "Feature", "properties": { "Longitude": -102.0, "Latitude": 60.0 }, "geometry": { "type": "Point", "coordinates": [ -102.0, 60.0 ] } },
{ "type": "Feature", "properties": { "Longitude": -105.0, "Latitude": 60.0 }, "geometry": { "type": "Point", "coordinates": [ -105.0, 60.0 ] } },
{ "type": "Feature", "properties": { "Longitude": -95.12258943340936, "Latitude": 61.5 }, "geometry": { "type": "Point", "coordinates": [ -95.12258943340936, 61.5 ] } },
{ "type": "Feature", "properties": { "Longitude": -94.095118681174313, "Latitude": 63.0 }, "geometry": { "type": "Point", "coordinates": [ -94.095118681174313, 63.0 ] } },
{ "type": "Feature", "properties": { "Longitude": -90.791084784296402, "Latitude": 63.0 }, "geometry": { "type": "Point", "coordinates": [ -90.791084784296402, 63.0 ] } },
{ "type": "Feature", "properties": { "Longitude": -92.894231349631013, "Latitude": 64.5 }, "geometry": { "type": "Point", "coordinates": [ -92.894231349631013, 64.5 ] } },
{ "type": "Feature", "properties": { "Longitude": -96.378462095645773, "Latitude": 64.5 }, "geometry": { "type": "Point", "coordinates": [ -96.378462095645773, 64.5 ] } },
{ "type": "Feature", "properties": { "Longitude": -89.410000603616254, "Latitude": 64.5 }, "geometry": { "type": "Point", "coordinates": [ -89.410000603616254, 64.5 ] } },
{ "type": "Feature", "properties": { "Longitude": -95.17852992268871, "Latitude": 66.0 }, "geometry": { "type": "Point", "coordinates": [ -95.17852992268871, 66.0 ] } },
{ "type": "Feature", "properties": { "Longitude": -82.441539111586735, "Latitude": 64.5 }, "geometry": { "type": "Point", "coordinates": [ -82.441539111586735, 64.5 ] } },
{ "type": "Feature", "properties": { "Longitude": -85.925769857601495, "Latitude": 64.5 }, "geometry": { "type": "Point", "coordinates": [ -85.925769857601495, 64.5 ] } },
{ "type": "Feature", "properties": { "Longitude": -87.80274991596599, "Latitude": 66.0 }, "geometry": { "type": "Point", "coordinates": [ -87.80274991596599, 66.0 ] } },
{ "type": "Feature", "properties": { "Longitude": -101.40980503093459, "Latitude": 61.5 }, "geometry": { "type": "Point", "coordinates": [ -101.409805030934592, 61.5 ] } },
{ "type": "Feature", "properties": { "Longitude": -98.266197232171976, "Latitude": 61.5 }, "geometry": { "type": "Point", "coordinates": [ -98.266197232171976, 61.5 ] } },
{ "type": "Feature", "properties": { "Longitude": -104.55341282969721, "Latitude": 61.5 }, "geometry": { "type": "Point", "coordinates": [ -104.553412829697209, 61.5 ] } },
{ "type": "Feature", "properties": { "Longitude": -97.399152578052224, "Latitude": 63.0 }, "geometry": { "type": "Point", "coordinates": [ -97.399152578052224, 63.0 ] } },
{ "type": "Feature", "properties": { "Longitude": -104.00722037180805, "Latitude": 63.0 }, "geometry": { "type": "Point", "coordinates": [ -104.007220371808046, 63.0 ] } },
{ "type": "Feature", "properties": { "Longitude": -100.70318647493013, "Latitude": 63.0 }, "geometry": { "type": "Point", "coordinates": [ -100.703186474930135, 63.0 ] } },
{ "type": "Feature", "properties": { "Longitude": -99.862692841660532, "Latitude": 64.5 }, "geometry": { "type": "Point", "coordinates": [ -99.862692841660532, 64.5 ] } },
{ "type": "Feature", "properties": { "Longitude": -103.34692358767529, "Latitude": 64.5 }, "geometry": { "type": "Point", "coordinates": [ -103.346923587675292, 64.5 ] } },
{ "type": "Feature", "properties": { "Longitude": -102.55430992941143, "Latitude": 66.0 }, "geometry": { "type": "Point", "coordinates": [ -102.554309929411431, 66.0 ] } },
{ "type": "Feature", "properties": { "Longitude": -98.866419926050071, "Latitude": 66.0 }, "geometry": { "type": "Point", "coordinates": [ -98.866419926050071, 66.0 ] } },
{ "type": "Feature", "properties": { "Longitude": -85.927466528900823, "Latitude": 67.5 }, "geometry": { "type": "Point", "coordinates": [ -85.927466528900823, 67.5 ] } },
{ "type": "Feature", "properties": { "Longitude": -82.00777763427169, "Latitude": 67.5 }, "geometry": { "type": "Point", "coordinates": [ -82.00777763427169, 67.5 ] } },
{ "type": "Feature", "properties": { "Longitude": -83.730230217925822, "Latitude": 69.0 }, "geometry": { "type": "Point", "coordinates": [ -83.730230217925822, 69.0 ] } },
{ "type": "Feature", "properties": { "Longitude": -81.140437689779333, "Latitude": 70.5 }, "geometry": { "type": "Point", "coordinates": [ -81.140437689779333, 70.5 ] } },
{ "type": "Feature", "properties": { "Longitude": -85.634054158425727, "Latitude": 70.5 }, "geometry": { "type": "Point", "coordinates": [ -85.634054158425727, 70.5 ] } },
{ "type": "Feature", "properties": { "Longitude": -87.772062641255957, "Latitude": 72.0 }, "geometry": { "type": "Point", "coordinates": [ -87.772062641255957, 72.0 ] } },
{ "type": "Feature", "properties": { "Longitude": -82.91796067500627, "Latitude": 72.0 }, "geometry": { "type": "Point", "coordinates": [ -82.91796067500627, 72.0 ] } },
{ "type": "Feature", "properties": { "Longitude": -91.49063991932735, "Latitude": 66.0 }, "geometry": { "type": "Point", "coordinates": [ -91.49063991932735, 66.0 ] } },
{ "type": "Feature", "properties": { "Longitude": -89.847155423529955, "Latitude": 67.5 }, "geometry": { "type": "Point", "coordinates": [ -89.847155423529955, 67.5 ] } },
{ "type": "Feature", "properties": { "Longitude": -93.766844318159087, "Latitude": 67.5 }, "geometry": { "type": "Point", "coordinates": [ -93.766844318159087, 67.5 ] } },
{ "type": "Feature", "properties": { "Longitude": -96.287156711239845, "Latitude": 69.0 }, "geometry": { "type": "Point", "coordinates": [ -96.287156711239845, 69.0 ] } },
{ "type": "Feature", "properties": { "Longitude": -92.101514546801837, "Latitude": 69.0 }, "geometry": { "type": "Point", "coordinates": [ -92.101514546801837, 69.0 ] } },
{ "type": "Feature", "properties": { "Longitude": -94.621287095718515, "Latitude": 70.5 }, "geometry": { "type": "Point", "coordinates": [ -94.621287095718515, 70.5 ] } },
{ "type": "Feature", "properties": { "Longitude": -95.497523470010947, "Latitude": 73.5 }, "geometry": { "type": "Point", "coordinates": [ -95.497523470010947, 73.5 ] } },
{ "type": "Feature", "properties": { "Longitude": -78.995578760373292, "Latitude": 78.0 }, "geometry": { "type": "Point", "coordinates": [ -78.995578760373292, 78.0 ] } },
{ "type": "Feature", "properties": { "Longitude": -74.524521845255691, "Latitude": 81.0 }, "geometry": { "type": "Point", "coordinates": [ -74.524521845255691, 81.0 ] } },
{ "type": "Feature", "properties": { "Longitude": -76.572482730204825, "Latitude": 82.5 }, "geometry": { "type": "Point", "coordinates": [ -76.572482730204825, 82.5 ] } },
{ "type": "Feature", "properties": { "Longitude": -44.824864653207499, "Latitude": 61.5 }, "geometry": { "type": "Point", "coordinates": [ -44.824864653207499, 61.5 ] } },
{ "type": "Feature", "properties": { "Longitude": -44.534610228005647, "Latitude": 63.0 }, "geometry": { "type": "Point", "coordinates": [ -44.534610228005647, 63.0 ] } },
{ "type": "Feature", "properties": { "Longitude": -44.115000905424381, "Latitude": 64.5 }, "geometry": { "type": "Point", "coordinates": [ -44.115000905424381, 64.5 ] } },
{ "type": "Feature", "properties": { "Longitude": -43.548069875629665, "Latitude": 66.0 }, "geometry": { "type": "Point", "coordinates": [ -43.548069875629665, 66.0 ] } },
{ "type": "Feature", "properties": { "Longitude": -39.860179872268304, "Latitude": 66.0 }, "geometry": { "type": "Point", "coordinates": [ -39.860179872268304, 66.0 ] } },
{ "type": "Feature", "properties": { "Longitude": -46.730577582609499, "Latitude": 67.5 }, "geometry": { "type": "Point", "coordinates": [ -46.730577582609499, 67.5 ] } },
{ "type": "Feature", "properties": { "Longitude": -47.235959878991025, "Latitude": 66.0 }, "geometry": { "type": "Point", "coordinates": [ -47.235959878991025, 66.0 ] } },
{ "type": "Feature", "properties": { "Longitude": -50.650266477238631, "Latitude": 67.5 }, "geometry": { "type": "Point", "coordinates": [ -50.650266477238631, 67.5 ] } },
{ "type": "Feature", "properties": { "Longitude": -50.24509290242176, "Latitude": 69.0 }, "geometry": { "type": "Point", "coordinates": [ -50.24509290242176, 69.0 ] } },
{ "type": "Feature", "properties": { "Longitude": -49.685122409254575, "Latitude": 70.5 }, "geometry": { "type": "Point", "coordinates": [ -49.685122409254575, 70.5 ] } },
{ "type": "Feature", "properties": { "Longitude": -54.178738877900969, "Latitude": 70.5 }, "geometry": { "type": "Point", "coordinates": [ -54.178738877900969, 70.5 ] } },
{ "type": "Feature", "properties": { "Longitude": -53.793348877508151, "Latitude": 72.0 }, "geometry": { "type": "Point", "coordinates": [ -53.793348877508151, 72.0 ] } },
{ "type": "Feature", "properties": { "Longitude": -48.939246911258465, "Latitude": 72.0 }, "geometry": { "type": "Point", "coordinates": [ -48.939246911258465, 72.0 ] } },
{ "type": "Feature", "properties": { "Longitude": -34.971510898722102, "Latitude": 67.5 }, "geometry": { "type": "Point", "coordinates": [ -34.971510898722102, 67.5 ] } },
{ "type": "Feature", "properties": { "Longitude": -33.502524244669729, "Latitude": 69.0 }, "geometry": { "type": "Point", "coordinates": [ -33.502524244669729, 69.0 ] } },
{ "type": "Feature", "properties": { "Longitude": -37.688166409107737, "Latitude": 69.0 }, "geometry": { "type": "Point", "coordinates": [ -37.688166409107737, 69.0 ] } },
{ "type": "Feature", "properties": { "Longitude": -36.204273003315393, "Latitude": 70.5 }, "geometry": { "type": "Point", "coordinates": [ -36.204273003315393, 70.5 ] } },
{ "type": "Feature", "properties": { "Longitude": -31.710656534668999, "Latitude": 70.5 }, "geometry": { "type": "Point", "coordinates": [ -31.710656534668999, 70.5 ] } },
{ "type": "Feature", "properties": { "Longitude": -34.376941012509405, "Latitude": 72.0 }, "geometry": { "type": "Point", "coordinates": [ -34.376941012509405, 72.0 ] } },
{ "type": "Feature", "properties": { "Longitude": -37.402070855643473, "Latitude": 73.5 }, "geometry": { "type": "Point", "coordinates": [ -37.402070855643473, 73.5 ] } },
{ "type": "Feature", "properties": { "Longitude": -32.120666072519157, "Latitude": 73.5 }, "geometry": { "type": "Point", "coordinates": [ -32.120666072519157, 73.5 ] } },
{ "type": "Feature", "properties": { "Longitude": -42.810888687980366, "Latitude": 67.5 }, "geometry": { "type": "Point", "coordinates": [ -42.810888687980366, 67.5 ] } },
{ "type": "Feature", "properties": { "Longitude": -38.891199793351234, "Latitude": 67.5 }, "geometry": { "type": "Point", "coordinates": [ -38.891199793351234, 67.5 ] } },
{ "type": "Feature", "properties": { "Longitude": -41.873808573545745, "Latitude": 69.0 }, "geometry": { "type": "Point", "coordinates": [ -41.873808573545745, 69.0 ] } },
{ "type": "Feature", "properties": { "Longitude": -46.059450737983752, "Latitude": 69.0 }, "geometry": { "type": "Point", "coordinates": [ -46.059450737983752, 69.0 ] } },
{ "type": "Feature", "properties": { "Longitude": -45.191505940608181, "Latitude": 70.5 }, "geometry": { "type": "Point", "coordinates": [ -45.191505940608181, 70.5 ] } },
{ "type": "Feature", "properties": { "Longitude": -40.697889471961787, "Latitude": 70.5 }, "geometry": { "type": "Point", "coordinates": [ -40.697889471961787, 70.5 ] } },
{ "type": "Feature", "properties": { "Longitude": -39.231042978759092, "Latitude": 72.0 }, "geometry": { "type": "Point", "coordinates": [ -39.231042978759092, 72.0 ] } },
{ "type": "Feature", "properties": { "Longitude": -44.085144945008778, "Latitude": 72.0 }, "geometry": { "type": "Point", "coordinates": [ -44.085144945008778, 72.0 ] } },
{ "type": "Feature", "properties": { "Longitude": -42.683475638767788, "Latitude": 73.5 }, "geometry": { "type": "Point", "coordinates": [ -42.683475638767788, 73.5 ] } },
{ "type": "Feature", "properties": { "Longitude": -46.702235972108895, "Latitude": 75.0 }, "geometry": { "type": "Point", "coordinates": [ -46.702235972108895, 75.0 ] } },
{ "type": "Feature", "properties": { "Longitude": -47.964880421892104, "Latitude": 73.5 }, "geometry": { "type": "Point", "coordinates": [ -47.964880421892104, 73.5 ] } },
{ "type": "Feature", "properties": { "Longitude": -53.24628520501642, "Latitude": 73.5 }, "geometry": { "type": "Point", "coordinates": [ -53.24628520501642, 73.5 ] } },
{ "type": "Feature", "properties": { "Longitude": -52.497790929843291, "Latitude": 75.0 }, "geometry": { "type": "Point", "coordinates": [ -52.497790929843291, 75.0 ] } },
{ "type": "Feature", "properties": { "Longitude": -51.490272908064298, "Latitude": 76.5 }, "geometry": { "type": "Point", "coordinates": [ -51.490272908064298, 76.5 ] } },
{ "type": "Feature", "properties": { "Longitude": -50.137172691908518, "Latitude": 78.0 }, "geometry": { "type": "Point", "coordinates": [ -50.137172691908518, 78.0 ] } },
{ "type": "Feature", "properties": { "Longitude": -48.30229761631108, "Latitude": 79.5 }, "geometry": { "type": "Point", "coordinates": [ -48.30229761631108, 79.5 ] } },
{ "type": "Feature", "properties": { "Longitude": -64.341245617257869, "Latitude": 76.5 }, "geometry": { "type": "Point", "coordinates": [ -64.341245617257869, 76.5 ] } },
{ "type": "Feature", "properties": { "Longitude": -64.566375726140905, "Latitude": 78.0 }, "geometry": { "type": "Point", "coordinates": [ -64.566375726140905, 78.0 ] } },
{ "type": "Feature", "properties": { "Longitude": -57.915759262661084, "Latitude": 76.5 }, "geometry": { "type": "Point", "coordinates": [ -57.915759262661084, 76.5 ] } },
{ "type": "Feature", "properties": { "Longitude": -57.351774209024711, "Latitude": 78.0 }, "geometry": { "type": "Point", "coordinates": [ -57.351774209024711, 78.0 ] } },
{ "type": "Feature", "properties": { "Longitude": -56.533404015291637, "Latitude": 79.5 }, "geometry": { "type": "Point", "coordinates": [ -56.533404015291637, 79.5 ] } },
{ "type": "Feature", "properties": { "Longitude": -55.347162180756726, "Latitude": 81.0 }, "geometry": { "type": "Point", "coordinates": [ -55.347162180756726, 81.0 ] } },
{ "type": "Feature", "properties": { "Longitude": -71.780977243257098, "Latitude": 78.0 }, "geometry": { "type": "Point", "coordinates": [ -71.780977243257098, 78.0 ] } },
{ "type": "Feature", "properties": { "Longitude": -64.764510414272195, "Latitude": 79.5 }, "geometry": { "type": "Point", "coordinates": [ -64.764510414272195, 79.5 ] } },
{ "type": "Feature", "properties": { "Longitude": -65.08053636689425, "Latitude": 82.5 }, "geometry": { "type": "Point", "coordinates": [ -65.08053636689425, 82.5 ] } },
{ "type": "Feature", "properties": { "Longitude": -81.47556571851527, "Latitude": 75.0 }, "geometry": { "type": "Point", "coordinates": [ -81.47556571851527, 75.0 ] } },
{ "type": "Feature", "properties": { "Longitude": -87.271120676249666, "Latitude": 75.0 }, "geometry": { "type": "Point", "coordinates": [ -87.271120676249666, 75.0 ] } },
{ "type": "Feature", "properties": { "Longitude": -83.617704681048224, "Latitude": 76.5 }, "geometry": { "type": "Point", "coordinates": [ -83.617704681048224, 76.5 ] } },
{ "type": "Feature", "properties": { "Longitude": -81.22672321223331, "Latitude": 79.5 }, "geometry": { "type": "Point", "coordinates": [ -81.22672321223331, 79.5 ] } },
{ "type": "Feature", "properties": { "Longitude": -84.113201677505174, "Latitude": 81.0 }, "geometry": { "type": "Point", "coordinates": [ -84.113201677505174, 81.0 ] } },
{ "type": "Feature", "properties": { "Longitude": -98.862230591718458, "Latitude": 75.0 }, "geometry": { "type": "Point", "coordinates": [ -98.862230591718458, 75.0 ] } },
{ "type": "Feature", "properties": { "Longitude": -100.63938331172187, "Latitude": 78.0 }, "geometry": { "type": "Point", "coordinates": [ -100.639383311721872, 78.0 ] } },
{ "type": "Feature", "properties": { "Longitude": -89.457829611213867, "Latitude": 79.5 }, "geometry": { "type": "Point", "coordinates": [ -89.457829611213867, 79.5 ] } },
{ "type": "Feature", "properties": { "Longitude": -93.701881509754656, "Latitude": 81.0 }, "geometry": { "type": "Point", "coordinates": [ -93.701881509754656, 81.0 ] } },
{ "type": "Feature", "properties": { "Longitude": 77.94885522551408, "Latitude": -87.0 }, "geometry": { "type": "Point", "coordinates": [ 77.94885522551408, -87.0 ] } },
{ "type": "Feature", "properties": { "Longitude": 78.302850304652168, "Latitude": -84.0 }, "geometry": { "type": "Point", "coordinates": [ 78.302850304652168, -84.0 ] } },
{ "type": "Feature", "properties": { "Longitude": 72.822819992832649, "Latitude": -82.5 }, "geometry": { "type": "Point", "coordinates": [ 72.822819992832649, -82.5 ] } },
{ "type": "Feature", "properties": { "Longitude": 78.894355470736059, "Latitude": -81.0 }, "geometry": { "type": "Point", "coordinates": [ 78.894355470736059, -81.0 ] } },
{ "type": "Feature", "properties": { "Longitude": 75.164298368397283, "Latitude": -79.5 }, "geometry": { "type": "Point", "coordinates": [ 75.164298368397283, -79.5 ] } },
{ "type": "Feature", "properties": { "Longitude": 72.511053099066771, "Latitude": -78.0 }, "geometry": { "type": "Point", "coordinates": [ 72.511053099066771, -78.0 ] } },
{ "type": "Feature", "properties": { "Longitude": 77.019454183871403, "Latitude": -76.5 }, "geometry": { "type": "Point", "coordinates": [ 77.019454183871403, -76.5 ] } },
{ "type": "Feature", "properties": { "Longitude": 75.004418140313419, "Latitude": -75.0 }, "geometry": { "type": "Point", "coordinates": [ 75.004418140313419, -75.0 ] } },
{ "type": "Feature", "properties": { "Longitude": 73.50742958996716, "Latitude": -73.5 }, "geometry": { "type": "Point", "coordinates": [ 73.50742958996716, -73.5 ] } },
{ "type": "Feature", "properties": { "Longitude": 78.788834373091504, "Latitude": -73.5 }, "geometry": { "type": "Point", "coordinates": [ 78.788834373091504, -73.5 ] } },
{ "type": "Feature", "properties": { "Longitude": 87.655391706829789, "Latitude": -85.5 }, "geometry": { "type": "Point", "coordinates": [ 87.655391706829789, -85.5 ] } },
{ "type": "Feature", "properties": { "Longitude": 92.65300865491065, "Latitude": -84.0 }, "geometry": { "type": "Point", "coordinates": [ 92.65300865491065, -84.0 ] } },
{ "type": "Feature", "properties": { "Longitude": 95.806712719453799, "Latitude": -82.5 }, "geometry": { "type": "Point", "coordinates": [ 95.806712719453799, -82.5 ] } },
{ "type": "Feature", "properties": { "Longitude": 88.483035302985513, "Latitude": -81.0 }, "geometry": { "type": "Point", "coordinates": [ 88.483035302985513, -81.0 ] } },
{ "type": "Feature", "properties": { "Longitude": 91.626511166358398, "Latitude": -79.5 }, "geometry": { "type": "Point", "coordinates": [ 91.626511166358398, -79.5 ] } },
{ "type": "Feature", "properties": { "Longitude": 94.154857650415352, "Latitude": -78.0 }, "geometry": { "type": "Point", "coordinates": [ 94.154857650415352, -78.0 ] } },
{ "type": "Feature", "properties": { "Longitude": 89.870426893064973, "Latitude": -76.5 }, "geometry": { "type": "Point", "coordinates": [ 89.870426893064973, -76.5 ] } },
{ "type": "Feature", "properties": { "Longitude": 92.391083013516607, "Latitude": -75.0 }, "geometry": { "type": "Point", "coordinates": [ 92.391083013516607, -75.0 ] } },
{ "type": "Feature", "properties": { "Longitude": 89.351643939340079, "Latitude": -73.5 }, "geometry": { "type": "Point", "coordinates": [ 89.351643939340079, -73.5 ] } },
{ "type": "Feature", "properties": { "Longitude": 94.633048722464423, "Latitude": -73.5 }, "geometry": { "type": "Point", "coordinates": [ 94.633048722464423, -73.5 ] } },
{ "type": "Feature", "properties": { "Longitude": 84.314766356143195, "Latitude": -82.5 }, "geometry": { "type": "Point", "coordinates": [ 84.314766356143195, -82.5 ] } },
{ "type": "Feature", "properties": { "Longitude": 83.39540476737784, "Latitude": -79.5 }, "geometry": { "type": "Point", "coordinates": [ 83.39540476737784, -79.5 ] } },
{ "type": "Feature", "properties": { "Longitude": 86.940256133299158, "Latitude": -78.0 }, "geometry": { "type": "Point", "coordinates": [ 86.940256133299158, -78.0 ] } },
{ "type": "Feature", "properties": { "Longitude": 79.725654616182965, "Latitude": -78.0 }, "geometry": { "type": "Point", "coordinates": [ 79.725654616182965, -78.0 ] } },
{ "type": "Feature", "properties": { "Longitude": 83.444940538468188, "Latitude": -76.5 }, "geometry": { "type": "Point", "coordinates": [ 83.444940538468188, -76.5 ] } },
{ "type": "Feature", "properties": { "Longitude": 86.595528055782211, "Latitude": -75.0 }, "geometry": { "type": "Point", "coordinates": [ 86.595528055782211, -75.0 ] } },
{ "type": "Feature", "properties": { "Longitude": 80.799973098047815, "Latitude": -75.0 }, "geometry": { "type": "Point", "coordinates": [ 80.799973098047815, -75.0 ] } },
{ "type": "Feature", "properties": { "Longitude": 84.070239156215791, "Latitude": -73.5 }, "geometry": { "type": "Point", "coordinates": [ 84.070239156215791, -73.5 ] } },
{ "type": "Feature", "properties": { "Longitude": 82.12150617748307, "Latitude": -72.0 }, "geometry": { "type": "Point", "coordinates": [ 82.12150617748307, -72.0 ] } },
{ "type": "Feature", "properties": { "Longitude": 86.975608143732757, "Latitude": -72.0 }, "geometry": { "type": "Point", "coordinates": [ 86.975608143732757, -72.0 ] } },
{ "type": "Feature", "properties": { "Longitude": 98.071715135234967, "Latitude": -81.0 }, "geometry": { "type": "Point", "coordinates": [ 98.071715135234967, -81.0 ] } },
{ "type": "Feature", "properties": { "Longitude": 99.857617565338956, "Latitude": -79.5 }, "geometry": { "type": "Point", "coordinates": [ 99.857617565338956, -79.5 ] } },
{ "type": "Feature", "properties": { "Longitude": 101.36945916753155, "Latitude": -78.0 }, "geometry": { "type": "Point", "coordinates": [ 101.369459167531545, -78.0 ] } },
{ "type": "Feature", "properties": { "Longitude": 102.72139960225854, "Latitude": -76.5 }, "geometry": { "type": "Point", "coordinates": [ 102.721399602258543, -76.5 ] } },
{ "type": "Feature", "properties": { "Longitude": 96.295913247661758, "Latitude": -76.5 }, "geometry": { "type": "Point", "coordinates": [ 96.295913247661758, -76.5 ] } },
{ "type": "Feature", "properties": { "Longitude": 103.9821929289854, "Latitude": -75.0 }, "geometry": { "type": "Point", "coordinates": [ 103.982192928985398, -75.0 ] } },
{ "type": "Feature", "properties": { "Longitude": 98.186637971251002, "Latitude": -75.0 }, "geometry": { "type": "Point", "coordinates": [ 98.186637971251002, -75.0 ] } },
{ "type": "Feature", "properties": { "Longitude": 99.914453505588767, "Latitude": -73.5 }, "geometry": { "type": "Point", "coordinates": [ 99.914453505588767, -73.5 ] } },
{ "type": "Feature", "properties": { "Longitude": 101.53791404248182, "Latitude": -72.0 }, "geometry": { "type": "Point", "coordinates": [ 101.537914042481816, -72.0 ] } },
{ "type": "Feature", "properties": { "Longitude": 96.68381207623213, "Latitude": -72.0 }, "geometry": { "type": "Point", "coordinates": [ 96.68381207623213, -72.0 ] } },
{ "type": "Feature", "properties": { "Longitude": 91.829710109982443, "Latitude": -72.0 }, "geometry": { "type": "Point", "coordinates": [ 91.829710109982443, -72.0 ] } },
{ "type": "Feature", "properties": { "Longitude": 94.110604587430032, "Latitude": -70.5 }, "geometry": { "type": "Point", "coordinates": [ 94.110604587430032, -70.5 ] } },
{ "type": "Feature", "properties": { "Longitude": 89.616988118783638, "Latitude": -70.5 }, "geometry": { "type": "Point", "coordinates": [ 89.616988118783638, -70.5 ] } },
{ "type": "Feature", "properties": { "Longitude": 87.881098524032495, "Latitude": -69.0 }, "geometry": { "type": "Point", "coordinates": [ 87.881098524032495, -69.0 ] } },
{ "type": "Feature", "properties": { "Longitude": 92.066740688470531, "Latitude": -69.0 }, "geometry": { "type": "Point", "coordinates": [ 92.066740688470531, -69.0 ] } },
{ "type": "Feature", "properties": { "Longitude": 94.378222624039267, "Latitude": -67.5 }, "geometry": { "type": "Point", "coordinates": [ 94.378222624039267, -67.5 ] } },
{ "type": "Feature", "properties": { "Longitude": 90.458533729410135, "Latitude": -67.5 }, "geometry": { "type": "Point", "coordinates": [ 90.458533729410135, -67.5 ] } },
{ "type": "Feature", "properties": { "Longitude": 98.604221056076426, "Latitude": -70.5 }, "geometry": { "type": "Point", "coordinates": [ 98.604221056076426, -70.5 ] } },
{ "type": "Feature", "properties": { "Longitude": 103.09783752472282, "Latitude": -70.5 }, "geometry": { "type": "Point", "coordinates": [ 103.09783752472282, -70.5 ] } },
{ "type": "Feature", "properties": { "Longitude": 96.252382852908511, "Latitude": -69.0 }, "geometry": { "type": "Point", "coordinates": [ 96.252382852908511, -69.0 ] } },
{ "type": "Feature", "properties": { "Longitude": 100.43802501734649, "Latitude": -69.0 }, "geometry": { "type": "Point", "coordinates": [ 100.43802501734649, -69.0 ] } },
{ "type": "Feature", "properties": { "Longitude": 98.2979115186684, "Latitude": -67.5 }, "geometry": { "type": "Point", "coordinates": [ 98.2979115186684, -67.5 ] } },
{ "type": "Feature", "properties": { "Longitude": 102.21760041329753, "Latitude": -67.5 }, "geometry": { "type": "Point", "coordinates": [ 102.217600413297532, -67.5 ] } },
{ "type": "Feature", "properties": { "Longitude": 103.96753025882475, "Latitude": -66.0 }, "geometry": { "type": "Point", "coordinates": [ 103.967530258824752, -66.0 ] } },
{ "type": "Feature", "properties": { "Longitude": 80.62975518149085, "Latitude": -70.5 }, "geometry": { "type": "Point", "coordinates": [ 80.62975518149085, -70.5 ] } },
{ "type": "Feature", "properties": { "Longitude": 85.123371650137244, "Latitude": -70.5 }, "geometry": { "type": "Point", "coordinates": [ 85.123371650137244, -70.5 ] } },
{ "type": "Feature", "properties": { "Longitude": 83.695456359594459, "Latitude": -69.0 }, "geometry": { "type": "Point", "coordinates": [ 83.695456359594459, -69.0 ] } },
{ "type": "Feature", "properties": { "Longitude": 79.50981419515648, "Latitude": -69.0 }, "geometry": { "type": "Point", "coordinates": [ 79.50981419515648, -69.0 ] } },
{ "type": "Feature", "properties": { "Longitude": 86.538844834781003, "Latitude": -67.5 }, "geometry": { "type": "Point", "coordinates": [ 86.538844834781003, -67.5 ] } },
{ "type": "Feature", "properties": { "Longitude": 82.61915594015187, "Latitude": -67.5 }, "geometry": { "type": "Point", "coordinates": [ 82.61915594015187, -67.5 ] } },
{ "type": "Feature", "properties": { "Longitude": 49.2093000846628, "Latitude": -88.5 }, "geometry": { "type": "Point", "coordinates": [ 49.2093000846628, -88.5 ] } },
{ "type": "Feature", "properties": { "Longitude": 49.287871311568097, "Latitude": -87.0 }, "geometry": { "type": "Point", "coordinates": [ 49.287871311568097, -87.0 ] } },
{ "type": "Feature", "properties": { "Longitude": 49.418907177282676, "Latitude": -85.5 }, "geometry": { "type": "Point", "coordinates": [ 49.418907177282676, -85.5 ] } },
{ "type": "Feature", "properties": { "Longitude": 49.60253360413526, "Latitude": -84.0 }, "geometry": { "type": "Point", "coordinates": [ 49.60253360413526, -84.0 ] } },
{ "type": "Feature", "properties": { "Longitude": 49.838927266211499, "Latitude": -82.5 }, "geometry": { "type": "Point", "coordinates": [ 49.838927266211499, -82.5 ] } },
{ "type": "Feature", "properties": { "Longitude": 50.128315973987583, "Latitude": -81.0 }, "geometry": { "type": "Point", "coordinates": [ 50.128315973987583, -81.0 ] } },
{ "type": "Feature", "properties": { "Longitude": 50.47097917145561, "Latitude": -79.5 }, "geometry": { "type": "Point", "coordinates": [ 50.47097917145561, -79.5 ] } },
{ "type": "Feature", "properties": { "Longitude": 50.867248547718191, "Latitude": -78.0 }, "geometry": { "type": "Point", "coordinates": [ 50.867248547718191, -78.0 ] } },
{ "type": "Feature", "properties": { "Longitude": 51.317508765484263, "Latitude": -76.5 }, "geometry": { "type": "Point", "coordinates": [ 51.317508765484263, -76.5 ] } },
{ "type": "Feature", "properties": { "Longitude": 51.822198309375835, "Latitude": -75.0 }, "geometry": { "type": "Point", "coordinates": [ 51.822198309375835, -75.0 ] } },
{ "type": "Feature", "properties": { "Longitude": 68.537149442056233, "Latitude": -85.5 }, "geometry": { "type": "Point", "coordinates": [ 68.537149442056233, -85.5 ] } },
{ "type": "Feature", "properties": { "Longitude": 63.952691954393714, "Latitude": -84.0 }, "geometry": { "type": "Point", "coordinates": [ 63.952691954393714, -84.0 ] } },
{ "type": "Feature", "properties": { "Longitude": 69.305675638486548, "Latitude": -81.0 }, "geometry": { "type": "Point", "coordinates": [ 69.305675638486548, -81.0 ] } },
{ "type": "Feature", "properties": { "Longitude": 66.933191969416725, "Latitude": -79.5 }, "geometry": { "type": "Point", "coordinates": [ 66.933191969416725, -79.5 ] } },
{ "type": "Feature", "properties": { "Longitude": 65.296451581950578, "Latitude": -78.0 }, "geometry": { "type": "Point", "coordinates": [ 65.296451581950578, -78.0 ] } },
{ "type": "Feature", "properties": { "Longitude": 70.593967829274618, "Latitude": -76.5 }, "geometry": { "type": "Point", "coordinates": [ 70.593967829274618, -76.5 ] } },
{ "type": "Feature", "properties": { "Longitude": 64.168481474677833, "Latitude": -76.5 }, "geometry": { "type": "Point", "coordinates": [ 64.168481474677833, -76.5 ] } },
{ "type": "Feature", "properties": { "Longitude": 69.208863182579023, "Latitude": -75.0 }, "geometry": { "type": "Point", "coordinates": [ 69.208863182579023, -75.0 ] } },
{ "type": "Feature", "properties": { "Longitude": 63.413308224844627, "Latitude": -75.0 }, "geometry": { "type": "Point", "coordinates": [ 63.413308224844627, -75.0 ] } },
{ "type": "Feature", "properties": { "Longitude": 68.226024806842844, "Latitude": -73.5 }, "geometry": { "type": "Point", "coordinates": [ 68.226024806842844, -73.5 ] } },
{ "type": "Feature", "properties": { "Longitude": 61.330873629522074, "Latitude": -82.5 }, "geometry": { "type": "Point", "coordinates": [ 61.330873629522074, -82.5 ] } },
{ "type": "Feature", "properties": { "Longitude": 59.716995806237065, "Latitude": -81.0 }, "geometry": { "type": "Point", "coordinates": [ 59.716995806237065, -81.0 ] } },
{ "type": "Feature", "properties": { "Longitude": 58.702085570436168, "Latitude": -79.5 }, "geometry": { "type": "Point", "coordinates": [ 58.702085570436168, -79.5 ] } },
{ "type": "Feature", "properties": { "Longitude": 58.081850064834384, "Latitude": -78.0 }, "geometry": { "type": "Point", "coordinates": [ 58.081850064834384, -78.0 ] } },
{ "type": "Feature", "properties": { "Longitude": 57.742995120081048, "Latitude": -76.5 }, "geometry": { "type": "Point", "coordinates": [ 57.742995120081048, -76.5 ] } },
{ "type": "Feature", "properties": { "Longitude": 57.617753267110231, "Latitude": -75.0 }, "geometry": { "type": "Point", "coordinates": [ 57.617753267110231, -75.0 ] } },
{ "type": "Feature", "properties": { "Longitude": 57.663215240594212, "Latitude": -73.5 }, "geometry": { "type": "Point", "coordinates": [ 57.663215240594212, -73.5 ] } },
{ "type": "Feature", "properties": { "Longitude": 57.850996346234638, "Latitude": -72.0 }, "geometry": { "type": "Point", "coordinates": [ 57.850996346234638, -72.0 ] } },
{ "type": "Feature", "properties": { "Longitude": 58.16167283825888, "Latitude": -70.5 }, "geometry": { "type": "Point", "coordinates": [ 58.16167283825888, -70.5 ] } },
{ "type": "Feature", "properties": { "Longitude": 58.581603372966441, "Latitude": -69.0 }, "geometry": { "type": "Point", "coordinates": [ 58.581603372966441, -69.0 ] } },
{ "type": "Feature", "properties": { "Longitude": 62.944620023718528, "Latitude": -73.5 }, "geometry": { "type": "Point", "coordinates": [ 62.944620023718528, -73.5 ] } },
{ "type": "Feature", "properties": { "Longitude": 67.559200278734011, "Latitude": -72.0 }, "geometry": { "type": "Point", "coordinates": [ 67.559200278734011, -72.0 ] } },
{ "type": "Feature", "properties": { "Longitude": 62.705098312484324, "Latitude": -72.0 }, "geometry": { "type": "Point", "coordinates": [ 62.705098312484324, -72.0 ] } },
{ "type": "Feature", "properties": { "Longitude": 62.655289306905274, "Latitude": -70.5 }, "geometry": { "type": "Point", "coordinates": [ 62.655289306905274, -70.5 ] } },
{ "type": "Feature", "properties": { "Longitude": 67.148905775551668, "Latitude": -70.5 }, "geometry": { "type": "Point", "coordinates": [ 67.148905775551668, -70.5 ] } },
{ "type": "Feature", "properties": { "Longitude": 62.767245537404449, "Latitude": -69.0 }, "geometry": { "type": "Point", "coordinates": [ 62.767245537404449, -69.0 ] } },
{ "type": "Feature", "properties": { "Longitude": 66.952887701842457, "Latitude": -69.0 }, "geometry": { "type": "Point", "coordinates": [ 66.952887701842457, -69.0 ] } },
{ "type": "Feature", "properties": { "Longitude": 72.413302244983697, "Latitude": -72.0 }, "geometry": { "type": "Point", "coordinates": [ 72.413302244983697, -72.0 ] } },
{ "type": "Feature", "properties": { "Longitude": 77.267404211233384, "Latitude": -72.0 }, "geometry": { "type": "Point", "coordinates": [ 77.267404211233384, -72.0 ] } },
{ "type": "Feature", "properties": { "Longitude": 76.136138712844456, "Latitude": -70.5 }, "geometry": { "type": "Point", "coordinates": [ 76.136138712844456, -70.5 ] } },
{ "type": "Feature", "properties": { "Longitude": 54.395961208528433, "Latitude": -69.0 }, "geometry": { "type": "Point", "coordinates": [ 54.395961208528433, -69.0 ] } },
{ "type": "Feature", "properties": { "Longitude": 55.181333677747944, "Latitude": -67.5 }, "geometry": { "type": "Point", "coordinates": [ 55.181333677747944, -67.5 ] } },
{ "type": "Feature", "properties": { "Longitude": 59.101022572377076, "Latitude": -67.5 }, "geometry": { "type": "Point", "coordinates": [ 59.101022572377076, -67.5 ] } },
{ "type": "Feature", "properties": { "Longitude": 56.024960215127066, "Latitude": -66.0 }, "geometry": { "type": "Point", "coordinates": [ 56.024960215127066, -66.0 ] } },
{ "type": "Feature", "properties": { "Longitude": 30.30066491250912, "Latitude": -85.5 }, "geometry": { "type": "Point", "coordinates": [ 30.30066491250912, -85.5 ] } },
{ "type": "Feature", "properties": { "Longitude": 35.252375253876806, "Latitude": -84.0 }, "geometry": { "type": "Point", "coordinates": [ 35.252375253876806, -84.0 ] } },
{ "type": "Feature", "properties": { "Longitude": 30.950956309488618, "Latitude": -81.0 }, "geometry": { "type": "Point", "coordinates": [ 30.950956309488618, -81.0 ] } },
{ "type": "Feature", "properties": { "Longitude": 34.008766373494495, "Latitude": -79.5 }, "geometry": { "type": "Point", "coordinates": [ 34.008766373494495, -79.5 ] } },
{ "type": "Feature", "properties": { "Longitude": 36.438045513485804, "Latitude": -78.0 }, "geometry": { "type": "Point", "coordinates": [ 36.438045513485804, -78.0 ] } },
{ "type": "Feature", "properties": { "Longitude": 29.22344399636961, "Latitude": -78.0 }, "geometry": { "type": "Point", "coordinates": [ 29.22344399636961, -78.0 ] } },
{ "type": "Feature", "properties": { "Longitude": 32.041049701693908, "Latitude": -76.5 }, "geometry": { "type": "Point", "coordinates": [ 32.041049701693908, -76.5 ] } },
{ "type": "Feature", "properties": { "Longitude": 34.435533436172648, "Latitude": -75.0 }, "geometry": { "type": "Point", "coordinates": [ 34.435533436172648, -75.0 ] } },
{ "type": "Feature", "properties": { "Longitude": 31.256191324972633, "Latitude": -73.5 }, "geometry": { "type": "Point", "coordinates": [ 31.256191324972633, -73.5 ] } },
{ "type": "Feature", "properties": { "Longitude": 36.537596108096949, "Latitude": -73.5 }, "geometry": { "type": "Point", "coordinates": [ 36.537596108096949, -73.5 ] } },
{ "type": "Feature", "properties": { "Longitude": 38.346980902900924, "Latitude": -82.5 }, "geometry": { "type": "Point", "coordinates": [ 38.346980902900924, -82.5 ] } },
{ "type": "Feature", "properties": { "Longitude": 40.5396361417381, "Latitude": -81.0 }, "geometry": { "type": "Point", "coordinates": [ 40.5396361417381, -81.0 ] } },
{ "type": "Feature", "properties": { "Longitude": 42.239872772475053, "Latitude": -79.5 }, "geometry": { "type": "Point", "coordinates": [ 42.239872772475053, -79.5 ] } },
{ "type": "Feature", "properties": { "Longitude": 43.652647030601997, "Latitude": -78.0 }, "geometry": { "type": "Point", "coordinates": [ 43.652647030601997, -78.0 ] } },
{ "type": "Feature", "properties": { "Longitude": 38.466536056290693, "Latitude": -76.5 }, "geometry": { "type": "Point", "coordinates": [ 38.466536056290693, -76.5 ] } },
{ "type": "Feature", "properties": { "Longitude": 44.892022410887478, "Latitude": -76.5 }, "geometry": { "type": "Point", "coordinates": [ 44.892022410887478, -76.5 ] } },
{ "type": "Feature", "properties": { "Longitude": 40.231088393907044, "Latitude": -75.0 }, "geometry": { "type": "Point", "coordinates": [ 40.231088393907044, -75.0 ] } },
{ "type": "Feature", "properties": { "Longitude": 41.819000891221265, "Latitude": -73.5 }, "geometry": { "type": "Point", "coordinates": [ 41.819000891221265, -73.5 ] } },
{ "type": "Feature", "properties": { "Longitude": 38.434588481235892, "Latitude": -72.0 }, "geometry": { "type": "Point", "coordinates": [ 38.434588481235892, -72.0 ] } },
{ "type": "Feature", "properties": { "Longitude": 43.288690447485578, "Latitude": -72.0 }, "geometry": { "type": "Point", "coordinates": [ 43.288690447485578, -72.0 ] } },
{ "type": "Feature", "properties": { "Longitude": 46.026643351641439, "Latitude": -75.0 }, "geometry": { "type": "Point", "coordinates": [ 46.026643351641439, -75.0 ] } },
{ "type": "Feature", "properties": { "Longitude": 52.381810457469896, "Latitude": -73.5 }, "geometry": { "type": "Point", "coordinates": [ 52.381810457469896, -73.5 ] } },
{ "type": "Feature", "properties": { "Longitude": 47.100405674345581, "Latitude": -73.5 }, "geometry": { "type": "Point", "coordinates": [ 47.100405674345581, -73.5 ] } },
{ "type": "Feature", "properties": { "Longitude": 48.142792413735265, "Latitude": -72.0 }, "geometry": { "type": "Point", "coordinates": [ 48.142792413735265, -72.0 ] } },
{ "type": "Feature", "properties": { "Longitude": 52.996894379984951, "Latitude": -72.0 }, "geometry": { "type": "Point", "coordinates": [ 52.996894379984951, -72.0 ] } },
{ "type": "Feature", "properties": { "Longitude": 53.668056369612486, "Latitude": -70.5 }, "geometry": { "type": "Point", "coordinates": [ 53.668056369612486, -70.5 ] } },
{ "type": "Feature", "properties": { "Longitude": 49.174439900966092, "Latitude": -70.5 }, "geometry": { "type": "Point", "coordinates": [ 49.174439900966092, -70.5 ] } },
{ "type": "Feature", "properties": { "Longitude": 46.024676879652418, "Latitude": -69.0 }, "geometry": { "type": "Point", "coordinates": [ 46.024676879652418, -69.0 ] } },
{ "type": "Feature", "properties": { "Longitude": 50.210319044090426, "Latitude": -69.0 }, "geometry": { "type": "Point", "coordinates": [ 50.210319044090426, -69.0 ] } },
{ "type": "Feature", "properties": { "Longitude": 51.261644783118811, "Latitude": -67.5 }, "geometry": { "type": "Point", "coordinates": [ 51.261644783118811, -67.5 ] } },
{ "type": "Feature", "properties": { "Longitude": 33.580486514986205, "Latitude": -72.0 }, "geometry": { "type": "Point", "coordinates": [ 33.580486514986205, -72.0 ] } },
{ "type": "Feature", "properties": { "Longitude": 35.693590495026911, "Latitude": -70.5 }, "geometry": { "type": "Point", "coordinates": [ 35.693590495026911, -70.5 ] } },
{ "type": "Feature", "properties": { "Longitude": 31.199974026380517, "Latitude": -70.5 }, "geometry": { "type": "Point", "coordinates": [ 31.199974026380517, -70.5 ] } },
{ "type": "Feature", "properties": { "Longitude": 33.467750386338395, "Latitude": -69.0 }, "geometry": { "type": "Point", "coordinates": [ 33.467750386338395, -69.0 ] } },
{ "type": "Feature", "properties": { "Longitude": 40.187206963673304, "Latitude": -70.5 }, "geometry": { "type": "Point", "coordinates": [ 40.187206963673304, -70.5 ] } },
{ "type": "Feature", "properties": { "Longitude": 44.680823432319698, "Latitude": -70.5 }, "geometry": { "type": "Point", "coordinates": [ 44.680823432319698, -70.5 ] } },
{ "type": "Feature", "properties": { "Longitude": 41.83903471521441, "Latitude": -69.0 }, "geometry": { "type": "Point", "coordinates": [ 41.83903471521441, -69.0 ] } },
{ "type": "Feature", "properties": { "Longitude": 69.442585002023748, "Latitude": -49.5 }, "geometry": { "type": "Point", "coordinates": [ 69.442585002023748, -49.5 ] } },
{ "type": "Feature", "properties": { "Longitude": 29.349743845601978, "Latitude": -31.5 }, "geometry": { "type": "Point", "coordinates": [ 29.349743845601978, -31.5 ] } },
{ "type": "Feature", "properties": { "Longitude": 29.578147715833012, "Latitude": -30.0 }, "geometry": { "type": "Point", "coordinates": [ 29.578147715833012, -30.0 ] } },
{ "type": "Feature", "properties": { "Longitude": 163.8139501269942, "Latitude": -88.5 }, "geometry": { "type": "Point", "coordinates": [ 163.8139501269942, -88.5 ] } },
{ "type": "Feature", "properties": { "Longitude": 163.93180696735214, "Latitude": -87.0 }, "geometry": { "type": "Point", "coordinates": [ 163.931806967352145, -87.0 ] } },
{ "type": "Feature", "properties": { "Longitude": 164.12836076592401, "Latitude": -85.5 }, "geometry": { "type": "Point", "coordinates": [ 164.128360765924015, -85.5 ] } },
{ "type": "Feature", "properties": { "Longitude": 164.40380040620289, "Latitude": -84.0 }, "geometry": { "type": "Point", "coordinates": [ 164.40380040620289, -84.0 ] } },
{ "type": "Feature", "properties": { "Longitude": 155.60379412873192, "Latitude": -81.0 }, "geometry": { "type": "Point", "coordinates": [ 155.60379412873192, -81.0 ] } },
{ "type": "Feature", "properties": { "Longitude": 157.47536235820286, "Latitude": -79.5 }, "geometry": { "type": "Point", "coordinates": [ 157.475362358202858, -79.5 ] } },
{ "type": "Feature", "properties": { "Longitude": 159.08627130446109, "Latitude": -78.0 }, "geometry": { "type": "Point", "coordinates": [ 159.086271304461093, -78.0 ] } },
{ "type": "Feature", "properties": { "Longitude": 160.55077679362961, "Latitude": -76.5 }, "geometry": { "type": "Point", "coordinates": [ 160.550776793629609, -76.5 ] } },
{ "type": "Feature", "properties": { "Longitude": 161.93774250632936, "Latitude": -75.0 }, "geometry": { "type": "Point", "coordinates": [ 161.937742506329357, -75.0 ] } },
{ "type": "Feature", "properties": { "Longitude": 156.14218754859496, "Latitude": -75.0 }, "geometry": { "type": "Point", "coordinates": [ 156.142187548594961, -75.0 ] } },
{ "type": "Feature", "properties": { "Longitude": 163.29131090308056, "Latitude": -73.5 }, "geometry": { "type": "Point", "coordinates": [ 163.291310903080557, -73.5 ] } },
{ "type": "Feature", "properties": { "Longitude": 158.00990611995621, "Latitude": -73.5 }, "geometry": { "type": "Point", "coordinates": [ 158.009906119956213, -73.5 ] } },
{ "type": "Feature", "properties": { "Longitude": 159.78713763747805, "Latitude": -72.0 }, "geometry": { "type": "Point", "coordinates": [ 159.787137637478054, -72.0 ] } },
{ "type": "Feature", "properties": { "Longitude": 168.57271568620484, "Latitude": -73.5 }, "geometry": { "type": "Point", "coordinates": [ 168.572715686204845, -73.5 ] } },
{ "type": "Feature", "properties": { "Longitude": 169.49534156997743, "Latitude": -72.0 }, "geometry": { "type": "Point", "coordinates": [ 169.495341569977427, -72.0 ] } },
{ "type": "Feature", "properties": { "Longitude": 164.64123960372774, "Latitude": -72.0 }, "geometry": { "type": "Point", "coordinates": [ 164.64123960372774, -72.0 ] } },
{ "type": "Feature", "properties": { "Longitude": 157.02123514847955, "Latitude": -70.5 }, "geometry": { "type": "Point", "coordinates": [ 157.021235148479548, -70.5 ] } },
{ "type": "Feature", "properties": { "Longitude": 135.27082305340616, "Latitude": -87.0 }, "geometry": { "type": "Point", "coordinates": [ 135.270823053406161, -87.0 ] } },
{ "type": "Feature", "properties": { "Longitude": 135.70348370568598, "Latitude": -84.0 }, "geometry": { "type": "Point", "coordinates": [ 135.703483705685983, -84.0 ] } },
{ "type": "Feature", "properties": { "Longitude": 130.2825518093855, "Latitude": -82.5 }, "geometry": { "type": "Point", "coordinates": [ 130.282551809385495, -82.5 ] } },
{ "type": "Feature", "properties": { "Longitude": 136.4264344642329, "Latitude": -81.0 }, "geometry": { "type": "Point", "coordinates": [ 136.426434464232898, -81.0 ] } },
{ "type": "Feature", "properties": { "Longitude": 132.78204316126119, "Latitude": -79.5 }, "geometry": { "type": "Point", "coordinates": [ 132.782043161261186, -79.5 ] } },
{ "type": "Feature", "properties": { "Longitude": 130.22786523599632, "Latitude": -78.0 }, "geometry": { "type": "Point", "coordinates": [ 130.227865235996319, -78.0 ] } },
{ "type": "Feature", "properties": { "Longitude": 137.44246675311251, "Latitude": -78.0 }, "geometry": { "type": "Point", "coordinates": [ 137.442466753112512, -78.0 ] } },
{ "type": "Feature", "properties": { "Longitude": 134.84883137524247, "Latitude": -76.5 }, "geometry": { "type": "Point", "coordinates": [ 134.848831375242469, -76.5 ] } },
{ "type": "Feature", "properties": { "Longitude": 132.95996771765738, "Latitude": -75.0 }, "geometry": { "type": "Point", "coordinates": [ 132.959967717657378, -75.0 ] } },
{ "type": "Feature", "properties": { "Longitude": 136.88428698745895, "Latitude": -73.5 }, "geometry": { "type": "Point", "coordinates": [ 136.88428698745895, -73.5 ] } },
{ "type": "Feature", "properties": { "Longitude": 145.01011850115049, "Latitude": -85.5 }, "geometry": { "type": "Point", "coordinates": [ 145.010118501150487, -85.5 ] } },
{ "type": "Feature", "properties": { "Longitude": 141.7744981726961, "Latitude": -82.5 }, "geometry": { "type": "Point", "coordinates": [ 141.774498172696099, -82.5 ] } },
{ "type": "Feature", "properties": { "Longitude": 146.01511429648241, "Latitude": -81.0 }, "geometry": { "type": "Point", "coordinates": [ 146.015114296482409, -81.0 ] } },
{ "type": "Feature", "properties": { "Longitude": 141.01314956024174, "Latitude": -79.5 }, "geometry": { "type": "Point", "coordinates": [ 141.013149560241743, -79.5 ] } },
{ "type": "Feature", "properties": { "Longitude": 144.65706827022871, "Latitude": -78.0 }, "geometry": { "type": "Point", "coordinates": [ 144.657068270228706, -78.0 ] } },
{ "type": "Feature", "properties": { "Longitude": 141.27431772983925, "Latitude": -76.5 }, "geometry": { "type": "Point", "coordinates": [ 141.274317729839254, -76.5 ] } },
{ "type": "Feature", "properties": { "Longitude": 144.55107763312617, "Latitude": -75.0 }, "geometry": { "type": "Point", "coordinates": [ 144.55107763312617, -75.0 ] } },
{ "type": "Feature", "properties": { "Longitude": 138.75552267539177, "Latitude": -75.0 }, "geometry": { "type": "Point", "coordinates": [ 138.755522675391774, -75.0 ] } },
{ "type": "Feature", "properties": { "Longitude": 142.16569177058329, "Latitude": -73.5 }, "geometry": { "type": "Point", "coordinates": [ 142.165691770583294, -73.5 ] } },
{ "type": "Feature", "properties": { "Longitude": 140.37072977247931, "Latitude": -72.0 }, "geometry": { "type": "Point", "coordinates": [ 140.370729772479308, -72.0 ] } },
{ "type": "Feature", "properties": { "Longitude": 150.05364205594447, "Latitude": -84.0 }, "geometry": { "type": "Point", "coordinates": [ 150.053642055944465, -84.0 ] } },
{ "type": "Feature", "properties": { "Longitude": 153.2664445360067, "Latitude": -82.5 }, "geometry": { "type": "Point", "coordinates": [ 153.266444536006702, -82.5 ] } },
{ "type": "Feature", "properties": { "Longitude": 149.2442559592223, "Latitude": -79.5 }, "geometry": { "type": "Point", "coordinates": [ 149.244255959222301, -79.5 ] } },
{ "type": "Feature", "properties": { "Longitude": 151.8716697873449, "Latitude": -78.0 }, "geometry": { "type": "Point", "coordinates": [ 151.871669787344899, -78.0 ] } },
{ "type": "Feature", "properties": { "Longitude": 147.69980408443604, "Latitude": -76.5 }, "geometry": { "type": "Point", "coordinates": [ 147.699804084436039, -76.5 ] } },
{ "type": "Feature", "properties": { "Longitude": 154.12529043903282, "Latitude": -76.5 }, "geometry": { "type": "Point", "coordinates": [ 154.125290439032824, -76.5 ] } },
{ "type": "Feature", "properties": { "Longitude": 150.34663259086057, "Latitude": -75.0 }, "geometry": { "type": "Point", "coordinates": [ 150.346632590860565, -75.0 ] } },
{ "type": "Feature", "properties": { "Longitude": 147.44709655370758, "Latitude": -73.5 }, "geometry": { "type": "Point", "coordinates": [ 147.447096553707581, -73.5 ] } },
{ "type": "Feature", "properties": { "Longitude": 152.72850133683187, "Latitude": -73.5 }, "geometry": { "type": "Point", "coordinates": [ 152.728501336831869, -73.5 ] } },
{ "type": "Feature", "properties": { "Longitude": 150.07893370497868, "Latitude": -72.0 }, "geometry": { "type": "Point", "coordinates": [ 150.078933704978681, -72.0 ] } },
{ "type": "Feature", "properties": { "Longitude": 131.60288220433461, "Latitude": -73.5 }, "geometry": { "type": "Point", "coordinates": [ 131.602882204334605, -73.5 ] } },
{ "type": "Feature", "properties": { "Longitude": 135.51662780622962, "Latitude": -72.0 }, "geometry": { "type": "Point", "coordinates": [ 135.516627806229621, -72.0 ] } },
{ "type": "Feature", "properties": { "Longitude": 130.66252583997993, "Latitude": -72.0 }, "geometry": { "type": "Point", "coordinates": [ 130.662525839979935, -72.0 ] } },
{ "type": "Feature", "properties": { "Longitude": 134.55315280524758, "Latitude": -70.5 }, "geometry": { "type": "Point", "coordinates": [ 134.553152805247578, -70.5 ] } },
{ "type": "Feature", "properties": { "Longitude": 130.05953633660118, "Latitude": -70.5 }, "geometry": { "type": "Point", "coordinates": [ 130.059536336601184, -70.5 ] } },
{ "type": "Feature", "properties": { "Longitude": 133.92316233285055, "Latitude": -69.0 }, "geometry": { "type": "Point", "coordinates": [ 133.923162332850552, -69.0 ] } },
{ "type": "Feature", "properties": { "Longitude": 138.10880449728859, "Latitude": -69.0 }, "geometry": { "type": "Point", "coordinates": [ 138.108804497288588, -69.0 ] } },
{ "type": "Feature", "properties": { "Longitude": 133.57511157033059, "Latitude": -67.5 }, "geometry": { "type": "Point", "coordinates": [ 133.575111570330591, -67.5 ] } },
{ "type": "Feature", "properties": { "Longitude": 137.49480046495972, "Latitude": -67.5 }, "geometry": { "type": "Point", "coordinates": [ 137.494800464959724, -67.5 ] } },
{ "type": "Feature", "properties": { "Longitude": 154.93303567122837, "Latitude": -72.0 }, "geometry": { "type": "Point", "coordinates": [ 154.933035671228367, -72.0 ] } },
{ "type": "Feature", "properties": { "Longitude": 148.03400221118676, "Latitude": -70.5 }, "geometry": { "type": "Point", "coordinates": [ 148.03400221118676, -70.5 ] } },
{ "type": "Feature", "properties": { "Longitude": 152.52761867983315, "Latitude": -70.5 }, "geometry": { "type": "Point", "coordinates": [ 152.527618679833154, -70.5 ] } },
{ "type": "Feature", "properties": { "Longitude": 150.66573099060258, "Latitude": -69.0 }, "geometry": { "type": "Point", "coordinates": [ 150.665730990602583, -69.0 ] } },
{ "type": "Feature", "properties": { "Longitude": 154.85137315504062, "Latitude": -69.0 }, "geometry": { "type": "Point", "coordinates": [ 154.851373155040619, -69.0 ] } },
{ "type": "Feature", "properties": { "Longitude": 145.22483173872899, "Latitude": -72.0 }, "geometry": { "type": "Point", "coordinates": [ 145.224831738728994, -72.0 ] } },
{ "type": "Feature", "properties": { "Longitude": 143.54038574254037, "Latitude": -70.5 }, "geometry": { "type": "Point", "coordinates": [ 143.540385742540366, -70.5 ] } },
{ "type": "Feature", "properties": { "Longitude": 139.04676927389397, "Latitude": -70.5 }, "geometry": { "type": "Point", "coordinates": [ 139.046769273893972, -70.5 ] } },
{ "type": "Feature", "properties": { "Longitude": 146.4800888261646, "Latitude": -69.0 }, "geometry": { "type": "Point", "coordinates": [ 146.480088826164604, -69.0 ] } },
{ "type": "Feature", "properties": { "Longitude": 142.29444666172662, "Latitude": -69.0 }, "geometry": { "type": "Point", "coordinates": [ 142.294446661726624, -69.0 ] } },
{ "type": "Feature", "properties": { "Longitude": 141.41448935958886, "Latitude": -67.5 }, "geometry": { "type": "Point", "coordinates": [ 141.414489359588856, -67.5 ] } },
{ "type": "Feature", "properties": { "Longitude": 145.33417825421799, "Latitude": -67.5 }, "geometry": { "type": "Point", "coordinates": [ 145.334178254217989, -67.5 ] } },
{ "type": "Feature", "properties": { "Longitude": 106.5116251058285, "Latitude": -88.5 }, "geometry": { "type": "Point", "coordinates": [ 106.5116251058285, -88.5 ] } },
{ "type": "Feature", "properties": { "Longitude": 106.60983913946012, "Latitude": -87.0 }, "geometry": { "type": "Point", "coordinates": [ 106.609839139460121, -87.0 ] } },
{ "type": "Feature", "properties": { "Longitude": 106.77363397160332, "Latitude": -85.5 }, "geometry": { "type": "Point", "coordinates": [ 106.773633971603317, -85.5 ] } },
{ "type": "Feature", "properties": { "Longitude": 107.00316700516908, "Latitude": -84.0 }, "geometry": { "type": "Point", "coordinates": [ 107.003167005169075, -84.0 ] } },
{ "type": "Feature", "properties": { "Longitude": 107.2986590827644, "Latitude": -82.5 }, "geometry": { "type": "Point", "coordinates": [ 107.298659082764402, -82.5 ] } },
{ "type": "Feature", "properties": { "Longitude": 107.66039496748448, "Latitude": -81.0 }, "geometry": { "type": "Point", "coordinates": [ 107.660394967484478, -81.0 ] } },
{ "type": "Feature", "properties": { "Longitude": 108.08872396431951, "Latitude": -79.5 }, "geometry": { "type": "Point", "coordinates": [ 108.088723964319513, -79.5 ] } },
{ "type": "Feature", "properties": { "Longitude": 108.58406068464774, "Latitude": -78.0 }, "geometry": { "type": "Point", "coordinates": [ 108.584060684647739, -78.0 ] } },
{ "type": "Feature", "properties": { "Longitude": 109.14688595685533, "Latitude": -76.5 }, "geometry": { "type": "Point", "coordinates": [ 109.146885956855328, -76.5 ] } },
{ "type": "Feature", "properties": { "Longitude": 109.77774788671979, "Latitude": -75.0 }, "geometry": { "type": "Point", "coordinates": [ 109.777747886719794, -75.0 ] } },
{ "type": "Feature", "properties": { "Longitude": 125.8918762363769, "Latitude": -85.5 }, "geometry": { "type": "Point", "coordinates": [ 125.891876236376902, -85.5 ] } },
{ "type": "Feature", "properties": { "Longitude": 121.3533253554275, "Latitude": -84.0 }, "geometry": { "type": "Point", "coordinates": [ 121.353325355427501, -84.0 ] } },
{ "type": "Feature", "properties": { "Longitude": 126.83775463198344, "Latitude": -81.0 }, "geometry": { "type": "Point", "coordinates": [ 126.837754631983444, -81.0 ] } },
{ "type": "Feature", "properties": { "Longitude": 124.55093676228063, "Latitude": -79.5 }, "geometry": { "type": "Point", "coordinates": [ 124.550936762280628, -79.5 ] } },
{ "type": "Feature", "properties": { "Longitude": 123.01326371888013, "Latitude": -78.0 }, "geometry": { "type": "Point", "coordinates": [ 123.013263718880125, -78.0 ] } },
{ "type": "Feature", "properties": { "Longitude": 121.9978586660489, "Latitude": -76.5 }, "geometry": { "type": "Point", "coordinates": [ 121.997858666048899, -76.5 ] } },
{ "type": "Feature", "properties": { "Longitude": 128.42334502064568, "Latitude": -76.5 }, "geometry": { "type": "Point", "coordinates": [ 128.423345020645684, -76.5 ] } },
{ "type": "Feature", "properties": { "Longitude": 121.36885780218859, "Latitude": -75.0 }, "geometry": { "type": "Point", "coordinates": [ 121.368857802188586, -75.0 ] } },
{ "type": "Feature", "properties": { "Longitude": 127.16441275992298, "Latitude": -75.0 }, "geometry": { "type": "Point", "coordinates": [ 127.164412759922982, -75.0 ] } },
{ "type": "Feature", "properties": { "Longitude": 126.32147742121032, "Latitude": -73.5 }, "geometry": { "type": "Point", "coordinates": [ 126.321477421210318, -73.5 ] } },
{ "type": "Feature", "properties": { "Longitude": 118.79060544607495, "Latitude": -82.5 }, "geometry": { "type": "Point", "coordinates": [ 118.790605446074949, -82.5 ] } },
{ "type": "Feature", "properties": { "Longitude": 117.24907479973399, "Latitude": -81.0 }, "geometry": { "type": "Point", "coordinates": [ 117.249074799733989, -81.0 ] } },
{ "type": "Feature", "properties": { "Longitude": 116.31983036330007, "Latitude": -79.5 }, "geometry": { "type": "Point", "coordinates": [ 116.319830363300071, -79.5 ] } },
{ "type": "Feature", "properties": { "Longitude": 115.79866220176393, "Latitude": -78.0 }, "geometry": { "type": "Point", "coordinates": [ 115.798662201763932, -78.0 ] } },
{ "type": "Feature", "properties": { "Longitude": 115.57237231145211, "Latitude": -76.5 }, "geometry": { "type": "Point", "coordinates": [ 115.572372311452114, -76.5 ] } },
{ "type": "Feature", "properties": { "Longitude": 115.57330284445419, "Latitude": -75.0 }, "geometry": { "type": "Point", "coordinates": [ 115.57330284445419, -75.0 ] } },
{ "type": "Feature", "properties": { "Longitude": 121.04007263808603, "Latitude": -73.5 }, "geometry": { "type": "Point", "coordinates": [ 121.040072638086031, -73.5 ] } },
{ "type": "Feature", "properties": { "Longitude": 115.75866785496169, "Latitude": -73.5 }, "geometry": { "type": "Point", "coordinates": [ 115.758667854961686, -73.5 ] } },
{ "type": "Feature", "properties": { "Longitude": 120.95432190748056, "Latitude": -72.0 }, "geometry": { "type": "Point", "coordinates": [ 120.954321907480562, -72.0 ] } },
{ "type": "Feature", "properties": { "Longitude": 116.10021994123088, "Latitude": -72.0 }, "geometry": { "type": "Point", "coordinates": [ 116.100219941230876, -72.0 ] } },
{ "type": "Feature", "properties": { "Longitude": 110.47726307183734, "Latitude": -73.5 }, "geometry": { "type": "Point", "coordinates": [ 110.477263071837342, -73.5 ] } },
{ "type": "Feature", "properties": { "Longitude": 105.19585828871305, "Latitude": -73.5 }, "geometry": { "type": "Point", "coordinates": [ 105.195858288713055, -73.5 ] } },
{ "type": "Feature", "properties": { "Longitude": 111.24611797498119, "Latitude": -72.0 }, "geometry": { "type": "Point", "coordinates": [ 111.246117974981189, -72.0 ] } },
{ "type": "Feature", "properties": { "Longitude": 106.3920160087315, "Latitude": -72.0 }, "geometry": { "type": "Point", "coordinates": [ 106.392016008731503, -72.0 ] } },
{ "type": "Feature", "properties": { "Longitude": 112.08507046201561, "Latitude": -70.5 }, "geometry": { "type": "Point", "coordinates": [ 112.085070462015608, -70.5 ] } },
{ "type": "Feature", "properties": { "Longitude": 107.59145399336921, "Latitude": -70.5 }, "geometry": { "type": "Point", "coordinates": [ 107.591453993369214, -70.5 ] } },
{ "type": "Feature", "properties": { "Longitude": 104.62366718178453, "Latitude": -69.0 }, "geometry": { "type": "Point", "coordinates": [ 104.623667181784526, -69.0 ] } },
{ "type": "Feature", "properties": { "Longitude": 108.80930934622256, "Latitude": -69.0 }, "geometry": { "type": "Point", "coordinates": [ 108.809309346222562, -69.0 ] } },
{ "type": "Feature", "properties": { "Longitude": 106.13728930792666, "Latitude": -67.5 }, "geometry": { "type": "Point", "coordinates": [ 106.137289307926665, -67.5 ] } },
{ "type": "Feature", "properties": { "Longitude": 110.0569782025558, "Latitude": -67.5 }, "geometry": { "type": "Point", "coordinates": [ 110.056978202555797, -67.5 ] } },
{ "type": "Feature", "properties": { "Longitude": 125.80842387373025, "Latitude": -72.0 }, "geometry": { "type": "Point", "coordinates": [ 125.808423873730248, -72.0 ] } },
{ "type": "Feature", "properties": { "Longitude": 125.56591986795479, "Latitude": -70.5 }, "geometry": { "type": "Point", "coordinates": [ 125.56591986795479, -70.5 ] } },
{ "type": "Feature", "properties": { "Longitude": 129.73752016841257, "Latitude": -69.0 }, "geometry": { "type": "Point", "coordinates": [ 129.737520168412573, -69.0 ] } },
{ "type": "Feature", "properties": { "Longitude": 125.55187800397459, "Latitude": -69.0 }, "geometry": { "type": "Point", "coordinates": [ 125.551878003974593, -69.0 ] } },
{ "type": "Feature", "properties": { "Longitude": 121.36623583953656, "Latitude": -69.0 }, "geometry": { "type": "Point", "coordinates": [ 121.366235839536557, -69.0 ] } },
{ "type": "Feature", "properties": { "Longitude": 121.81604488644319, "Latitude": -67.5 }, "geometry": { "type": "Point", "coordinates": [ 121.816044886443194, -67.5 ] } },
{ "type": "Feature", "properties": { "Longitude": 129.65542267570146, "Latitude": -67.5 }, "geometry": { "type": "Point", "coordinates": [ 129.655422675701459, -67.5 ] } },
{ "type": "Feature", "properties": { "Longitude": 125.73573378107233, "Latitude": -67.5 }, "geometry": { "type": "Point", "coordinates": [ 125.735733781072327, -67.5 ] } },
{ "type": "Feature", "properties": { "Longitude": 121.0723033993084, "Latitude": -70.5 }, "geometry": { "type": "Point", "coordinates": [ 121.072303399308396, -70.5 ] } },
{ "type": "Feature", "properties": { "Longitude": 116.578686930662, "Latitude": -70.5 }, "geometry": { "type": "Point", "coordinates": [ 116.578686930662002, -70.5 ] } },
{ "type": "Feature", "properties": { "Longitude": 112.99495151066054, "Latitude": -69.0 }, "geometry": { "type": "Point", "coordinates": [ 112.994951510660542, -69.0 ] } },
{ "type": "Feature", "properties": { "Longitude": 117.18059367509852, "Latitude": -69.0 }, "geometry": { "type": "Point", "coordinates": [ 117.180593675098521, -69.0 ] } },
{ "type": "Feature", "properties": { "Longitude": 117.89635599181406, "Latitude": -67.5 }, "geometry": { "type": "Point", "coordinates": [ 117.896355991814062, -67.5 ] } },
{ "type": "Feature", "properties": { "Longitude": 113.97666709718493, "Latitude": -67.5 }, "geometry": { "type": "Point", "coordinates": [ 113.976667097184929, -67.5 ] } },
{ "type": "Feature", "properties": { "Longitude": 168.65752110112226, "Latitude": -46.5 }, "geometry": { "type": "Point", "coordinates": [ 168.657521101122256, -46.5 ] } },
{ "type": "Feature", "properties": { "Longitude": 167.89653634377953, "Latitude": -45.0 }, "geometry": { "type": "Point", "coordinates": [ 167.89653634377953, -45.0 ] } },
{ "type": "Feature", "properties": { "Longitude": 170.01785668733919, "Latitude": -45.0 }, "geometry": { "type": "Point", "coordinates": [ 170.01785668733919, -45.0 ] } },
{ "type": "Feature", "properties": { "Longitude": 171.54261053383522, "Latitude": -43.5 }, "geometry": { "type": "Point", "coordinates": [ 171.542610533835216, -43.5 ] } },
{ "type": "Feature", "properties": { "Longitude": 146.72783802556449, "Latitude": -43.5 }, "geometry": { "type": "Point", "coordinates": [ 146.727838025564495, -43.5 ] } },
{ "type": "Feature", "properties": { "Longitude": 146.98875329434895, "Latitude": -42.0 }, "geometry": { "type": "Point", "coordinates": [ 146.988753294348953, -42.0 ] } },
{ "type": "Feature", "properties": { "Longitude": 145.20188281464743, "Latitude": -37.5 }, "geometry": { "type": "Point", "coordinates": [ 145.201882814647433, -37.5 ] } },
{ "type": "Feature", "properties": { "Longitude": 143.31117419363204, "Latitude": -37.5 }, "geometry": { "type": "Point", "coordinates": [ 143.311174193632041, -37.5 ] } },
{ "type": "Feature", "properties": { "Longitude": 148.98330005667822, "Latitude": -37.5 }, "geometry": { "type": "Point", "coordinates": [ 148.983300056678218, -37.5 ] } },
{ "type": "Feature", "properties": { "Longitude": 147.09259143566283, "Latitude": -37.5 }, "geometry": { "type": "Point", "coordinates": [ 147.092591435662825, -37.5 ] } },
{ "type": "Feature", "properties": { "Longitude": 150.03014999244419, "Latitude": -36.0 }, "geometry": { "type": "Point", "coordinates": [ 150.030149992444194, -36.0 ] } },
{ "type": "Feature", "properties": { "Longitude": 148.17604802619451, "Latitude": -36.0 }, "geometry": { "type": "Point", "coordinates": [ 148.176048026194508, -36.0 ] } },
{ "type": "Feature", "properties": { "Longitude": 141.42046557261665, "Latitude": -37.5 }, "geometry": { "type": "Point", "coordinates": [ 141.420465572616649, -37.5 ] } },
{ "type": "Feature", "properties": { "Longitude": 142.61374212744545, "Latitude": -36.0 }, "geometry": { "type": "Point", "coordinates": [ 142.613742127445448, -36.0 ] } },
{ "type": "Feature", "properties": { "Longitude": 140.75964016119576, "Latitude": -36.0 }, "geometry": { "type": "Point", "coordinates": [ 140.759640161195762, -36.0 ] } },
{ "type": "Feature", "properties": { "Longitude": 144.46784409369513, "Latitude": -36.0 }, "geometry": { "type": "Point", "coordinates": [ 144.467844093695135, -36.0 ] } },
{ "type": "Feature", "properties": { "Longitude": 146.32194605994482, "Latitude": -36.0 }, "geometry": { "type": "Point", "coordinates": [ 146.321946059944821, -36.0 ] } },
{ "type": "Feature", "properties": { "Longitude": 145.79962111014356, "Latitude": -34.5 }, "geometry": { "type": "Point", "coordinates": [ 145.799621110143562, -34.5 ] } },
{ "type": "Feature", "properties": { "Longitude": 143.97951149500312, "Latitude": -34.5 }, "geometry": { "type": "Point", "coordinates": [ 143.979511495003123, -34.5 ] } },
{ "type": "Feature", "properties": { "Longitude": 138.51918264958169, "Latitude": -34.5 }, "geometry": { "type": "Point", "coordinates": [ 138.519182649581694, -34.5 ] } },
{ "type": "Feature", "properties": { "Longitude": 136.57245424794212, "Latitude": -33.0 }, "geometry": { "type": "Point", "coordinates": [ 136.572454247942119, -33.0 ] } },
{ "type": "Feature", "properties": { "Longitude": 134.78390930868818, "Latitude": -33.0 }, "geometry": { "type": "Point", "coordinates": [ 134.78390930868818, -33.0 ] } },
{ "type": "Feature", "properties": { "Longitude": 116.67786726789609, "Latitude": -34.5 }, "geometry": { "type": "Point", "coordinates": [ 116.67786726789609, -34.5 ] } },
{ "type": "Feature", "properties": { "Longitude": 118.49797688303659, "Latitude": -34.5 }, "geometry": { "type": "Point", "coordinates": [ 118.497976883036586, -34.5 ] } },
{ "type": "Feature", "properties": { "Longitude": 120.4755497946569, "Latitude": -33.0 }, "geometry": { "type": "Point", "coordinates": [ 120.475549794656899, -33.0 ] } },
{ "type": "Feature", "properties": { "Longitude": 118.68700485540296, "Latitude": -33.0 }, "geometry": { "type": "Point", "coordinates": [ 118.687004855402961, -33.0 ] } },
{ "type": "Feature", "properties": { "Longitude": 124.05263967316472, "Latitude": -33.0 }, "geometry": { "type": "Point", "coordinates": [ 124.05263967316472, -33.0 ] } },
{ "type": "Feature", "properties": { "Longitude": 122.26409473391084, "Latitude": -33.0 }, "geometry": { "type": "Point", "coordinates": [ 122.264094733910838, -33.0 ] } },
{ "type": "Feature", "properties": { "Longitude": 173.22859152167325, "Latitude": -42.0 }, "geometry": { "type": "Point", "coordinates": [ 173.228591521673252, -42.0 ] } },
{ "type": "Feature", "properties": { "Longitude": 175.14564018651572, "Latitude": -39.0 }, "geometry": { "type": "Point", "coordinates": [ 175.14564018651572, -39.0 ] } },
{ "type": "Feature", "properties": { "Longitude": 177.07577953535548, "Latitude": -39.0 }, "geometry": { "type": "Point", "coordinates": [ 177.07577953535548, -39.0 ] } },
{ "type": "Feature", "properties": { "Longitude": 175.45322075089371, "Latitude": -37.5 }, "geometry": { "type": "Point", "coordinates": [ 175.453220750893706, -37.5 ] } },
{ "type": "Feature", "properties": { "Longitude": 174.13347555369012, "Latitude": -36.0 }, "geometry": { "type": "Point", "coordinates": [ 174.133475553690118, -36.0 ] } },
{ "type": "Feature", "properties": { "Longitude": 147.61973072528406, "Latitude": -34.5 }, "geometry": { "type": "Point", "coordinates": [ 147.619730725284057, -34.5 ] } },
{ "type": "Feature", "properties": { "Longitude": 149.43984034042455, "Latitude": -34.5 }, "geometry": { "type": "Point", "coordinates": [ 149.439840340424553, -34.5 ] } },
{ "type": "Feature", "properties": { "Longitude": 149.09226882271946, "Latitude": -33.0 }, "geometry": { "type": "Point", "coordinates": [ 149.092268822719461, -33.0 ] } },
{ "type": "Feature", "properties": { "Longitude": 147.30372388346552, "Latitude": -33.0 }, "geometry": { "type": "Point", "coordinates": [ 147.303723883465523, -33.0 ] } },
{ "type": "Feature", "properties": { "Longitude": 150.8808137619734, "Latitude": -33.0 }, "geometry": { "type": "Point", "coordinates": [ 150.8808137619734, -33.0 ] } },
{ "type": "Feature", "properties": { "Longitude": 142.15940187986268, "Latitude": -34.5 }, "geometry": { "type": "Point", "coordinates": [ 142.159401879862685, -34.5 ] } },
{ "type": "Feature", "properties": { "Longitude": 140.33929226472219, "Latitude": -34.5 }, "geometry": { "type": "Point", "coordinates": [ 140.339292264722189, -34.5 ] } },
{ "type": "Feature", "properties": { "Longitude": 145.51517894421164, "Latitude": -33.0 }, "geometry": { "type": "Point", "coordinates": [ 145.515178944211641, -33.0 ] } },
{ "type": "Feature", "properties": { "Longitude": 140.14954412644988, "Latitude": -33.0 }, "geometry": { "type": "Point", "coordinates": [ 140.149544126449882, -33.0 ] } },
{ "type": "Feature", "properties": { "Longitude": 138.360999187196, "Latitude": -33.0 }, "geometry": { "type": "Point", "coordinates": [ 138.360999187196001, -33.0 ] } },
{ "type": "Feature", "properties": { "Longitude": 143.72663400495776, "Latitude": -33.0 }, "geometry": { "type": "Point", "coordinates": [ 143.726634004957759, -33.0 ] } },
{ "type": "Feature", "properties": { "Longitude": 141.93808906570382, "Latitude": -33.0 }, "geometry": { "type": "Point", "coordinates": [ 141.938089065703821, -33.0 ] } },
{ "type": "Feature", "properties": { "Longitude": 143.7004442654686, "Latitude": -31.5 }, "geometry": { "type": "Point", "coordinates": [ 143.700444265468604, -31.5 ] } },
{ "type": "Feature", "properties": { "Longitude": 140.18196117562655, "Latitude": -31.5 }, "geometry": { "type": "Point", "coordinates": [ 140.181961175626554, -31.5 ] } },
{ "type": "Feature", "properties": { "Longitude": 138.4227196307055, "Latitude": -31.5 }, "geometry": { "type": "Point", "coordinates": [ 138.422719630705501, -31.5 ] } },
{ "type": "Feature", "properties": { "Longitude": 148.97816890023171, "Latitude": -31.5 }, "geometry": { "type": "Point", "coordinates": [ 148.978168900231708, -31.5 ] } },
{ "type": "Feature", "properties": { "Longitude": 150.7374104451527, "Latitude": -31.5 }, "geometry": { "type": "Point", "coordinates": [ 150.737410445152705, -31.5 ] } },
{ "type": "Feature", "properties": { "Longitude": 152.4966519900737, "Latitude": -31.5 }, "geometry": { "type": "Point", "coordinates": [ 152.496651990073701, -31.5 ] } },
{ "type": "Feature", "properties": { "Longitude": 147.21892735531065, "Latitude": -31.5 }, "geometry": { "type": "Point", "coordinates": [ 147.218927355310655, -31.5 ] } },
{ "type": "Feature", "properties": { "Longitude": 149.08965343808489, "Latitude": -30.0 }, "geometry": { "type": "Point", "coordinates": [ 149.089653438084895, -30.0 ] } },
{ "type": "Feature", "properties": { "Longitude": 150.82170424565379, "Latitude": -30.0 }, "geometry": { "type": "Point", "coordinates": [ 150.821704245653791, -30.0 ] } },
{ "type": "Feature", "properties": { "Longitude": 152.55375505322263, "Latitude": -30.0 }, "geometry": { "type": "Point", "coordinates": [ 152.553755053222631, -30.0 ] } },
{ "type": "Feature", "properties": { "Longitude": 141.94120272054761, "Latitude": -31.5 }, "geometry": { "type": "Point", "coordinates": [ 141.941202720547608, -31.5 ] } },
{ "type": "Feature", "properties": { "Longitude": 145.4596858103896, "Latitude": -31.5 }, "geometry": { "type": "Point", "coordinates": [ 145.459685810389601, -31.5 ] } },
{ "type": "Feature", "properties": { "Longitude": 142.16145020780942, "Latitude": -30.0 }, "geometry": { "type": "Point", "coordinates": [ 142.161450207809423, -30.0 ] } },
{ "type": "Feature", "properties": { "Longitude": 145.62555182294716, "Latitude": -30.0 }, "geometry": { "type": "Point", "coordinates": [ 145.625551822947159, -30.0 ] } },
{ "type": "Feature", "properties": { "Longitude": 140.42939940024053, "Latitude": -30.0 }, "geometry": { "type": "Point", "coordinates": [ 140.429399400240527, -30.0 ] } },
{ "type": "Feature", "properties": { "Longitude": 143.89350101537832, "Latitude": -30.0 }, "geometry": { "type": "Point", "coordinates": [ 143.89350101537832, -30.0 ] } },
{ "type": "Feature", "properties": { "Longitude": 138.69734859267169, "Latitude": -30.0 }, "geometry": { "type": "Point", "coordinates": [ 138.697348592671688, -30.0 ] } },
{ "type": "Feature", "properties": { "Longitude": 146.00639640730583, "Latitude": -28.5 }, "geometry": { "type": "Point", "coordinates": [ 146.006396407305829, -28.5 ] } },
{ "type": "Feature", "properties": { "Longitude": 142.59271686377383, "Latitude": -28.5 }, "geometry": { "type": "Point", "coordinates": [ 142.59271686377383, -28.5 ] } },
{ "type": "Feature", "properties": { "Longitude": 140.88587709200783, "Latitude": -28.5 }, "geometry": { "type": "Point", "coordinates": [ 140.885877092007831, -28.5 ] } },
{ "type": "Feature", "properties": { "Longitude": 147.357602630516, "Latitude": -30.0 }, "geometry": { "type": "Point", "coordinates": [ 147.357602630515998, -30.0 ] } },
{ "type": "Feature", "properties": { "Longitude": 147.71323617907183, "Latitude": -28.5 }, "geometry": { "type": "Point", "coordinates": [ 147.713236179071828, -28.5 ] } },
{ "type": "Feature", "properties": { "Longitude": 151.12691572260383, "Latitude": -28.5 }, "geometry": { "type": "Point", "coordinates": [ 151.126915722603826, -28.5 ] } },
{ "type": "Feature", "properties": { "Longitude": 149.42007595083783, "Latitude": -28.5 }, "geometry": { "type": "Point", "coordinates": [ 149.420075950837827, -28.5 ] } },
{ "type": "Feature", "properties": { "Longitude": 152.83375549436983, "Latitude": -28.5 }, "geometry": { "type": "Point", "coordinates": [ 152.833755494369825, -28.5 ] } },
{ "type": "Feature", "properties": { "Longitude": 148.28042450804855, "Latitude": -27.0 }, "geometry": { "type": "Point", "coordinates": [ 148.280424508048554, -27.0 ] } },
{ "type": "Feature", "properties": { "Longitude": 149.96391386450011, "Latitude": -27.0 }, "geometry": { "type": "Point", "coordinates": [ 149.963913864500114, -27.0 ] } },
{ "type": "Feature", "properties": { "Longitude": 151.64740322095167, "Latitude": -27.0 }, "geometry": { "type": "Point", "coordinates": [ 151.647403220951674, -27.0 ] } },
{ "type": "Feature", "properties": { "Longitude": 135.76535777670983, "Latitude": -28.5 }, "geometry": { "type": "Point", "coordinates": [ 135.765357776709834, -28.5 ] } },
{ "type": "Feature", "properties": { "Longitude": 134.05851800494383, "Latitude": -28.5 }, "geometry": { "type": "Point", "coordinates": [ 134.058518004943835, -28.5 ] } },
{ "type": "Feature", "properties": { "Longitude": 130.64483846141184, "Latitude": -28.5 }, "geometry": { "type": "Point", "coordinates": [ 130.644838461411837, -28.5 ] } },
{ "type": "Feature", "properties": { "Longitude": 132.35167823317784, "Latitude": -28.5 }, "geometry": { "type": "Point", "coordinates": [ 132.351678233177836, -28.5 ] } },
{ "type": "Feature", "properties": { "Longitude": 137.47219754847583, "Latitude": -28.5 }, "geometry": { "type": "Point", "coordinates": [ 137.472197548475833, -28.5 ] } },
{ "type": "Feature", "properties": { "Longitude": 131.4455309435333, "Latitude": -27.0 }, "geometry": { "type": "Point", "coordinates": [ 131.445530943533299, -27.0 ] } },
{ "type": "Feature", "properties": { "Longitude": 138.17948836933942, "Latitude": -27.0 }, "geometry": { "type": "Point", "coordinates": [ 138.179488369339424, -27.0 ] } },
{ "type": "Feature", "properties": { "Longitude": 136.49599901288786, "Latitude": -27.0 }, "geometry": { "type": "Point", "coordinates": [ 136.495999012887864, -27.0 ] } },
{ "type": "Feature", "properties": { "Longitude": 134.8125096564363, "Latitude": -27.0 }, "geometry": { "type": "Point", "coordinates": [ 134.812509656436305, -27.0 ] } },
{ "type": "Feature", "properties": { "Longitude": 133.1290202999848, "Latitude": -27.0 }, "geometry": { "type": "Point", "coordinates": [ 133.129020299984802, -27.0 ] } },
{ "type": "Feature", "properties": { "Longitude": 144.29955663553983, "Latitude": -28.5 }, "geometry": { "type": "Point", "coordinates": [ 144.29955663553983, -28.5 ] } },
{ "type": "Feature", "properties": { "Longitude": 139.17903732024183, "Latitude": -28.5 }, "geometry": { "type": "Point", "coordinates": [ 139.179037320241832, -28.5 ] } },
{ "type": "Feature", "properties": { "Longitude": 144.91344579514555, "Latitude": -27.0 }, "geometry": { "type": "Point", "coordinates": [ 144.913445795145549, -27.0 ] } },
{ "type": "Feature", "properties": { "Longitude": 141.54646708224243, "Latitude": -27.0 }, "geometry": { "type": "Point", "coordinates": [ 141.54646708224243, -27.0 ] } },
{ "type": "Feature", "properties": { "Longitude": 143.22995643869399, "Latitude": -27.0 }, "geometry": { "type": "Point", "coordinates": [ 143.229956438693989, -27.0 ] } },
{ "type": "Feature", "properties": { "Longitude": 146.59693515159705, "Latitude": -27.0 }, "geometry": { "type": "Point", "coordinates": [ 146.596935151597052, -27.0 ] } },
{ "type": "Feature", "properties": { "Longitude": 139.86297772579093, "Latitude": -27.0 }, "geometry": { "type": "Point", "coordinates": [ 139.862977725790927, -27.0 ] } },
{ "type": "Feature", "properties": { "Longitude": 142.40720632799713, "Latitude": -25.5 }, "geometry": { "type": "Point", "coordinates": [ 142.40720632799713, -25.5 ] } },
{ "type": "Feature", "properties": { "Longitude": 140.74531351187341, "Latitude": -25.5 }, "geometry": { "type": "Point", "coordinates": [ 140.745313511873405, -25.5 ] } },
{ "type": "Feature", "properties": { "Longitude": 139.08342069574974, "Latitude": -25.5 }, "geometry": { "type": "Point", "coordinates": [ 139.083420695749737, -25.5 ] } },
{ "type": "Feature", "properties": { "Longitude": 135.75963506350234, "Latitude": -25.5 }, "geometry": { "type": "Point", "coordinates": [ 135.759635063502344, -25.5 ] } },
{ "type": "Feature", "properties": { "Longitude": 134.09774224737862, "Latitude": -25.5 }, "geometry": { "type": "Point", "coordinates": [ 134.097742247378619, -25.5 ] } },
{ "type": "Feature", "properties": { "Longitude": 132.43584943125495, "Latitude": -25.5 }, "geometry": { "type": "Point", "coordinates": [ 132.435849431254951, -25.5 ] } },
{ "type": "Feature", "properties": { "Longitude": 137.42152787962607, "Latitude": -25.5 }, "geometry": { "type": "Point", "coordinates": [ 137.421527879626069, -25.5 ] } },
{ "type": "Feature", "properties": { "Longitude": 130.77395661513128, "Latitude": -25.5 }, "geometry": { "type": "Point", "coordinates": [ 130.773956615131283, -25.5 ] } },
{ "type": "Feature", "properties": { "Longitude": 131.97133937422535, "Latitude": -24.0 }, "geometry": { "type": "Point", "coordinates": [ 131.971339374225352, -24.0 ] } },
{ "type": "Feature", "properties": { "Longitude": 130.32938495646624, "Latitude": -24.0 }, "geometry": { "type": "Point", "coordinates": [ 130.329384956466242, -24.0 ] } },
{ "type": "Feature", "properties": { "Longitude": 136.89720262750257, "Latitude": -24.0 }, "geometry": { "type": "Point", "coordinates": [ 136.897202627502566, -24.0 ] } },
{ "type": "Feature", "properties": { "Longitude": 135.25524820974351, "Latitude": -24.0 }, "geometry": { "type": "Point", "coordinates": [ 135.255248209743513, -24.0 ] } },
{ "type": "Feature", "properties": { "Longitude": 133.61329379198446, "Latitude": -24.0 }, "geometry": { "type": "Point", "coordinates": [ 133.613293791984461, -24.0 ] } },
{ "type": "Feature", "properties": { "Longitude": 152.37856322473931, "Latitude": -25.5 }, "geometry": { "type": "Point", "coordinates": [ 152.37856322473931, -25.5 ] } },
{ "type": "Feature", "properties": { "Longitude": 147.39288477636819, "Latitude": -25.5 }, "geometry": { "type": "Point", "coordinates": [ 147.392884776368192, -25.5 ] } },
{ "type": "Feature", "properties": { "Longitude": 149.05477759249192, "Latitude": -25.5 }, "geometry": { "type": "Point", "coordinates": [ 149.054777592491916, -25.5 ] } },
{ "type": "Feature", "properties": { "Longitude": 150.71667040861564, "Latitude": -25.5 }, "geometry": { "type": "Point", "coordinates": [ 150.716670408615641, -25.5 ] } },
{ "type": "Feature", "properties": { "Longitude": 146.74892913405711, "Latitude": -24.0 }, "geometry": { "type": "Point", "coordinates": [ 146.748929134057107, -24.0 ] } },
{ "type": "Feature", "properties": { "Longitude": 150.03283796957521, "Latitude": -24.0 }, "geometry": { "type": "Point", "coordinates": [ 150.032837969575212, -24.0 ] } },
{ "type": "Feature", "properties": { "Longitude": 148.39088355181616, "Latitude": -24.0 }, "geometry": { "type": "Point", "coordinates": [ 148.39088355181616, -24.0 ] } },
{ "type": "Feature", "properties": { "Longitude": 144.06909914412086, "Latitude": -25.5 }, "geometry": { "type": "Point", "coordinates": [ 144.069099144120855, -25.5 ] } },
{ "type": "Feature", "properties": { "Longitude": 145.73099196024452, "Latitude": -25.5 }, "geometry": { "type": "Point", "coordinates": [ 145.730991960244523, -25.5 ] } },
{ "type": "Feature", "properties": { "Longitude": 141.82306588077984, "Latitude": -24.0 }, "geometry": { "type": "Point", "coordinates": [ 141.823065880779836, -24.0 ] } },
{ "type": "Feature", "properties": { "Longitude": 140.18111146302078, "Latitude": -24.0 }, "geometry": { "type": "Point", "coordinates": [ 140.181111463020784, -24.0 ] } },
{ "type": "Feature", "properties": { "Longitude": 145.106974716298, "Latitude": -24.0 }, "geometry": { "type": "Point", "coordinates": [ 145.106974716297998, -24.0 ] } },
{ "type": "Feature", "properties": { "Longitude": 143.46502029853889, "Latitude": -24.0 }, "geometry": { "type": "Point", "coordinates": [ 143.465020298538889, -24.0 ] } },
{ "type": "Feature", "properties": { "Longitude": 138.53915704526167, "Latitude": -24.0 }, "geometry": { "type": "Point", "coordinates": [ 138.539157045261675, -24.0 ] } },
{ "type": "Feature", "properties": { "Longitude": 138.22330688596526, "Latitude": -22.5 }, "geometry": { "type": "Point", "coordinates": [ 138.223306885965258, -22.5 ] } },
{ "type": "Feature", "properties": { "Longitude": 143.09407178728105, "Latitude": -22.5 }, "geometry": { "type": "Point", "coordinates": [ 143.094071787281052, -22.5 ] } },
{ "type": "Feature", "properties": { "Longitude": 144.71766008771965, "Latitude": -22.5 }, "geometry": { "type": "Point", "coordinates": [ 144.717660087719651, -22.5 ] } },
{ "type": "Feature", "properties": { "Longitude": 116.89845991614908, "Latitude": -33.0 }, "geometry": { "type": "Point", "coordinates": [ 116.898459916149079, -33.0 ] } },
{ "type": "Feature", "properties": { "Longitude": 119.07106263657425, "Latitude": -31.5 }, "geometry": { "type": "Point", "coordinates": [ 119.071062636574254, -31.5 ] } },
{ "type": "Feature", "properties": { "Longitude": 117.3118210916532, "Latitude": -31.5 }, "geometry": { "type": "Point", "coordinates": [ 117.311821091653201, -31.5 ] } },
{ "type": "Feature", "properties": { "Longitude": 120.83030418149531, "Latitude": -31.5 }, "geometry": { "type": "Point", "coordinates": [ 120.830304181495308, -31.5 ] } },
{ "type": "Feature", "properties": { "Longitude": 119.64478970941411, "Latitude": -30.0 }, "geometry": { "type": "Point", "coordinates": [ 119.644789709414113, -30.0 ] } },
{ "type": "Feature", "properties": { "Longitude": 116.18068809427643, "Latitude": -30.0 }, "geometry": { "type": "Point", "coordinates": [ 116.180688094276434, -30.0 ] } },
{ "type": "Feature", "properties": { "Longitude": 117.91273890184527, "Latitude": -30.0 }, "geometry": { "type": "Point", "coordinates": [ 117.912738901845273, -30.0 ] } },
{ "type": "Feature", "properties": { "Longitude": 131.3857534510214, "Latitude": -31.5 }, "geometry": { "type": "Point", "coordinates": [ 131.385753451021401, -31.5 ] } },
{ "type": "Feature", "properties": { "Longitude": 136.6634780857845, "Latitude": -31.5 }, "geometry": { "type": "Point", "coordinates": [ 136.663478085784504, -31.5 ] } },
{ "type": "Feature", "properties": { "Longitude": 134.90423654086351, "Latitude": -31.5 }, "geometry": { "type": "Point", "coordinates": [ 134.904236540863508, -31.5 ] } },
{ "type": "Feature", "properties": { "Longitude": 133.14499499594245, "Latitude": -31.5 }, "geometry": { "type": "Point", "coordinates": [ 133.144994995942454, -31.5 ] } },
{ "type": "Feature", "properties": { "Longitude": 135.23324697753395, "Latitude": -30.0 }, "geometry": { "type": "Point", "coordinates": [ 135.233246977533952, -30.0 ] } },
{ "type": "Feature", "properties": { "Longitude": 130.03709455482738, "Latitude": -30.0 }, "geometry": { "type": "Point", "coordinates": [ 130.037094554827377, -30.0 ] } },
{ "type": "Feature", "properties": { "Longitude": 136.96529778510285, "Latitude": -30.0 }, "geometry": { "type": "Point", "coordinates": [ 136.965297785102848, -30.0 ] } },
{ "type": "Feature", "properties": { "Longitude": 131.76914536239622, "Latitude": -30.0 }, "geometry": { "type": "Point", "coordinates": [ 131.769145362396216, -30.0 ] } },
{ "type": "Feature", "properties": { "Longitude": 133.50119616996506, "Latitude": -30.0 }, "geometry": { "type": "Point", "coordinates": [ 133.501196169965056, -30.0 ] } },
{ "type": "Feature", "properties": { "Longitude": 129.6265119061004, "Latitude": -31.5 }, "geometry": { "type": "Point", "coordinates": [ 129.626511906100404, -31.5 ] } },
{ "type": "Feature", "properties": { "Longitude": 126.10802881625835, "Latitude": -31.5 }, "geometry": { "type": "Point", "coordinates": [ 126.108028816258354, -31.5 ] } },
{ "type": "Feature", "properties": { "Longitude": 124.3487872713373, "Latitude": -31.5 }, "geometry": { "type": "Point", "coordinates": [ 124.348787271337301, -31.5 ] } },
{ "type": "Feature", "properties": { "Longitude": 122.5895457264163, "Latitude": -31.5 }, "geometry": { "type": "Point", "coordinates": [ 122.589545726416304, -31.5 ] } },
{ "type": "Feature", "properties": { "Longitude": 127.86727036117941, "Latitude": -31.5 }, "geometry": { "type": "Point", "coordinates": [ 127.867270361179408, -31.5 ] } },
{ "type": "Feature", "properties": { "Longitude": 121.37684051698301, "Latitude": -30.0 }, "geometry": { "type": "Point", "coordinates": [ 121.376840516983009, -30.0 ] } },
{ "type": "Feature", "properties": { "Longitude": 123.10889132455191, "Latitude": -30.0 }, "geometry": { "type": "Point", "coordinates": [ 123.108891324551905, -30.0 ] } },
{ "type": "Feature", "properties": { "Longitude": 124.84094213212074, "Latitude": -30.0 }, "geometry": { "type": "Point", "coordinates": [ 124.840942132120745, -30.0 ] } },
{ "type": "Feature", "properties": { "Longitude": 126.57299293968958, "Latitude": -30.0 }, "geometry": { "type": "Point", "coordinates": [ 126.572992939689584, -30.0 ] } },
{ "type": "Feature", "properties": { "Longitude": 128.30504374725848, "Latitude": -30.0 }, "geometry": { "type": "Point", "coordinates": [ 128.30504374725848, -30.0 ] } },
{ "type": "Feature", "properties": { "Longitude": 122.11063960258184, "Latitude": -28.5 }, "geometry": { "type": "Point", "coordinates": [ 122.110639602581841, -28.5 ] } },
{ "type": "Feature", "properties": { "Longitude": 123.81747937434784, "Latitude": -28.5 }, "geometry": { "type": "Point", "coordinates": [ 123.81747937434784, -28.5 ] } },
{ "type": "Feature", "properties": { "Longitude": 125.52431914611384, "Latitude": -28.5 }, "geometry": { "type": "Point", "coordinates": [ 125.524319146113839, -28.5 ] } },
{ "type": "Feature", "properties": { "Longitude": 127.23115891787984, "Latitude": -28.5 }, "geometry": { "type": "Point", "coordinates": [ 127.231158917879839, -28.5 ] } },
{ "type": "Feature", "properties": { "Longitude": 128.93799868964584, "Latitude": -28.5 }, "geometry": { "type": "Point", "coordinates": [ 128.937998689645838, -28.5 ] } },
{ "type": "Feature", "properties": { "Longitude": 124.71157351772717, "Latitude": -27.0 }, "geometry": { "type": "Point", "coordinates": [ 124.711573517727174, -27.0 ] } },
{ "type": "Feature", "properties": { "Longitude": 123.02808416127561, "Latitude": -27.0 }, "geometry": { "type": "Point", "coordinates": [ 123.028084161275615, -27.0 ] } },
{ "type": "Feature", "properties": { "Longitude": 128.07855223063018, "Latitude": -27.0 }, "geometry": { "type": "Point", "coordinates": [ 128.07855223063018, -27.0 ] } },
{ "type": "Feature", "properties": { "Longitude": 126.39506287417868, "Latitude": -27.0 }, "geometry": { "type": "Point", "coordinates": [ 126.395062874178677, -27.0 ] } },
{ "type": "Feature", "properties": { "Longitude": 129.76204158708174, "Latitude": -27.0 }, "geometry": { "type": "Point", "coordinates": [ 129.76204158708174, -27.0 ] } },
{ "type": "Feature", "properties": { "Longitude": 115.28328051551784, "Latitude": -28.5 }, "geometry": { "type": "Point", "coordinates": [ 115.283280515517845, -28.5 ] } },
{ "type": "Feature", "properties": { "Longitude": 120.40379983081584, "Latitude": -28.5 }, "geometry": { "type": "Point", "coordinates": [ 120.403799830815842, -28.5 ] } },
{ "type": "Feature", "properties": { "Longitude": 116.99012028728384, "Latitude": -28.5 }, "geometry": { "type": "Point", "coordinates": [ 116.990120287283844, -28.5 ] } },
{ "type": "Feature", "properties": { "Longitude": 118.69696005904984, "Latitude": -28.5 }, "geometry": { "type": "Point", "coordinates": [ 118.696960059049843, -28.5 ] } },
{ "type": "Feature", "properties": { "Longitude": 116.29412673546949, "Latitude": -27.0 }, "geometry": { "type": "Point", "coordinates": [ 116.29412673546949, -27.0 ] } },
{ "type": "Feature", "properties": { "Longitude": 114.61063737901793, "Latitude": -27.0 }, "geometry": { "type": "Point", "coordinates": [ 114.61063737901793, -27.0 ] } },
{ "type": "Feature", "properties": { "Longitude": 119.66110544837255, "Latitude": -27.0 }, "geometry": { "type": "Point", "coordinates": [ 119.661105448372552, -27.0 ] } },
{ "type": "Feature", "properties": { "Longitude": 117.97761609192105, "Latitude": -27.0 }, "geometry": { "type": "Point", "coordinates": [ 117.97761609192105, -27.0 ] } },
{ "type": "Feature", "properties": { "Longitude": 121.34459480482406, "Latitude": -27.0 }, "geometry": { "type": "Point", "coordinates": [ 121.344594804824055, -27.0 ] } },
{ "type": "Feature", "properties": { "Longitude": 115.81692127001799, "Latitude": -25.5 }, "geometry": { "type": "Point", "coordinates": [ 115.816921270017986, -25.5 ] } },
{ "type": "Feature", "properties": { "Longitude": 117.47881408614171, "Latitude": -25.5 }, "geometry": { "type": "Point", "coordinates": [ 117.478814086141711, -25.5 ] } },
{ "type": "Feature", "properties": { "Longitude": 120.80259971838905, "Latitude": -25.5 }, "geometry": { "type": "Point", "coordinates": [ 120.802599718389047, -25.5 ] } },
{ "type": "Feature", "properties": { "Longitude": 119.14070690226538, "Latitude": -25.5 }, "geometry": { "type": "Point", "coordinates": [ 119.140706902265379, -25.5 ] } },
{ "type": "Feature", "properties": { "Longitude": 114.15502845389426, "Latitude": -25.5 }, "geometry": { "type": "Point", "coordinates": [ 114.155028453894261, -25.5 ] } },
{ "type": "Feature", "properties": { "Longitude": 118.83570403215271, "Latitude": -24.0 }, "geometry": { "type": "Point", "coordinates": [ 118.835704032152705, -24.0 ] } },
{ "type": "Feature", "properties": { "Longitude": 120.47765844991181, "Latitude": -24.0 }, "geometry": { "type": "Point", "coordinates": [ 120.477658449911814, -24.0 ] } },
{ "type": "Feature", "properties": { "Longitude": 113.90984077887549, "Latitude": -24.0 }, "geometry": { "type": "Point", "coordinates": [ 113.909840778875491, -24.0 ] } },
{ "type": "Feature", "properties": { "Longitude": 115.55179519663454, "Latitude": -24.0 }, "geometry": { "type": "Point", "coordinates": [ 115.551795196634544, -24.0 ] } },
{ "type": "Feature", "properties": { "Longitude": 122.46449253451277, "Latitude": -25.5 }, "geometry": { "type": "Point", "coordinates": [ 122.464492534512772, -25.5 ] } },
{ "type": "Feature", "properties": { "Longitude": 127.45017098288383, "Latitude": -25.5 }, "geometry": { "type": "Point", "coordinates": [ 127.450170982883833, -25.5 ] } },
{ "type": "Feature", "properties": { "Longitude": 124.1263853506365, "Latitude": -25.5 }, "geometry": { "type": "Point", "coordinates": [ 124.126385350636497, -25.5 ] } },
{ "type": "Feature", "properties": { "Longitude": 129.11206379900756, "Latitude": -25.5 }, "geometry": { "type": "Point", "coordinates": [ 129.112063799007558, -25.5 ] } },
{ "type": "Feature", "properties": { "Longitude": 125.78827816676016, "Latitude": -25.5 }, "geometry": { "type": "Point", "coordinates": [ 125.788278166760165, -25.5 ] } },
{ "type": "Feature", "properties": { "Longitude": 127.04547612094814, "Latitude": -24.0 }, "geometry": { "type": "Point", "coordinates": [ 127.045476120948138, -24.0 ] } },
{ "type": "Feature", "properties": { "Longitude": 125.40352170318903, "Latitude": -24.0 }, "geometry": { "type": "Point", "coordinates": [ 125.403521703189028, -24.0 ] } },
{ "type": "Feature", "properties": { "Longitude": 123.76156728542992, "Latitude": -24.0 }, "geometry": { "type": "Point", "coordinates": [ 123.761567285429919, -24.0 ] } },
{ "type": "Feature", "properties": { "Longitude": 122.11961286767087, "Latitude": -24.0 }, "geometry": { "type": "Point", "coordinates": [ 122.119612867670867, -24.0 ] } },
{ "type": "Feature", "properties": { "Longitude": 128.68743053870719, "Latitude": -24.0 }, "geometry": { "type": "Point", "coordinates": [ 128.68743053870719, -24.0 ] } },
{ "type": "Feature", "properties": { "Longitude": 165.44426044794051, "Latitude": -21.0 }, "geometry": { "type": "Point", "coordinates": [ 165.444260447940508, -21.0 ] } },
{ "type": "Feature", "properties": { "Longitude": 117.1937496143936, "Latitude": -24.0 }, "geometry": { "type": "Point", "coordinates": [ 117.193749614393596, -24.0 ] } },
{ "type": "Feature", "properties": { "Longitude": 118.74024728070208, "Latitude": -22.5 }, "geometry": { "type": "Point", "coordinates": [ 118.740247280702079, -22.5 ] } },
{ "type": "Feature", "properties": { "Longitude": 115.49307067982488, "Latitude": -22.5 }, "geometry": { "type": "Point", "coordinates": [ 115.493070679824882, -22.5 ] } },
{ "type": "Feature", "properties": { "Longitude": 117.11665898026348, "Latitude": -22.5 }, "geometry": { "type": "Point", "coordinates": [ 117.11665898026348, -22.5 ] } },
{ "type": "Feature", "properties": { "Longitude": 113.86948237938628, "Latitude": -22.5 }, "geometry": { "type": "Point", "coordinates": [ 113.869482379386284, -22.5 ] } },
{ "type": "Feature", "properties": { "Longitude": 120.36383558114068, "Latitude": -22.5 }, "geometry": { "type": "Point", "coordinates": [ 120.363835581140677, -22.5 ] } },
{ "type": "Feature", "properties": { "Longitude": 120.45617071518546, "Latitude": -21.0 }, "geometry": { "type": "Point", "coordinates": [ 120.456170715185465, -21.0 ] } },
{ "type": "Feature", "properties": { "Longitude": 117.24273573427439, "Latitude": -21.0 }, "geometry": { "type": "Point", "coordinates": [ 117.24273573427439, -21.0 ] } },
{ "type": "Feature", "properties": { "Longitude": 125.23460048245647, "Latitude": -22.5 }, "geometry": { "type": "Point", "coordinates": [ 125.234600482456472, -22.5 ] } },
{ "type": "Feature", "properties": { "Longitude": 123.61101218201787, "Latitude": -22.5 }, "geometry": { "type": "Point", "coordinates": [ 123.611012182017873, -22.5 ] } },
{ "type": "Feature", "properties": { "Longitude": 126.85818878289507, "Latitude": -22.5 }, "geometry": { "type": "Point", "coordinates": [ 126.85818878289507, -22.5 ] } },
{ "type": "Feature", "properties": { "Longitude": 121.98742388157928, "Latitude": -22.5 }, "geometry": { "type": "Point", "coordinates": [ 121.987423881579275, -22.5 ] } },
{ "type": "Feature", "properties": { "Longitude": 128.48177708333367, "Latitude": -22.5 }, "geometry": { "type": "Point", "coordinates": [ 128.481777083333668, -22.5 ] } },
{ "type": "Feature", "properties": { "Longitude": 126.88304067700761, "Latitude": -21.0 }, "geometry": { "type": "Point", "coordinates": [ 126.883040677007614, -21.0 ] } },
{ "type": "Feature", "properties": { "Longitude": 125.27632318655208, "Latitude": -21.0 }, "geometry": { "type": "Point", "coordinates": [ 125.276323186552077, -21.0 ] } },
{ "type": "Feature", "properties": { "Longitude": 123.66960569609654, "Latitude": -21.0 }, "geometry": { "type": "Point", "coordinates": [ 123.669605696096539, -21.0 ] } },
{ "type": "Feature", "properties": { "Longitude": 122.062888205641, "Latitude": -21.0 }, "geometry": { "type": "Point", "coordinates": [ 122.062888205641002, -21.0 ] } },
{ "type": "Feature", "properties": { "Longitude": 128.48975816746315, "Latitude": -21.0 }, "geometry": { "type": "Point", "coordinates": [ 128.489758167463151, -21.0 ] } },
{ "type": "Feature", "properties": { "Longitude": 131.72895368421086, "Latitude": -22.5 }, "geometry": { "type": "Point", "coordinates": [ 131.728953684210865, -22.5 ] } },
{ "type": "Feature", "properties": { "Longitude": 136.59971858552666, "Latitude": -22.5 }, "geometry": { "type": "Point", "coordinates": [ 136.599718585526659, -22.5 ] } },
{ "type": "Feature", "properties": { "Longitude": 134.97613028508806, "Latitude": -22.5 }, "geometry": { "type": "Point", "coordinates": [ 134.976130285088061, -22.5 ] } },
{ "type": "Feature", "properties": { "Longitude": 130.10536538377227, "Latitude": -22.5 }, "geometry": { "type": "Point", "coordinates": [ 130.105365383772266, -22.5 ] } },
{ "type": "Feature", "properties": { "Longitude": 133.35254198464946, "Latitude": -22.5 }, "geometry": { "type": "Point", "coordinates": [ 133.352541984649463, -22.5 ] } },
{ "type": "Feature", "properties": { "Longitude": 134.9166281292853, "Latitude": -21.0 }, "geometry": { "type": "Point", "coordinates": [ 134.9166281292853, -21.0 ] } },
{ "type": "Feature", "properties": { "Longitude": 136.52334561974084, "Latitude": -21.0 }, "geometry": { "type": "Point", "coordinates": [ 136.523345619740837, -21.0 ] } },
{ "type": "Feature", "properties": { "Longitude": 130.09647565791869, "Latitude": -21.0 }, "geometry": { "type": "Point", "coordinates": [ 130.096475657918688, -21.0 ] } },
{ "type": "Feature", "properties": { "Longitude": 133.30991063882976, "Latitude": -21.0 }, "geometry": { "type": "Point", "coordinates": [ 133.309910638829763, -21.0 ] } },
{ "type": "Feature", "properties": { "Longitude": 131.70319314837423, "Latitude": -21.0 }, "geometry": { "type": "Point", "coordinates": [ 131.703193148374226, -21.0 ] } },
{ "type": "Feature", "properties": { "Longitude": 118.84945322472993, "Latitude": -21.0 }, "geometry": { "type": "Point", "coordinates": [ 118.849453224729928, -21.0 ] } },
{ "type": "Feature", "properties": { "Longitude": 122.3418793817234, "Latitude": -19.5 }, "geometry": { "type": "Point", "coordinates": [ 122.341879381723402, -19.5 ] } },
{ "type": "Feature", "properties": { "Longitude": 125.52442548047838, "Latitude": -19.5 }, "geometry": { "type": "Point", "coordinates": [ 125.524425480478385, -19.5 ] } },
{ "type": "Feature", "properties": { "Longitude": 128.70697157923337, "Latitude": -19.5 }, "geometry": { "type": "Point", "coordinates": [ 128.706971579233368, -19.5 ] } },
{ "type": "Feature", "properties": { "Longitude": 127.11569852985588, "Latitude": -19.5 }, "geometry": { "type": "Point", "coordinates": [ 127.115698529855877, -19.5 ] } },
{ "type": "Feature", "properties": { "Longitude": 123.93315243110089, "Latitude": -19.5 }, "geometry": { "type": "Point", "coordinates": [ 123.933152431100893, -19.5 ] } },
{ "type": "Feature", "properties": { "Longitude": 124.39831391697749, "Latitude": -18.0 }, "geometry": { "type": "Point", "coordinates": [ 124.398313916977486, -18.0 ] } },
{ "type": "Feature", "properties": { "Longitude": 129.1298939260497, "Latitude": -18.0 }, "geometry": { "type": "Point", "coordinates": [ 129.129893926049704, -18.0 ] } },
{ "type": "Feature", "properties": { "Longitude": 127.55270058969234, "Latitude": -18.0 }, "geometry": { "type": "Point", "coordinates": [ 127.552700589692336, -18.0 ] } },
{ "type": "Feature", "properties": { "Longitude": 122.82112058062012, "Latitude": -18.0 }, "geometry": { "type": "Point", "coordinates": [ 122.821120580620118, -18.0 ] } },
{ "type": "Feature", "properties": { "Longitude": 125.97550725333491, "Latitude": -18.0 }, "geometry": { "type": "Point", "coordinates": [ 125.975507253334911, -18.0 ] } },
{ "type": "Feature", "properties": { "Longitude": 128.19140371638662, "Latitude": -16.5 }, "geometry": { "type": "Point", "coordinates": [ 128.191403716386617, -16.5 ] } },
{ "type": "Feature", "properties": { "Longitude": 125.06255697814925, "Latitude": -16.5 }, "geometry": { "type": "Point", "coordinates": [ 125.062556978149246, -16.5 ] } },
{ "type": "Feature", "properties": { "Longitude": 126.62698034726793, "Latitude": -16.5 }, "geometry": { "type": "Point", "coordinates": [ 126.626980347267931, -16.5 ] } },
{ "type": "Feature", "properties": { "Longitude": 129.75582708550536, "Latitude": -16.5 }, "geometry": { "type": "Point", "coordinates": [ 129.755827085505359, -16.5 ] } },
{ "type": "Feature", "properties": { "Longitude": 127.4770255817964, "Latitude": -15.0 }, "geometry": { "type": "Point", "coordinates": [ 127.477025581796397, -15.0 ] } },
{ "type": "Feature", "properties": { "Longitude": 125.92411131118126, "Latitude": -15.0 }, "geometry": { "type": "Point", "coordinates": [ 125.924111311181264, -15.0 ] } },
{ "type": "Feature", "properties": { "Longitude": 149.58842498903545, "Latitude": -22.5 }, "geometry": { "type": "Point", "coordinates": [ 149.588424989035445, -22.5 ] } },
{ "type": "Feature", "properties": { "Longitude": 147.96483668859685, "Latitude": -22.5 }, "geometry": { "type": "Point", "coordinates": [ 147.964836688596847, -22.5 ] } },
{ "type": "Feature", "properties": { "Longitude": 147.7703680529296, "Latitude": -21.0 }, "geometry": { "type": "Point", "coordinates": [ 147.770368052929598, -21.0 ] } },
{ "type": "Feature", "properties": { "Longitude": 139.84689518640386, "Latitude": -22.5 }, "geometry": { "type": "Point", "coordinates": [ 139.846895186403856, -22.5 ] } },
{ "type": "Feature", "properties": { "Longitude": 141.47048348684245, "Latitude": -22.5 }, "geometry": { "type": "Point", "coordinates": [ 141.470483486842454, -22.5 ] } },
{ "type": "Feature", "properties": { "Longitude": 146.34124838815825, "Latitude": -22.5 }, "geometry": { "type": "Point", "coordinates": [ 146.341248388158249, -22.5 ] } },
{ "type": "Feature", "properties": { "Longitude": 141.34349809110745, "Latitude": -21.0 }, "geometry": { "type": "Point", "coordinates": [ 141.343498091107449, -21.0 ] } },
{ "type": "Feature", "properties": { "Longitude": 144.55693307201852, "Latitude": -21.0 }, "geometry": { "type": "Point", "coordinates": [ 144.556933072018523, -21.0 ] } },
{ "type": "Feature", "properties": { "Longitude": 139.73678060065191, "Latitude": -21.0 }, "geometry": { "type": "Point", "coordinates": [ 139.736780600651912, -21.0 ] } },
{ "type": "Feature", "properties": { "Longitude": 142.95021558156299, "Latitude": -21.0 }, "geometry": { "type": "Point", "coordinates": [ 142.950215581562986, -21.0 ] } },
{ "type": "Feature", "properties": { "Longitude": 146.16365056247406, "Latitude": -21.0 }, "geometry": { "type": "Point", "coordinates": [ 146.163650562474061, -21.0 ] } },
{ "type": "Feature", "properties": { "Longitude": 144.61970207300828, "Latitude": -19.5 }, "geometry": { "type": "Point", "coordinates": [ 144.619702073008284, -19.5 ] } },
{ "type": "Feature", "properties": { "Longitude": 143.02842902363079, "Latitude": -19.5 }, "geometry": { "type": "Point", "coordinates": [ 143.028429023630792, -19.5 ] } },
{ "type": "Feature", "properties": { "Longitude": 138.13006311019637, "Latitude": -21.0 }, "geometry": { "type": "Point", "coordinates": [ 138.130063110196375, -21.0 ] } },
{ "type": "Feature", "properties": { "Longitude": 131.88951767798835, "Latitude": -19.5 }, "geometry": { "type": "Point", "coordinates": [ 131.889517677988351, -19.5 ] } },
{ "type": "Feature", "properties": { "Longitude": 130.29824462861086, "Latitude": -19.5 }, "geometry": { "type": "Point", "coordinates": [ 130.29824462861086, -19.5 ] } },
{ "type": "Feature", "properties": { "Longitude": 135.07206377674333, "Latitude": -19.5 }, "geometry": { "type": "Point", "coordinates": [ 135.072063776743335, -19.5 ] } },
{ "type": "Feature", "properties": { "Longitude": 136.66333682612083, "Latitude": -19.5 }, "geometry": { "type": "Point", "coordinates": [ 136.663336826120826, -19.5 ] } },
{ "type": "Feature", "properties": { "Longitude": 133.48079072736584, "Latitude": -19.5 }, "geometry": { "type": "Point", "coordinates": [ 133.480790727365843, -19.5 ] } },
{ "type": "Feature", "properties": { "Longitude": 137.01586060783666, "Latitude": -18.0 }, "geometry": { "type": "Point", "coordinates": [ 137.015860607836657, -18.0 ] } },
{ "type": "Feature", "properties": { "Longitude": 130.70708726240707, "Latitude": -18.0 }, "geometry": { "type": "Point", "coordinates": [ 130.707087262407072, -18.0 ] } },
{ "type": "Feature", "properties": { "Longitude": 133.86147393512192, "Latitude": -18.0 }, "geometry": { "type": "Point", "coordinates": [ 133.861473935121921, -18.0 ] } },
{ "type": "Feature", "properties": { "Longitude": 132.2842805987645, "Latitude": -18.0 }, "geometry": { "type": "Point", "coordinates": [ 132.284280598764497, -18.0 ] } },
{ "type": "Feature", "properties": { "Longitude": 139.84588292487581, "Latitude": -19.5 }, "geometry": { "type": "Point", "coordinates": [ 139.845882924875809, -19.5 ] } },
{ "type": "Feature", "properties": { "Longitude": 141.4371559742533, "Latitude": -19.5 }, "geometry": { "type": "Point", "coordinates": [ 141.437155974253301, -19.5 ] } },
{ "type": "Feature", "properties": { "Longitude": 146.21097512238578, "Latitude": -19.5 }, "geometry": { "type": "Point", "coordinates": [ 146.210975122385776, -19.5 ] } },
{ "type": "Feature", "properties": { "Longitude": 138.25460987549832, "Latitude": -19.5 }, "geometry": { "type": "Point", "coordinates": [ 138.254609875498318, -19.5 ] } },
{ "type": "Feature", "properties": { "Longitude": 140.17024728055151, "Latitude": -18.0 }, "geometry": { "type": "Point", "coordinates": [ 140.170247280551507, -18.0 ] } },
{ "type": "Feature", "properties": { "Longitude": 144.90182728962367, "Latitude": -18.0 }, "geometry": { "type": "Point", "coordinates": [ 144.901827289623668, -18.0 ] } },
{ "type": "Feature", "properties": { "Longitude": 143.32463395326624, "Latitude": -18.0 }, "geometry": { "type": "Point", "coordinates": [ 143.324633953266243, -18.0 ] } },
{ "type": "Feature", "properties": { "Longitude": 138.59305394419408, "Latitude": -18.0 }, "geometry": { "type": "Point", "coordinates": [ 138.593053944194082, -18.0 ] } },
{ "type": "Feature", "properties": { "Longitude": 141.74744061690888, "Latitude": -18.0 }, "geometry": { "type": "Point", "coordinates": [ 141.747440616908875, -18.0 ] } },
{ "type": "Feature", "properties": { "Longitude": 135.43866727147929, "Latitude": -18.0 }, "geometry": { "type": "Point", "coordinates": [ 135.438667271479289, -18.0 ] } },
{ "type": "Feature", "properties": { "Longitude": 134.44909719286147, "Latitude": -16.5 }, "geometry": { "type": "Point", "coordinates": [ 134.449097192861473, -16.5 ] } },
{ "type": "Feature", "properties": { "Longitude": 137.57794393109896, "Latitude": -16.5 }, "geometry": { "type": "Point", "coordinates": [ 137.577943931098957, -16.5 ] } },
{ "type": "Feature", "properties": { "Longitude": 132.88467382374279, "Latitude": -16.5 }, "geometry": { "type": "Point", "coordinates": [ 132.884673823742787, -16.5 ] } },
{ "type": "Feature", "properties": { "Longitude": 131.3202504546241, "Latitude": -16.5 }, "geometry": { "type": "Point", "coordinates": [ 131.320250454624102, -16.5 ] } },
{ "type": "Feature", "properties": { "Longitude": 136.01352056198022, "Latitude": -16.5 }, "geometry": { "type": "Point", "coordinates": [ 136.013520561980215, -16.5 ] } },
{ "type": "Feature", "properties": { "Longitude": 130.58285412302666, "Latitude": -15.0 }, "geometry": { "type": "Point", "coordinates": [ 130.582854123026664, -15.0 ] } },
{ "type": "Feature", "properties": { "Longitude": 133.68868266425693, "Latitude": -15.0 }, "geometry": { "type": "Point", "coordinates": [ 133.68868266425693, -15.0 ] } },
{ "type": "Feature", "properties": { "Longitude": 135.24159693487206, "Latitude": -15.0 }, "geometry": { "type": "Point", "coordinates": [ 135.241596934872064, -15.0 ] } },
{ "type": "Feature", "properties": { "Longitude": 132.1357683936418, "Latitude": -15.0 }, "geometry": { "type": "Point", "coordinates": [ 132.135768393641797, -15.0 ] } },
{ "type": "Feature", "properties": { "Longitude": 143.83563740757381, "Latitude": -16.5 }, "geometry": { "type": "Point", "coordinates": [ 143.835637407573813, -16.5 ] } },
{ "type": "Feature", "properties": { "Longitude": 142.27121403845507, "Latitude": -16.5 }, "geometry": { "type": "Point", "coordinates": [ 142.271214038455071, -16.5 ] } },
{ "type": "Feature", "properties": { "Longitude": 145.4000607766925, "Latitude": -16.5 }, "geometry": { "type": "Point", "coordinates": [ 145.400060776692499, -16.5 ] } },
{ "type": "Feature", "properties": { "Longitude": 143.00616828794773, "Latitude": -15.0 }, "geometry": { "type": "Point", "coordinates": [ 143.00616828794773, -15.0 ] } },
{ "type": "Feature", "properties": { "Longitude": 178.02288735312902, "Latitude": -18.0 }, "geometry": { "type": "Point", "coordinates": [ 178.022887353129022, -18.0 ] } },
{ "type": "Feature", "properties": { "Longitude": 179.81737489730421, "Latitude": -16.5 }, "geometry": { "type": "Point", "coordinates": [ 179.817374897304205, -16.5 ] } },
{ "type": "Feature", "properties": { "Longitude": 129.02993985241153, "Latitude": -15.0 }, "geometry": { "type": "Point", "coordinates": [ 129.02993985241153, -15.0 ] } },
{ "type": "Feature", "properties": { "Longitude": 132.83622202870151, "Latitude": -12.0 }, "geometry": { "type": "Point", "coordinates": [ 132.836222028701513, -12.0 ] } },
{ "type": "Feature", "properties": { "Longitude": 125.25823542508408, "Latitude": -9.0 }, "geometry": { "type": "Point", "coordinates": [ 125.258235425084081, -9.0 ] } },
{ "type": "Feature", "properties": { "Longitude": 111.99808408795457, "Latitude": -7.5 }, "geometry": { "type": "Point", "coordinates": [ 111.998084087954567, -7.5 ] } },
{ "type": "Feature", "properties": { "Longitude": 108.9721972062141, "Latitude": -7.5 }, "geometry": { "type": "Point", "coordinates": [ 108.972197206214105, -7.5 ] } },
{ "type": "Feature", "properties": { "Longitude": 110.48514064708434, "Latitude": -7.5 }, "geometry": { "type": "Point", "coordinates": [ 110.485140647084336, -7.5 ] } },
{ "type": "Feature", "properties": { "Longitude": 107.45925376534387, "Latitude": -7.5 }, "geometry": { "type": "Point", "coordinates": [ 107.459253765343874, -7.5 ] } },
{ "type": "Feature", "properties": { "Longitude": 144.55908255856286, "Latitude": -15.0 }, "geometry": { "type": "Point", "coordinates": [ 144.559082558562864, -15.0 ] } },
{ "type": "Feature", "properties": { "Longitude": 142.40816321404066, "Latitude": -13.5 }, "geometry": { "type": "Point", "coordinates": [ 142.408163214040655, -13.5 ] } },
{ "type": "Feature", "properties": { "Longitude": 142.03728738248685, "Latitude": -12.0 }, "geometry": { "type": "Point", "coordinates": [ 142.037287382486852, -12.0 ] } },
{ "type": "Feature", "properties": { "Longitude": 134.69504926155162, "Latitude": -13.5 }, "geometry": { "type": "Point", "coordinates": [ 134.695049261551617, -13.5 ] } },
{ "type": "Feature", "properties": { "Longitude": 131.60980368055601, "Latitude": -13.5 }, "geometry": { "type": "Point", "coordinates": [ 131.609803680556013, -13.5 ] } },
{ "type": "Feature", "properties": { "Longitude": 133.15242647105379, "Latitude": -13.5 }, "geometry": { "type": "Point", "coordinates": [ 133.152426471053786, -13.5 ] } },
{ "type": "Feature", "properties": { "Longitude": 135.90324381329663, "Latitude": -12.0 }, "geometry": { "type": "Point", "coordinates": [ 135.903243813296626, -12.0 ] } },
{ "type": "Feature", "properties": { "Longitude": 141.96391000058622, "Latitude": -9.0 }, "geometry": { "type": "Point", "coordinates": [ 141.963910000586225, -9.0 ] } },
{ "type": "Feature", "properties": { "Longitude": 148.03870075531427, "Latitude": -9.0 }, "geometry": { "type": "Point", "coordinates": [ 148.038700755314267, -9.0 ] } },
{ "type": "Feature", "properties": { "Longitude": 139.23106602361872, "Latitude": -7.5 }, "geometry": { "type": "Point", "coordinates": [ 139.231066023618723, -7.5 ] } },
{ "type": "Feature", "properties": { "Longitude": 143.76989634622942, "Latitude": -7.5 }, "geometry": { "type": "Point", "coordinates": [ 143.769896346229416, -7.5 ] } },
{ "type": "Feature", "properties": { "Longitude": 140.74400946448895, "Latitude": -7.5 }, "geometry": { "type": "Point", "coordinates": [ 140.744009464488954, -7.5 ] } },
{ "type": "Feature", "properties": { "Longitude": 142.25695290535919, "Latitude": -7.5 }, "geometry": { "type": "Point", "coordinates": [ 142.256952905359185, -7.5 ] } },
{ "type": "Feature", "properties": { "Longitude": 145.28283978709965, "Latitude": -7.5 }, "geometry": { "type": "Point", "coordinates": [ 145.282839787099647, -7.5 ] } },
{ "type": "Feature", "properties": { "Longitude": 141.25989532054285, "Latitude": -6.0 }, "geometry": { "type": "Point", "coordinates": [ 141.259895320542853, -6.0 ] } },
{ "type": "Feature", "properties": { "Longitude": 139.75163290119758, "Latitude": -6.0 }, "geometry": { "type": "Point", "coordinates": [ 139.751632901197581, -6.0 ] } },
{ "type": "Feature", "properties": { "Longitude": 146.79578322796988, "Latitude": -7.5 }, "geometry": { "type": "Point", "coordinates": [ 146.795783227969878, -7.5 ] } },
{ "type": "Feature", "properties": { "Longitude": 150.30946983661448, "Latitude": -6.0 }, "geometry": { "type": "Point", "coordinates": [ 150.309469836614483, -6.0 ] } },
{ "type": "Feature", "properties": { "Longitude": 137.47868081981198, "Latitude": -4.5 }, "geometry": { "type": "Point", "coordinates": [ 137.478680819811984, -4.5 ] } },
{ "type": "Feature", "properties": { "Longitude": 135.97404252208776, "Latitude": -4.5 }, "geometry": { "type": "Point", "coordinates": [ 135.974042522087757, -4.5 ] } },
{ "type": "Feature", "properties": { "Longitude": 142.76815773988812, "Latitude": -6.0 }, "geometry": { "type": "Point", "coordinates": [ 142.768157739888125, -6.0 ] } },
{ "type": "Feature", "properties": { "Longitude": 144.2764201592334, "Latitude": -6.0 }, "geometry": { "type": "Point", "coordinates": [ 144.276420159233396, -6.0 ] } },
{ "type": "Feature", "properties": { "Longitude": 145.78468257857867, "Latitude": -6.0 }, "geometry": { "type": "Point", "coordinates": [ 145.784682578578668, -6.0 ] } },
{ "type": "Feature", "properties": { "Longitude": 140.48795741526044, "Latitude": -4.5 }, "geometry": { "type": "Point", "coordinates": [ 140.487957415260439, -4.5 ] } },
{ "type": "Feature", "properties": { "Longitude": 141.99259571298467, "Latitude": -4.5 }, "geometry": { "type": "Point", "coordinates": [ 141.992595712984667, -4.5 ] } },
{ "type": "Feature", "properties": { "Longitude": 145.00187230843312, "Latitude": -4.5 }, "geometry": { "type": "Point", "coordinates": [ 145.001872308433121, -4.5 ] } },
{ "type": "Feature", "properties": { "Longitude": 143.49723401070889, "Latitude": -4.5 }, "geometry": { "type": "Point", "coordinates": [ 143.497234010708894, -4.5 ] } },
{ "type": "Feature", "properties": { "Longitude": 138.98331911753621, "Latitude": -4.5 }, "geometry": { "type": "Point", "coordinates": [ 138.983319117536212, -4.5 ] } },
{ "type": "Feature", "properties": { "Longitude": 154.8342570946503, "Latitude": -6.0 }, "geometry": { "type": "Point", "coordinates": [ 154.834257094650297, -6.0 ] } },
{ "type": "Feature", "properties": { "Longitude": 147.29294499792394, "Latitude": -6.0 }, "geometry": { "type": "Point", "coordinates": [ 147.292944997923939, -6.0 ] } },
{ "type": "Feature", "properties": { "Longitude": 161.72216931258572, "Latitude": -10.5 }, "geometry": { "type": "Point", "coordinates": [ 161.72216931258572, -10.5 ] } },
{ "type": "Feature", "properties": { "Longitude": 122.43229784256971, "Latitude": -4.5 }, "geometry": { "type": "Point", "coordinates": [ 122.43229784256971, -4.5 ] } },
{ "type": "Feature", "properties": { "Longitude": 129.42405491335637, "Latitude": -3.0 }, "geometry": { "type": "Point", "coordinates": [ 129.424054913356372, -3.0 ] } },
{ "type": "Feature", "properties": { "Longitude": 121.91376231837199, "Latitude": -3.0 }, "geometry": { "type": "Point", "coordinates": [ 121.913762318371994, -3.0 ] } },
{ "type": "Feature", "properties": { "Longitude": 106.56985967560161, "Latitude": -6.0 }, "geometry": { "type": "Point", "coordinates": [ 106.569859675601606, -6.0 ] } },
{ "type": "Feature", "properties": { "Longitude": 112.90141120439074, "Latitude": -3.0 }, "geometry": { "type": "Point", "coordinates": [ 112.90141120439074, -3.0 ] } },
{ "type": "Feature", "properties": { "Longitude": 114.40346972338762, "Latitude": -3.0 }, "geometry": { "type": "Point", "coordinates": [ 114.403469723387616, -3.0 ] } },
{ "type": "Feature", "properties": { "Longitude": 118.90964528037824, "Latitude": -3.0 }, "geometry": { "type": "Point", "coordinates": [ 118.909645280378243, -3.0 ] } },
{ "type": "Feature", "properties": { "Longitude": 115.90552824238449, "Latitude": -3.0 }, "geometry": { "type": "Point", "coordinates": [ 115.905528242384491, -3.0 ] } },
{ "type": "Feature", "properties": { "Longitude": 115.60129518105185, "Latitude": -1.5 }, "geometry": { "type": "Point", "coordinates": [ 115.601295181051853, -1.5 ] } },
{ "type": "Feature", "properties": { "Longitude": 114.10078099231555, "Latitude": -1.5 }, "geometry": { "type": "Point", "coordinates": [ 114.100780992315549, -1.5 ] } },
{ "type": "Feature", "properties": { "Longitude": 105.39111860940636, "Latitude": -3.0 }, "geometry": { "type": "Point", "coordinates": [ 105.391118609406362, -3.0 ] } },
{ "type": "Feature", "properties": { "Longitude": 111.39935268539386, "Latitude": -3.0 }, "geometry": { "type": "Point", "coordinates": [ 111.399352685393865, -3.0 ] } },
{ "type": "Feature", "properties": { "Longitude": 112.60026680357925, "Latitude": -1.5 }, "geometry": { "type": "Point", "coordinates": [ 112.600266803579245, -1.5 ] } },
{ "type": "Feature", "properties": { "Longitude": 121.60335193599707, "Latitude": -1.5 }, "geometry": { "type": "Point", "coordinates": [ 121.603351935997068, -1.5 ] } },
{ "type": "Feature", "properties": { "Longitude": 120.10283774726076, "Latitude": -1.5 }, "geometry": { "type": "Point", "coordinates": [ 120.102837747260764, -1.5 ] } },
{ "type": "Feature", "properties": { "Longitude": 120.0, "Latitude": 0.0 }, "geometry": { "type": "Point", "coordinates": [ 120.0, 0.0 ] } },
{ "type": "Feature", "properties": { "Longitude": 114.0, "Latitude": 0.0 }, "geometry": { "type": "Point", "coordinates": [ 114.0, 0.0 ] } },
{ "type": "Feature", "properties": { "Longitude": 117.0, "Latitude": 0.0 }, "geometry": { "type": "Point", "coordinates": [ 117.0, 0.0 ] } },
{ "type": "Feature", "properties": { "Longitude": 115.5, "Latitude": 0.0 }, "geometry": { "type": "Point", "coordinates": [ 115.5, 0.0 ] } },
{ "type": "Feature", "properties": { "Longitude": 114.10078099231555, "Latitude": 1.5 }, "geometry": { "type": "Point", "coordinates": [ 114.100780992315549, 1.5 ] } },
{ "type": "Feature", "properties": { "Longitude": 111.09975261484294, "Latitude": -1.5 }, "geometry": { "type": "Point", "coordinates": [ 111.099752614842942, -1.5 ] } },
{ "type": "Feature", "properties": { "Longitude": 112.5, "Latitude": 0.0 }, "geometry": { "type": "Point", "coordinates": [ 112.5, 0.0 ] } },
{ "type": "Feature", "properties": { "Longitude": 111.0, "Latitude": 0.0 }, "geometry": { "type": "Point", "coordinates": [ 111.0, 0.0 ] } },
{ "type": "Feature", "properties": { "Longitude": 109.5, "Latitude": 0.0 }, "geometry": { "type": "Point", "coordinates": [ 109.5, 0.0 ] } },
{ "type": "Feature", "properties": { "Longitude": 109.59923842610664, "Latitude": 1.5 }, "geometry": { "type": "Point", "coordinates": [ 109.599238426106638, 1.5 ] } },
{ "type": "Feature", "properties": { "Longitude": 127.60540869094228, "Latitude": 1.5 }, "geometry": { "type": "Point", "coordinates": [ 127.605408690942284, 1.5 ] } },
{ "type": "Feature", "properties": { "Longitude": 115.60129518105185, "Latitude": 1.5 }, "geometry": { "type": "Point", "coordinates": [ 115.601295181051853, 1.5 ] } },
{ "type": "Feature", "properties": { "Longitude": 117.10180936978816, "Latitude": 1.5 }, "geometry": { "type": "Point", "coordinates": [ 117.101809369788157, 1.5 ] } },
{ "type": "Feature", "properties": { "Longitude": 117.40758676138137, "Latitude": 3.0 }, "geometry": { "type": "Point", "coordinates": [ 117.407586761381367, 3.0 ] } },
{ "type": "Feature", "properties": { "Longitude": 114.40346972338762, "Latitude": 3.0 }, "geometry": { "type": "Point", "coordinates": [ 114.403469723387616, 3.0 ] } },
{ "type": "Feature", "properties": { "Longitude": 115.90552824238449, "Latitude": 3.0 }, "geometry": { "type": "Point", "coordinates": [ 115.905528242384491, 3.0 ] } },
{ "type": "Feature", "properties": { "Longitude": 116.4137446516728, "Latitude": 4.5 }, "geometry": { "type": "Point", "coordinates": [ 116.413744651672801, 4.5 ] } },
{ "type": "Feature", "properties": { "Longitude": 132.42817195135012, "Latitude": -3.0 }, "geometry": { "type": "Point", "coordinates": [ 132.428171951350123, -3.0 ] } },
{ "type": "Feature", "properties": { "Longitude": 136.93434750834075, "Latitude": -3.0 }, "geometry": { "type": "Point", "coordinates": [ 136.93434750834075, -3.0 ] } },
{ "type": "Feature", "properties": { "Longitude": 133.930230470347, "Latitude": -3.0 }, "geometry": { "type": "Point", "coordinates": [ 133.930230470346999, -3.0 ] } },
{ "type": "Feature", "properties": { "Longitude": 132.1069512571512, "Latitude": -1.5 }, "geometry": { "type": "Point", "coordinates": [ 132.106951257151195, -1.5 ] } },
{ "type": "Feature", "properties": { "Longitude": 133.6074654458875, "Latitude": -1.5 }, "geometry": { "type": "Point", "coordinates": [ 133.607465445887499, -1.5 ] } },
{ "type": "Feature", "properties": { "Longitude": 138.43640602733763, "Latitude": -3.0 }, "geometry": { "type": "Point", "coordinates": [ 138.436406027337625, -3.0 ] } },
{ "type": "Feature", "properties": { "Longitude": 141.44052306533138, "Latitude": -3.0 }, "geometry": { "type": "Point", "coordinates": [ 141.440523065331377, -3.0 ] } },
{ "type": "Feature", "properties": { "Longitude": 139.9384645463345, "Latitude": -3.0 }, "geometry": { "type": "Point", "coordinates": [ 139.938464546334501, -3.0 ] } },
{ "type": "Feature", "properties": { "Longitude": 24.412816383214675, "Latitude": -25.5 }, "geometry": { "type": "Point", "coordinates": [ 24.412816383214675, -25.5 ] } },
{ "type": "Feature", "properties": { "Longitude": 22.750923567090979, "Latitude": -25.5 }, "geometry": { "type": "Point", "coordinates": [ 22.750923567090979, -25.5 ] } },
{ "type": "Feature", "properties": { "Longitude": 21.089030750967282, "Latitude": -25.5 }, "geometry": { "type": "Point", "coordinates": [ 21.089030750967282, -25.5 ] } },
{ "type": "Feature", "properties": { "Longitude": 26.074709199338372, "Latitude": -25.5 }, "geometry": { "type": "Point", "coordinates": [ 26.074709199338372, -25.5 ] } },
{ "type": "Feature", "properties": { "Longitude": 21.960393384366938, "Latitude": -24.0 }, "geometry": { "type": "Point", "coordinates": [ 21.960393384366938, -24.0 ] } },
{ "type": "Feature", "properties": { "Longitude": 23.602347802126019, "Latitude": -24.0 }, "geometry": { "type": "Point", "coordinates": [ 23.602347802126019, -24.0 ] } },
{ "type": "Feature", "properties": { "Longitude": 28.528211055403261, "Latitude": -24.0 }, "geometry": { "type": "Point", "coordinates": [ 28.528211055403261, -24.0 ] } },
{ "type": "Feature", "properties": { "Longitude": 25.2443022198851, "Latitude": -24.0 }, "geometry": { "type": "Point", "coordinates": [ 25.2443022198851, -24.0 ] } },
{ "type": "Feature", "properties": { "Longitude": 26.886256637644181, "Latitude": -24.0 }, "geometry": { "type": "Point", "coordinates": [ 26.886256637644181, -24.0 ] } },
{ "type": "Feature", "properties": { "Longitude": 27.819302456140576, "Latitude": -22.5 }, "geometry": { "type": "Point", "coordinates": [ 27.819302456140576, -22.5 ] } },
{ "type": "Feature", "properties": { "Longitude": 18.676484548848777, "Latitude": -24.0 }, "geometry": { "type": "Point", "coordinates": [ 18.676484548848777, -24.0 ] } },
{ "type": "Feature", "properties": { "Longitude": 15.392575713330615, "Latitude": -24.0 }, "geometry": { "type": "Point", "coordinates": [ 15.392575713330615, -24.0 ] } },
{ "type": "Feature", "properties": { "Longitude": 17.034530131089696, "Latitude": -24.0 }, "geometry": { "type": "Point", "coordinates": [ 17.034530131089696, -24.0 ] } },
{ "type": "Feature", "properties": { "Longitude": 20.318438966607857, "Latitude": -24.0 }, "geometry": { "type": "Point", "coordinates": [ 20.318438966607857, -24.0 ] } },
{ "type": "Feature", "properties": { "Longitude": 18.077772653508987, "Latitude": -22.5 }, "geometry": { "type": "Point", "coordinates": [ 18.077772653508987, -22.5 ] } },
{ "type": "Feature", "properties": { "Longitude": 19.701360953947585, "Latitude": -22.5 }, "geometry": { "type": "Point", "coordinates": [ 19.701360953947585, -22.5 ] } },
{ "type": "Feature", "properties": { "Longitude": 16.454184353070389, "Latitude": -22.5 }, "geometry": { "type": "Point", "coordinates": [ 16.454184353070389, -22.5 ] } },
{ "type": "Feature", "properties": { "Longitude": 26.195714155701978, "Latitude": -22.5 }, "geometry": { "type": "Point", "coordinates": [ 26.195714155701978, -22.5 ] } },
{ "type": "Feature", "properties": { "Longitude": 24.57212585526338, "Latitude": -22.5 }, "geometry": { "type": "Point", "coordinates": [ 24.57212585526338, -22.5 ] } },
{ "type": "Feature", "properties": { "Longitude": 21.324949254386183, "Latitude": -22.5 }, "geometry": { "type": "Point", "coordinates": [ 21.324949254386183, -22.5 ] } },
{ "type": "Feature", "properties": { "Longitude": 22.948537554824782, "Latitude": -22.5 }, "geometry": { "type": "Point", "coordinates": [ 22.948537554824782, -22.5 ] } },
{ "type": "Feature", "properties": { "Longitude": 28.873273759219842, "Latitude": -21.0 }, "geometry": { "type": "Point", "coordinates": [ 28.873273759219842, -21.0 ] } },
{ "type": "Feature", "properties": { "Longitude": 25.659838778308767, "Latitude": -21.0 }, "geometry": { "type": "Point", "coordinates": [ 25.659838778308767, -21.0 ] } },
{ "type": "Feature", "properties": { "Longitude": 20.839686306942156, "Latitude": -21.0 }, "geometry": { "type": "Point", "coordinates": [ 20.839686306942156, -21.0 ] } },
{ "type": "Feature", "properties": { "Longitude": 24.05312128785323, "Latitude": -21.0 }, "geometry": { "type": "Point", "coordinates": [ 24.05312128785323, -21.0 ] } },
{ "type": "Feature", "properties": { "Longitude": 22.446403797397693, "Latitude": -21.0 }, "geometry": { "type": "Point", "coordinates": [ 22.446403797397693, -21.0 ] } },
{ "type": "Feature", "properties": { "Longitude": 27.266556268764305, "Latitude": -21.0 }, "geometry": { "type": "Point", "coordinates": [ 27.266556268764305, -21.0 ] } },
{ "type": "Feature", "properties": { "Longitude": 14.83059605263179, "Latitude": -22.5 }, "geometry": { "type": "Point", "coordinates": [ 14.83059605263179, -22.5 ] } },
{ "type": "Feature", "properties": { "Longitude": 19.232968816486618, "Latitude": -21.0 }, "geometry": { "type": "Point", "coordinates": [ 19.232968816486618, -21.0 ] } },
{ "type": "Feature", "properties": { "Longitude": 17.626251326031081, "Latitude": -21.0 }, "geometry": { "type": "Point", "coordinates": [ 17.626251326031081, -21.0 ] } },
{ "type": "Feature", "properties": { "Longitude": 14.412816345120007, "Latitude": -21.0 }, "geometry": { "type": "Point", "coordinates": [ 14.412816345120007, -21.0 ] } },
{ "type": "Feature", "properties": { "Longitude": 16.019533835575544, "Latitude": -21.0 }, "geometry": { "type": "Point", "coordinates": [ 16.019533835575544, -21.0 ] } },
{ "type": "Feature", "properties": { "Longitude": 15.726585073431465, "Latitude": -19.5 }, "geometry": { "type": "Point", "coordinates": [ 15.726585073431465, -19.5 ] } },
{ "type": "Feature", "properties": { "Longitude": 14.135312024053974, "Latitude": -19.5 }, "geometry": { "type": "Point", "coordinates": [ 14.135312024053974, -19.5 ] } },
{ "type": "Feature", "properties": { "Longitude": 20.50040422156394, "Latitude": -19.5 }, "geometry": { "type": "Point", "coordinates": [ 20.50040422156394, -19.5 ] } },
{ "type": "Feature", "properties": { "Longitude": 18.909131172186449, "Latitude": -19.5 }, "geometry": { "type": "Point", "coordinates": [ 18.909131172186449, -19.5 ] } },
{ "type": "Feature", "properties": { "Longitude": 17.317858122808957, "Latitude": -19.5 }, "geometry": { "type": "Point", "coordinates": [ 17.317858122808957, -19.5 ] } },
{ "type": "Feature", "properties": { "Longitude": 17.149167044674556, "Latitude": -18.0 }, "geometry": { "type": "Point", "coordinates": [ 17.149167044674556, -18.0 ] } },
{ "type": "Feature", "properties": { "Longitude": 20.303553717389349, "Latitude": -18.0 }, "geometry": { "type": "Point", "coordinates": [ 20.303553717389349, -18.0 ] } },
{ "type": "Feature", "properties": { "Longitude": 13.994780371959763, "Latitude": -18.0 }, "geometry": { "type": "Point", "coordinates": [ 13.994780371959763, -18.0 ] } },
{ "type": "Feature", "properties": { "Longitude": 18.726360381031952, "Latitude": -18.0 }, "geometry": { "type": "Point", "coordinates": [ 18.726360381031952, -18.0 ] } },
{ "type": "Feature", "properties": { "Longitude": 15.571973708317159, "Latitude": -18.0 }, "geometry": { "type": "Point", "coordinates": [ 15.571973708317159, -18.0 ] } },
{ "type": "Feature", "properties": { "Longitude": 12.417587035602367, "Latitude": -18.0 }, "geometry": { "type": "Point", "coordinates": [ 12.417587035602367, -18.0 ] } },
{ "type": "Feature", "properties": { "Longitude": 17.117344508957956, "Latitude": -16.5 }, "geometry": { "type": "Point", "coordinates": [ 17.117344508957956, -16.5 ] } },
{ "type": "Feature", "properties": { "Longitude": 20.246191247195384, "Latitude": -16.5 }, "geometry": { "type": "Point", "coordinates": [ 20.246191247195384, -16.5 ] } },
{ "type": "Feature", "properties": { "Longitude": 30.479991249675379, "Latitude": -21.0 }, "geometry": { "type": "Point", "coordinates": [ 30.479991249675379, -21.0 ] } },
{ "type": "Feature", "properties": { "Longitude": 32.086708740130916, "Latitude": -21.0 }, "geometry": { "type": "Point", "coordinates": [ 32.086708740130916, -21.0 ] } },
{ "type": "Feature", "properties": { "Longitude": 31.639315567206381, "Latitude": -19.5 }, "geometry": { "type": "Point", "coordinates": [ 31.639315567206381, -19.5 ] } },
{ "type": "Feature", "properties": { "Longitude": 34.821861665961364, "Latitude": -19.5 }, "geometry": { "type": "Point", "coordinates": [ 34.821861665961364, -19.5 ] } },
{ "type": "Feature", "properties": { "Longitude": 33.230588616583873, "Latitude": -19.5 }, "geometry": { "type": "Point", "coordinates": [ 33.230588616583873, -19.5 ] } },
{ "type": "Feature", "properties": { "Longitude": 30.04804251782889, "Latitude": -19.5 }, "geometry": { "type": "Point", "coordinates": [ 30.04804251782889, -19.5 ] } },
{ "type": "Feature", "properties": { "Longitude": 29.766713735533727, "Latitude": -18.0 }, "geometry": { "type": "Point", "coordinates": [ 29.766713735533727, -18.0 ] } },
{ "type": "Feature", "properties": { "Longitude": 32.92110040824852, "Latitude": -18.0 }, "geometry": { "type": "Point", "coordinates": [ 32.92110040824852, -18.0 ] } },
{ "type": "Feature", "properties": { "Longitude": 48.153883644686289, "Latitude": -21.0 }, "geometry": { "type": "Point", "coordinates": [ 48.153883644686289, -21.0 ] } },
{ "type": "Feature", "properties": { "Longitude": 45.960773011603806, "Latitude": -19.5 }, "geometry": { "type": "Point", "coordinates": [ 45.960773011603806, -19.5 ] } },
{ "type": "Feature", "properties": { "Longitude": 47.552046060981297, "Latitude": -19.5 }, "geometry": { "type": "Point", "coordinates": [ 47.552046060981297, -19.5 ] } },
{ "type": "Feature", "properties": { "Longitude": 23.682950320318923, "Latitude": -19.5 }, "geometry": { "type": "Point", "coordinates": [ 23.682950320318923, -19.5 ] } },
{ "type": "Feature", "properties": { "Longitude": 22.091677270941432, "Latitude": -19.5 }, "geometry": { "type": "Point", "coordinates": [ 22.091677270941432, -19.5 ] } },
{ "type": "Feature", "properties": { "Longitude": 28.456769468451398, "Latitude": -19.5 }, "geometry": { "type": "Point", "coordinates": [ 28.456769468451398, -19.5 ] } },
{ "type": "Feature", "properties": { "Longitude": 26.865496419073907, "Latitude": -19.5 }, "geometry": { "type": "Point", "coordinates": [ 26.865496419073907, -19.5 ] } },
{ "type": "Feature", "properties": { "Longitude": 25.274223369696415, "Latitude": -19.5 }, "geometry": { "type": "Point", "coordinates": [ 25.274223369696415, -19.5 ] } },
{ "type": "Feature", "properties": { "Longitude": 23.457940390104142, "Latitude": -18.0 }, "geometry": { "type": "Point", "coordinates": [ 23.457940390104142, -18.0 ] } },
{ "type": "Feature", "properties": { "Longitude": 26.612327062818935, "Latitude": -18.0 }, "geometry": { "type": "Point", "coordinates": [ 26.612327062818935, -18.0 ] } },
{ "type": "Feature", "properties": { "Longitude": 21.880747053746745, "Latitude": -18.0 }, "geometry": { "type": "Point", "coordinates": [ 21.880747053746745, -18.0 ] } },
{ "type": "Feature", "properties": { "Longitude": 28.189520399176331, "Latitude": -18.0 }, "geometry": { "type": "Point", "coordinates": [ 28.189520399176331, -18.0 ] } },
{ "type": "Feature", "properties": { "Longitude": 25.035133726461538, "Latitude": -18.0 }, "geometry": { "type": "Point", "coordinates": [ 25.035133726461538, -18.0 ] } },
{ "type": "Feature", "properties": { "Longitude": 45.538647099107692, "Latitude": -18.0 }, "geometry": { "type": "Point", "coordinates": [ 45.538647099107692, -18.0 ] } },
{ "type": "Feature", "properties": { "Longitude": 45.276965153094807, "Latitude": -16.5 }, "geometry": { "type": "Point", "coordinates": [ 45.276965153094807, -16.5 ] } },
{ "type": "Feature", "properties": { "Longitude": 47.115840435465088, "Latitude": -18.0 }, "geometry": { "type": "Point", "coordinates": [ 47.115840435465088, -18.0 ] } },
{ "type": "Feature", "properties": { "Longitude": 48.693033771822485, "Latitude": -18.0 }, "geometry": { "type": "Point", "coordinates": [ 48.693033771822485, -18.0 ] } },
{ "type": "Feature", "properties": { "Longitude": 46.841388522213521, "Latitude": -16.5 }, "geometry": { "type": "Point", "coordinates": [ 46.841388522213521, -16.5 ] } },
{ "type": "Feature", "properties": { "Longitude": 48.405811891332235, "Latitude": -16.5 }, "geometry": { "type": "Point", "coordinates": [ 48.405811891332235, -16.5 ] } },
{ "type": "Feature", "properties": { "Longitude": 36.075487080963313, "Latitude": -18.0 }, "geometry": { "type": "Point", "coordinates": [ 36.075487080963313, -18.0 ] } },
{ "type": "Feature", "properties": { "Longitude": 31.343907071891124, "Latitude": -18.0 }, "geometry": { "type": "Point", "coordinates": [ 31.343907071891124, -18.0 ] } },
{ "type": "Feature", "properties": { "Longitude": 34.498293744605917, "Latitude": -18.0 }, "geometry": { "type": "Point", "coordinates": [ 34.498293744605917, -18.0 ] } },
{ "type": "Feature", "properties": { "Longitude": 35.890424938382523, "Latitude": -16.5 }, "geometry": { "type": "Point", "coordinates": [ 35.890424938382523, -16.5 ] } },
{ "type": "Feature", "properties": { "Longitude": 29.632731461907667, "Latitude": -16.5 }, "geometry": { "type": "Point", "coordinates": [ 29.632731461907667, -16.5 ] } },
{ "type": "Feature", "properties": { "Longitude": 32.761578200145095, "Latitude": -16.5 }, "geometry": { "type": "Point", "coordinates": [ 32.761578200145095, -16.5 ] } },
{ "type": "Feature", "properties": { "Longitude": 31.197154831026381, "Latitude": -16.5 }, "geometry": { "type": "Point", "coordinates": [ 31.197154831026381, -16.5 ] } },
{ "type": "Feature", "properties": { "Longitude": 34.326001569263809, "Latitude": -16.5 }, "geometry": { "type": "Point", "coordinates": [ 34.326001569263809, -16.5 ] } },
{ "type": "Feature", "properties": { "Longitude": 31.196340803658131, "Latitude": -15.0 }, "geometry": { "type": "Point", "coordinates": [ 31.196340803658131, -15.0 ] } },
{ "type": "Feature", "properties": { "Longitude": 32.749255074273265, "Latitude": -15.0 }, "geometry": { "type": "Point", "coordinates": [ 32.749255074273265, -15.0 ] } },
{ "type": "Feature", "properties": { "Longitude": 23.375037985432812, "Latitude": -16.5 }, "geometry": { "type": "Point", "coordinates": [ 23.375037985432812, -16.5 ] } },
{ "type": "Feature", "properties": { "Longitude": 21.810614616314098, "Latitude": -16.5 }, "geometry": { "type": "Point", "coordinates": [ 21.810614616314098, -16.5 ] } },
{ "type": "Feature", "properties": { "Longitude": 28.068308092788953, "Latitude": -16.5 }, "geometry": { "type": "Point", "coordinates": [ 28.068308092788953, -16.5 ] } },
{ "type": "Feature", "properties": { "Longitude": 26.50388472367024, "Latitude": -16.5 }, "geometry": { "type": "Point", "coordinates": [ 26.50388472367024, -16.5 ] } },
{ "type": "Feature", "properties": { "Longitude": 24.939461354551526, "Latitude": -16.5 }, "geometry": { "type": "Point", "coordinates": [ 24.939461354551526, -16.5 ] } },
{ "type": "Feature", "properties": { "Longitude": 23.431769450582465, "Latitude": -15.0 }, "geometry": { "type": "Point", "coordinates": [ 23.431769450582465, -15.0 ] } },
{ "type": "Feature", "properties": { "Longitude": 26.537597991812731, "Latitude": -15.0 }, "geometry": { "type": "Point", "coordinates": [ 26.537597991812731, -15.0 ] } },
{ "type": "Feature", "properties": { "Longitude": 28.090512262427865, "Latitude": -15.0 }, "geometry": { "type": "Point", "coordinates": [ 28.090512262427865, -15.0 ] } },
{ "type": "Feature", "properties": { "Longitude": 21.878855179967331, "Latitude": -15.0 }, "geometry": { "type": "Point", "coordinates": [ 21.878855179967331, -15.0 ] } },
{ "type": "Feature", "properties": { "Longitude": 24.984683721197598, "Latitude": -15.0 }, "geometry": { "type": "Point", "coordinates": [ 24.984683721197598, -15.0 ] } },
{ "type": "Feature", "properties": { "Longitude": 39.019271676619951, "Latitude": -16.5 }, "geometry": { "type": "Point", "coordinates": [ 39.019271676619951, -16.5 ] } },
{ "type": "Feature", "properties": { "Longitude": 37.454848307501237, "Latitude": -16.5 }, "geometry": { "type": "Point", "coordinates": [ 37.454848307501237, -16.5 ] } },
{ "type": "Feature", "properties": { "Longitude": 40.513826427348931, "Latitude": -15.0 }, "geometry": { "type": "Point", "coordinates": [ 40.513826427348931, -15.0 ] } },
{ "type": "Feature", "properties": { "Longitude": 38.960912156733798, "Latitude": -15.0 }, "geometry": { "type": "Point", "coordinates": [ 38.960912156733798, -15.0 ] } },
{ "type": "Feature", "properties": { "Longitude": 37.407997886118665, "Latitude": -15.0 }, "geometry": { "type": "Point", "coordinates": [ 37.407997886118665, -15.0 ] } },
{ "type": "Feature", "properties": { "Longitude": 34.302169344888398, "Latitude": -15.0 }, "geometry": { "type": "Point", "coordinates": [ 34.302169344888398, -15.0 ] } },
{ "type": "Feature", "properties": { "Longitude": 29.643426533042998, "Latitude": -15.0 }, "geometry": { "type": "Point", "coordinates": [ 29.643426533042998, -15.0 ] } },
{ "type": "Feature", "properties": { "Longitude": 35.855083615503531, "Latitude": -15.0 }, "geometry": { "type": "Point", "coordinates": [ 35.855083615503531, -15.0 ] } },
{ "type": "Feature", "properties": { "Longitude": 31.33932229819888, "Latitude": -13.5 }, "geometry": { "type": "Point", "coordinates": [ 31.33932229819888, -13.5 ] } },
{ "type": "Feature", "properties": { "Longitude": 34.424567879194484, "Latitude": -13.5 }, "geometry": { "type": "Point", "coordinates": [ 34.424567879194484, -13.5 ] } },
{ "type": "Feature", "properties": { "Longitude": 35.967190669692286, "Latitude": -13.5 }, "geometry": { "type": "Point", "coordinates": [ 35.967190669692286, -13.5 ] } },
{ "type": "Feature", "properties": { "Longitude": 29.796699507701078, "Latitude": -13.5 }, "geometry": { "type": "Point", "coordinates": [ 29.796699507701078, -13.5 ] } },
{ "type": "Feature", "properties": { "Longitude": 32.881945088696682, "Latitude": -13.5 }, "geometry": { "type": "Point", "coordinates": [ 32.881945088696682, -13.5 ] } },
{ "type": "Feature", "properties": { "Longitude": 30.090992244765232, "Latitude": -12.0 }, "geometry": { "type": "Point", "coordinates": [ 30.090992244765232, -12.0 ] } },
{ "type": "Feature", "properties": { "Longitude": 48.278397780424598, "Latitude": -15.0 }, "geometry": { "type": "Point", "coordinates": [ 48.278397780424598, -15.0 ] } },
{ "type": "Feature", "properties": { "Longitude": 49.831312051039731, "Latitude": -15.0 }, "geometry": { "type": "Point", "coordinates": [ 49.831312051039731, -15.0 ] } },
{ "type": "Feature", "properties": { "Longitude": 49.850795784172504, "Latitude": -13.5 }, "geometry": { "type": "Point", "coordinates": [ 49.850795784172504, -13.5 ] } },
{ "type": "Feature", "properties": { "Longitude": -43.895166886671888, "Latitude": -16.5 }, "geometry": { "type": "Point", "coordinates": [ -43.895166886671888, -16.5 ] } },
{ "type": "Feature", "properties": { "Longitude": -39.201896779315746, "Latitude": -16.5 }, "geometry": { "type": "Point", "coordinates": [ -39.201896779315746, -16.5 ] } },
{ "type": "Feature", "properties": { "Longitude": -45.459590255790602, "Latitude": -16.5 }, "geometry": { "type": "Point", "coordinates": [ -45.459590255790602, -16.5 ] } },
{ "type": "Feature", "properties": { "Longitude": -42.330743517553174, "Latitude": -16.5 }, "geometry": { "type": "Point", "coordinates": [ -42.330743517553174, -16.5 ] } },
{ "type": "Feature", "properties": { "Longitude": -40.237715644638001, "Latitude": -15.0 }, "geometry": { "type": "Point", "coordinates": [ -40.237715644638001, -15.0 ] } },
{ "type": "Feature", "properties": { "Longitude": -43.343544185868268, "Latitude": -15.0 }, "geometry": { "type": "Point", "coordinates": [ -43.343544185868268, -15.0 ] } },
{ "type": "Feature", "properties": { "Longitude": -44.896458456483401, "Latitude": -15.0 }, "geometry": { "type": "Point", "coordinates": [ -44.896458456483401, -15.0 ] } },
{ "type": "Feature", "properties": { "Longitude": -41.790629915253135, "Latitude": -15.0 }, "geometry": { "type": "Point", "coordinates": [ -41.790629915253135, -15.0 ] } },
{ "type": "Feature", "properties": { "Longitude": -46.449372727098535, "Latitude": -15.0 }, "geometry": { "type": "Point", "coordinates": [ -46.449372727098535, -15.0 ] } },
{ "type": "Feature", "properties": { "Longitude": -39.621326064700014, "Latitude": -13.5 }, "geometry": { "type": "Point", "coordinates": [ -39.621326064700014, -13.5 ] } },
{ "type": "Feature", "properties": { "Longitude": -45.791817226691222, "Latitude": -13.5 }, "geometry": { "type": "Point", "coordinates": [ -45.791817226691222, -13.5 ] } },
{ "type": "Feature", "properties": { "Longitude": -42.706571645695618, "Latitude": -13.5 }, "geometry": { "type": "Point", "coordinates": [ -42.706571645695618, -13.5 ] } },
{ "type": "Feature", "properties": { "Longitude": -44.24919443619342, "Latitude": -13.5 }, "geometry": { "type": "Point", "coordinates": [ -44.24919443619342, -13.5 ] } },
{ "type": "Feature", "properties": { "Longitude": -41.163948855197816, "Latitude": -13.5 }, "geometry": { "type": "Point", "coordinates": [ -41.163948855197816, -13.5 ] } },
{ "type": "Feature", "properties": { "Longitude": -40.450508800922364, "Latitude": -12.0 }, "geometry": { "type": "Point", "coordinates": [ -40.450508800922364, -12.0 ] } },
{ "type": "Feature", "properties": { "Longitude": -38.916997908624808, "Latitude": -12.0 }, "geometry": { "type": "Point", "coordinates": [ -38.916997908624808, -12.0 ] } },
{ "type": "Feature", "properties": { "Longitude": -41.984019693219921, "Latitude": -12.0 }, "geometry": { "type": "Point", "coordinates": [ -41.984019693219921, -12.0 ] } },
{ "type": "Feature", "properties": { "Longitude": -45.051041477815033, "Latitude": -12.0 }, "geometry": { "type": "Point", "coordinates": [ -45.051041477815033, -12.0 ] } },
{ "type": "Feature", "properties": { "Longitude": -43.517530585517477, "Latitude": -12.0 }, "geometry": { "type": "Point", "coordinates": [ -43.517530585517477, -12.0 ] } },
{ "type": "Feature", "properties": { "Longitude": -46.58455237011259, "Latitude": -12.0 }, "geometry": { "type": "Point", "coordinates": [ -46.58455237011259, -12.0 ] } },
{ "type": "Feature", "properties": { "Longitude": -41.175368716762051, "Latitude": -10.5 }, "geometry": { "type": "Point", "coordinates": [ -41.175368716762051, -10.5 ] } },
{ "type": "Feature", "properties": { "Longitude": -39.649823318045151, "Latitude": -10.5 }, "geometry": { "type": "Point", "coordinates": [ -39.649823318045151, -10.5 ] } },
{ "type": "Feature", "properties": { "Longitude": -42.700914115478952, "Latitude": -10.5 }, "geometry": { "type": "Point", "coordinates": [ -42.700914115478952, -10.5 ] } },
{ "type": "Feature", "properties": { "Longitude": -45.752004912912753, "Latitude": -10.5 }, "geometry": { "type": "Point", "coordinates": [ -45.752004912912753, -10.5 ] } },
{ "type": "Feature", "properties": { "Longitude": -44.226459514195852, "Latitude": -10.5 }, "geometry": { "type": "Point", "coordinates": [ -44.226459514195852, -10.5 ] } },
{ "type": "Feature", "properties": { "Longitude": -44.835905707301066, "Latitude": -9.0 }, "geometry": { "type": "Point", "coordinates": [ -44.835905707301066, -9.0 ] } },
{ "type": "Feature", "properties": { "Longitude": -41.798510329937045, "Latitude": -9.0 }, "geometry": { "type": "Point", "coordinates": [ -41.798510329937045, -9.0 ] } },
{ "type": "Feature", "properties": { "Longitude": -46.354603395983077, "Latitude": -9.0 }, "geometry": { "type": "Point", "coordinates": [ -46.354603395983077, -9.0 ] } },
{ "type": "Feature", "properties": { "Longitude": -38.761114952573024, "Latitude": -9.0 }, "geometry": { "type": "Point", "coordinates": [ -38.761114952573024, -9.0 ] } },
{ "type": "Feature", "properties": { "Longitude": -36.59873252061135, "Latitude": -10.5 }, "geometry": { "type": "Point", "coordinates": [ -36.59873252061135, -10.5 ] } },
{ "type": "Feature", "properties": { "Longitude": -38.12427791932825, "Latitude": -10.5 }, "geometry": { "type": "Point", "coordinates": [ -38.12427791932825, -10.5 ] } },
{ "type": "Feature", "properties": { "Longitude": -37.242417263891014, "Latitude": -9.0 }, "geometry": { "type": "Point", "coordinates": [ -37.242417263891014, -9.0 ] } },
{ "type": "Feature", "properties": { "Longitude": -43.317208018619056, "Latitude": -9.0 }, "geometry": { "type": "Point", "coordinates": [ -43.317208018619056, -9.0 ] } },
{ "type": "Feature", "properties": { "Longitude": -40.279812641255035, "Latitude": -9.0 }, "geometry": { "type": "Point", "coordinates": [ -40.279812641255035, -9.0 ] } },
{ "type": "Feature", "properties": { "Longitude": -39.296259999068525, "Latitude": -7.5 }, "geometry": { "type": "Point", "coordinates": [ -39.296259999068525, -7.5 ] } },
{ "type": "Feature", "properties": { "Longitude": -42.322146880808987, "Latitude": -7.5 }, "geometry": { "type": "Point", "coordinates": [ -42.322146880808987, -7.5 ] } },
{ "type": "Feature", "properties": { "Longitude": -40.809203439938756, "Latitude": -7.5 }, "geometry": { "type": "Point", "coordinates": [ -40.809203439938756, -7.5 ] } },
{ "type": "Feature", "properties": { "Longitude": -45.348033762549449, "Latitude": -7.5 }, "geometry": { "type": "Point", "coordinates": [ -45.348033762549449, -7.5 ] } },
{ "type": "Feature", "properties": { "Longitude": -43.835090321679218, "Latitude": -7.5 }, "geometry": { "type": "Point", "coordinates": [ -43.835090321679218, -7.5 ] } },
{ "type": "Feature", "properties": { "Longitude": -39.73159500088974, "Latitude": -6.0 }, "geometry": { "type": "Point", "coordinates": [ -39.73159500088974, -6.0 ] } },
{ "type": "Feature", "properties": { "Longitude": -41.239857420235012, "Latitude": -6.0 }, "geometry": { "type": "Point", "coordinates": [ -41.239857420235012, -6.0 ] } },
{ "type": "Feature", "properties": { "Longitude": -42.748119839580283, "Latitude": -6.0 }, "geometry": { "type": "Point", "coordinates": [ -42.748119839580283, -6.0 ] } },
{ "type": "Feature", "properties": { "Longitude": -35.723719575209003, "Latitude": -9.0 }, "geometry": { "type": "Point", "coordinates": [ -35.723719575209003, -9.0 ] } },
{ "type": "Feature", "properties": { "Longitude": -37.783316558198294, "Latitude": -7.5 }, "geometry": { "type": "Point", "coordinates": [ -37.783316558198294, -7.5 ] } },
{ "type": "Feature", "properties": { "Longitude": -36.270373117328063, "Latitude": -7.5 }, "geometry": { "type": "Point", "coordinates": [ -36.270373117328063, -7.5 ] } },
{ "type": "Feature", "properties": { "Longitude": 18.68176787807667, "Latitude": -16.5 }, "geometry": { "type": "Point", "coordinates": [ 18.68176787807667, -16.5 ] } },
{ "type": "Feature", "properties": { "Longitude": 13.988497770720528, "Latitude": -16.5 }, "geometry": { "type": "Point", "coordinates": [ 13.988497770720528, -16.5 ] } },
{ "type": "Feature", "properties": { "Longitude": 12.424074401601814, "Latitude": -16.5 }, "geometry": { "type": "Point", "coordinates": [ 12.424074401601814, -16.5 ] } },
{ "type": "Feature", "properties": { "Longitude": 15.552921139839242, "Latitude": -16.5 }, "geometry": { "type": "Point", "coordinates": [ 15.552921139839242, -16.5 ] } },
{ "type": "Feature", "properties": { "Longitude": 12.561369556276532, "Latitude": -15.0 }, "geometry": { "type": "Point", "coordinates": [ 12.561369556276532, -15.0 ] } },
{ "type": "Feature", "properties": { "Longitude": 15.667198097506798, "Latitude": -15.0 }, "geometry": { "type": "Point", "coordinates": [ 15.667198097506798, -15.0 ] } },
{ "type": "Feature", "properties": { "Longitude": 17.220112368121931, "Latitude": -15.0 }, "geometry": { "type": "Point", "coordinates": [ 17.220112368121931, -15.0 ] } },
{ "type": "Feature", "properties": { "Longitude": 14.114283826891665, "Latitude": -15.0 }, "geometry": { "type": "Point", "coordinates": [ 14.114283826891665, -15.0 ] } },
{ "type": "Feature", "properties": { "Longitude": 18.773026638737065, "Latitude": -15.0 }, "geometry": { "type": "Point", "coordinates": [ 18.773026638737065, -15.0 ] } },
{ "type": "Feature", "properties": { "Longitude": 20.325940909352198, "Latitude": -15.0 }, "geometry": { "type": "Point", "coordinates": [ 20.325940909352198, -15.0 ] } },
{ "type": "Feature", "properties": { "Longitude": 26.711453926705474, "Latitude": -13.5 }, "geometry": { "type": "Point", "coordinates": [ 26.711453926705474, -13.5 ] } },
{ "type": "Feature", "properties": { "Longitude": 23.62620834570987, "Latitude": -13.5 }, "geometry": { "type": "Point", "coordinates": [ 23.62620834570987, -13.5 ] } },
{ "type": "Feature", "properties": { "Longitude": 22.083585555212068, "Latitude": -13.5 }, "geometry": { "type": "Point", "coordinates": [ 22.083585555212068, -13.5 ] } },
{ "type": "Feature", "properties": { "Longitude": 28.254076717203276, "Latitude": -13.5 }, "geometry": { "type": "Point", "coordinates": [ 28.254076717203276, -13.5 ] } },
{ "type": "Feature", "properties": { "Longitude": 25.168831136207672, "Latitude": -13.5 }, "geometry": { "type": "Point", "coordinates": [ 25.168831136207672, -13.5 ] } },
{ "type": "Feature", "properties": { "Longitude": 25.490459567872563, "Latitude": -12.0 }, "geometry": { "type": "Point", "coordinates": [ 25.490459567872563, -12.0 ] } },
{ "type": "Feature", "properties": { "Longitude": 20.889926890979893, "Latitude": -12.0 }, "geometry": { "type": "Point", "coordinates": [ 20.889926890979893, -12.0 ] } },
{ "type": "Feature", "properties": { "Longitude": 23.956948675575006, "Latitude": -12.0 }, "geometry": { "type": "Point", "coordinates": [ 23.956948675575006, -12.0 ] } },
{ "type": "Feature", "properties": { "Longitude": 22.42343778327745, "Latitude": -12.0 }, "geometry": { "type": "Point", "coordinates": [ 22.42343778327745, -12.0 ] } },
{ "type": "Feature", "properties": { "Longitude": 28.557481352467676, "Latitude": -12.0 }, "geometry": { "type": "Point", "coordinates": [ 28.557481352467676, -12.0 ] } },
{ "type": "Feature", "properties": { "Longitude": 12.827848812225255, "Latitude": -13.5 }, "geometry": { "type": "Point", "coordinates": [ 12.827848812225255, -13.5 ] } },
{ "type": "Feature", "properties": { "Longitude": 14.370471602723057, "Latitude": -13.5 }, "geometry": { "type": "Point", "coordinates": [ 14.370471602723057, -13.5 ] } },
{ "type": "Feature", "properties": { "Longitude": 20.540962764714266, "Latitude": -13.5 }, "geometry": { "type": "Point", "coordinates": [ 20.540962764714266, -13.5 ] } },
{ "type": "Feature", "properties": { "Longitude": 17.455717183718662, "Latitude": -13.5 }, "geometry": { "type": "Point", "coordinates": [ 17.455717183718662, -13.5 ] } },
{ "type": "Feature", "properties": { "Longitude": 15.91309439322086, "Latitude": -13.5 }, "geometry": { "type": "Point", "coordinates": [ 15.91309439322086, -13.5 ] } },
{ "type": "Feature", "properties": { "Longitude": 18.998339974216464, "Latitude": -13.5 }, "geometry": { "type": "Point", "coordinates": [ 18.998339974216464, -13.5 ] } },
{ "type": "Feature", "properties": { "Longitude": 17.822905106384781, "Latitude": -12.0 }, "geometry": { "type": "Point", "coordinates": [ 17.822905106384781, -12.0 ] } },
{ "type": "Feature", "properties": { "Longitude": 19.356415998682337, "Latitude": -12.0 }, "geometry": { "type": "Point", "coordinates": [ 19.356415998682337, -12.0 ] } },
{ "type": "Feature", "properties": { "Longitude": 14.755883321789668, "Latitude": -12.0 }, "geometry": { "type": "Point", "coordinates": [ 14.755883321789668, -12.0 ] } },
{ "type": "Feature", "properties": { "Longitude": 16.289394214087224, "Latitude": -12.0 }, "geometry": { "type": "Point", "coordinates": [ 16.289394214087224, -12.0 ] } },
{ "type": "Feature", "properties": { "Longitude": 16.795356434480169, "Latitude": -10.5 }, "geometry": { "type": "Point", "coordinates": [ 16.795356434480169, -10.5 ] } },
{ "type": "Feature", "properties": { "Longitude": 15.269811035763269, "Latitude": -10.5 }, "geometry": { "type": "Point", "coordinates": [ 15.269811035763269, -10.5 ] } },
{ "type": "Feature", "properties": { "Longitude": 13.744265637046368, "Latitude": -10.5 }, "geometry": { "type": "Point", "coordinates": [ 13.744265637046368, -10.5 ] } },
{ "type": "Feature", "properties": { "Longitude": 19.84644723191397, "Latitude": -10.5 }, "geometry": { "type": "Point", "coordinates": [ 19.84644723191397, -10.5 ] } },
{ "type": "Feature", "properties": { "Longitude": 18.32090183319707, "Latitude": -10.5 }, "geometry": { "type": "Point", "coordinates": [ 18.32090183319707, -10.5 ] } },
{ "type": "Feature", "properties": { "Longitude": 18.949397217343375, "Latitude": -9.0 }, "geometry": { "type": "Point", "coordinates": [ 18.949397217343375, -9.0 ] } },
{ "type": "Feature", "properties": { "Longitude": 20.468094906025385, "Latitude": -9.0 }, "geometry": { "type": "Point", "coordinates": [ 20.468094906025385, -9.0 ] } },
{ "type": "Feature", "properties": { "Longitude": 14.393304151297343, "Latitude": -9.0 }, "geometry": { "type": "Point", "coordinates": [ 14.393304151297343, -9.0 ] } },
{ "type": "Feature", "properties": { "Longitude": 15.912001839979354, "Latitude": -9.0 }, "geometry": { "type": "Point", "coordinates": [ 15.912001839979354, -9.0 ] } },
{ "type": "Feature", "properties": { "Longitude": 17.430699528661364, "Latitude": -9.0 }, "geometry": { "type": "Point", "coordinates": [ 17.430699528661364, -9.0 ] } },
{ "type": "Feature", "properties": { "Longitude": 19.708534194870481, "Latitude": -7.5 }, "geometry": { "type": "Point", "coordinates": [ 19.708534194870481, -7.5 ] } },
{ "type": "Feature", "properties": { "Longitude": 15.169703872259788, "Latitude": -7.5 }, "geometry": { "type": "Point", "coordinates": [ 15.169703872259788, -7.5 ] } },
{ "type": "Feature", "properties": { "Longitude": 16.682647313130019, "Latitude": -7.5 }, "geometry": { "type": "Point", "coordinates": [ 16.682647313130019, -7.5 ] } },
{ "type": "Feature", "properties": { "Longitude": 18.19559075400025, "Latitude": -7.5 }, "geometry": { "type": "Point", "coordinates": [ 18.19559075400025, -7.5 ] } },
{ "type": "Feature", "properties": { "Longitude": 13.656760431389557, "Latitude": -7.5 }, "geometry": { "type": "Point", "coordinates": [ 13.656760431389557, -7.5 ] } },
{ "type": "Feature", "properties": { "Longitude": 13.057589676194766, "Latitude": -6.0 }, "geometry": { "type": "Point", "coordinates": [ 13.057589676194766, -6.0 ] } },
{ "type": "Feature", "properties": { "Longitude": 26.542885660753427, "Latitude": -9.0 }, "geometry": { "type": "Point", "coordinates": [ 26.542885660753427, -9.0 ] } },
{ "type": "Feature", "properties": { "Longitude": 21.986792594707396, "Latitude": -9.0 }, "geometry": { "type": "Point", "coordinates": [ 21.986792594707396, -9.0 ] } },
{ "type": "Feature", "properties": { "Longitude": 24.247364517481174, "Latitude": -7.5 }, "geometry": { "type": "Point", "coordinates": [ 24.247364517481174, -7.5 ] } },
{ "type": "Feature", "properties": { "Longitude": 22.734421076610943, "Latitude": -7.5 }, "geometry": { "type": "Point", "coordinates": [ 22.734421076610943, -7.5 ] } },
{ "type": "Feature", "properties": { "Longitude": 27.273251399221635, "Latitude": -7.5 }, "geometry": { "type": "Point", "coordinates": [ 27.273251399221635, -7.5 ] } },
{ "type": "Feature", "properties": { "Longitude": 25.760307958351405, "Latitude": -7.5 }, "geometry": { "type": "Point", "coordinates": [ 25.760307958351405, -7.5 ] } },
{ "type": "Feature", "properties": { "Longitude": 21.221477635740712, "Latitude": -7.5 }, "geometry": { "type": "Point", "coordinates": [ 21.221477635740712, -7.5 ] } },
{ "type": "Feature", "properties": { "Longitude": 28.786194840091866, "Latitude": -7.5 }, "geometry": { "type": "Point", "coordinates": [ 28.786194840091866, -7.5 ] } },
{ "type": "Feature", "properties": { "Longitude": 20.598901772921124, "Latitude": -6.0 }, "geometry": { "type": "Point", "coordinates": [ 20.598901772921124, -6.0 ] } },
{ "type": "Feature", "properties": { "Longitude": 23.615426611611667, "Latitude": -6.0 }, "geometry": { "type": "Point", "coordinates": [ 23.615426611611667, -6.0 ] } },
{ "type": "Feature", "properties": { "Longitude": 19.090639353575853, "Latitude": -6.0 }, "geometry": { "type": "Point", "coordinates": [ 19.090639353575853, -6.0 ] } },
{ "type": "Feature", "properties": { "Longitude": 14.565852095540038, "Latitude": -6.0 }, "geometry": { "type": "Point", "coordinates": [ 14.565852095540038, -6.0 ] } },
{ "type": "Feature", "properties": { "Longitude": 17.582376934230581, "Latitude": -6.0 }, "geometry": { "type": "Point", "coordinates": [ 17.582376934230581, -6.0 ] } },
{ "type": "Feature", "properties": { "Longitude": 16.074114514885309, "Latitude": -6.0 }, "geometry": { "type": "Point", "coordinates": [ 16.074114514885309, -6.0 ] } },
{ "type": "Feature", "properties": { "Longitude": 14.098340406425336, "Latitude": -4.5 }, "geometry": { "type": "Point", "coordinates": [ 14.098340406425336, -4.5 ] } },
{ "type": "Feature", "properties": { "Longitude": 17.107617001873791, "Latitude": -4.5 }, "geometry": { "type": "Point", "coordinates": [ 17.107617001873791, -4.5 ] } },
{ "type": "Feature", "properties": { "Longitude": 15.602978704149564, "Latitude": -4.5 }, "geometry": { "type": "Point", "coordinates": [ 15.602978704149564, -4.5 ] } },
{ "type": "Feature", "properties": { "Longitude": 20.116893597322246, "Latitude": -4.5 }, "geometry": { "type": "Point", "coordinates": [ 20.116893597322246, -4.5 ] } },
{ "type": "Feature", "properties": { "Longitude": 12.593702108701109, "Latitude": -4.5 }, "geometry": { "type": "Point", "coordinates": [ 12.593702108701109, -4.5 ] } },
{ "type": "Feature", "properties": { "Longitude": 18.612255299598019, "Latitude": -4.5 }, "geometry": { "type": "Point", "coordinates": [ 18.612255299598019, -4.5 ] } },
{ "type": "Feature", "properties": { "Longitude": 37.509813460190088, "Latitude": -13.5 }, "geometry": { "type": "Point", "coordinates": [ 37.509813460190088, -13.5 ] } },
{ "type": "Feature", "properties": { "Longitude": 39.05243625068789, "Latitude": -13.5 }, "geometry": { "type": "Point", "coordinates": [ 39.05243625068789, -13.5 ] } },
{ "type": "Feature", "properties": { "Longitude": 37.758546706253014, "Latitude": -12.0 }, "geometry": { "type": "Point", "coordinates": [ 37.758546706253014, -12.0 ] } },
{ "type": "Feature", "properties": { "Longitude": 39.292057598550571, "Latitude": -12.0 }, "geometry": { "type": "Point", "coordinates": [ 39.292057598550571, -12.0 ] } },
{ "type": "Feature", "properties": { "Longitude": 27.023970460170119, "Latitude": -12.0 }, "geometry": { "type": "Point", "coordinates": [ 27.023970460170119, -12.0 ] } },
{ "type": "Feature", "properties": { "Longitude": 21.371992630630871, "Latitude": -10.5 }, "geometry": { "type": "Point", "coordinates": [ 21.371992630630871, -10.5 ] } },
{ "type": "Feature", "properties": { "Longitude": 22.897538029347771, "Latitude": -10.5 }, "geometry": { "type": "Point", "coordinates": [ 22.897538029347771, -10.5 ] } },
{ "type": "Feature", "properties": { "Longitude": 24.423083428064672, "Latitude": -10.5 }, "geometry": { "type": "Point", "coordinates": [ 24.423083428064672, -10.5 ] } },
{ "type": "Feature", "properties": { "Longitude": 28.999719624215373, "Latitude": -10.5 }, "geometry": { "type": "Point", "coordinates": [ 28.999719624215373, -10.5 ] } },
{ "type": "Feature", "properties": { "Longitude": 25.948628826781572, "Latitude": -10.5 }, "geometry": { "type": "Point", "coordinates": [ 25.948628826781572, -10.5 ] } },
{ "type": "Feature", "properties": { "Longitude": 27.474174225498473, "Latitude": -10.5 }, "geometry": { "type": "Point", "coordinates": [ 27.474174225498473, -10.5 ] } },
{ "type": "Feature", "properties": { "Longitude": 25.024187972071417, "Latitude": -9.0 }, "geometry": { "type": "Point", "coordinates": [ 25.024187972071417, -9.0 ] } },
{ "type": "Feature", "properties": { "Longitude": 28.061583349435438, "Latitude": -9.0 }, "geometry": { "type": "Point", "coordinates": [ 28.061583349435438, -9.0 ] } },
{ "type": "Feature", "properties": { "Longitude": 23.505490283389406, "Latitude": -9.0 }, "geometry": { "type": "Point", "coordinates": [ 23.505490283389406, -9.0 ] } },
{ "type": "Feature", "properties": { "Longitude": 36.225035813955458, "Latitude": -12.0 }, "geometry": { "type": "Point", "coordinates": [ 36.225035813955458, -12.0 ] } },
{ "type": "Feature", "properties": { "Longitude": 31.624503137062788, "Latitude": -12.0 }, "geometry": { "type": "Point", "coordinates": [ 31.624503137062788, -12.0 ] } },
{ "type": "Feature", "properties": { "Longitude": 33.158014029360345, "Latitude": -12.0 }, "geometry": { "type": "Point", "coordinates": [ 33.158014029360345, -12.0 ] } },
{ "type": "Feature", "properties": { "Longitude": 34.691524921657901, "Latitude": -12.0 }, "geometry": { "type": "Point", "coordinates": [ 34.691524921657901, -12.0 ] } },
{ "type": "Feature", "properties": { "Longitude": 33.576355820366075, "Latitude": -10.5 }, "geometry": { "type": "Point", "coordinates": [ 33.576355820366075, -10.5 ] } },
{ "type": "Feature", "properties": { "Longitude": 35.101901219082976, "Latitude": -10.5 }, "geometry": { "type": "Point", "coordinates": [ 35.101901219082976, -10.5 ] } },
{ "type": "Feature", "properties": { "Longitude": 32.050810421649174, "Latitude": -10.5 }, "geometry": { "type": "Point", "coordinates": [ 32.050810421649174, -10.5 ] } },
{ "type": "Feature", "properties": { "Longitude": 36.627446617799876, "Latitude": -10.5 }, "geometry": { "type": "Point", "coordinates": [ 36.627446617799876, -10.5 ] } },
{ "type": "Feature", "properties": { "Longitude": 30.525265022932274, "Latitude": -10.5 }, "geometry": { "type": "Point", "coordinates": [ 30.525265022932274, -10.5 ] } },
{ "type": "Feature", "properties": { "Longitude": 31.098978726799459, "Latitude": -9.0 }, "geometry": { "type": "Point", "coordinates": [ 31.098978726799459, -9.0 ] } },
{ "type": "Feature", "properties": { "Longitude": 39.678537415233677, "Latitude": -10.5 }, "geometry": { "type": "Point", "coordinates": [ 39.678537415233677, -10.5 ] } },
{ "type": "Feature", "properties": { "Longitude": 38.152992016516777, "Latitude": -10.5 }, "geometry": { "type": "Point", "coordinates": [ 38.152992016516777, -10.5 ] } },
{ "type": "Feature", "properties": { "Longitude": 32.617676415481469, "Latitude": -9.0 }, "geometry": { "type": "Point", "coordinates": [ 32.617676415481469, -9.0 ] } },
{ "type": "Feature", "properties": { "Longitude": 29.580281038117448, "Latitude": -9.0 }, "geometry": { "type": "Point", "coordinates": [ 29.580281038117448, -9.0 ] } },
{ "type": "Feature", "properties": { "Longitude": 34.13637410416348, "Latitude": -9.0 }, "geometry": { "type": "Point", "coordinates": [ 34.13637410416348, -9.0 ] } },
{ "type": "Feature", "properties": { "Longitude": 37.173769481527501, "Latitude": -9.0 }, "geometry": { "type": "Point", "coordinates": [ 37.173769481527501, -9.0 ] } },
{ "type": "Feature", "properties": { "Longitude": 35.65507179284549, "Latitude": -9.0 }, "geometry": { "type": "Point", "coordinates": [ 35.65507179284549, -9.0 ] } },
{ "type": "Feature", "properties": { "Longitude": 30.299138280962097, "Latitude": -7.5 }, "geometry": { "type": "Point", "coordinates": [ 30.299138280962097, -7.5 ] } },
{ "type": "Feature", "properties": { "Longitude": 33.325025162702559, "Latitude": -7.5 }, "geometry": { "type": "Point", "coordinates": [ 33.325025162702559, -7.5 ] } },
{ "type": "Feature", "properties": { "Longitude": 36.350912044443021, "Latitude": -7.5 }, "geometry": { "type": "Point", "coordinates": [ 36.350912044443021, -7.5 ] } },
{ "type": "Feature", "properties": { "Longitude": 31.812081721832328, "Latitude": -7.5 }, "geometry": { "type": "Point", "coordinates": [ 31.812081721832328, -7.5 ] } },
{ "type": "Feature", "properties": { "Longitude": 34.83796860357279, "Latitude": -7.5 }, "geometry": { "type": "Point", "coordinates": [ 34.83796860357279, -7.5 ] } },
{ "type": "Feature", "properties": { "Longitude": 38.692467170209511, "Latitude": -9.0 }, "geometry": { "type": "Point", "coordinates": [ 38.692467170209511, -9.0 ] } },
{ "type": "Feature", "properties": { "Longitude": 37.863855485313252, "Latitude": -7.5 }, "geometry": { "type": "Point", "coordinates": [ 37.863855485313252, -7.5 ] } },
{ "type": "Feature", "properties": { "Longitude": 34.173263547028569, "Latitude": -6.0 }, "geometry": { "type": "Point", "coordinates": [ 34.173263547028569, -6.0 ] } },
{ "type": "Feature", "properties": { "Longitude": 32.665001127683297, "Latitude": -6.0 }, "geometry": { "type": "Point", "coordinates": [ 32.665001127683297, -6.0 ] } },
{ "type": "Feature", "properties": { "Longitude": 37.189788385719112, "Latitude": -6.0 }, "geometry": { "type": "Point", "coordinates": [ 37.189788385719112, -6.0 ] } },
{ "type": "Feature", "properties": { "Longitude": 29.648476288992754, "Latitude": -6.0 }, "geometry": { "type": "Point", "coordinates": [ 29.648476288992754, -6.0 ] } },
{ "type": "Feature", "properties": { "Longitude": 35.68152596637384, "Latitude": -6.0 }, "geometry": { "type": "Point", "coordinates": [ 35.68152596637384, -6.0 ] } },
{ "type": "Feature", "properties": { "Longitude": 31.156738708338025, "Latitude": -6.0 }, "geometry": { "type": "Point", "coordinates": [ 31.156738708338025, -6.0 ] } },
{ "type": "Feature", "properties": { "Longitude": 32.153999979116065, "Latitude": -4.5 }, "geometry": { "type": "Point", "coordinates": [ 32.153999979116065, -4.5 ] } },
{ "type": "Feature", "properties": { "Longitude": 29.144723383667611, "Latitude": -4.5 }, "geometry": { "type": "Point", "coordinates": [ 29.144723383667611, -4.5 ] } },
{ "type": "Feature", "properties": { "Longitude": 30.649361681391838, "Latitude": -4.5 }, "geometry": { "type": "Point", "coordinates": [ 30.649361681391838, -4.5 ] } },
{ "type": "Feature", "properties": { "Longitude": 36.667914872288748, "Latitude": -4.5 }, "geometry": { "type": "Point", "coordinates": [ 36.667914872288748, -4.5 ] } },
{ "type": "Feature", "properties": { "Longitude": 38.698050805064383, "Latitude": -6.0 }, "geometry": { "type": "Point", "coordinates": [ 38.698050805064383, -6.0 ] } },
{ "type": "Feature", "properties": { "Longitude": 38.172553170012975, "Latitude": -4.5 }, "geometry": { "type": "Point", "coordinates": [ 38.172553170012975, -4.5 ] } },
{ "type": "Feature", "properties": { "Longitude": 22.107164192266396, "Latitude": -6.0 }, "geometry": { "type": "Point", "coordinates": [ 22.107164192266396, -6.0 ] } },
{ "type": "Feature", "properties": { "Longitude": 28.140213869647482, "Latitude": -6.0 }, "geometry": { "type": "Point", "coordinates": [ 28.140213869647482, -6.0 ] } },
{ "type": "Feature", "properties": { "Longitude": 25.123689030956939, "Latitude": -6.0 }, "geometry": { "type": "Point", "coordinates": [ 25.123689030956939, -6.0 ] } },
{ "type": "Feature", "properties": { "Longitude": 26.631951450302211, "Latitude": -6.0 }, "geometry": { "type": "Point", "coordinates": [ 26.631951450302211, -6.0 ] } },
{ "type": "Feature", "properties": { "Longitude": 26.135446788219156, "Latitude": -4.5 }, "geometry": { "type": "Point", "coordinates": [ 26.135446788219156, -4.5 ] } },
{ "type": "Feature", "properties": { "Longitude": 21.621531895046473, "Latitude": -4.5 }, "geometry": { "type": "Point", "coordinates": [ 21.621531895046473, -4.5 ] } },
{ "type": "Feature", "properties": { "Longitude": 27.640085085943383, "Latitude": -4.5 }, "geometry": { "type": "Point", "coordinates": [ 27.640085085943383, -4.5 ] } },
{ "type": "Feature", "properties": { "Longitude": 24.630808490494928, "Latitude": -4.5 }, "geometry": { "type": "Point", "coordinates": [ 24.630808490494928, -4.5 ] } },
{ "type": "Feature", "properties": { "Longitude": 23.126170192770701, "Latitude": -4.5 }, "geometry": { "type": "Point", "coordinates": [ 23.126170192770701, -4.5 ] } },
{ "type": "Feature", "properties": { "Longitude": 25.782017102571956, "Latitude": -3.0 }, "geometry": { "type": "Point", "coordinates": [ 25.782017102571956, -3.0 ] } },
{ "type": "Feature", "properties": { "Longitude": 10.7614319126032, "Latitude": -3.0 }, "geometry": { "type": "Point", "coordinates": [ 10.7614319126032, -3.0 ] } },
{ "type": "Feature", "properties": { "Longitude": 9.0647877807742816, "Latitude": -1.5 }, "geometry": { "type": "Point", "coordinates": [ 9.064787780774282, -1.5 ] } },
{ "type": "Feature", "properties": { "Longitude": 10.565301969510585, "Latitude": -1.5 }, "geometry": { "type": "Point", "coordinates": [ 10.565301969510585, -1.5 ] } },
{ "type": "Feature", "properties": { "Longitude": 12.263490431600076, "Latitude": -3.0 }, "geometry": { "type": "Point", "coordinates": [ 12.263490431600076, -3.0 ] } },
{ "type": "Feature", "properties": { "Longitude": 18.271724507587578, "Latitude": -3.0 }, "geometry": { "type": "Point", "coordinates": [ 18.271724507587578, -3.0 ] } },
{ "type": "Feature", "properties": { "Longitude": 16.769665988590702, "Latitude": -3.0 }, "geometry": { "type": "Point", "coordinates": [ 16.769665988590702, -3.0 ] } },
{ "type": "Feature", "properties": { "Longitude": 13.765548950596951, "Latitude": -3.0 }, "geometry": { "type": "Point", "coordinates": [ 13.765548950596951, -3.0 ] } },
{ "type": "Feature", "properties": { "Longitude": 19.773783026584454, "Latitude": -3.0 }, "geometry": { "type": "Point", "coordinates": [ 19.773783026584454, -3.0 ] } },
{ "type": "Feature", "properties": { "Longitude": 15.267607469593827, "Latitude": -3.0 }, "geometry": { "type": "Point", "coordinates": [ 15.267607469593827, -3.0 ] } },
{ "type": "Feature", "properties": { "Longitude": 16.567358724455801, "Latitude": -1.5 }, "geometry": { "type": "Point", "coordinates": [ 16.567358724455801, -1.5 ] } },
{ "type": "Feature", "properties": { "Longitude": 15.066844535719497, "Latitude": -1.5 }, "geometry": { "type": "Point", "coordinates": [ 15.066844535719497, -1.5 ] } },
{ "type": "Feature", "properties": { "Longitude": 12.065816158246889, "Latitude": -1.5 }, "geometry": { "type": "Point", "coordinates": [ 12.065816158246889, -1.5 ] } },
{ "type": "Feature", "properties": { "Longitude": 13.566330346983193, "Latitude": -1.5 }, "geometry": { "type": "Point", "coordinates": [ 13.566330346983193, -1.5 ] } },
{ "type": "Feature", "properties": { "Longitude": 18.067872913192105, "Latitude": -1.5 }, "geometry": { "type": "Point", "coordinates": [ 18.067872913192105, -1.5 ] } },
{ "type": "Feature", "properties": { "Longitude": 19.568387101928408, "Latitude": -1.5 }, "geometry": { "type": "Point", "coordinates": [ 19.568387101928408, -1.5 ] } },
{ "type": "Feature", "properties": { "Longitude": 15.0, "Latitude": 0.0 }, "geometry": { "type": "Point", "coordinates": [ 15.0, 0.0 ] } },
{ "type": "Feature", "properties": { "Longitude": 13.5, "Latitude": 0.0 }, "geometry": { "type": "Point", "coordinates": [ 13.5, 0.0 ] } },
{ "type": "Feature", "properties": { "Longitude": 19.5, "Latitude": 0.0 }, "geometry": { "type": "Point", "coordinates": [ 19.5, 0.0 ] } },
{ "type": "Feature", "properties": { "Longitude": 16.5, "Latitude": 0.0 }, "geometry": { "type": "Point", "coordinates": [ 16.5, 0.0 ] } },
{ "type": "Feature", "properties": { "Longitude": 18.0, "Latitude": 0.0 }, "geometry": { "type": "Point", "coordinates": [ 18.0, 0.0 ] } },
{ "type": "Feature", "properties": { "Longitude": 13.566330346983193, "Latitude": 1.5 }, "geometry": { "type": "Point", "coordinates": [ 13.566330346983193, 1.5 ] } },
{ "type": "Feature", "properties": { "Longitude": 16.567358724455801, "Latitude": 1.5 }, "geometry": { "type": "Point", "coordinates": [ 16.567358724455801, 1.5 ] } },
{ "type": "Feature", "properties": { "Longitude": 15.066844535719497, "Latitude": 1.5 }, "geometry": { "type": "Point", "coordinates": [ 15.066844535719497, 1.5 ] } },
{ "type": "Feature", "properties": { "Longitude": 27.070958045609927, "Latitude": -1.5 }, "geometry": { "type": "Point", "coordinates": [ 27.070958045609927, -1.5 ] } },
{ "type": "Feature", "properties": { "Longitude": 22.5, "Latitude": 0.0 }, "geometry": { "type": "Point", "coordinates": [ 22.5, 0.0 ] } },
{ "type": "Feature", "properties": { "Longitude": 27.0, "Latitude": 0.0 }, "geometry": { "type": "Point", "coordinates": [ 27.0, 0.0 ] } },
{ "type": "Feature", "properties": { "Longitude": 21.0, "Latitude": 0.0 }, "geometry": { "type": "Point", "coordinates": [ 21.0, 0.0 ] } },
{ "type": "Feature", "properties": { "Longitude": 28.5, "Latitude": 0.0 }, "geometry": { "type": "Point", "coordinates": [ 28.5, 0.0 ] } },
{ "type": "Feature", "properties": { "Longitude": 25.5, "Latitude": 0.0 }, "geometry": { "type": "Point", "coordinates": [ 25.5, 0.0 ] } },
{ "type": "Feature", "properties": { "Longitude": 24.0, "Latitude": 0.0 }, "geometry": { "type": "Point", "coordinates": [ 24.0, 0.0 ] } },
{ "type": "Feature", "properties": { "Longitude": 22.569415479401016, "Latitude": 1.5 }, "geometry": { "type": "Point", "coordinates": [ 22.569415479401016, 1.5 ] } },
{ "type": "Feature", "properties": { "Longitude": 21.068901290664712, "Latitude": 1.5 }, "geometry": { "type": "Point", "coordinates": [ 21.068901290664712, 1.5 ] } },
{ "type": "Feature", "properties": { "Longitude": 27.070958045609927, "Latitude": 1.5 }, "geometry": { "type": "Point", "coordinates": [ 27.070958045609927, 1.5 ] } },
{ "type": "Feature", "properties": { "Longitude": 10.5, "Latitude": 0.0 }, "geometry": { "type": "Point", "coordinates": [ 10.5, 0.0 ] } },
{ "type": "Feature", "properties": { "Longitude": 12.0, "Latitude": 0.0 }, "geometry": { "type": "Point", "coordinates": [ 12.0, 0.0 ] } },
{ "type": "Feature", "properties": { "Longitude": 10.565301969510585, "Latitude": 1.5 }, "geometry": { "type": "Point", "coordinates": [ 10.565301969510585, 1.5 ] } },
{ "type": "Feature", "properties": { "Longitude": 12.065816158246889, "Latitude": 1.5 }, "geometry": { "type": "Point", "coordinates": [ 12.065816158246889, 1.5 ] } },
{ "type": "Feature", "properties": { "Longitude": 19.568387101928408, "Latitude": 1.5 }, "geometry": { "type": "Point", "coordinates": [ 19.568387101928408, 1.5 ] } },
{ "type": "Feature", "properties": { "Longitude": 18.067872913192105, "Latitude": 1.5 }, "geometry": { "type": "Point", "coordinates": [ 18.067872913192105, 1.5 ] } },
{ "type": "Feature", "properties": { "Longitude": 16.769665988590702, "Latitude": 3.0 }, "geometry": { "type": "Point", "coordinates": [ 16.769665988590702, 3.0 ] } },
{ "type": "Feature", "properties": { "Longitude": 13.765548950596951, "Latitude": 3.0 }, "geometry": { "type": "Point", "coordinates": [ 13.765548950596951, 3.0 ] } },
{ "type": "Feature", "properties": { "Longitude": 15.267607469593827, "Latitude": 3.0 }, "geometry": { "type": "Point", "coordinates": [ 15.267607469593827, 3.0 ] } },
{ "type": "Feature", "properties": { "Longitude": 18.271724507587578, "Latitude": 3.0 }, "geometry": { "type": "Point", "coordinates": [ 18.271724507587578, 3.0 ] } },
{ "type": "Feature", "properties": { "Longitude": 19.773783026584454, "Latitude": 3.0 }, "geometry": { "type": "Point", "coordinates": [ 19.773783026584454, 3.0 ] } },
{ "type": "Feature", "properties": { "Longitude": 12.263490431600076, "Latitude": 3.0 }, "geometry": { "type": "Point", "coordinates": [ 12.263490431600076, 3.0 ] } },
{ "type": "Feature", "properties": { "Longitude": 18.612255299598019, "Latitude": 4.5 }, "geometry": { "type": "Point", "coordinates": [ 18.612255299598019, 4.5 ] } },
{ "type": "Feature", "properties": { "Longitude": 14.098340406425336, "Latitude": 4.5 }, "geometry": { "type": "Point", "coordinates": [ 14.098340406425336, 4.5 ] } },
{ "type": "Feature", "properties": { "Longitude": 10.7614319126032, "Latitude": 3.0 }, "geometry": { "type": "Point", "coordinates": [ 10.7614319126032, 3.0 ] } },
{ "type": "Feature", "properties": { "Longitude": 11.089063810976882, "Latitude": 4.5 }, "geometry": { "type": "Point", "coordinates": [ 11.089063810976882, 4.5 ] } },
{ "type": "Feature", "properties": { "Longitude": 33.658638276840293, "Latitude": -4.5 }, "geometry": { "type": "Point", "coordinates": [ 33.658638276840293, -4.5 ] } },
{ "type": "Feature", "properties": { "Longitude": 35.16327657456452, "Latitude": -4.5 }, "geometry": { "type": "Point", "coordinates": [ 35.16327657456452, -4.5 ] } },
{ "type": "Feature", "properties": { "Longitude": 30.288192659562583, "Latitude": -3.0 }, "geometry": { "type": "Point", "coordinates": [ 30.288192659562583, -3.0 ] } },
{ "type": "Feature", "properties": { "Longitude": 36.296426735550085, "Latitude": -3.0 }, "geometry": { "type": "Point", "coordinates": [ 36.296426735550085, -3.0 ] } },
{ "type": "Feature", "properties": { "Longitude": 33.292309697556334, "Latitude": -3.0 }, "geometry": { "type": "Point", "coordinates": [ 33.292309697556334, -3.0 ] } },
{ "type": "Feature", "properties": { "Longitude": 31.790251178559458, "Latitude": -3.0 }, "geometry": { "type": "Point", "coordinates": [ 31.790251178559458, -3.0 ] } },
{ "type": "Feature", "properties": { "Longitude": 34.79436821655321, "Latitude": -3.0 }, "geometry": { "type": "Point", "coordinates": [ 34.79436821655321, -3.0 ] } },
{ "type": "Feature", "properties": { "Longitude": 30.071986423082535, "Latitude": -1.5 }, "geometry": { "type": "Point", "coordinates": [ 30.071986423082535, -1.5 ] } },
{ "type": "Feature", "properties": { "Longitude": 31.572500611818839, "Latitude": -1.5 }, "geometry": { "type": "Point", "coordinates": [ 31.572500611818839, -1.5 ] } },
{ "type": "Feature", "properties": { "Longitude": 34.573528989291447, "Latitude": -1.5 }, "geometry": { "type": "Point", "coordinates": [ 34.573528989291447, -1.5 ] } },
{ "type": "Feature", "properties": { "Longitude": 39.300543773543836, "Latitude": -3.0 }, "geometry": { "type": "Point", "coordinates": [ 39.300543773543836, -3.0 ] } },
{ "type": "Feature", "properties": { "Longitude": 37.798485254546961, "Latitude": -3.0 }, "geometry": { "type": "Point", "coordinates": [ 37.798485254546961, -3.0 ] } },
{ "type": "Feature", "properties": { "Longitude": 37.574557366764054, "Latitude": -1.5 }, "geometry": { "type": "Point", "coordinates": [ 37.574557366764054, -1.5 ] } },
{ "type": "Feature", "properties": { "Longitude": 39.075071555500358, "Latitude": -1.5 }, "geometry": { "type": "Point", "coordinates": [ 39.075071555500358, -1.5 ] } },
{ "type": "Feature", "properties": { "Longitude": 40.575585744236662, "Latitude": -1.5 }, "geometry": { "type": "Point", "coordinates": [ 40.575585744236662, -1.5 ] } },
{ "type": "Feature", "properties": { "Longitude": 28.786134140565707, "Latitude": -3.0 }, "geometry": { "type": "Point", "coordinates": [ 28.786134140565707, -3.0 ] } },
{ "type": "Feature", "properties": { "Longitude": 24.27995858357508, "Latitude": -3.0 }, "geometry": { "type": "Point", "coordinates": [ 24.27995858357508, -3.0 ] } },
{ "type": "Feature", "properties": { "Longitude": 27.284075621568832, "Latitude": -3.0 }, "geometry": { "type": "Point", "coordinates": [ 27.284075621568832, -3.0 ] } },
{ "type": "Feature", "properties": { "Longitude": 22.777900064578205, "Latitude": -3.0 }, "geometry": { "type": "Point", "coordinates": [ 22.777900064578205, -3.0 ] } },
{ "type": "Feature", "properties": { "Longitude": 21.275841545581329, "Latitude": -3.0 }, "geometry": { "type": "Point", "coordinates": [ 21.275841545581329, -3.0 ] } },
{ "type": "Feature", "properties": { "Longitude": 25.570443856873624, "Latitude": -1.5 }, "geometry": { "type": "Point", "coordinates": [ 25.570443856873624, -1.5 ] } },
{ "type": "Feature", "properties": { "Longitude": 24.06992966813732, "Latitude": -1.5 }, "geometry": { "type": "Point", "coordinates": [ 24.06992966813732, -1.5 ] } },
{ "type": "Feature", "properties": { "Longitude": 28.571472234346231, "Latitude": -1.5 }, "geometry": { "type": "Point", "coordinates": [ 28.571472234346231, -1.5 ] } },
{ "type": "Feature", "properties": { "Longitude": 22.569415479401016, "Latitude": -1.5 }, "geometry": { "type": "Point", "coordinates": [ 22.569415479401016, -1.5 ] } },
{ "type": "Feature", "properties": { "Longitude": 21.068901290664712, "Latitude": -1.5 }, "geometry": { "type": "Point", "coordinates": [ 21.068901290664712, -1.5 ] } },
{ "type": "Feature", "properties": { "Longitude": 36.07404317802775, "Latitude": -1.5 }, "geometry": { "type": "Point", "coordinates": [ 36.07404317802775, -1.5 ] } },
{ "type": "Feature", "properties": { "Longitude": 33.073014800555143, "Latitude": -1.5 }, "geometry": { "type": "Point", "coordinates": [ 33.073014800555143, -1.5 ] } },
{ "type": "Feature", "properties": { "Longitude": 30.0, "Latitude": 0.0 }, "geometry": { "type": "Point", "coordinates": [ 30.0, 0.0 ] } },
{ "type": "Feature", "properties": { "Longitude": 33.0, "Latitude": 0.0 }, "geometry": { "type": "Point", "coordinates": [ 33.0, 0.0 ] } },
{ "type": "Feature", "properties": { "Longitude": 36.0, "Latitude": 0.0 }, "geometry": { "type": "Point", "coordinates": [ 36.0, 0.0 ] } },
{ "type": "Feature", "properties": { "Longitude": 31.5, "Latitude": 0.0 }, "geometry": { "type": "Point", "coordinates": [ 31.5, 0.0 ] } },
{ "type": "Feature", "properties": { "Longitude": 34.5, "Latitude": 0.0 }, "geometry": { "type": "Point", "coordinates": [ 34.5, 0.0 ] } },
{ "type": "Feature", "properties": { "Longitude": 34.573528989291447, "Latitude": 1.5 }, "geometry": { "type": "Point", "coordinates": [ 34.573528989291447, 1.5 ] } },
{ "type": "Feature", "properties": { "Longitude": 31.572500611818839, "Latitude": 1.5 }, "geometry": { "type": "Point", "coordinates": [ 31.572500611818839, 1.5 ] } },
{ "type": "Feature", "properties": { "Longitude": 30.071986423082535, "Latitude": 1.5 }, "geometry": { "type": "Point", "coordinates": [ 30.071986423082535, 1.5 ] } },
{ "type": "Feature", "properties": { "Longitude": 37.5, "Latitude": 0.0 }, "geometry": { "type": "Point", "coordinates": [ 37.5, 0.0 ] } },
{ "type": "Feature", "properties": { "Longitude": 40.5, "Latitude": 0.0 }, "geometry": { "type": "Point", "coordinates": [ 40.5, 0.0 ] } },
{ "type": "Feature", "properties": { "Longitude": 42.0, "Latitude": 0.0 }, "geometry": { "type": "Point", "coordinates": [ 42.0, 0.0 ] } },
{ "type": "Feature", "properties": { "Longitude": 39.0, "Latitude": 0.0 }, "geometry": { "type": "Point", "coordinates": [ 39.0, 0.0 ] } },
{ "type": "Feature", "properties": { "Longitude": 43.57661412170927, "Latitude": 1.5 }, "geometry": { "type": "Point", "coordinates": [ 43.57661412170927, 1.5 ] } },
{ "type": "Feature", "properties": { "Longitude": 42.076099932972966, "Latitude": 1.5 }, "geometry": { "type": "Point", "coordinates": [ 42.076099932972966, 1.5 ] } },
{ "type": "Feature", "properties": { "Longitude": 39.075071555500358, "Latitude": 1.5 }, "geometry": { "type": "Point", "coordinates": [ 39.075071555500358, 1.5 ] } },
{ "type": "Feature", "properties": { "Longitude": 24.06992966813732, "Latitude": 1.5 }, "geometry": { "type": "Point", "coordinates": [ 24.06992966813732, 1.5 ] } },
{ "type": "Feature", "properties": { "Longitude": 28.571472234346231, "Latitude": 1.5 }, "geometry": { "type": "Point", "coordinates": [ 28.571472234346231, 1.5 ] } },
{ "type": "Feature", "properties": { "Longitude": 25.570443856873624, "Latitude": 1.5 }, "geometry": { "type": "Point", "coordinates": [ 25.570443856873624, 1.5 ] } },
{ "type": "Feature", "properties": { "Longitude": 25.782017102571956, "Latitude": 3.0 }, "geometry": { "type": "Point", "coordinates": [ 25.782017102571956, 3.0 ] } },
{ "type": "Feature", "properties": { "Longitude": 28.786134140565707, "Latitude": 3.0 }, "geometry": { "type": "Point", "coordinates": [ 28.786134140565707, 3.0 ] } },
{ "type": "Feature", "properties": { "Longitude": 24.27995858357508, "Latitude": 3.0 }, "geometry": { "type": "Point", "coordinates": [ 24.27995858357508, 3.0 ] } },
{ "type": "Feature", "properties": { "Longitude": 21.275841545581329, "Latitude": 3.0 }, "geometry": { "type": "Point", "coordinates": [ 21.275841545581329, 3.0 ] } },
{ "type": "Feature", "properties": { "Longitude": 27.284075621568832, "Latitude": 3.0 }, "geometry": { "type": "Point", "coordinates": [ 27.284075621568832, 3.0 ] } },
{ "type": "Feature", "properties": { "Longitude": 22.777900064578205, "Latitude": 3.0 }, "geometry": { "type": "Point", "coordinates": [ 22.777900064578205, 3.0 ] } },
{ "type": "Feature", "properties": { "Longitude": 24.630808490494928, "Latitude": 4.5 }, "geometry": { "type": "Point", "coordinates": [ 24.630808490494928, 4.5 ] } },
{ "type": "Feature", "properties": { "Longitude": 37.574557366764054, "Latitude": 1.5 }, "geometry": { "type": "Point", "coordinates": [ 37.574557366764054, 1.5 ] } },
{ "type": "Feature", "properties": { "Longitude": 40.575585744236662, "Latitude": 1.5 }, "geometry": { "type": "Point", "coordinates": [ 40.575585744236662, 1.5 ] } },
{ "type": "Feature", "properties": { "Longitude": 40.802602292540712, "Latitude": 3.0 }, "geometry": { "type": "Point", "coordinates": [ 40.802602292540712, 3.0 ] } },
{ "type": "Feature", "properties": { "Longitude": 43.806719330534463, "Latitude": 3.0 }, "geometry": { "type": "Point", "coordinates": [ 43.806719330534463, 3.0 ] } },
{ "type": "Feature", "properties": { "Longitude": 37.798485254546961, "Latitude": 3.0 }, "geometry": { "type": "Point", "coordinates": [ 37.798485254546961, 3.0 ] } },
{ "type": "Feature", "properties": { "Longitude": 45.308777849531339, "Latitude": 3.0 }, "geometry": { "type": "Point", "coordinates": [ 45.308777849531339, 3.0 ] } },
{ "type": "Feature", "properties": { "Longitude": 39.300543773543836, "Latitude": 3.0 }, "geometry": { "type": "Point", "coordinates": [ 39.300543773543836, 3.0 ] } },
{ "type": "Feature", "properties": { "Longitude": 42.304660811537588, "Latitude": 3.0 }, "geometry": { "type": "Point", "coordinates": [ 42.304660811537588, 3.0 ] } },
{ "type": "Feature", "properties": { "Longitude": 38.172553170012975, "Latitude": 4.5 }, "geometry": { "type": "Point", "coordinates": [ 38.172553170012975, 4.5 ] } },
{ "type": "Feature", "properties": { "Longitude": 36.07404317802775, "Latitude": 1.5 }, "geometry": { "type": "Point", "coordinates": [ 36.07404317802775, 1.5 ] } },
{ "type": "Feature", "properties": { "Longitude": 33.073014800555143, "Latitude": 1.5 }, "geometry": { "type": "Point", "coordinates": [ 33.073014800555143, 1.5 ] } },
{ "type": "Feature", "properties": { "Longitude": 34.79436821655321, "Latitude": 3.0 }, "geometry": { "type": "Point", "coordinates": [ 34.79436821655321, 3.0 ] } },
{ "type": "Feature", "properties": { "Longitude": 30.288192659562583, "Latitude": 3.0 }, "geometry": { "type": "Point", "coordinates": [ 30.288192659562583, 3.0 ] } },
{ "type": "Feature", "properties": { "Longitude": 33.292309697556334, "Latitude": 3.0 }, "geometry": { "type": "Point", "coordinates": [ 33.292309697556334, 3.0 ] } },
{ "type": "Feature", "properties": { "Longitude": 31.790251178559458, "Latitude": 3.0 }, "geometry": { "type": "Point", "coordinates": [ 31.790251178559458, 3.0 ] } },
{ "type": "Feature", "properties": { "Longitude": 36.296426735550085, "Latitude": 3.0 }, "geometry": { "type": "Point", "coordinates": [ 36.296426735550085, 3.0 ] } },
{ "type": "Feature", "properties": { "Longitude": 29.144723383667611, "Latitude": 4.5 }, "geometry": { "type": "Point", "coordinates": [ 29.144723383667611, 4.5 ] } },
{ "type": "Feature", "properties": { "Longitude": 36.667914872288748, "Latitude": 4.5 }, "geometry": { "type": "Point", "coordinates": [ 36.667914872288748, 4.5 ] } },
{ "type": "Feature", "properties": { "Longitude": 33.658638276840293, "Latitude": 4.5 }, "geometry": { "type": "Point", "coordinates": [ 33.658638276840293, 4.5 ] } },
{ "type": "Feature", "properties": { "Longitude": 31.648131698983889, "Latitude": -28.5 }, "geometry": { "type": "Point", "coordinates": [ 31.648131698983889, -28.5 ] } },
{ "type": "Feature", "properties": { "Longitude": 29.94129192721789, "Latitude": -28.5 }, "geometry": { "type": "Point", "coordinates": [ 29.94129192721789, -28.5 ] } },
{ "type": "Feature", "properties": { "Longitude": 30.436169556441399, "Latitude": -27.0 }, "geometry": { "type": "Point", "coordinates": [ 30.436169556441399, -27.0 ] } },
{ "type": "Feature", "properties": { "Longitude": 32.11965891289293, "Latitude": -27.0 }, "geometry": { "type": "Point", "coordinates": [ 32.11965891289293, -27.0 ] } },
{ "type": "Feature", "properties": { "Longitude": 28.234452155451891, "Latitude": -28.5 }, "geometry": { "type": "Point", "coordinates": [ 28.234452155451891, -28.5 ] } },
{ "type": "Feature", "properties": { "Longitude": 24.820772611919892, "Latitude": -28.5 }, "geometry": { "type": "Point", "coordinates": [ 24.820772611919892, -28.5 ] } },
{ "type": "Feature", "properties": { "Longitude": 26.527612383685891, "Latitude": -28.5 }, "geometry": { "type": "Point", "coordinates": [ 26.527612383685891, -28.5 ] } },
{ "type": "Feature", "properties": { "Longitude": 23.113932840153893, "Latitude": -28.5 }, "geometry": { "type": "Point", "coordinates": [ 23.113932840153893, -28.5 ] } },
{ "type": "Feature", "properties": { "Longitude": 22.018722774183743, "Latitude": -27.0 }, "geometry": { "type": "Point", "coordinates": [ 22.018722774183743, -27.0 ] } },
{ "type": "Feature", "properties": { "Longitude": 28.752680199989868, "Latitude": -27.0 }, "geometry": { "type": "Point", "coordinates": [ 28.752680199989868, -27.0 ] } },
{ "type": "Feature", "properties": { "Longitude": 23.702212130635274, "Latitude": -27.0 }, "geometry": { "type": "Point", "coordinates": [ 23.702212130635274, -27.0 ] } },
{ "type": "Feature", "properties": { "Longitude": 25.385701487086806, "Latitude": -27.0 }, "geometry": { "type": "Point", "coordinates": [ 25.385701487086806, -27.0 ] } },
{ "type": "Feature", "properties": { "Longitude": 27.069190843538337, "Latitude": -27.0 }, "geometry": { "type": "Point", "coordinates": [ 27.069190843538337, -27.0 ] } },
{ "type": "Feature", "properties": { "Longitude": 27.736602015462068, "Latitude": -25.5 }, "geometry": { "type": "Point", "coordinates": [ 27.736602015462068, -25.5 ] } },
{ "type": "Feature", "properties": { "Longitude": 29.398494831585765, "Latitude": -25.5 }, "geometry": { "type": "Point", "coordinates": [ 29.398494831585765, -25.5 ] } },
{ "type": "Feature", "properties": { "Longitude": 32.722280463833158, "Latitude": -25.5 }, "geometry": { "type": "Point", "coordinates": [ 32.722280463833158, -25.5 ] } },
{ "type": "Feature", "properties": { "Longitude": 31.060387647709462, "Latitude": -25.5 }, "geometry": { "type": "Point", "coordinates": [ 31.060387647709462, -25.5 ] } },
{ "type": "Feature", "properties": { "Longitude": 35.096028726439584, "Latitude": -24.0 }, "geometry": { "type": "Point", "coordinates": [ 35.096028726439584, -24.0 ] } },
{ "type": "Feature", "properties": { "Longitude": 31.812119890921423, "Latitude": -24.0 }, "geometry": { "type": "Point", "coordinates": [ 31.812119890921423, -24.0 ] } },
{ "type": "Feature", "properties": { "Longitude": 46.58970965075315, "Latitude": -24.0 }, "geometry": { "type": "Point", "coordinates": [ 46.58970965075315, -24.0 ] } },
{ "type": "Feature", "properties": { "Longitude": 44.947755232994069, "Latitude": -24.0 }, "geometry": { "type": "Point", "coordinates": [ 44.947755232994069, -24.0 ] } },
{ "type": "Feature", "properties": { "Longitude": 45.678773760965157, "Latitude": -22.5 }, "geometry": { "type": "Point", "coordinates": [ 45.678773760965157, -22.5 ] } },
{ "type": "Feature", "properties": { "Longitude": 47.302362061403755, "Latitude": -22.5 }, "geometry": { "type": "Point", "coordinates": [ 47.302362061403755, -22.5 ] } },
{ "type": "Feature", "properties": { "Longitude": 46.547166154230752, "Latitude": -21.0 }, "geometry": { "type": "Point", "coordinates": [ 46.547166154230752, -21.0 ] } },
{ "type": "Feature", "properties": { "Longitude": 33.454074308680504, "Latitude": -24.0 }, "geometry": { "type": "Point", "coordinates": [ 33.454074308680504, -24.0 ] } },
{ "type": "Feature", "properties": { "Longitude": 30.170165473162342, "Latitude": -24.0 }, "geometry": { "type": "Point", "coordinates": [ 30.170165473162342, -24.0 ] } },
{ "type": "Feature", "properties": { "Longitude": 34.313655657894969, "Latitude": -22.5 }, "geometry": { "type": "Point", "coordinates": [ 34.313655657894969, -22.5 ] } },
{ "type": "Feature", "properties": { "Longitude": 29.442890756579175, "Latitude": -22.5 }, "geometry": { "type": "Point", "coordinates": [ 29.442890756579175, -22.5 ] } },
{ "type": "Feature", "properties": { "Longitude": 32.690067357456371, "Latitude": -22.5 }, "geometry": { "type": "Point", "coordinates": [ 32.690067357456371, -22.5 ] } },
{ "type": "Feature", "properties": { "Longitude": 31.066479057017773, "Latitude": -22.5 }, "geometry": { "type": "Point", "coordinates": [ 31.066479057017773, -22.5 ] } },
{ "type": "Feature", "properties": { "Longitude": 33.693426230586454, "Latitude": -21.0 }, "geometry": { "type": "Point", "coordinates": [ 33.693426230586454, -21.0 ] } },
{ "type": "Feature", "properties": { "Longitude": 44.055185460526559, "Latitude": -22.5 }, "geometry": { "type": "Point", "coordinates": [ 44.055185460526559, -22.5 ] } },
{ "type": "Feature", "properties": { "Longitude": 44.940448663775214, "Latitude": -21.0 }, "geometry": { "type": "Point", "coordinates": [ 44.940448663775214, -21.0 ] } },
{ "type": "Feature", "properties": { "Longitude": 104.37663826987898, "Latitude": -4.5 }, "geometry": { "type": "Point", "coordinates": [ 104.376638269878981, -4.5 ] } },
{ "type": "Feature", "properties": { "Longitude": 102.38700157141261, "Latitude": -3.0 }, "geometry": { "type": "Point", "coordinates": [ 102.387001571412611, -3.0 ] } },
{ "type": "Feature", "properties": { "Longitude": 103.88906009040949, "Latitude": -3.0 }, "geometry": { "type": "Point", "coordinates": [ 103.889060090409487, -3.0 ] } },
{ "type": "Feature", "properties": { "Longitude": 102.09666748242512, "Latitude": -1.5 }, "geometry": { "type": "Point", "coordinates": [ 102.096667482425119, -1.5 ] } },
{ "type": "Feature", "properties": { "Longitude": 103.59718167116142, "Latitude": -1.5 }, "geometry": { "type": "Point", "coordinates": [ 103.597181671161422, -1.5 ] } },
{ "type": "Feature", "properties": { "Longitude": 103.5, "Latitude": 0.0 }, "geometry": { "type": "Point", "coordinates": [ 103.5, 0.0 ] } },
{ "type": "Feature", "properties": { "Longitude": 102.0, "Latitude": 0.0 }, "geometry": { "type": "Point", "coordinates": [ 102.0, 0.0 ] } },
{ "type": "Feature", "properties": { "Longitude": 100.5, "Latitude": 0.0 }, "geometry": { "type": "Point", "coordinates": [ 100.5, 0.0 ] } },
{ "type": "Feature", "properties": { "Longitude": 102.09666748242512, "Latitude": 1.5 }, "geometry": { "type": "Point", "coordinates": [ 102.096667482425119, 1.5 ] } },
{ "type": "Feature", "properties": { "Longitude": 103.59718167116142, "Latitude": 1.5 }, "geometry": { "type": "Point", "coordinates": [ 103.597181671161422, 1.5 ] } },
{ "type": "Feature", "properties": { "Longitude": 99.095639104952511, "Latitude": 1.5 }, "geometry": { "type": "Point", "coordinates": [ 99.095639104952511, 1.5 ] } },
{ "type": "Feature", "properties": { "Longitude": 100.59615329368881, "Latitude": 1.5 }, "geometry": { "type": "Point", "coordinates": [ 100.596153293688815, 1.5 ] } },
{ "type": "Feature", "properties": { "Longitude": 97.880826014421984, "Latitude": 3.0 }, "geometry": { "type": "Point", "coordinates": [ 97.880826014421984, 3.0 ] } },
{ "type": "Feature", "properties": { "Longitude": 102.38700157141261, "Latitude": 3.0 }, "geometry": { "type": "Point", "coordinates": [ 102.387001571412611, 3.0 ] } },
{ "type": "Feature", "properties": { "Longitude": 99.38288453341886, "Latitude": 3.0 }, "geometry": { "type": "Point", "coordinates": [ 99.38288453341886, 3.0 ] } },
{ "type": "Feature", "properties": { "Longitude": 102.87199997215475, "Latitude": 4.5 }, "geometry": { "type": "Point", "coordinates": [ 102.871999972154754, 4.5 ] } },
{ "type": "Feature", "properties": { "Longitude": 78.178607075941784, "Latitude": 9.0 }, "geometry": { "type": "Point", "coordinates": [ 78.178607075941784, 9.0 ] } },
{ "type": "Feature", "properties": { "Longitude": 76.659909387259745, "Latitude": 9.0 }, "geometry": { "type": "Point", "coordinates": [ 76.659909387259745, 9.0 ] } },
{ "type": "Feature", "properties": { "Longitude": 77.817172383156162, "Latitude": 10.5 }, "geometry": { "type": "Point", "coordinates": [ 77.817172383156162, 10.5 ] } },
{ "type": "Feature", "properties": { "Longitude": 96.853446781257844, "Latitude": 4.5 }, "geometry": { "type": "Point", "coordinates": [ 96.853446781257844, 4.5 ] } },
{ "type": "Feature", "properties": { "Longitude": 101.36736167443053, "Latitude": 4.5 }, "geometry": { "type": "Point", "coordinates": [ 101.367361674430526, 4.5 ] } },
{ "type": "Feature", "properties": { "Longitude": 100.53680999822052, "Latitude": 6.0 }, "geometry": { "type": "Point", "coordinates": [ 100.536809998220519, 6.0 ] } },
{ "type": "Feature", "properties": { "Longitude": 102.04507241756579, "Latitude": 6.0 }, "geometry": { "type": "Point", "coordinates": [ 102.045072417565791, 6.0 ] } },
{ "type": "Feature", "properties": { "Longitude": 81.739215270549948, "Latitude": 7.5 }, "geometry": { "type": "Point", "coordinates": [ 81.739215270549948, 7.5 ] } },
{ "type": "Feature", "properties": { "Longitude": 80.226271829679717, "Latitude": 7.5 }, "geometry": { "type": "Point", "coordinates": [ 80.226271829679717, 7.5 ] } },
{ "type": "Feature", "properties": { "Longitude": 99.894536560992719, "Latitude": 7.5 }, "geometry": { "type": "Point", "coordinates": [ 99.894536560992719, 7.5 ] } },
{ "type": "Feature", "properties": { "Longitude": 99.440374717489931, "Latitude": 9.0 }, "geometry": { "type": "Point", "coordinates": [ 99.440374717489931, 9.0 ] } },
{ "type": "Feature", "properties": { "Longitude": 99.174807965192826, "Latitude": 10.5 }, "geometry": { "type": "Point", "coordinates": [ 99.174807965192826, 10.5 ] } },
{ "type": "Feature", "properties": { "Longitude": 99.098982398155272, "Latitude": 12.0 }, "geometry": { "type": "Point", "coordinates": [ 99.098982398155272, 12.0 ] } },
{ "type": "Feature", "properties": { "Longitude": 79.342717781873091, "Latitude": 10.5 }, "geometry": { "type": "Point", "coordinates": [ 79.342717781873091, 10.5 ] } },
{ "type": "Feature", "properties": { "Longitude": 111.09975261484294, "Latitude": 1.5 }, "geometry": { "type": "Point", "coordinates": [ 111.099752614842942, 1.5 ] } },
{ "type": "Feature", "properties": { "Longitude": 112.60026680357925, "Latitude": 1.5 }, "geometry": { "type": "Point", "coordinates": [ 112.600266803579245, 1.5 ] } },
{ "type": "Feature", "properties": { "Longitude": 112.90141120439074, "Latitude": 3.0 }, "geometry": { "type": "Point", "coordinates": [ 112.90141120439074, 3.0 ] } },
{ "type": "Feature", "properties": { "Longitude": 114.90910635394857, "Latitude": 4.5 }, "geometry": { "type": "Point", "coordinates": [ 114.909106353948573, 4.5 ] } },
{ "type": "Feature", "properties": { "Longitude": 117.91838294939703, "Latitude": 4.5 }, "geometry": { "type": "Point", "coordinates": [ 117.918382949397028, 4.5 ] } },
{ "type": "Feature", "properties": { "Longitude": 117.12769661101851, "Latitude": 6.0 }, "geometry": { "type": "Point", "coordinates": [ 117.127696611018507, 6.0 ] } },
{ "type": "Feature", "properties": { "Longitude": 124.66900870774487, "Latitude": 6.0 }, "geometry": { "type": "Point", "coordinates": [ 124.669008707744865, 6.0 ] } },
{ "type": "Feature", "properties": { "Longitude": 122.58868817404618, "Latitude": 7.5 }, "geometry": { "type": "Point", "coordinates": [ 122.588688174046183, 7.5 ] } },
{ "type": "Feature", "properties": { "Longitude": 105.51516547221797, "Latitude": 9.0 }, "geometry": { "type": "Point", "coordinates": [ 105.515165472217973, 9.0 ] } },
{ "type": "Feature", "properties": { "Longitude": 117.66474698167406, "Latitude": 9.0 }, "geometry": { "type": "Point", "coordinates": [ 117.664746981674057, 9.0 ] } },
{ "type": "Feature", "properties": { "Longitude": 125.61457505578664, "Latitude": 7.5 }, "geometry": { "type": "Point", "coordinates": [ 125.614575055786645, 7.5 ] } },
{ "type": "Feature", "properties": { "Longitude": 124.10163161491641, "Latitude": 7.5 }, "geometry": { "type": "Point", "coordinates": [ 124.101631614916414, 7.5 ] } },
{ "type": "Feature", "properties": { "Longitude": 123.58353434466324, "Latitude": 10.5 }, "geometry": { "type": "Point", "coordinates": [ 123.583534344663235, 10.5 ] } },
{ "type": "Feature", "properties": { "Longitude": 105.27698956006043, "Latitude": 10.5 }, "geometry": { "type": "Point", "coordinates": [ 105.276989560060429, 10.5 ] } },
{ "type": "Feature", "properties": { "Longitude": 106.8025349587773, "Latitude": 10.5 }, "geometry": { "type": "Point", "coordinates": [ 106.802534958777301, 10.5 ] } },
{ "type": "Feature", "properties": { "Longitude": 105.2330259673455, "Latitude": 12.0 }, "geometry": { "type": "Point", "coordinates": [ 105.233025967345498, 12.0 ] } },
{ "type": "Feature", "properties": { "Longitude": 106.76653685964305, "Latitude": 12.0 }, "geometry": { "type": "Point", "coordinates": [ 106.766536859643054, 12.0 ] } },
{ "type": "Feature", "properties": { "Longitude": 108.30004775194061, "Latitude": 12.0 }, "geometry": { "type": "Point", "coordinates": [ 108.30004775194061, 12.0 ] } },
{ "type": "Feature", "properties": { "Longitude": 125.10907974338011, "Latitude": 10.5 }, "geometry": { "type": "Point", "coordinates": [ 125.109079743380107, 10.5 ] } },
{ "type": "Feature", "properties": { "Longitude": 122.05798894594631, "Latitude": 10.5 }, "geometry": { "type": "Point", "coordinates": [ 122.057988945946306, 10.5 ] } },
{ "type": "Feature", "properties": { "Longitude": 125.16866756721373, "Latitude": 12.0 }, "geometry": { "type": "Point", "coordinates": [ 125.168667567213731, 12.0 ] } },
{ "type": "Feature", "properties": { "Longitude": 123.89668972806703, "Latitude": 13.5 }, "geometry": { "type": "Point", "coordinates": [ 123.896689728067031, 13.5 ] } },
{ "type": "Feature", "properties": { "Longitude": 122.3540669375692, "Latitude": 13.5 }, "geometry": { "type": "Point", "coordinates": [ 122.3540669375692, 13.5 ] } },
{ "type": "Feature", "properties": { "Longitude": 108.47046182308895, "Latitude": 13.5 }, "geometry": { "type": "Point", "coordinates": [ 108.470461823088954, 13.5 ] } },
{ "type": "Feature", "properties": { "Longitude": 105.38521624209341, "Latitude": 13.5 }, "geometry": { "type": "Point", "coordinates": [ 105.385216242093406, 13.5 ] } },
{ "type": "Feature", "properties": { "Longitude": 106.92783903259118, "Latitude": 13.5 }, "geometry": { "type": "Point", "coordinates": [ 106.92783903259118, 13.5 ] } },
{ "type": "Feature", "properties": { "Longitude": 107.28914006379966, "Latitude": 15.0 }, "geometry": { "type": "Point", "coordinates": [ 107.289140063799664, 15.0 ] } },
{ "type": "Feature", "properties": { "Longitude": 105.73622579318453, "Latitude": 15.0 }, "geometry": { "type": "Point", "coordinates": [ 105.736225793184531, 15.0 ] } },
{ "type": "Feature", "properties": { "Longitude": 121.26536849933586, "Latitude": 15.0 }, "geometry": { "type": "Point", "coordinates": [ 121.265368499335864, 15.0 ] } },
{ "type": "Feature", "properties": { "Longitude": 120.36928687079308, "Latitude": 16.5 }, "geometry": { "type": "Point", "coordinates": [ 120.369286870793076, 16.5 ] } },
{ "type": "Feature", "properties": { "Longitude": 108.8420543344148, "Latitude": 15.0 }, "geometry": { "type": "Point", "coordinates": [ 108.842054334414797, 15.0 ] } },
{ "type": "Feature", "properties": { "Longitude": 104.72505317960594, "Latitude": 16.5 }, "geometry": { "type": "Point", "coordinates": [ 104.725053179605936, 16.5 ] } },
{ "type": "Feature", "properties": { "Longitude": 106.28947654872468, "Latitude": 16.5 }, "geometry": { "type": "Point", "coordinates": [ 106.289476548724679, 16.5 ] } },
{ "type": "Feature", "properties": { "Longitude": 105.47199388068873, "Latitude": 18.0 }, "geometry": { "type": "Point", "coordinates": [ 105.471993880688728, 18.0 ] } },
{ "type": "Feature", "properties": { "Longitude": 121.93371023991176, "Latitude": 16.5 }, "geometry": { "type": "Point", "coordinates": [ 121.933710239911761, 16.5 ] } },
{ "type": "Feature", "properties": { "Longitude": 109.61169498670347, "Latitude": 19.5 }, "geometry": { "type": "Point", "coordinates": [ 109.611694986703469, 19.5 ] } },
{ "type": "Feature", "properties": { "Longitude": 104.83787583857099, "Latitude": 19.5 }, "geometry": { "type": "Point", "coordinates": [ 104.837875838570994, 19.5 ] } },
{ "type": "Feature", "properties": { "Longitude": 121.24392724426275, "Latitude": 18.0 }, "geometry": { "type": "Point", "coordinates": [ 121.24392724426275, 18.0 ] } },
{ "type": "Feature", "properties": { "Longitude": 113.86948237938628, "Latitude": 22.5 }, "geometry": { "type": "Point", "coordinates": [ 113.869482379386284, 22.5 ] } },
{ "type": "Feature", "properties": { "Longitude": 115.55179519663454, "Latitude": 24.0 }, "geometry": { "type": "Point", "coordinates": [ 115.551795196634544, 24.0 ] } },
{ "type": "Feature", "properties": { "Longitude": 105.99571330108563, "Latitude": 21.0 }, "geometry": { "type": "Point", "coordinates": [ 105.99571330108563, 21.0 ] } },
{ "type": "Feature", "properties": { "Longitude": 112.24589407894769, "Latitude": 22.5 }, "geometry": { "type": "Point", "coordinates": [ 112.245894078947686, 22.5 ] } },
{ "type": "Feature", "properties": { "Longitude": 105.75154087719329, "Latitude": 22.5 }, "geometry": { "type": "Point", "coordinates": [ 105.751540877193293, 22.5 ] } },
{ "type": "Feature", "properties": { "Longitude": 107.37512917763189, "Latitude": 22.5 }, "geometry": { "type": "Point", "coordinates": [ 107.375129177631891, 22.5 ] } },
{ "type": "Feature", "properties": { "Longitude": 110.62230577850909, "Latitude": 22.5 }, "geometry": { "type": "Point", "coordinates": [ 110.622305778509087, 22.5 ] } },
{ "type": "Feature", "properties": { "Longitude": 108.99871747807049, "Latitude": 22.5 }, "geometry": { "type": "Point", "coordinates": [ 108.998717478070489, 22.5 ] } },
{ "type": "Feature", "properties": { "Longitude": 112.26788636111638, "Latitude": 24.0 }, "geometry": { "type": "Point", "coordinates": [ 112.267886361116382, 24.0 ] } },
{ "type": "Feature", "properties": { "Longitude": 108.98397752559822, "Latitude": 24.0 }, "geometry": { "type": "Point", "coordinates": [ 108.98397752559822, 24.0 ] } },
{ "type": "Feature", "properties": { "Longitude": 107.34202310783917, "Latitude": 24.0 }, "geometry": { "type": "Point", "coordinates": [ 107.342023107839168, 24.0 ] } },
{ "type": "Feature", "properties": { "Longitude": 110.62593194335727, "Latitude": 24.0 }, "geometry": { "type": "Point", "coordinates": [ 110.625931943357273, 24.0 ] } },
{ "type": "Feature", "properties": { "Longitude": 105.70006869008006, "Latitude": 24.0 }, "geometry": { "type": "Point", "coordinates": [ 105.700068690080059, 24.0 ] } },
{ "type": "Feature", "properties": { "Longitude": 112.49313563777059, "Latitude": 25.5 }, "geometry": { "type": "Point", "coordinates": [ 112.493135637770592, 25.5 ] } },
{ "type": "Feature", "properties": { "Longitude": 105.84556437327581, "Latitude": 25.5 }, "geometry": { "type": "Point", "coordinates": [ 105.845564373275806, 25.5 ] } },
{ "type": "Feature", "properties": { "Longitude": 107.50745718939947, "Latitude": 25.5 }, "geometry": { "type": "Point", "coordinates": [ 107.507457189399474, 25.5 ] } },
{ "type": "Feature", "properties": { "Longitude": 109.1693500055232, "Latitude": 25.5 }, "geometry": { "type": "Point", "coordinates": [ 109.169350005523199, 25.5 ] } },
{ "type": "Feature", "properties": { "Longitude": 110.83124282164692, "Latitude": 25.5 }, "geometry": { "type": "Point", "coordinates": [ 110.831242821646924, 25.5 ] } },
{ "type": "Feature", "properties": { "Longitude": 109.56016930966337, "Latitude": 27.0 }, "geometry": { "type": "Point", "coordinates": [ 109.560169309663365, 27.0 ] } },
{ "type": "Feature", "properties": { "Longitude": 117.1937496143936, "Latitude": 24.0 }, "geometry": { "type": "Point", "coordinates": [ 117.193749614393596, 24.0 ] } },
{ "type": "Feature", "properties": { "Longitude": 113.90984077887549, "Latitude": 24.0 }, "geometry": { "type": "Point", "coordinates": [ 113.909840778875491, 24.0 ] } },
{ "type": "Feature", "properties": { "Longitude": 120.47765844991181, "Latitude": 24.0 }, "geometry": { "type": "Point", "coordinates": [ 120.477658449911814, 24.0 ] } },
{ "type": "Feature", "properties": { "Longitude": 115.81692127001799, "Latitude": 25.5 }, "geometry": { "type": "Point", "coordinates": [ 115.816921270017986, 25.5 ] } },
{ "type": "Feature", "properties": { "Longitude": 117.47881408614171, "Latitude": 25.5 }, "geometry": { "type": "Point", "coordinates": [ 117.478814086141711, 25.5 ] } },
{ "type": "Feature", "properties": { "Longitude": 119.14070690226538, "Latitude": 25.5 }, "geometry": { "type": "Point", "coordinates": [ 119.140706902265379, 25.5 ] } },
{ "type": "Feature", "properties": { "Longitude": 114.15502845389426, "Latitude": 25.5 }, "geometry": { "type": "Point", "coordinates": [ 114.155028453894261, 25.5 ] } },
{ "type": "Feature", "properties": { "Longitude": 116.29412673546949, "Latitude": 27.0 }, "geometry": { "type": "Point", "coordinates": [ 116.29412673546949, 27.0 ] } },
{ "type": "Feature", "properties": { "Longitude": 114.61063737901793, "Latitude": 27.0 }, "geometry": { "type": "Point", "coordinates": [ 114.61063737901793, 27.0 ] } },
{ "type": "Feature", "properties": { "Longitude": 117.97761609192105, "Latitude": 27.0 }, "geometry": { "type": "Point", "coordinates": [ 117.97761609192105, 27.0 ] } },
{ "type": "Feature", "properties": { "Longitude": 119.66110544837255, "Latitude": 27.0 }, "geometry": { "type": "Point", "coordinates": [ 119.661105448372552, 27.0 ] } },
{ "type": "Feature", "properties": { "Longitude": 112.92714802256643, "Latitude": 27.0 }, "geometry": { "type": "Point", "coordinates": [ 112.927148022566428, 27.0 ] } },
{ "type": "Feature", "properties": { "Longitude": 116.99012028728384, "Latitude": 28.5 }, "geometry": { "type": "Point", "coordinates": [ 116.990120287283844, 28.5 ] } },
{ "type": "Feature", "properties": { "Longitude": 115.28328051551784, "Latitude": 28.5 }, "geometry": { "type": "Point", "coordinates": [ 115.283280515517845, 28.5 ] } },
{ "type": "Feature", "properties": { "Longitude": 120.40379983081584, "Latitude": 28.5 }, "geometry": { "type": "Point", "coordinates": [ 120.403799830815842, 28.5 ] } },
{ "type": "Feature", "properties": { "Longitude": 118.69696005904984, "Latitude": 28.5 }, "geometry": { "type": "Point", "coordinates": [ 118.696960059049843, 28.5 ] } },
{ "type": "Feature", "properties": { "Longitude": 113.57644074375185, "Latitude": 28.5 }, "geometry": { "type": "Point", "coordinates": [ 113.576440743751846, 28.5 ] } },
{ "type": "Feature", "properties": { "Longitude": 114.44863728670754, "Latitude": 30.0 }, "geometry": { "type": "Point", "coordinates": [ 114.448637286707537, 30.0 ] } },
{ "type": "Feature", "properties": { "Longitude": 119.64478970941411, "Latitude": 30.0 }, "geometry": { "type": "Point", "coordinates": [ 119.644789709414113, 30.0 ] } },
{ "type": "Feature", "properties": { "Longitude": 131.20681943018036, "Latitude": 33.0 }, "geometry": { "type": "Point", "coordinates": [ 131.20681943018036, 33.0 ] } },
{ "type": "Feature", "properties": { "Longitude": 132.99536436943424, "Latitude": 33.0 }, "geometry": { "type": "Point", "coordinates": [ 132.995364369434242, 33.0 ] } },
{ "type": "Feature", "properties": { "Longitude": 136.69907303444126, "Latitude": 34.5 }, "geometry": { "type": "Point", "coordinates": [ 136.699073034441255, 34.5 ] } },
{ "type": "Feature", "properties": { "Longitude": 133.05885380416032, "Latitude": 34.5 }, "geometry": { "type": "Point", "coordinates": [ 133.058853804160321, 34.5 ] } },
{ "type": "Feature", "properties": { "Longitude": 137.05143622869639, "Latitude": 36.0 }, "geometry": { "type": "Point", "coordinates": [ 137.051436228696389, 36.0 ] } },
{ "type": "Feature", "properties": { "Longitude": 138.90553819494608, "Latitude": 36.0 }, "geometry": { "type": "Point", "coordinates": [ 138.905538194946075, 36.0 ] } },
{ "type": "Feature", "properties": { "Longitude": 139.52975695160126, "Latitude": 37.5 }, "geometry": { "type": "Point", "coordinates": [ 139.529756951601257, 37.5 ] } },
{ "type": "Feature", "properties": { "Longitude": 140.40313190740005, "Latitude": 39.0 }, "geometry": { "type": "Point", "coordinates": [ 140.403131907400052, 39.0 ] } },
{ "type": "Feature", "properties": { "Longitude": 141.5387714732982, "Latitude": 40.5 }, "geometry": { "type": "Point", "coordinates": [ 141.538771473298198, 40.5 ] } },
{ "type": "Feature", "properties": { "Longitude": 35.16327657456452, "Latitude": 4.5 }, "geometry": { "type": "Point", "coordinates": [ 35.16327657456452, 4.5 ] } },
{ "type": "Feature", "properties": { "Longitude": 30.649361681391838, "Latitude": 4.5 }, "geometry": { "type": "Point", "coordinates": [ 30.649361681391838, 4.5 ] } },
{ "type": "Feature", "properties": { "Longitude": 32.153999979116065, "Latitude": 4.5 }, "geometry": { "type": "Point", "coordinates": [ 32.153999979116065, 4.5 ] } },
{ "type": "Feature", "properties": { "Longitude": 37.189788385719112, "Latitude": 6.0 }, "geometry": { "type": "Point", "coordinates": [ 37.189788385719112, 6.0 ] } },
{ "type": "Feature", "properties": { "Longitude": 31.156738708338025, "Latitude": 6.0 }, "geometry": { "type": "Point", "coordinates": [ 31.156738708338025, 6.0 ] } },
{ "type": "Feature", "properties": { "Longitude": 34.173263547028569, "Latitude": 6.0 }, "geometry": { "type": "Point", "coordinates": [ 34.173263547028569, 6.0 ] } },
{ "type": "Feature", "properties": { "Longitude": 32.665001127683297, "Latitude": 6.0 }, "geometry": { "type": "Point", "coordinates": [ 32.665001127683297, 6.0 ] } },
{ "type": "Feature", "properties": { "Longitude": 35.68152596637384, "Latitude": 6.0 }, "geometry": { "type": "Point", "coordinates": [ 35.68152596637384, 6.0 ] } },
{ "type": "Feature", "properties": { "Longitude": 29.648476288992754, "Latitude": 6.0 }, "geometry": { "type": "Point", "coordinates": [ 29.648476288992754, 6.0 ] } },
{ "type": "Feature", "properties": { "Longitude": 34.83796860357279, "Latitude": 7.5 }, "geometry": { "type": "Point", "coordinates": [ 34.83796860357279, 7.5 ] } },
{ "type": "Feature", "properties": { "Longitude": 47.200382956358339, "Latitude": 4.5 }, "geometry": { "type": "Point", "coordinates": [ 47.200382956358339, 4.5 ] } },
{ "type": "Feature", "properties": { "Longitude": 45.695744658634112, "Latitude": 4.5 }, "geometry": { "type": "Point", "coordinates": [ 45.695744658634112, 4.5 ] } },
{ "type": "Feature", "properties": { "Longitude": 47.747625321136013, "Latitude": 6.0 }, "geometry": { "type": "Point", "coordinates": [ 47.747625321136013, 6.0 ] } },
{ "type": "Feature", "properties": { "Longitude": 46.239362901790741, "Latitude": 6.0 }, "geometry": { "type": "Point", "coordinates": [ 46.239362901790741, 6.0 ] } },
{ "type": "Feature", "properties": { "Longitude": 41.18182976546143, "Latitude": 4.5 }, "geometry": { "type": "Point", "coordinates": [ 41.18182976546143, 4.5 ] } },
{ "type": "Feature", "properties": { "Longitude": 42.686468063185657, "Latitude": 4.5 }, "geometry": { "type": "Point", "coordinates": [ 42.686468063185657, 4.5 ] } },
{ "type": "Feature", "properties": { "Longitude": 39.677191467737202, "Latitude": 4.5 }, "geometry": { "type": "Point", "coordinates": [ 39.677191467737202, 4.5 ] } },
{ "type": "Feature", "properties": { "Longitude": 44.191106360909885, "Latitude": 4.5 }, "geometry": { "type": "Point", "coordinates": [ 44.191106360909885, 4.5 ] } },
{ "type": "Feature", "properties": { "Longitude": 41.714575643754927, "Latitude": 6.0 }, "geometry": { "type": "Point", "coordinates": [ 41.714575643754927, 6.0 ] } },
{ "type": "Feature", "properties": { "Longitude": 43.222838063100198, "Latitude": 6.0 }, "geometry": { "type": "Point", "coordinates": [ 43.222838063100198, 6.0 ] } },
{ "type": "Feature", "properties": { "Longitude": 44.73110048244547, "Latitude": 6.0 }, "geometry": { "type": "Point", "coordinates": [ 44.73110048244547, 6.0 ] } },
{ "type": "Feature", "properties": { "Longitude": 38.698050805064383, "Latitude": 6.0 }, "geometry": { "type": "Point", "coordinates": [ 38.698050805064383, 6.0 ] } },
{ "type": "Feature", "properties": { "Longitude": 40.206313224409655, "Latitude": 6.0 }, "geometry": { "type": "Point", "coordinates": [ 40.206313224409655, 6.0 ] } },
{ "type": "Feature", "properties": { "Longitude": 40.889742367053714, "Latitude": 7.5 }, "geometry": { "type": "Point", "coordinates": [ 40.889742367053714, 7.5 ] } },
{ "type": "Feature", "properties": { "Longitude": 24.247364517481174, "Latitude": 7.5 }, "geometry": { "type": "Point", "coordinates": [ 24.247364517481174, 7.5 ] } },
{ "type": "Feature", "properties": { "Longitude": 28.786194840091866, "Latitude": 7.5 }, "geometry": { "type": "Point", "coordinates": [ 28.786194840091866, 7.5 ] } },
{ "type": "Feature", "properties": { "Longitude": 25.760307958351405, "Latitude": 7.5 }, "geometry": { "type": "Point", "coordinates": [ 25.760307958351405, 7.5 ] } },
{ "type": "Feature", "properties": { "Longitude": 22.734421076610943, "Latitude": 7.5 }, "geometry": { "type": "Point", "coordinates": [ 22.734421076610943, 7.5 ] } },
{ "type": "Feature", "properties": { "Longitude": 21.221477635740712, "Latitude": 7.5 }, "geometry": { "type": "Point", "coordinates": [ 21.221477635740712, 7.5 ] } },
{ "type": "Feature", "properties": { "Longitude": 27.273251399221635, "Latitude": 7.5 }, "geometry": { "type": "Point", "coordinates": [ 27.273251399221635, 7.5 ] } },
{ "type": "Feature", "properties": { "Longitude": 26.542885660753427, "Latitude": 9.0 }, "geometry": { "type": "Point", "coordinates": [ 26.542885660753427, 9.0 ] } },
{ "type": "Feature", "properties": { "Longitude": 25.024187972071417, "Latitude": 9.0 }, "geometry": { "type": "Point", "coordinates": [ 25.024187972071417, 9.0 ] } },
{ "type": "Feature", "properties": { "Longitude": 23.505490283389406, "Latitude": 9.0 }, "geometry": { "type": "Point", "coordinates": [ 23.505490283389406, 9.0 ] } },
{ "type": "Feature", "properties": { "Longitude": 28.061583349435438, "Latitude": 9.0 }, "geometry": { "type": "Point", "coordinates": [ 28.061583349435438, 9.0 ] } },
{ "type": "Feature", "properties": { "Longitude": 43.915629248794176, "Latitude": 7.5 }, "geometry": { "type": "Point", "coordinates": [ 43.915629248794176, 7.5 ] } },
{ "type": "Feature", "properties": { "Longitude": 37.863855485313252, "Latitude": 7.5 }, "geometry": { "type": "Point", "coordinates": [ 37.863855485313252, 7.5 ] } },
{ "type": "Feature", "properties": { "Longitude": 45.428572689664406, "Latitude": 7.5 }, "geometry": { "type": "Point", "coordinates": [ 45.428572689664406, 7.5 ] } },
{ "type": "Feature", "properties": { "Longitude": 39.376798926183483, "Latitude": 7.5 }, "geometry": { "type": "Point", "coordinates": [ 39.376798926183483, 7.5 ] } },
{ "type": "Feature", "properties": { "Longitude": 42.402685807923945, "Latitude": 7.5 }, "geometry": { "type": "Point", "coordinates": [ 42.402685807923945, 7.5 ] } },
{ "type": "Feature", "properties": { "Longitude": 41.729862547573532, "Latitude": 9.0 }, "geometry": { "type": "Point", "coordinates": [ 41.729862547573532, 9.0 ] } },
{ "type": "Feature", "properties": { "Longitude": 38.692467170209511, "Latitude": 9.0 }, "geometry": { "type": "Point", "coordinates": [ 38.692467170209511, 9.0 ] } },
{ "type": "Feature", "properties": { "Longitude": 40.211164858891522, "Latitude": 9.0 }, "geometry": { "type": "Point", "coordinates": [ 40.211164858891522, 9.0 ] } },
{ "type": "Feature", "properties": { "Longitude": 44.767257924937553, "Latitude": 9.0 }, "geometry": { "type": "Point", "coordinates": [ 44.767257924937553, 9.0 ] } },
{ "type": "Feature", "properties": { "Longitude": 43.248560236255543, "Latitude": 9.0 }, "geometry": { "type": "Point", "coordinates": [ 43.248560236255543, 9.0 ] } },
{ "type": "Feature", "properties": { "Longitude": 30.299138280962097, "Latitude": 7.5 }, "geometry": { "type": "Point", "coordinates": [ 30.299138280962097, 7.5 ] } },
{ "type": "Feature", "properties": { "Longitude": 33.325025162702559, "Latitude": 7.5 }, "geometry": { "type": "Point", "coordinates": [ 33.325025162702559, 7.5 ] } },
{ "type": "Feature", "properties": { "Longitude": 36.350912044443021, "Latitude": 7.5 }, "geometry": { "type": "Point", "coordinates": [ 36.350912044443021, 7.5 ] } },
{ "type": "Feature", "properties": { "Longitude": 31.812081721832328, "Latitude": 7.5 }, "geometry": { "type": "Point", "coordinates": [ 31.812081721832328, 7.5 ] } },
{ "type": "Feature", "properties": { "Longitude": 35.65507179284549, "Latitude": 9.0 }, "geometry": { "type": "Point", "coordinates": [ 35.65507179284549, 9.0 ] } },
{ "type": "Feature", "properties": { "Longitude": 32.617676415481469, "Latitude": 9.0 }, "geometry": { "type": "Point", "coordinates": [ 32.617676415481469, 9.0 ] } },
{ "type": "Feature", "properties": { "Longitude": 29.580281038117448, "Latitude": 9.0 }, "geometry": { "type": "Point", "coordinates": [ 29.580281038117448, 9.0 ] } },
{ "type": "Feature", "properties": { "Longitude": 37.173769481527501, "Latitude": 9.0 }, "geometry": { "type": "Point", "coordinates": [ 37.173769481527501, 9.0 ] } },
{ "type": "Feature", "properties": { "Longitude": 31.098978726799459, "Latitude": 9.0 }, "geometry": { "type": "Point", "coordinates": [ 31.098978726799459, 9.0 ] } },
{ "type": "Feature", "properties": { "Longitude": 34.13637410416348, "Latitude": 9.0 }, "geometry": { "type": "Point", "coordinates": [ 34.13637410416348, 9.0 ] } },
{ "type": "Feature", "properties": { "Longitude": 46.941516130534637, "Latitude": 7.5 }, "geometry": { "type": "Point", "coordinates": [ 46.941516130534637, 7.5 ] } },
{ "type": "Feature", "properties": { "Longitude": 48.454459571404868, "Latitude": 7.5 }, "geometry": { "type": "Point", "coordinates": [ 48.454459571404868, 7.5 ] } },
{ "type": "Feature", "properties": { "Longitude": 47.804653302301574, "Latitude": 9.0 }, "geometry": { "type": "Point", "coordinates": [ 47.804653302301574, 9.0 ] } },
{ "type": "Feature", "properties": { "Longitude": 49.323350990983585, "Latitude": 9.0 }, "geometry": { "type": "Point", "coordinates": [ 49.323350990983585, 9.0 ] } },
{ "type": "Feature", "properties": { "Longitude": 46.285955613619564, "Latitude": 9.0 }, "geometry": { "type": "Point", "coordinates": [ 46.285955613619564, 9.0 ] } },
{ "type": "Feature", "properties": { "Longitude": 21.986792594707396, "Latitude": 9.0 }, "geometry": { "type": "Point", "coordinates": [ 21.986792594707396, 9.0 ] } },
{ "type": "Feature", "properties": { "Longitude": 25.948628826781572, "Latitude": 10.5 }, "geometry": { "type": "Point", "coordinates": [ 25.948628826781572, 10.5 ] } },
{ "type": "Feature", "properties": { "Longitude": 21.371992630630871, "Latitude": 10.5 }, "geometry": { "type": "Point", "coordinates": [ 21.371992630630871, 10.5 ] } },
{ "type": "Feature", "properties": { "Longitude": 27.474174225498473, "Latitude": 10.5 }, "geometry": { "type": "Point", "coordinates": [ 27.474174225498473, 10.5 ] } },
{ "type": "Feature", "properties": { "Longitude": 28.999719624215373, "Latitude": 10.5 }, "geometry": { "type": "Point", "coordinates": [ 28.999719624215373, 10.5 ] } },
{ "type": "Feature", "properties": { "Longitude": 22.897538029347771, "Latitude": 10.5 }, "geometry": { "type": "Point", "coordinates": [ 22.897538029347771, 10.5 ] } },
{ "type": "Feature", "properties": { "Longitude": 24.423083428064672, "Latitude": 10.5 }, "geometry": { "type": "Point", "coordinates": [ 24.423083428064672, 10.5 ] } },
{ "type": "Feature", "properties": { "Longitude": 20.889926890979893, "Latitude": 12.0 }, "geometry": { "type": "Point", "coordinates": [ 20.889926890979893, 12.0 ] } },
{ "type": "Feature", "properties": { "Longitude": 28.557481352467676, "Latitude": 12.0 }, "geometry": { "type": "Point", "coordinates": [ 28.557481352467676, 12.0 ] } },
{ "type": "Feature", "properties": { "Longitude": 27.023970460170119, "Latitude": 12.0 }, "geometry": { "type": "Point", "coordinates": [ 27.023970460170119, 12.0 ] } },
{ "type": "Feature", "properties": { "Longitude": 33.576355820366075, "Latitude": 10.5 }, "geometry": { "type": "Point", "coordinates": [ 33.576355820366075, 10.5 ] } },
{ "type": "Feature", "properties": { "Longitude": 30.525265022932274, "Latitude": 10.5 }, "geometry": { "type": "Point", "coordinates": [ 30.525265022932274, 10.5 ] } },
{ "type": "Feature", "properties": { "Longitude": 36.627446617799876, "Latitude": 10.5 }, "geometry": { "type": "Point", "coordinates": [ 36.627446617799876, 10.5 ] } },
{ "type": "Feature", "properties": { "Longitude": 32.050810421649174, "Latitude": 10.5 }, "geometry": { "type": "Point", "coordinates": [ 32.050810421649174, 10.5 ] } },
{ "type": "Feature", "properties": { "Longitude": 35.101901219082976, "Latitude": 10.5 }, "geometry": { "type": "Point", "coordinates": [ 35.101901219082976, 10.5 ] } },
{ "type": "Feature", "properties": { "Longitude": 36.225035813955458, "Latitude": 12.0 }, "geometry": { "type": "Point", "coordinates": [ 36.225035813955458, 12.0 ] } },
{ "type": "Feature", "properties": { "Longitude": 31.624503137062788, "Latitude": 12.0 }, "geometry": { "type": "Point", "coordinates": [ 31.624503137062788, 12.0 ] } },
{ "type": "Feature", "properties": { "Longitude": 34.691524921657901, "Latitude": 12.0 }, "geometry": { "type": "Point", "coordinates": [ 34.691524921657901, 12.0 ] } },
{ "type": "Feature", "properties": { "Longitude": 33.158014029360345, "Latitude": 12.0 }, "geometry": { "type": "Point", "coordinates": [ 33.158014029360345, 12.0 ] } },
{ "type": "Feature", "properties": { "Longitude": 30.090992244765232, "Latitude": 12.0 }, "geometry": { "type": "Point", "coordinates": [ 30.090992244765232, 12.0 ] } },
{ "type": "Feature", "properties": { "Longitude": 39.678537415233677, "Latitude": 10.5 }, "geometry": { "type": "Point", "coordinates": [ 39.678537415233677, 10.5 ] } },
{ "type": "Feature", "properties": { "Longitude": 38.152992016516777, "Latitude": 10.5 }, "geometry": { "type": "Point", "coordinates": [ 38.152992016516777, 10.5 ] } },
{ "type": "Feature", "properties": { "Longitude": 41.204082813950578, "Latitude": 10.5 }, "geometry": { "type": "Point", "coordinates": [ 41.204082813950578, 10.5 ] } },
{ "type": "Feature", "properties": { "Longitude": 42.729628212667478, "Latitude": 10.5 }, "geometry": { "type": "Point", "coordinates": [ 42.729628212667478, 10.5 ] } },
{ "type": "Feature", "properties": { "Longitude": 42.359079383145684, "Latitude": 12.0 }, "geometry": { "type": "Point", "coordinates": [ 42.359079383145684, 12.0 ] } },
{ "type": "Feature", "properties": { "Longitude": 40.825568490848127, "Latitude": 12.0 }, "geometry": { "type": "Point", "coordinates": [ 40.825568490848127, 12.0 ] } },
{ "type": "Feature", "properties": { "Longitude": 37.758546706253014, "Latitude": 12.0 }, "geometry": { "type": "Point", "coordinates": [ 37.758546706253014, 12.0 ] } },
{ "type": "Feature", "properties": { "Longitude": 0.99149032143259319, "Latitude": 6.0 }, "geometry": { "type": "Point", "coordinates": [ 0.991490321432593, 6.0 ] } },
{ "type": "Feature", "properties": { "Longitude": -2.02503451725795, "Latitude": 6.0 }, "geometry": { "type": "Point", "coordinates": [ -2.02503451725795, 6.0 ] } },
{ "type": "Feature", "properties": { "Longitude": -3.5332969366032216, "Latitude": 6.0 }, "geometry": { "type": "Point", "coordinates": [ -3.533296936603222, 6.0 ] } },
{ "type": "Feature", "properties": { "Longitude": 23.126170192770701, "Latitude": 4.5 }, "geometry": { "type": "Point", "coordinates": [ 23.126170192770701, 4.5 ] } },
{ "type": "Feature", "properties": { "Longitude": 21.621531895046473, "Latitude": 4.5 }, "geometry": { "type": "Point", "coordinates": [ 21.621531895046473, 4.5 ] } },
{ "type": "Feature", "properties": { "Longitude": 27.640085085943383, "Latitude": 4.5 }, "geometry": { "type": "Point", "coordinates": [ 27.640085085943383, 4.5 ] } },
{ "type": "Feature", "properties": { "Longitude": 26.135446788219156, "Latitude": 4.5 }, "geometry": { "type": "Point", "coordinates": [ 26.135446788219156, 4.5 ] } },
{ "type": "Feature", "properties": { "Longitude": 20.598901772921124, "Latitude": 6.0 }, "geometry": { "type": "Point", "coordinates": [ 20.598901772921124, 6.0 ] } },
{ "type": "Feature", "properties": { "Longitude": 26.631951450302211, "Latitude": 6.0 }, "geometry": { "type": "Point", "coordinates": [ 26.631951450302211, 6.0 ] } },
{ "type": "Feature", "properties": { "Longitude": 23.615426611611667, "Latitude": 6.0 }, "geometry": { "type": "Point", "coordinates": [ 23.615426611611667, 6.0 ] } },
{ "type": "Feature", "properties": { "Longitude": 25.123689030956939, "Latitude": 6.0 }, "geometry": { "type": "Point", "coordinates": [ 25.123689030956939, 6.0 ] } },
{ "type": "Feature", "properties": { "Longitude": 22.107164192266396, "Latitude": 6.0 }, "geometry": { "type": "Point", "coordinates": [ 22.107164192266396, 6.0 ] } },
{ "type": "Feature", "properties": { "Longitude": 28.140213869647482, "Latitude": 6.0 }, "geometry": { "type": "Point", "coordinates": [ 28.140213869647482, 6.0 ] } },
{ "type": "Feature", "properties": { "Longitude": 12.593702108701109, "Latitude": 4.5 }, "geometry": { "type": "Point", "coordinates": [ 12.593702108701109, 4.5 ] } },
{ "type": "Feature", "properties": { "Longitude": 20.116893597322246, "Latitude": 4.5 }, "geometry": { "type": "Point", "coordinates": [ 20.116893597322246, 4.5 ] } },
{ "type": "Feature", "properties": { "Longitude": 15.602978704149564, "Latitude": 4.5 }, "geometry": { "type": "Point", "coordinates": [ 15.602978704149564, 4.5 ] } },
{ "type": "Feature", "properties": { "Longitude": 17.107617001873791, "Latitude": 4.5 }, "geometry": { "type": "Point", "coordinates": [ 17.107617001873791, 4.5 ] } },
{ "type": "Feature", "properties": { "Longitude": 19.090639353575853, "Latitude": 6.0 }, "geometry": { "type": "Point", "coordinates": [ 19.090639353575853, 6.0 ] } },
{ "type": "Feature", "properties": { "Longitude": 13.057589676194766, "Latitude": 6.0 }, "geometry": { "type": "Point", "coordinates": [ 13.057589676194766, 6.0 ] } },
{ "type": "Feature", "properties": { "Longitude": 17.582376934230581, "Latitude": 6.0 }, "geometry": { "type": "Point", "coordinates": [ 17.582376934230581, 6.0 ] } },
{ "type": "Feature", "properties": { "Longitude": 16.074114514885309, "Latitude": 6.0 }, "geometry": { "type": "Point", "coordinates": [ 16.074114514885309, 6.0 ] } },
{ "type": "Feature", "properties": { "Longitude": 14.565852095540038, "Latitude": 6.0 }, "geometry": { "type": "Point", "coordinates": [ 14.565852095540038, 6.0 ] } },
{ "type": "Feature", "properties": { "Longitude": 18.19559075400025, "Latitude": 7.5 }, "geometry": { "type": "Point", "coordinates": [ 18.19559075400025, 7.5 ] } },
{ "type": "Feature", "properties": { "Longitude": 9.5844255132526541, "Latitude": 4.5 }, "geometry": { "type": "Point", "coordinates": [ 9.584425513252654, 4.5 ] } },
{ "type": "Feature", "properties": { "Longitude": 6.5751489178041993, "Latitude": 4.5 }, "geometry": { "type": "Point", "coordinates": [ 6.575148917804199, 4.5 ] } },
{ "type": "Feature", "properties": { "Longitude": 5.516277579468408, "Latitude": 6.0 }, "geometry": { "type": "Point", "coordinates": [ 5.516277579468408, 6.0 ] } },
{ "type": "Feature", "properties": { "Longitude": 10.041064837504223, "Latitude": 6.0 }, "geometry": { "type": "Point", "coordinates": [ 10.041064837504223, 6.0 ] } },
{ "type": "Feature", "properties": { "Longitude": 8.5328024181589512, "Latitude": 6.0 }, "geometry": { "type": "Point", "coordinates": [ 8.532802418158951, 6.0 ] } },
{ "type": "Feature", "properties": { "Longitude": 11.549327256849494, "Latitude": 6.0 }, "geometry": { "type": "Point", "coordinates": [ 11.549327256849494, 6.0 ] } },
{ "type": "Feature", "properties": { "Longitude": 7.0245399988136796, "Latitude": 6.0 }, "geometry": { "type": "Point", "coordinates": [ 7.02453999881368, 6.0 ] } },
{ "type": "Feature", "properties": { "Longitude": 9.1179301087788645, "Latitude": 7.5 }, "geometry": { "type": "Point", "coordinates": [ 9.117930108778864, 7.5 ] } },
{ "type": "Feature", "properties": { "Longitude": 7.6049866679086335, "Latitude": 7.5 }, "geometry": { "type": "Point", "coordinates": [ 7.604986667908634, 7.5 ] } },
{ "type": "Feature", "properties": { "Longitude": 15.169703872259788, "Latitude": 7.5 }, "geometry": { "type": "Point", "coordinates": [ 15.169703872259788, 7.5 ] } },
{ "type": "Feature", "properties": { "Longitude": 19.708534194870481, "Latitude": 7.5 }, "geometry": { "type": "Point", "coordinates": [ 19.708534194870481, 7.5 ] } },
{ "type": "Feature", "properties": { "Longitude": 16.682647313130019, "Latitude": 7.5 }, "geometry": { "type": "Point", "coordinates": [ 16.682647313130019, 7.5 ] } },
{ "type": "Feature", "properties": { "Longitude": 13.656760431389557, "Latitude": 7.5 }, "geometry": { "type": "Point", "coordinates": [ 13.656760431389557, 7.5 ] } },
{ "type": "Feature", "properties": { "Longitude": 12.143816990519326, "Latitude": 7.5 }, "geometry": { "type": "Point", "coordinates": [ 12.143816990519326, 7.5 ] } },
{ "type": "Feature", "properties": { "Longitude": 18.949397217343375, "Latitude": 9.0 }, "geometry": { "type": "Point", "coordinates": [ 18.949397217343375, 9.0 ] } },
{ "type": "Feature", "properties": { "Longitude": 17.430699528661364, "Latitude": 9.0 }, "geometry": { "type": "Point", "coordinates": [ 17.430699528661364, 9.0 ] } },
{ "type": "Feature", "properties": { "Longitude": 14.393304151297343, "Latitude": 9.0 }, "geometry": { "type": "Point", "coordinates": [ 14.393304151297343, 9.0 ] } },
{ "type": "Feature", "properties": { "Longitude": 12.874606462615333, "Latitude": 9.0 }, "geometry": { "type": "Point", "coordinates": [ 12.874606462615333, 9.0 ] } },
{ "type": "Feature", "properties": { "Longitude": 20.468094906025385, "Latitude": 9.0 }, "geometry": { "type": "Point", "coordinates": [ 20.468094906025385, 9.0 ] } },
{ "type": "Feature", "properties": { "Longitude": 10.630873549649095, "Latitude": 7.5 }, "geometry": { "type": "Point", "coordinates": [ 10.630873549649095, 7.5 ] } },
{ "type": "Feature", "properties": { "Longitude": 6.0920432270384026, "Latitude": 7.5 }, "geometry": { "type": "Point", "coordinates": [ 6.092043227038403, 7.5 ] } },
{ "type": "Feature", "properties": { "Longitude": 4.5790997861681717, "Latitude": 7.5 }, "geometry": { "type": "Point", "coordinates": [ 4.579099786168172, 7.5 ] } },
{ "type": "Feature", "properties": { "Longitude": 11.355908773933322, "Latitude": 9.0 }, "geometry": { "type": "Point", "coordinates": [ 11.355908773933322, 9.0 ] } },
{ "type": "Feature", "properties": { "Longitude": 6.7998157078872907, "Latitude": 9.0 }, "geometry": { "type": "Point", "coordinates": [ 6.799815707887291, 9.0 ] } },
{ "type": "Feature", "properties": { "Longitude": 9.8372110852513117, "Latitude": 9.0 }, "geometry": { "type": "Point", "coordinates": [ 9.837211085251312, 9.0 ] } },
{ "type": "Feature", "properties": { "Longitude": 3.7624203305232697, "Latitude": 9.0 }, "geometry": { "type": "Point", "coordinates": [ 3.76242033052327, 9.0 ] } },
{ "type": "Feature", "properties": { "Longitude": 8.3185133965693012, "Latitude": 9.0 }, "geometry": { "type": "Point", "coordinates": [ 8.318513396569301, 9.0 ] } },
{ "type": "Feature", "properties": { "Longitude": 5.2811180192052802, "Latitude": 9.0 }, "geometry": { "type": "Point", "coordinates": [ 5.28111801920528, 9.0 ] } },
{ "type": "Feature", "properties": { "Longitude": 10.693174839612567, "Latitude": 10.5 }, "geometry": { "type": "Point", "coordinates": [ 10.693174839612567, 10.5 ] } },
{ "type": "Feature", "properties": { "Longitude": 15.912001839979354, "Latitude": 9.0 }, "geometry": { "type": "Point", "coordinates": [ 15.912001839979354, 9.0 ] } },
{ "type": "Feature", "properties": { "Longitude": 15.269811035763269, "Latitude": 10.5 }, "geometry": { "type": "Point", "coordinates": [ 15.269811035763269, 10.5 ] } },
{ "type": "Feature", "properties": { "Longitude": 19.84644723191397, "Latitude": 10.5 }, "geometry": { "type": "Point", "coordinates": [ 19.84644723191397, 10.5 ] } },
{ "type": "Feature", "properties": { "Longitude": 18.32090183319707, "Latitude": 10.5 }, "geometry": { "type": "Point", "coordinates": [ 18.32090183319707, 10.5 ] } },
{ "type": "Feature", "properties": { "Longitude": 16.795356434480169, "Latitude": 10.5 }, "geometry": { "type": "Point", "coordinates": [ 16.795356434480169, 10.5 ] } },
{ "type": "Feature", "properties": { "Longitude": 13.744265637046368, "Latitude": 10.5 }, "geometry": { "type": "Point", "coordinates": [ 13.744265637046368, 10.5 ] } },
{ "type": "Feature", "properties": { "Longitude": 12.218720238329468, "Latitude": 10.5 }, "geometry": { "type": "Point", "coordinates": [ 12.218720238329468, 10.5 ] } },
{ "type": "Feature", "properties": { "Longitude": 19.356415998682337, "Latitude": 12.0 }, "geometry": { "type": "Point", "coordinates": [ 19.356415998682337, 12.0 ] } },
{ "type": "Feature", "properties": { "Longitude": 17.822905106384781, "Latitude": 12.0 }, "geometry": { "type": "Point", "coordinates": [ 17.822905106384781, 12.0 ] } },
{ "type": "Feature", "properties": { "Longitude": 13.222372429492111, "Latitude": 12.0 }, "geometry": { "type": "Point", "coordinates": [ 13.222372429492111, 12.0 ] } },
{ "type": "Feature", "properties": { "Longitude": 9.1676294408956664, "Latitude": 10.5 }, "geometry": { "type": "Point", "coordinates": [ 9.167629440895666, 10.5 ] } },
{ "type": "Feature", "properties": { "Longitude": 6.1165386434618654, "Latitude": 10.5 }, "geometry": { "type": "Point", "coordinates": [ 6.116538643461865, 10.5 ] } },
{ "type": "Feature", "properties": { "Longitude": 7.6420840421787659, "Latitude": 10.5 }, "geometry": { "type": "Point", "coordinates": [ 7.642084042178766, 10.5 ] } },
{ "type": "Feature", "properties": { "Longitude": 4.5909932447449648, "Latitude": 10.5 }, "geometry": { "type": "Point", "coordinates": [ 4.590993244744965, 10.5 ] } },
{ "type": "Feature", "properties": { "Longitude": 11.688861537194555, "Latitude": 12.0 }, "geometry": { "type": "Point", "coordinates": [ 11.688861537194555, 12.0 ] } },
{ "type": "Feature", "properties": { "Longitude": 8.6218397525994419, "Latitude": 12.0 }, "geometry": { "type": "Point", "coordinates": [ 8.621839752599442, 12.0 ] } },
{ "type": "Feature", "properties": { "Longitude": 4.0213070757067726, "Latitude": 12.0 }, "geometry": { "type": "Point", "coordinates": [ 4.021307075706773, 12.0 ] } },
{ "type": "Feature", "properties": { "Longitude": 5.554817968004329, "Latitude": 12.0 }, "geometry": { "type": "Point", "coordinates": [ 5.554817968004329, 12.0 ] } },
{ "type": "Feature", "properties": { "Longitude": 10.155350644896998, "Latitude": 12.0 }, "geometry": { "type": "Point", "coordinates": [ 10.155350644896998, 12.0 ] } },
{ "type": "Feature", "properties": { "Longitude": 7.0883288603018855, "Latitude": 12.0 }, "geometry": { "type": "Point", "coordinates": [ 7.088328860301885, 12.0 ] } },
{ "type": "Feature", "properties": { "Longitude": 0.95428529111165972, "Latitude": 12.0 }, "geometry": { "type": "Point", "coordinates": [ 0.95428529111166, 12.0 ] } },
{ "type": "Feature", "properties": { "Longitude": -3.6462473857810096, "Latitude": 12.0 }, "geometry": { "type": "Point", "coordinates": [ -3.64624738578101, 12.0 ] } },
{ "type": "Feature", "properties": { "Longitude": -0.57922560118589672, "Latitude": 12.0 }, "geometry": { "type": "Point", "coordinates": [ -0.579225601185897, 12.0 ] } },
{ "type": "Feature", "properties": { "Longitude": 3.5721120692384432, "Latitude": 13.5 }, "geometry": { "type": "Point", "coordinates": [ 3.572112069238443, 13.5 ] } },
{ "type": "Feature", "properties": { "Longitude": 0.48686648824283907, "Latitude": 13.5 }, "geometry": { "type": "Point", "coordinates": [ 0.486866488242839, 13.5 ] } },
{ "type": "Feature", "properties": { "Longitude": -1.055756302254963, "Latitude": 13.5 }, "geometry": { "type": "Point", "coordinates": [ -1.055756302254963, 13.5 ] } },
{ "type": "Feature", "properties": { "Longitude": 2.0294892787406411, "Latitude": 13.5 }, "geometry": { "type": "Point", "coordinates": [ 2.029489278740641, 13.5 ] } },
{ "type": "Feature", "properties": { "Longitude": -4.1410018832505671, "Latitude": 13.5 }, "geometry": { "type": "Point", "coordinates": [ -4.141001883250567, 13.5 ] } },
{ "type": "Feature", "properties": { "Longitude": -2.598379092752765, "Latitude": 13.5 }, "geometry": { "type": "Point", "coordinates": [ -2.598379092752765, 13.5 ] } },
{ "type": "Feature", "properties": { "Longitude": -1.4148588792596684, "Latitude": 15.0 }, "geometry": { "type": "Point", "coordinates": [ -1.414858879259668, 15.0 ] } },
{ "type": "Feature", "properties": { "Longitude": 14.755883321789668, "Latitude": 12.0 }, "geometry": { "type": "Point", "coordinates": [ 14.755883321789668, 12.0 ] } },
{ "type": "Feature", "properties": { "Longitude": 16.289394214087224, "Latitude": 12.0 }, "geometry": { "type": "Point", "coordinates": [ 16.289394214087224, 12.0 ] } },
{ "type": "Feature", "properties": { "Longitude": 18.998339974216464, "Latitude": 13.5 }, "geometry": { "type": "Point", "coordinates": [ 18.998339974216464, 13.5 ] } },
{ "type": "Feature", "properties": { "Longitude": 12.827848812225255, "Latitude": 13.5 }, "geometry": { "type": "Point", "coordinates": [ 12.827848812225255, 13.5 ] } },
{ "type": "Feature", "properties": { "Longitude": 15.91309439322086, "Latitude": 13.5 }, "geometry": { "type": "Point", "coordinates": [ 15.91309439322086, 13.5 ] } },
{ "type": "Feature", "properties": { "Longitude": 17.455717183718662, "Latitude": 13.5 }, "geometry": { "type": "Point", "coordinates": [ 17.455717183718662, 13.5 ] } },
{ "type": "Feature", "properties": { "Longitude": 14.370471602723057, "Latitude": 13.5 }, "geometry": { "type": "Point", "coordinates": [ 14.370471602723057, 13.5 ] } },
{ "type": "Feature", "properties": { "Longitude": 20.540962764714266, "Latitude": 13.5 }, "geometry": { "type": "Point", "coordinates": [ 20.540962764714266, 13.5 ] } },
{ "type": "Feature", "properties": { "Longitude": 14.114283826891665, "Latitude": 15.0 }, "geometry": { "type": "Point", "coordinates": [ 14.114283826891665, 15.0 ] } },
{ "type": "Feature", "properties": { "Longitude": 12.561369556276532, "Latitude": 15.0 }, "geometry": { "type": "Point", "coordinates": [ 12.561369556276532, 15.0 ] } },
{ "type": "Feature", "properties": { "Longitude": -8.0580841946390365, "Latitude": 6.0 }, "geometry": { "type": "Point", "coordinates": [ -8.058084194639036, 6.0 ] } },
{ "type": "Feature", "properties": { "Longitude": -6.5498217752937649, "Latitude": 6.0 }, "geometry": { "type": "Point", "coordinates": [ -6.549821775293765, 6.0 ] } },
{ "type": "Feature", "properties": { "Longitude": -9.5663466139843081, "Latitude": 6.0 }, "geometry": { "type": "Point", "coordinates": [ -9.566346613984308, 6.0 ] } },
{ "type": "Feature", "properties": { "Longitude": -5.0415593559484932, "Latitude": 6.0 }, "geometry": { "type": "Point", "coordinates": [ -5.041559355948493, 6.0 ] } },
{ "type": "Feature", "properties": { "Longitude": -12.063278063404368, "Latitude": 7.5 }, "geometry": { "type": "Point", "coordinates": [ -12.063278063404368, 7.5 ] } },
{ "type": "Feature", "properties": { "Longitude": -7.5244477407936756, "Latitude": 7.5 }, "geometry": { "type": "Point", "coordinates": [ -7.524447740793676, 7.5 ] } },
{ "type": "Feature", "properties": { "Longitude": -10.550334622534137, "Latitude": 7.5 }, "geometry": { "type": "Point", "coordinates": [ -10.550334622534137, 7.5 ] } },
{ "type": "Feature", "properties": { "Longitude": -0.51677209791267842, "Latitude": 6.0 }, "geometry": { "type": "Point", "coordinates": [ -0.516772097912678, 6.0 ] } },
{ "type": "Feature", "properties": { "Longitude": 1.5532129044277099, "Latitude": 7.5 }, "geometry": { "type": "Point", "coordinates": [ 1.55321290442771, 7.5 ] } },
{ "type": "Feature", "properties": { "Longitude": -1.472673977312752, "Latitude": 7.5 }, "geometry": { "type": "Point", "coordinates": [ -1.472673977312752, 7.5 ] } },
{ "type": "Feature", "properties": { "Longitude": 0.040269463557478957, "Latitude": 7.5 }, "geometry": { "type": "Point", "coordinates": [ 0.040269463557479, 7.5 ] } },
{ "type": "Feature", "properties": { "Longitude": -2.9856174181829829, "Latitude": 7.5 }, "geometry": { "type": "Point", "coordinates": [ -2.985617418182983, 7.5 ] } },
{ "type": "Feature", "properties": { "Longitude": -4.4985608590532138, "Latitude": 7.5 }, "geometry": { "type": "Point", "coordinates": [ -4.498560859053214, 7.5 ] } },
{ "type": "Feature", "properties": { "Longitude": 3.0661563452979408, "Latitude": 7.5 }, "geometry": { "type": "Point", "coordinates": [ 3.066156345297941, 7.5 ] } },
{ "type": "Feature", "properties": { "Longitude": -0.79367273552276174, "Latitude": 9.0 }, "geometry": { "type": "Point", "coordinates": [ -0.793672735522762, 9.0 ] } },
{ "type": "Feature", "properties": { "Longitude": -2.3123704242047722, "Latitude": 9.0 }, "geometry": { "type": "Point", "coordinates": [ -2.312370424204772, 9.0 ] } },
{ "type": "Feature", "properties": { "Longitude": -3.8310681128867827, "Latitude": 9.0 }, "geometry": { "type": "Point", "coordinates": [ -3.831068112886783, 9.0 ] } },
{ "type": "Feature", "properties": { "Longitude": -12.943254244978846, "Latitude": 9.0 }, "geometry": { "type": "Point", "coordinates": [ -12.943254244978846, 9.0 ] } },
{ "type": "Feature", "properties": { "Longitude": -9.0373911816639065, "Latitude": 7.5 }, "geometry": { "type": "Point", "coordinates": [ -9.037391181663907, 7.5 ] } },
{ "type": "Feature", "properties": { "Longitude": -6.0115042999234447, "Latitude": 7.5 }, "geometry": { "type": "Point", "coordinates": [ -6.011504299923445, 7.5 ] } },
{ "type": "Feature", "properties": { "Longitude": -8.3871611789328142, "Latitude": 9.0 }, "geometry": { "type": "Point", "coordinates": [ -8.387161178932814, 9.0 ] } },
{ "type": "Feature", "properties": { "Longitude": -11.424556556296835, "Latitude": 9.0 }, "geometry": { "type": "Point", "coordinates": [ -11.424556556296835, 9.0 ] } },
{ "type": "Feature", "properties": { "Longitude": -5.3497658015687932, "Latitude": 9.0 }, "geometry": { "type": "Point", "coordinates": [ -5.349765801568793, 9.0 ] } },
{ "type": "Feature", "properties": { "Longitude": -9.9058588676148247, "Latitude": 9.0 }, "geometry": { "type": "Point", "coordinates": [ -9.905858867614825, 9.0 ] } },
{ "type": "Feature", "properties": { "Longitude": -6.8684634902508037, "Latitude": 9.0 }, "geometry": { "type": "Point", "coordinates": [ -6.868463490250804, 9.0 ] } },
{ "type": "Feature", "properties": { "Longitude": -12.190006141140941, "Latitude": 10.5 }, "geometry": { "type": "Point", "coordinates": [ -12.190006141140941, 10.5 ] } },
{ "type": "Feature", "properties": { "Longitude": -6.0878245462733389, "Latitude": 10.5 }, "geometry": { "type": "Point", "coordinates": [ -6.087824546273339, 10.5 ] } },
{ "type": "Feature", "properties": { "Longitude": -7.6133699449902394, "Latitude": 10.5 }, "geometry": { "type": "Point", "coordinates": [ -7.613369944990239, 10.5 ] } },
{ "type": "Feature", "properties": { "Longitude": -13.715551539857842, "Latitude": 10.5 }, "geometry": { "type": "Point", "coordinates": [ -13.715551539857842, 10.5 ] } },
{ "type": "Feature", "properties": { "Longitude": -15.914334524161461, "Latitude": 12.0 }, "geometry": { "type": "Point", "coordinates": [ -15.914334524161461, 12.0 ] } },
{ "type": "Feature", "properties": { "Longitude": -14.380823631863905, "Latitude": 12.0 }, "geometry": { "type": "Point", "coordinates": [ -14.380823631863905, 12.0 ] } },
{ "type": "Feature", "properties": { "Longitude": 0.72502495315924875, "Latitude": 9.0 }, "geometry": { "type": "Point", "coordinates": [ 0.725024953159249, 9.0 ] } },
{ "type": "Feature", "properties": { "Longitude": 2.2437226418412592, "Latitude": 9.0 }, "geometry": { "type": "Point", "coordinates": [ 2.243722641841259, 9.0 ] } },
{ "type": "Feature", "properties": { "Longitude": 3.0654478460280643, "Latitude": 10.5 }, "geometry": { "type": "Point", "coordinates": [ 3.065447846028064, 10.5 ] } },
{ "type": "Feature", "properties": { "Longitude": 0.014357048594263233, "Latitude": 10.5 }, "geometry": { "type": "Point", "coordinates": [ 0.014357048594263, 10.5 ] } },
{ "type": "Feature", "properties": { "Longitude": -1.5111883501226373, "Latitude": 10.5 }, "geometry": { "type": "Point", "coordinates": [ -1.511188350122637, 10.5 ] } },
{ "type": "Feature", "properties": { "Longitude": 1.5399024473111638, "Latitude": 10.5 }, "geometry": { "type": "Point", "coordinates": [ 1.539902447311164, 10.5 ] } },
{ "type": "Feature", "properties": { "Longitude": -4.5622791475564384, "Latitude": 10.5 }, "geometry": { "type": "Point", "coordinates": [ -4.562279147556438, 10.5 ] } },
{ "type": "Feature", "properties": { "Longitude": -3.0367337488395378, "Latitude": 10.5 }, "geometry": { "type": "Point", "coordinates": [ -3.036733748839538, 10.5 ] } },
{ "type": "Feature", "properties": { "Longitude": 2.4877961834092162, "Latitude": 12.0 }, "geometry": { "type": "Point", "coordinates": [ 2.487796183409216, 12.0 ] } },
{ "type": "Feature", "properties": { "Longitude": -2.1127364934834532, "Latitude": 12.0 }, "geometry": { "type": "Point", "coordinates": [ -2.112736493483453, 12.0 ] } },
{ "type": "Feature", "properties": { "Longitude": -10.664460742424041, "Latitude": 10.5 }, "geometry": { "type": "Point", "coordinates": [ -10.664460742424041, 10.5 ] } },
{ "type": "Feature", "properties": { "Longitude": -9.13891534370714, "Latitude": 10.5 }, "geometry": { "type": "Point", "coordinates": [ -9.13891534370714, 10.5 ] } },
{ "type": "Feature", "properties": { "Longitude": -11.313801847268792, "Latitude": 12.0 }, "geometry": { "type": "Point", "coordinates": [ -11.313801847268792, 12.0 ] } },
{ "type": "Feature", "properties": { "Longitude": -12.847312739566348, "Latitude": 12.0 }, "geometry": { "type": "Point", "coordinates": [ -12.847312739566348, 12.0 ] } },
{ "type": "Feature", "properties": { "Longitude": -9.7802909549712354, "Latitude": 12.0 }, "geometry": { "type": "Point", "coordinates": [ -9.780290954971235, 12.0 ] } },
{ "type": "Feature", "properties": { "Longitude": -6.7132691703761225, "Latitude": 12.0 }, "geometry": { "type": "Point", "coordinates": [ -6.713269170376122, 12.0 ] } },
{ "type": "Feature", "properties": { "Longitude": -5.179758278078566, "Latitude": 12.0 }, "geometry": { "type": "Point", "coordinates": [ -5.179758278078566, 12.0 ] } },
{ "type": "Feature", "properties": { "Longitude": -8.2467800626736789, "Latitude": 12.0 }, "geometry": { "type": "Point", "coordinates": [ -8.246780062673679, 12.0 ] } },
{ "type": "Feature", "properties": { "Longitude": -8.7688702547439732, "Latitude": 13.5 }, "geometry": { "type": "Point", "coordinates": [ -8.768870254743973, 13.5 ] } },
{ "type": "Feature", "properties": { "Longitude": -5.6836246737483691, "Latitude": 13.5 }, "geometry": { "type": "Point", "coordinates": [ -5.683624673748369, 13.5 ] } },
{ "type": "Feature", "properties": { "Longitude": 50.357355206251981, "Latitude": 10.5 }, "geometry": { "type": "Point", "coordinates": [ 50.357355206251981, 10.5 ] } },
{ "type": "Feature", "properties": { "Longitude": 45.780719010101279, "Latitude": 10.5 }, "geometry": { "type": "Point", "coordinates": [ 45.780719010101279, 10.5 ] } },
{ "type": "Feature", "properties": { "Longitude": 47.30626440881818, "Latitude": 10.5 }, "geometry": { "type": "Point", "coordinates": [ 47.30626440881818, 10.5 ] } },
{ "type": "Feature", "properties": { "Longitude": 48.83180980753508, "Latitude": 10.5 }, "geometry": { "type": "Point", "coordinates": [ 48.83180980753508, 10.5 ] } },
{ "type": "Feature", "properties": { "Longitude": 39.292057598550571, "Latitude": 12.0 }, "geometry": { "type": "Point", "coordinates": [ 39.292057598550571, 12.0 ] } },
{ "type": "Feature", "properties": { "Longitude": 40.595059041185692, "Latitude": 13.5 }, "geometry": { "type": "Point", "coordinates": [ 40.595059041185692, 13.5 ] } },
{ "type": "Feature", "properties": { "Longitude": 45.222927412679098, "Latitude": 13.5 }, "geometry": { "type": "Point", "coordinates": [ 45.222927412679098, 13.5 ] } },
{ "type": "Feature", "properties": { "Longitude": 39.05243625068789, "Latitude": 13.5 }, "geometry": { "type": "Point", "coordinates": [ 39.05243625068789, 13.5 ] } },
{ "type": "Feature", "properties": { "Longitude": 37.509813460190088, "Latitude": 13.5 }, "geometry": { "type": "Point", "coordinates": [ 37.509813460190088, 13.5 ] } },
{ "type": "Feature", "properties": { "Longitude": 43.680304622181296, "Latitude": 13.5 }, "geometry": { "type": "Point", "coordinates": [ 43.680304622181296, 13.5 ] } },
{ "type": "Feature", "properties": { "Longitude": 45.172569239194331, "Latitude": 15.0 }, "geometry": { "type": "Point", "coordinates": [ 45.172569239194331, 15.0 ] } },
{ "type": "Feature", "properties": { "Longitude": 25.490459567872563, "Latitude": 12.0 }, "geometry": { "type": "Point", "coordinates": [ 25.490459567872563, 12.0 ] } },
{ "type": "Feature", "properties": { "Longitude": 22.42343778327745, "Latitude": 12.0 }, "geometry": { "type": "Point", "coordinates": [ 22.42343778327745, 12.0 ] } },
{ "type": "Feature", "properties": { "Longitude": 23.956948675575006, "Latitude": 12.0 }, "geometry": { "type": "Point", "coordinates": [ 23.956948675575006, 12.0 ] } },
{ "type": "Feature", "properties": { "Longitude": 25.168831136207672, "Latitude": 13.5 }, "geometry": { "type": "Point", "coordinates": [ 25.168831136207672, 13.5 ] } },
{ "type": "Feature", "properties": { "Longitude": 23.62620834570987, "Latitude": 13.5 }, "geometry": { "type": "Point", "coordinates": [ 23.62620834570987, 13.5 ] } },
{ "type": "Feature", "properties": { "Longitude": 22.083585555212068, "Latitude": 13.5 }, "geometry": { "type": "Point", "coordinates": [ 22.083585555212068, 13.5 ] } },
{ "type": "Feature", "properties": { "Longitude": 28.254076717203276, "Latitude": 13.5 }, "geometry": { "type": "Point", "coordinates": [ 28.254076717203276, 13.5 ] } },
{ "type": "Feature", "properties": { "Longitude": 26.711453926705474, "Latitude": 13.5 }, "geometry": { "type": "Point", "coordinates": [ 26.711453926705474, 13.5 ] } },
{ "type": "Feature", "properties": { "Longitude": 24.984683721197598, "Latitude": 15.0 }, "geometry": { "type": "Point", "coordinates": [ 24.984683721197598, 15.0 ] } },
{ "type": "Feature", "properties": { "Longitude": 21.878855179967331, "Latitude": 15.0 }, "geometry": { "type": "Point", "coordinates": [ 21.878855179967331, 15.0 ] } },
{ "type": "Feature", "properties": { "Longitude": 46.7655502031769, "Latitude": 13.5 }, "geometry": { "type": "Point", "coordinates": [ 46.7655502031769, 13.5 ] } },
{ "type": "Feature", "properties": { "Longitude": 49.831312051039731, "Latitude": 15.0 }, "geometry": { "type": "Point", "coordinates": [ 49.831312051039731, 15.0 ] } },
{ "type": "Feature", "properties": { "Longitude": 48.278397780424598, "Latitude": 15.0 }, "geometry": { "type": "Point", "coordinates": [ 48.278397780424598, 15.0 ] } },
{ "type": "Feature", "properties": { "Longitude": 46.725483509809465, "Latitude": 15.0 }, "geometry": { "type": "Point", "coordinates": [ 46.725483509809465, 15.0 ] } },
{ "type": "Feature", "properties": { "Longitude": 31.33932229819888, "Latitude": 13.5 }, "geometry": { "type": "Point", "coordinates": [ 31.33932229819888, 13.5 ] } },
{ "type": "Feature", "properties": { "Longitude": 29.796699507701078, "Latitude": 13.5 }, "geometry": { "type": "Point", "coordinates": [ 29.796699507701078, 13.5 ] } },
{ "type": "Feature", "properties": { "Longitude": 32.881945088696682, "Latitude": 13.5 }, "geometry": { "type": "Point", "coordinates": [ 32.881945088696682, 13.5 ] } },
{ "type": "Feature", "properties": { "Longitude": 34.424567879194484, "Latitude": 13.5 }, "geometry": { "type": "Point", "coordinates": [ 34.424567879194484, 13.5 ] } },
{ "type": "Feature", "properties": { "Longitude": 35.967190669692286, "Latitude": 13.5 }, "geometry": { "type": "Point", "coordinates": [ 35.967190669692286, 13.5 ] } },
{ "type": "Feature", "properties": { "Longitude": 35.855083615503531, "Latitude": 15.0 }, "geometry": { "type": "Point", "coordinates": [ 35.855083615503531, 15.0 ] } },
{ "type": "Feature", "properties": { "Longitude": 34.302169344888398, "Latitude": 15.0 }, "geometry": { "type": "Point", "coordinates": [ 34.302169344888398, 15.0 ] } },
{ "type": "Feature", "properties": { "Longitude": 29.643426533042998, "Latitude": 15.0 }, "geometry": { "type": "Point", "coordinates": [ 29.643426533042998, 15.0 ] } },
{ "type": "Feature", "properties": { "Longitude": 31.196340803658131, "Latitude": 15.0 }, "geometry": { "type": "Point", "coordinates": [ 31.196340803658131, 15.0 ] } },
{ "type": "Feature", "properties": { "Longitude": 32.749255074273265, "Latitude": 15.0 }, "geometry": { "type": "Point", "coordinates": [ 32.749255074273265, 15.0 ] } },
{ "type": "Feature", "properties": { "Longitude": 48.405811891332235, "Latitude": 16.5 }, "geometry": { "type": "Point", "coordinates": [ 48.405811891332235, 16.5 ] } },
{ "type": "Feature", "properties": { "Longitude": 49.970235260450949, "Latitude": 16.5 }, "geometry": { "type": "Point", "coordinates": [ 49.970235260450949, 16.5 ] } },
{ "type": "Feature", "properties": { "Longitude": 46.841388522213521, "Latitude": 16.5 }, "geometry": { "type": "Point", "coordinates": [ 46.841388522213521, 16.5 ] } },
{ "type": "Feature", "properties": { "Longitude": 51.534658629569662, "Latitude": 16.5 }, "geometry": { "type": "Point", "coordinates": [ 51.534658629569662, 16.5 ] } },
{ "type": "Feature", "properties": { "Longitude": 53.424613780894674, "Latitude": 18.0 }, "geometry": { "type": "Point", "coordinates": [ 53.424613780894674, 18.0 ] } },
{ "type": "Feature", "properties": { "Longitude": 50.270227108179881, "Latitude": 18.0 }, "geometry": { "type": "Point", "coordinates": [ 50.270227108179881, 18.0 ] } },
{ "type": "Feature", "properties": { "Longitude": 47.115840435465088, "Latitude": 18.0 }, "geometry": { "type": "Point", "coordinates": [ 47.115840435465088, 18.0 ] } },
{ "type": "Feature", "properties": { "Longitude": 48.693033771822485, "Latitude": 18.0 }, "geometry": { "type": "Point", "coordinates": [ 48.693033771822485, 18.0 ] } },
{ "type": "Feature", "properties": { "Longitude": 26.537597991812731, "Latitude": 15.0 }, "geometry": { "type": "Point", "coordinates": [ 26.537597991812731, 15.0 ] } },
{ "type": "Feature", "properties": { "Longitude": 28.090512262427865, "Latitude": 15.0 }, "geometry": { "type": "Point", "coordinates": [ 28.090512262427865, 15.0 ] } },
{ "type": "Feature", "properties": { "Longitude": 23.431769450582465, "Latitude": 15.0 }, "geometry": { "type": "Point", "coordinates": [ 23.431769450582465, 15.0 ] } },
{ "type": "Feature", "properties": { "Longitude": 24.939461354551526, "Latitude": 16.5 }, "geometry": { "type": "Point", "coordinates": [ 24.939461354551526, 16.5 ] } },
{ "type": "Feature", "properties": { "Longitude": 23.375037985432812, "Latitude": 16.5 }, "geometry": { "type": "Point", "coordinates": [ 23.375037985432812, 16.5 ] } },
{ "type": "Feature", "properties": { "Longitude": 21.810614616314098, "Latitude": 16.5 }, "geometry": { "type": "Point", "coordinates": [ 21.810614616314098, 16.5 ] } },
{ "type": "Feature", "properties": { "Longitude": 26.50388472367024, "Latitude": 16.5 }, "geometry": { "type": "Point", "coordinates": [ 26.50388472367024, 16.5 ] } },
{ "type": "Feature", "properties": { "Longitude": 28.068308092788953, "Latitude": 16.5 }, "geometry": { "type": "Point", "coordinates": [ 28.068308092788953, 16.5 ] } },
{ "type": "Feature", "properties": { "Longitude": 26.612327062818935, "Latitude": 18.0 }, "geometry": { "type": "Point", "coordinates": [ 26.612327062818935, 18.0 ] } },
{ "type": "Feature", "properties": { "Longitude": 21.880747053746745, "Latitude": 18.0 }, "geometry": { "type": "Point", "coordinates": [ 21.880747053746745, 18.0 ] } },
{ "type": "Feature", "properties": { "Longitude": 38.960912156733798, "Latitude": 15.0 }, "geometry": { "type": "Point", "coordinates": [ 38.960912156733798, 15.0 ] } },
{ "type": "Feature", "properties": { "Longitude": 37.407997886118665, "Latitude": 15.0 }, "geometry": { "type": "Point", "coordinates": [ 37.407997886118665, 15.0 ] } },
{ "type": "Feature", "properties": { "Longitude": 43.619654968579198, "Latitude": 15.0 }, "geometry": { "type": "Point", "coordinates": [ 43.619654968579198, 15.0 ] } },
{ "type": "Feature", "properties": { "Longitude": 43.712541783976093, "Latitude": 16.5 }, "geometry": { "type": "Point", "coordinates": [ 43.712541783976093, 16.5 ] } },
{ "type": "Feature", "properties": { "Longitude": 45.276965153094807, "Latitude": 16.5 }, "geometry": { "type": "Point", "coordinates": [ 45.276965153094807, 16.5 ] } },
{ "type": "Feature", "properties": { "Longitude": 39.019271676619951, "Latitude": 16.5 }, "geometry": { "type": "Point", "coordinates": [ 39.019271676619951, 16.5 ] } },
{ "type": "Feature", "properties": { "Longitude": 37.454848307501237, "Latitude": 16.5 }, "geometry": { "type": "Point", "coordinates": [ 37.454848307501237, 16.5 ] } },
{ "type": "Feature", "properties": { "Longitude": 35.890424938382523, "Latitude": 16.5 }, "geometry": { "type": "Point", "coordinates": [ 35.890424938382523, 16.5 ] } },
{ "type": "Feature", "properties": { "Longitude": 31.197154831026381, "Latitude": 16.5 }, "geometry": { "type": "Point", "coordinates": [ 31.197154831026381, 16.5 ] } },
{ "type": "Feature", "properties": { "Longitude": 34.326001569263809, "Latitude": 16.5 }, "geometry": { "type": "Point", "coordinates": [ 34.326001569263809, 16.5 ] } },
{ "type": "Feature", "properties": { "Longitude": 29.632731461907667, "Latitude": 16.5 }, "geometry": { "type": "Point", "coordinates": [ 29.632731461907667, 16.5 ] } },
{ "type": "Feature", "properties": { "Longitude": 32.761578200145095, "Latitude": 16.5 }, "geometry": { "type": "Point", "coordinates": [ 32.761578200145095, 16.5 ] } },
{ "type": "Feature", "properties": { "Longitude": 36.075487080963313, "Latitude": 18.0 }, "geometry": { "type": "Point", "coordinates": [ 36.075487080963313, 18.0 ] } },
{ "type": "Feature", "properties": { "Longitude": 31.343907071891124, "Latitude": 18.0 }, "geometry": { "type": "Point", "coordinates": [ 31.343907071891124, 18.0 ] } },
{ "type": "Feature", "properties": { "Longitude": 32.92110040824852, "Latitude": 18.0 }, "geometry": { "type": "Point", "coordinates": [ 32.92110040824852, 18.0 ] } },
{ "type": "Feature", "properties": { "Longitude": 29.766713735533727, "Latitude": 18.0 }, "geometry": { "type": "Point", "coordinates": [ 29.766713735533727, 18.0 ] } },
{ "type": "Feature", "properties": { "Longitude": 34.498293744605917, "Latitude": 18.0 }, "geometry": { "type": "Point", "coordinates": [ 34.498293744605917, 18.0 ] } },
{ "type": "Feature", "properties": { "Longitude": 42.384260426392899, "Latitude": 18.0 }, "geometry": { "type": "Point", "coordinates": [ 42.384260426392899, 18.0 ] } },
{ "type": "Feature", "properties": { "Longitude": 43.961453762750295, "Latitude": 18.0 }, "geometry": { "type": "Point", "coordinates": [ 43.961453762750295, 18.0 ] } },
{ "type": "Feature", "properties": { "Longitude": 37.65268041732071, "Latitude": 18.0 }, "geometry": { "type": "Point", "coordinates": [ 37.65268041732071, 18.0 ] } },
{ "type": "Feature", "properties": { "Longitude": 45.538647099107692, "Latitude": 18.0 }, "geometry": { "type": "Point", "coordinates": [ 45.538647099107692, 18.0 ] } },
{ "type": "Feature", "properties": { "Longitude": 44.369499962226314, "Latitude": 19.5 }, "geometry": { "type": "Point", "coordinates": [ 44.369499962226314, 19.5 ] } },
{ "type": "Feature", "properties": { "Longitude": 42.778226912848822, "Latitude": 19.5 }, "geometry": { "type": "Point", "coordinates": [ 42.778226912848822, 19.5 ] } },
{ "type": "Feature", "properties": { "Longitude": 41.186953863471331, "Latitude": 19.5 }, "geometry": { "type": "Point", "coordinates": [ 41.186953863471331, 19.5 ] } },
{ "type": "Feature", "properties": { "Longitude": -13.396738626237379, "Latitude": 13.5 }, "geometry": { "type": "Point", "coordinates": [ -13.396738626237379, 13.5 ] } },
{ "type": "Feature", "properties": { "Longitude": -16.481984207232983, "Latitude": 13.5 }, "geometry": { "type": "Point", "coordinates": [ -16.481984207232983, 13.5 ] } },
{ "type": "Feature", "properties": { "Longitude": -14.939361416735181, "Latitude": 13.5 }, "geometry": { "type": "Point", "coordinates": [ -14.939361416735181, 13.5 ] } },
{ "type": "Feature", "properties": { "Longitude": -10.311493045241775, "Latitude": 13.5 }, "geometry": { "type": "Point", "coordinates": [ -10.311493045241775, 13.5 ] } },
{ "type": "Feature", "properties": { "Longitude": -7.2262474642461711, "Latitude": 13.5 }, "geometry": { "type": "Point", "coordinates": [ -7.226247464246171, 13.5 ] } },
{ "type": "Feature", "properties": { "Longitude": -11.854115835739577, "Latitude": 13.5 }, "geometry": { "type": "Point", "coordinates": [ -11.854115835739577, 13.5 ] } },
{ "type": "Feature", "properties": { "Longitude": -6.0736016911050683, "Latitude": 15.0 }, "geometry": { "type": "Point", "coordinates": [ -6.073601691105068, 15.0 ] } },
{ "type": "Feature", "properties": { "Longitude": -12.285258773565602, "Latitude": 15.0 }, "geometry": { "type": "Point", "coordinates": [ -12.285258773565602, 15.0 ] } },
{ "type": "Feature", "properties": { "Longitude": -7.6265159617202016, "Latitude": 15.0 }, "geometry": { "type": "Point", "coordinates": [ -7.626515961720202, 15.0 ] } },
{ "type": "Feature", "properties": { "Longitude": -9.1794302323353349, "Latitude": 15.0 }, "geometry": { "type": "Point", "coordinates": [ -9.179430232335335, 15.0 ] } },
{ "type": "Feature", "properties": { "Longitude": -10.732344502950468, "Latitude": 15.0 }, "geometry": { "type": "Point", "coordinates": [ -10.732344502950468, 15.0 ] } },
{ "type": "Feature", "properties": { "Longitude": -7.9134293969414671, "Latitude": 16.5 }, "geometry": { "type": "Point", "coordinates": [ -7.913429396941467, 16.5 ] } },
{ "type": "Feature", "properties": { "Longitude": -12.606699504297609, "Latitude": 16.5 }, "geometry": { "type": "Point", "coordinates": [ -12.606699504297609, 16.5 ] } },
{ "type": "Feature", "properties": { "Longitude": 0.13805539135546496, "Latitude": 15.0 }, "geometry": { "type": "Point", "coordinates": [ 0.138055391355465, 15.0 ] } },
{ "type": "Feature", "properties": { "Longitude": -2.9677731498748017, "Latitude": 15.0 }, "geometry": { "type": "Point", "coordinates": [ -2.967773149874802, 15.0 ] } },
{ "type": "Feature", "properties": { "Longitude": 3.2438839325857316, "Latitude": 15.0 }, "geometry": { "type": "Point", "coordinates": [ 3.243883932585732, 15.0 ] } },
{ "type": "Feature", "properties": { "Longitude": 1.6909696619705983, "Latitude": 15.0 }, "geometry": { "type": "Point", "coordinates": [ 1.690969661970598, 15.0 ] } },
{ "type": "Feature", "properties": { "Longitude": -4.520687420489935, "Latitude": 15.0 }, "geometry": { "type": "Point", "coordinates": [ -4.520687420489935, 15.0 ] } },
{ "type": "Feature", "properties": { "Longitude": -0.091312551347897397, "Latitude": 16.5 }, "geometry": { "type": "Point", "coordinates": [ -0.091312551347897, 16.5 ] } },
{ "type": "Feature", "properties": { "Longitude": 1.4731108177708165, "Latitude": 16.5 }, "geometry": { "type": "Point", "coordinates": [ 1.473110817770817, 16.5 ] } },
{ "type": "Feature", "properties": { "Longitude": -3.2201592895853253, "Latitude": 16.5 }, "geometry": { "type": "Point", "coordinates": [ -3.220159289585325, 16.5 ] } },
{ "type": "Feature", "properties": { "Longitude": -1.6557359204666113, "Latitude": 16.5 }, "geometry": { "type": "Point", "coordinates": [ -1.655735920466611, 16.5 ] } },
{ "type": "Feature", "properties": { "Longitude": 3.0375341868895305, "Latitude": 16.5 }, "geometry": { "type": "Point", "coordinates": [ 3.03753418688953, 16.5 ] } },
{ "type": "Feature", "properties": { "Longitude": -15.391087314795868, "Latitude": 15.0 }, "geometry": { "type": "Point", "coordinates": [ -15.391087314795868, 15.0 ] } },
{ "type": "Feature", "properties": { "Longitude": -13.838173044180735, "Latitude": 15.0 }, "geometry": { "type": "Point", "coordinates": [ -13.838173044180735, 15.0 ] } },
{ "type": "Feature", "properties": { "Longitude": -16.944001585411002, "Latitude": 15.0 }, "geometry": { "type": "Point", "coordinates": [ -16.944001585411002, 15.0 ] } },
{ "type": "Feature", "properties": { "Longitude": -14.171122873416323, "Latitude": 16.5 }, "geometry": { "type": "Point", "coordinates": [ -14.171122873416323, 16.5 ] } },
{ "type": "Feature", "properties": { "Longitude": -15.735546242535037, "Latitude": 16.5 }, "geometry": { "type": "Point", "coordinates": [ -15.735546242535037, 16.5 ] } },
{ "type": "Feature", "properties": { "Longitude": -15.97189301883077, "Latitude": 18.0 }, "geometry": { "type": "Point", "coordinates": [ -15.97189301883077, 18.0 ] } },
{ "type": "Feature", "properties": { "Longitude": -11.042276135178895, "Latitude": 16.5 }, "geometry": { "type": "Point", "coordinates": [ -11.042276135178895, 16.5 ] } },
{ "type": "Feature", "properties": { "Longitude": -9.477852766060181, "Latitude": 16.5 }, "geometry": { "type": "Point", "coordinates": [ -9.477852766060181, 16.5 ] } },
{ "type": "Feature", "properties": { "Longitude": -4.7845826587040392, "Latitude": 16.5 }, "geometry": { "type": "Point", "coordinates": [ -4.784582658704039, 16.5 ] } },
{ "type": "Feature", "properties": { "Longitude": -6.3490060278227531, "Latitude": 16.5 }, "geometry": { "type": "Point", "coordinates": [ -6.349006027822753, 16.5 ] } },
{ "type": "Feature", "properties": { "Longitude": -11.24031300975858, "Latitude": 18.0 }, "geometry": { "type": "Point", "coordinates": [ -11.24031300975858, 18.0 ] } },
{ "type": "Feature", "properties": { "Longitude": -6.5087330006863908, "Latitude": 18.0 }, "geometry": { "type": "Point", "coordinates": [ -6.508733000686391, 18.0 ] } },
{ "type": "Feature", "properties": { "Longitude": -4.9315396643289944, "Latitude": 18.0 }, "geometry": { "type": "Point", "coordinates": [ -4.931539664328994, 18.0 ] } },
{ "type": "Feature", "properties": { "Longitude": -12.817506346115977, "Latitude": 18.0 }, "geometry": { "type": "Point", "coordinates": [ -12.817506346115977, 18.0 ] } },
{ "type": "Feature", "properties": { "Longitude": -8.0859263370437873, "Latitude": 18.0 }, "geometry": { "type": "Point", "coordinates": [ -8.085926337043787, 18.0 ] } },
{ "type": "Feature", "properties": { "Longitude": -9.6631196734011837, "Latitude": 18.0 }, "geometry": { "type": "Point", "coordinates": [ -9.663119673401184, 18.0 ] } },
{ "type": "Feature", "properties": { "Longitude": -14.394699682473373, "Latitude": 18.0 }, "geometry": { "type": "Point", "coordinates": [ -14.394699682473373, 18.0 ] } },
{ "type": "Feature", "properties": { "Longitude": -16.098875914118366, "Latitude": 19.5 }, "geometry": { "type": "Point", "coordinates": [ -16.098875914118366, 19.5 ] } },
{ "type": "Feature", "properties": { "Longitude": -14.507602864740875, "Latitude": 19.5 }, "geometry": { "type": "Point", "coordinates": [ -14.507602864740875, 19.5 ] } },
{ "type": "Feature", "properties": { "Longitude": -14.508098483079664, "Latitude": 21.0 }, "geometry": { "type": "Point", "coordinates": [ -14.508098483079664, 21.0 ] } },
{ "type": "Feature", "properties": { "Longitude": -9.7337837166084, "Latitude": 19.5 }, "geometry": { "type": "Point", "coordinates": [ -9.7337837166084, 19.5 ] } },
{ "type": "Feature", "properties": { "Longitude": -12.916329815363383, "Latitude": 19.5 }, "geometry": { "type": "Point", "coordinates": [ -12.916329815363383, 19.5 ] } },
{ "type": "Feature", "properties": { "Longitude": -4.9599645684759253, "Latitude": 19.5 }, "geometry": { "type": "Point", "coordinates": [ -4.959964568475925, 19.5 ] } },
{ "type": "Feature", "properties": { "Longitude": -8.1425106672309084, "Latitude": 19.5 }, "geometry": { "type": "Point", "coordinates": [ -8.142510667230908, 19.5 ] } },
{ "type": "Feature", "properties": { "Longitude": -11.325056765985892, "Latitude": 19.5 }, "geometry": { "type": "Point", "coordinates": [ -11.325056765985892, 19.5 ] } },
{ "type": "Feature", "properties": { "Longitude": -6.5512376178534169, "Latitude": 19.5 }, "geometry": { "type": "Point", "coordinates": [ -6.551237617853417, 19.5 ] } },
{ "type": "Feature", "properties": { "Longitude": -9.687946011713052, "Latitude": 21.0 }, "geometry": { "type": "Point", "coordinates": [ -9.687946011713052, 21.0 ] } },
{ "type": "Feature", "properties": { "Longitude": -6.4745110308019775, "Latitude": 21.0 }, "geometry": { "type": "Point", "coordinates": [ -6.474511030801978, 21.0 ] } },
{ "type": "Feature", "properties": { "Longitude": -8.0812285212575148, "Latitude": 21.0 }, "geometry": { "type": "Point", "coordinates": [ -8.081228521257515, 21.0 ] } },
{ "type": "Feature", "properties": { "Longitude": -12.901380992624127, "Latitude": 21.0 }, "geometry": { "type": "Point", "coordinates": [ -12.901380992624127, 21.0 ] } },
{ "type": "Feature", "properties": { "Longitude": 3.1657939119312459, "Latitude": 21.0 }, "geometry": { "type": "Point", "coordinates": [ 3.165793911931246, 21.0 ] } },
{ "type": "Feature", "properties": { "Longitude": -0.04764106897982856, "Latitude": 21.0 }, "geometry": { "type": "Point", "coordinates": [ -0.047641068979829, 21.0 ] } },
{ "type": "Feature", "properties": { "Longitude": -1.6543585594353658, "Latitude": 21.0 }, "geometry": { "type": "Point", "coordinates": [ -1.654358559435366, 21.0 ] } },
{ "type": "Feature", "properties": { "Longitude": 1.5590764214757087, "Latitude": 21.0 }, "geometry": { "type": "Point", "coordinates": [ 1.559076421475709, 21.0 ] } },
{ "type": "Feature", "properties": { "Longitude": -3.2610760498909031, "Latitude": 21.0 }, "geometry": { "type": "Point", "coordinates": [ -3.261076049890903, 21.0 ] } },
{ "type": "Feature", "properties": { "Longitude": -4.6524635526313887, "Latitude": 22.5 }, "geometry": { "type": "Point", "coordinates": [ -4.652463552631389, 22.5 ] } },
{ "type": "Feature", "properties": { "Longitude": 3.4654779495616026, "Latitude": 22.5 }, "geometry": { "type": "Point", "coordinates": [ 3.465477949561603, 22.5 ] } },
{ "type": "Feature", "properties": { "Longitude": -1.4052869517541922, "Latitude": 22.5 }, "geometry": { "type": "Point", "coordinates": [ -1.405286951754192, 22.5 ] } },
{ "type": "Feature", "properties": { "Longitude": 0.21830134868440609, "Latitude": 22.5 }, "geometry": { "type": "Point", "coordinates": [ 0.218301348684406, 22.5 ] } },
{ "type": "Feature", "properties": { "Longitude": -3.0288752521927904, "Latitude": 22.5 }, "geometry": { "type": "Point", "coordinates": [ -3.02887525219279, 22.5 ] } },
{ "type": "Feature", "properties": { "Longitude": 11.285226021727453, "Latitude": 13.5 }, "geometry": { "type": "Point", "coordinates": [ 11.285226021727453, 13.5 ] } },
{ "type": "Feature", "properties": { "Longitude": 6.6573576502340472, "Latitude": 13.5 }, "geometry": { "type": "Point", "coordinates": [ 6.657357650234047, 13.5 ] } },
{ "type": "Feature", "properties": { "Longitude": 8.1999804407318493, "Latitude": 13.5 }, "geometry": { "type": "Point", "coordinates": [ 8.199980440731849, 13.5 ] } },
{ "type": "Feature", "properties": { "Longitude": 9.7426032312296513, "Latitude": 13.5 }, "geometry": { "type": "Point", "coordinates": [ 9.742603231229651, 13.5 ] } },
{ "type": "Feature", "properties": { "Longitude": 5.1147348597362452, "Latitude": 13.5 }, "geometry": { "type": "Point", "coordinates": [ 5.114734859736245, 13.5 ] } },
{ "type": "Feature", "properties": { "Longitude": 9.4555410150462649, "Latitude": 15.0 }, "geometry": { "type": "Point", "coordinates": [ 9.455541015046265, 15.0 ] } },
{ "type": "Feature", "properties": { "Longitude": 6.3497124738159982, "Latitude": 15.0 }, "geometry": { "type": "Point", "coordinates": [ 6.349712473815998, 15.0 ] } },
{ "type": "Feature", "properties": { "Longitude": 7.9026267444311316, "Latitude": 15.0 }, "geometry": { "type": "Point", "coordinates": [ 7.902626744431132, 15.0 ] } },
{ "type": "Feature", "properties": { "Longitude": 4.7967982032008649, "Latitude": 15.0 }, "geometry": { "type": "Point", "coordinates": [ 4.796798203200865, 15.0 ] } },
{ "type": "Feature", "properties": { "Longitude": 11.008455285661398, "Latitude": 15.0 }, "geometry": { "type": "Point", "coordinates": [ 11.008455285661398, 15.0 ] } },
{ "type": "Feature", "properties": { "Longitude": 20.325940909352198, "Latitude": 15.0 }, "geometry": { "type": "Point", "coordinates": [ 20.325940909352198, 15.0 ] } },
{ "type": "Feature", "properties": { "Longitude": 18.773026638737065, "Latitude": 15.0 }, "geometry": { "type": "Point", "coordinates": [ 18.773026638737065, 15.0 ] } },
{ "type": "Feature", "properties": { "Longitude": 15.667198097506798, "Latitude": 15.0 }, "geometry": { "type": "Point", "coordinates": [ 15.667198097506798, 15.0 ] } },
{ "type": "Feature", "properties": { "Longitude": 17.220112368121931, "Latitude": 15.0 }, "geometry": { "type": "Point", "coordinates": [ 17.220112368121931, 15.0 ] } },
{ "type": "Feature", "properties": { "Longitude": 15.552921139839242, "Latitude": 16.5 }, "geometry": { "type": "Point", "coordinates": [ 15.552921139839242, 16.5 ] } },
{ "type": "Feature", "properties": { "Longitude": 12.424074401601814, "Latitude": 16.5 }, "geometry": { "type": "Point", "coordinates": [ 12.424074401601814, 16.5 ] } },
{ "type": "Feature", "properties": { "Longitude": 20.246191247195384, "Latitude": 16.5 }, "geometry": { "type": "Point", "coordinates": [ 20.246191247195384, 16.5 ] } },
{ "type": "Feature", "properties": { "Longitude": 13.988497770720528, "Latitude": 16.5 }, "geometry": { "type": "Point", "coordinates": [ 13.988497770720528, 16.5 ] } },
{ "type": "Feature", "properties": { "Longitude": 18.68176787807667, "Latitude": 16.5 }, "geometry": { "type": "Point", "coordinates": [ 18.68176787807667, 16.5 ] } },
{ "type": "Feature", "properties": { "Longitude": 17.117344508957956, "Latitude": 16.5 }, "geometry": { "type": "Point", "coordinates": [ 17.117344508957956, 16.5 ] } },
{ "type": "Feature", "properties": { "Longitude": 4.6019575560082444, "Latitude": 16.5 }, "geometry": { "type": "Point", "coordinates": [ 4.601957556008244, 16.5 ] } },
{ "type": "Feature", "properties": { "Longitude": 10.8596510324831, "Latitude": 16.5 }, "geometry": { "type": "Point", "coordinates": [ 10.8596510324831, 16.5 ] } },
{ "type": "Feature", "properties": { "Longitude": 6.1663809251269583, "Latitude": 16.5 }, "geometry": { "type": "Point", "coordinates": [ 6.166380925126958, 16.5 ] } },
{ "type": "Feature", "properties": { "Longitude": 7.7308042942456723, "Latitude": 16.5 }, "geometry": { "type": "Point", "coordinates": [ 7.730804294245672, 16.5 ] } },
{ "type": "Feature", "properties": { "Longitude": 9.2952276633643862, "Latitude": 16.5 }, "geometry": { "type": "Point", "coordinates": [ 9.295227663364386, 16.5 ] } },
{ "type": "Feature", "properties": { "Longitude": 10.84039369924497, "Latitude": 18.0 }, "geometry": { "type": "Point", "coordinates": [ 10.84039369924497, 18.0 ] } },
{ "type": "Feature", "properties": { "Longitude": 4.5316203538153843, "Latitude": 18.0 }, "geometry": { "type": "Point", "coordinates": [ 4.531620353815384, 18.0 ] } },
{ "type": "Feature", "properties": { "Longitude": 6.1088136901727808, "Latitude": 18.0 }, "geometry": { "type": "Point", "coordinates": [ 6.108813690172781, 18.0 ] } },
{ "type": "Feature", "properties": { "Longitude": 7.6860070265301772, "Latitude": 18.0 }, "geometry": { "type": "Point", "coordinates": [ 7.686007026530177, 18.0 ] } },
{ "type": "Feature", "properties": { "Longitude": 9.2632003628875736, "Latitude": 18.0 }, "geometry": { "type": "Point", "coordinates": [ 9.263200362887574, 18.0 ] } },
{ "type": "Feature", "properties": { "Longitude": 1.3772336811005914, "Latitude": 18.0 }, "geometry": { "type": "Point", "coordinates": [ 1.377233681100591, 18.0 ] } },
{ "type": "Feature", "properties": { "Longitude": -3.3543463279715979, "Latitude": 18.0 }, "geometry": { "type": "Point", "coordinates": [ -3.354346327971598, 18.0 ] } },
{ "type": "Feature", "properties": { "Longitude": 2.9544270174579879, "Latitude": 18.0 }, "geometry": { "type": "Point", "coordinates": [ 2.954427017457988, 18.0 ] } },
{ "type": "Feature", "properties": { "Longitude": -0.19995965525680504, "Latitude": 18.0 }, "geometry": { "type": "Point", "coordinates": [ -0.199959655256805, 18.0 ] } },
{ "type": "Feature", "properties": { "Longitude": -1.7771529916142015, "Latitude": 18.0 }, "geometry": { "type": "Point", "coordinates": [ -1.777152991614201, 18.0 ] } },
{ "type": "Feature", "properties": { "Longitude": 1.4051276290340411, "Latitude": 19.5 }, "geometry": { "type": "Point", "coordinates": [ 1.405127629034041, 19.5 ] } },
{ "type": "Feature", "properties": { "Longitude": -3.3686915190984337, "Latitude": 19.5 }, "geometry": { "type": "Point", "coordinates": [ -3.368691519098434, 19.5 ] } },
{ "type": "Feature", "properties": { "Longitude": -0.1861454203434505, "Latitude": 19.5 }, "geometry": { "type": "Point", "coordinates": [ -0.18614542034345, 19.5 ] } },
{ "type": "Feature", "properties": { "Longitude": -1.7774184697209421, "Latitude": 19.5 }, "geometry": { "type": "Point", "coordinates": [ -1.777418469720942, 19.5 ] } },
{ "type": "Feature", "properties": { "Longitude": 2.9964006784115327, "Latitude": 19.5 }, "geometry": { "type": "Point", "coordinates": [ 2.996400678411533, 19.5 ] } },
{ "type": "Feature", "properties": { "Longitude": 13.994780371959763, "Latitude": 18.0 }, "geometry": { "type": "Point", "coordinates": [ 13.994780371959763, 18.0 ] } },
{ "type": "Feature", "properties": { "Longitude": 17.149167044674556, "Latitude": 18.0 }, "geometry": { "type": "Point", "coordinates": [ 17.149167044674556, 18.0 ] } },
{ "type": "Feature", "properties": { "Longitude": 15.571973708317159, "Latitude": 18.0 }, "geometry": { "type": "Point", "coordinates": [ 15.571973708317159, 18.0 ] } },
{ "type": "Feature", "properties": { "Longitude": 12.417587035602367, "Latitude": 18.0 }, "geometry": { "type": "Point", "coordinates": [ 12.417587035602367, 18.0 ] } },
{ "type": "Feature", "properties": { "Longitude": 18.726360381031952, "Latitude": 18.0 }, "geometry": { "type": "Point", "coordinates": [ 18.726360381031952, 18.0 ] } },
{ "type": "Feature", "properties": { "Longitude": 20.303553717389349, "Latitude": 18.0 }, "geometry": { "type": "Point", "coordinates": [ 20.303553717389349, 18.0 ] } },
{ "type": "Feature", "properties": { "Longitude": 14.135312024053974, "Latitude": 19.5 }, "geometry": { "type": "Point", "coordinates": [ 14.135312024053974, 19.5 ] } },
{ "type": "Feature", "properties": { "Longitude": 18.909131172186449, "Latitude": 19.5 }, "geometry": { "type": "Point", "coordinates": [ 18.909131172186449, 19.5 ] } },
{ "type": "Feature", "properties": { "Longitude": 20.50040422156394, "Latitude": 19.5 }, "geometry": { "type": "Point", "coordinates": [ 20.50040422156394, 19.5 ] } },
{ "type": "Feature", "properties": { "Longitude": 15.726585073431465, "Latitude": 19.5 }, "geometry": { "type": "Point", "coordinates": [ 15.726585073431465, 19.5 ] } },
{ "type": "Feature", "properties": { "Longitude": 9.361492875921499, "Latitude": 19.5 }, "geometry": { "type": "Point", "coordinates": [ 9.361492875921499, 19.5 ] } },
{ "type": "Feature", "properties": { "Longitude": 10.952765925298991, "Latitude": 19.5 }, "geometry": { "type": "Point", "coordinates": [ 10.952765925298991, 19.5 ] } },
{ "type": "Feature", "properties": { "Longitude": 7.7702198265440074, "Latitude": 19.5 }, "geometry": { "type": "Point", "coordinates": [ 7.770219826544007, 19.5 ] } },
{ "type": "Feature", "properties": { "Longitude": 6.1789467771665159, "Latitude": 19.5 }, "geometry": { "type": "Point", "coordinates": [ 6.178946777166516, 19.5 ] } },
{ "type": "Feature", "properties": { "Longitude": 4.5876737277890243, "Latitude": 19.5 }, "geometry": { "type": "Point", "coordinates": [ 4.587673727789024, 19.5 ] } },
{ "type": "Feature", "properties": { "Longitude": 7.9859463832978577, "Latitude": 21.0 }, "geometry": { "type": "Point", "coordinates": [ 7.985946383297858, 21.0 ] } },
{ "type": "Feature", "properties": { "Longitude": 9.5926638737533949, "Latitude": 21.0 }, "geometry": { "type": "Point", "coordinates": [ 9.592663873753395, 21.0 ] } },
{ "type": "Feature", "properties": { "Longitude": 6.3792288928423204, "Latitude": 21.0 }, "geometry": { "type": "Point", "coordinates": [ 6.37922889284232, 21.0 ] } },
{ "type": "Feature", "properties": { "Longitude": 11.199381364208932, "Latitude": 21.0 }, "geometry": { "type": "Point", "coordinates": [ 11.199381364208932, 21.0 ] } },
{ "type": "Feature", "properties": { "Longitude": 4.7725114023867832, "Latitude": 21.0 }, "geometry": { "type": "Point", "coordinates": [ 4.772511402386783, 21.0 ] } },
{ "type": "Feature", "properties": { "Longitude": 12.544038974676482, "Latitude": 19.5 }, "geometry": { "type": "Point", "coordinates": [ 12.544038974676482, 19.5 ] } },
{ "type": "Feature", "properties": { "Longitude": 17.317858122808957, "Latitude": 19.5 }, "geometry": { "type": "Point", "coordinates": [ 17.317858122808957, 19.5 ] } },
{ "type": "Feature", "properties": { "Longitude": 17.626251326031081, "Latitude": 21.0 }, "geometry": { "type": "Point", "coordinates": [ 17.626251326031081, 21.0 ] } },
{ "type": "Feature", "properties": { "Longitude": 14.412816345120007, "Latitude": 21.0 }, "geometry": { "type": "Point", "coordinates": [ 14.412816345120007, 21.0 ] } },
{ "type": "Feature", "properties": { "Longitude": 16.019533835575544, "Latitude": 21.0 }, "geometry": { "type": "Point", "coordinates": [ 16.019533835575544, 21.0 ] } },
{ "type": "Feature", "properties": { "Longitude": 12.806098854664469, "Latitude": 21.0 }, "geometry": { "type": "Point", "coordinates": [ 12.806098854664469, 21.0 ] } },
{ "type": "Feature", "properties": { "Longitude": 19.232968816486618, "Latitude": 21.0 }, "geometry": { "type": "Point", "coordinates": [ 19.232968816486618, 21.0 ] } },
{ "type": "Feature", "properties": { "Longitude": 14.83059605263179, "Latitude": 22.5 }, "geometry": { "type": "Point", "coordinates": [ 14.83059605263179, 22.5 ] } },
{ "type": "Feature", "properties": { "Longitude": 19.701360953947585, "Latitude": 22.5 }, "geometry": { "type": "Point", "coordinates": [ 19.701360953947585, 22.5 ] } },
{ "type": "Feature", "properties": { "Longitude": 16.454184353070389, "Latitude": 22.5 }, "geometry": { "type": "Point", "coordinates": [ 16.454184353070389, 22.5 ] } },
{ "type": "Feature", "properties": { "Longitude": 28.873273759219842, "Latitude": 21.0 }, "geometry": { "type": "Point", "coordinates": [ 28.873273759219842, 21.0 ] } },
{ "type": "Feature", "properties": { "Longitude": 20.839686306942156, "Latitude": 21.0 }, "geometry": { "type": "Point", "coordinates": [ 20.839686306942156, 21.0 ] } },
{ "type": "Feature", "properties": { "Longitude": 24.05312128785323, "Latitude": 21.0 }, "geometry": { "type": "Point", "coordinates": [ 24.05312128785323, 21.0 ] } },
{ "type": "Feature", "properties": { "Longitude": 25.659838778308767, "Latitude": 21.0 }, "geometry": { "type": "Point", "coordinates": [ 25.659838778308767, 21.0 ] } },
{ "type": "Feature", "properties": { "Longitude": 22.948537554824782, "Latitude": 22.5 }, "geometry": { "type": "Point", "coordinates": [ 22.948537554824782, 22.5 ] } },
{ "type": "Feature", "properties": { "Longitude": 21.324949254386183, "Latitude": 22.5 }, "geometry": { "type": "Point", "coordinates": [ 21.324949254386183, 22.5 ] } },
{ "type": "Feature", "properties": { "Longitude": 24.57212585526338, "Latitude": 22.5 }, "geometry": { "type": "Point", "coordinates": [ 24.57212585526338, 22.5 ] } },
{ "type": "Feature", "properties": { "Longitude": 27.819302456140576, "Latitude": 22.5 }, "geometry": { "type": "Point", "coordinates": [ 27.819302456140576, 22.5 ] } },
{ "type": "Feature", "properties": { "Longitude": 26.195714155701978, "Latitude": 22.5 }, "geometry": { "type": "Point", "coordinates": [ 26.195714155701978, 22.5 ] } },
{ "type": "Feature", "properties": { "Longitude": 25.2443022198851, "Latitude": 24.0 }, "geometry": { "type": "Point", "coordinates": [ 25.2443022198851, 24.0 ] } },
{ "type": "Feature", "properties": { "Longitude": 8.3362428508773974, "Latitude": 22.5 }, "geometry": { "type": "Point", "coordinates": [ 8.336242850877397, 22.5 ] } },
{ "type": "Feature", "properties": { "Longitude": 5.0890662500002009, "Latitude": 22.5 }, "geometry": { "type": "Point", "coordinates": [ 5.089066250000201, 22.5 ] } },
{ "type": "Feature", "properties": { "Longitude": 6.7126545504387991, "Latitude": 22.5 }, "geometry": { "type": "Point", "coordinates": [ 6.712654550438799, 22.5 ] } },
{ "type": "Feature", "properties": { "Longitude": 9.9598311513159956, "Latitude": 22.5 }, "geometry": { "type": "Point", "coordinates": [ 9.959831151315996, 22.5 ] } },
{ "type": "Feature", "properties": { "Longitude": 11.583419451754594, "Latitude": 22.5 }, "geometry": { "type": "Point", "coordinates": [ 11.583419451754594, 22.5 ] } },
{ "type": "Feature", "properties": { "Longitude": 5.5408492067761301, "Latitude": 24.0 }, "geometry": { "type": "Point", "coordinates": [ 5.54084920677613, 24.0 ] } },
{ "type": "Feature", "properties": { "Longitude": 7.1828036245352109, "Latitude": 24.0 }, "geometry": { "type": "Point", "coordinates": [ 7.182803624535211, 24.0 ] } },
{ "type": "Feature", "properties": { "Longitude": 10.466712460053373, "Latitude": 24.0 }, "geometry": { "type": "Point", "coordinates": [ 10.466712460053373, 24.0 ] } },
{ "type": "Feature", "properties": { "Longitude": 8.8247580422942917, "Latitude": 24.0 }, "geometry": { "type": "Point", "coordinates": [ 8.824758042294292, 24.0 ] } },
{ "type": "Feature", "properties": { "Longitude": 3.8988947890170493, "Latitude": 24.0 }, "geometry": { "type": "Point", "coordinates": [ 3.898894789017049, 24.0 ] } },
{ "type": "Feature", "properties": { "Longitude": 13.207007752193192, "Latitude": 22.5 }, "geometry": { "type": "Point", "coordinates": [ 13.207007752193192, 22.5 ] } },
{ "type": "Feature", "properties": { "Longitude": 18.077772653508987, "Latitude": 22.5 }, "geometry": { "type": "Point", "coordinates": [ 18.077772653508987, 22.5 ] } },
{ "type": "Feature", "properties": { "Longitude": 18.676484548848777, "Latitude": 24.0 }, "geometry": { "type": "Point", "coordinates": [ 18.676484548848777, 24.0 ] } },
{ "type": "Feature", "properties": { "Longitude": 12.108666877812453, "Latitude": 24.0 }, "geometry": { "type": "Point", "coordinates": [ 12.108666877812453, 24.0 ] } },
{ "type": "Feature", "properties": { "Longitude": 17.034530131089696, "Latitude": 24.0 }, "geometry": { "type": "Point", "coordinates": [ 17.034530131089696, 24.0 ] } },
{ "type": "Feature", "properties": { "Longitude": 13.750621295571534, "Latitude": 24.0 }, "geometry": { "type": "Point", "coordinates": [ 13.750621295571534, 24.0 ] } },
{ "type": "Feature", "properties": { "Longitude": 15.392575713330615, "Latitude": 24.0 }, "geometry": { "type": "Point", "coordinates": [ 15.392575713330615, 24.0 ] } },
{ "type": "Feature", "properties": { "Longitude": 20.318438966607857, "Latitude": 24.0 }, "geometry": { "type": "Point", "coordinates": [ 20.318438966607857, 24.0 ] } },
{ "type": "Feature", "properties": { "Longitude": 12.7795666703488, "Latitude": 25.5 }, "geometry": { "type": "Point", "coordinates": [ 12.7795666703488, 25.5 ] } },
{ "type": "Feature", "properties": { "Longitude": 19.427137934843586, "Latitude": 25.5 }, "geometry": { "type": "Point", "coordinates": [ 19.427137934843586, 25.5 ] } },
{ "type": "Feature", "properties": { "Longitude": -4.8677935403464403, "Latitude": 21.0 }, "geometry": { "type": "Point", "coordinates": [ -4.86779354034644, 21.0 ] } },
{ "type": "Feature", "properties": { "Longitude": -11.294663502168589, "Latitude": 21.0 }, "geometry": { "type": "Point", "coordinates": [ -11.294663502168589, 21.0 ] } },
{ "type": "Feature", "properties": { "Longitude": -9.5232284539471834, "Latitude": 22.5 }, "geometry": { "type": "Point", "coordinates": [ -9.523228453947183, 22.5 ] } },
{ "type": "Feature", "properties": { "Longitude": -6.2760518530699869, "Latitude": 22.5 }, "geometry": { "type": "Point", "coordinates": [ -6.276051853069987, 22.5 ] } },
{ "type": "Feature", "properties": { "Longitude": -7.8996401535085852, "Latitude": 22.5 }, "geometry": { "type": "Point", "coordinates": [ -7.899640153508585, 22.5 ] } },
{ "type": "Feature", "properties": { "Longitude": -11.146816754385782, "Latitude": 22.5 }, "geometry": { "type": "Point", "coordinates": [ -11.146816754385782, 22.5 ] } },
{ "type": "Feature", "properties": { "Longitude": -12.77040505482438, "Latitude": 22.5 }, "geometry": { "type": "Point", "coordinates": [ -12.77040505482438, 22.5 ] } },
{ "type": "Feature", "properties": { "Longitude": -10.878694970814678, "Latitude": 24.0 }, "geometry": { "type": "Point", "coordinates": [ -10.878694970814678, 24.0 ] } },
{ "type": "Feature", "properties": { "Longitude": -12.520649388573759, "Latitude": 24.0 }, "geometry": { "type": "Point", "coordinates": [ -12.520649388573759, 24.0 ] } },
{ "type": "Feature", "properties": { "Longitude": -5.9528317175374355, "Latitude": 24.0 }, "geometry": { "type": "Point", "coordinates": [ -5.952831717537435, 24.0 ] } },
{ "type": "Feature", "properties": { "Longitude": -16.114815973535201, "Latitude": 21.0 }, "geometry": { "type": "Point", "coordinates": [ -16.114815973535201, 21.0 ] } },
{ "type": "Feature", "properties": { "Longitude": -14.393993355262978, "Latitude": 22.5 }, "geometry": { "type": "Point", "coordinates": [ -14.393993355262978, 22.5 ] } },
{ "type": "Feature", "properties": { "Longitude": -16.017581655701576, "Latitude": 22.5 }, "geometry": { "type": "Point", "coordinates": [ -16.017581655701576, 22.5 ] } },
{ "type": "Feature", "properties": { "Longitude": 1.8418896491230043, "Latitude": 22.5 }, "geometry": { "type": "Point", "coordinates": [ 1.841889649123004, 22.5 ] } },
{ "type": "Feature", "properties": { "Longitude": -2.6689228820192739, "Latitude": 24.0 }, "geometry": { "type": "Point", "coordinates": [ -2.668922882019274, 24.0 ] } },
{ "type": "Feature", "properties": { "Longitude": -4.3108772997783547, "Latitude": 24.0 }, "geometry": { "type": "Point", "coordinates": [ -4.310877299778355, 24.0 ] } },
{ "type": "Feature", "properties": { "Longitude": 0.61498595349888774, "Latitude": 24.0 }, "geometry": { "type": "Point", "coordinates": [ 0.614985953498888, 24.0 ] } },
{ "type": "Feature", "properties": { "Longitude": 2.2569403712579685, "Latitude": 24.0 }, "geometry": { "type": "Point", "coordinates": [ 2.256940371257969, 24.0 ] } },
{ "type": "Feature", "properties": { "Longitude": -1.0269684642601931, "Latitude": 24.0 }, "geometry": { "type": "Point", "coordinates": [ -1.026968464260193, 24.0 ] } },
{ "type": "Feature", "properties": { "Longitude": 1.1463169574829237, "Latitude": 25.5 }, "geometry": { "type": "Point", "coordinates": [ 1.146316957482924, 25.5 ] } },
{ "type": "Feature", "properties": { "Longitude": 2.8082097736066203, "Latitude": 25.5 }, "geometry": { "type": "Point", "coordinates": [ 2.80820977360662, 25.5 ] } },
{ "type": "Feature", "properties": { "Longitude": -2.1774686747644694, "Latitude": 25.5 }, "geometry": { "type": "Point", "coordinates": [ -2.177468674764469, 25.5 ] } },
{ "type": "Feature", "properties": { "Longitude": -0.51557585864077282, "Latitude": 25.5 }, "geometry": { "type": "Point", "coordinates": [ -0.515575858640773, 25.5 ] } },
{ "type": "Feature", "properties": { "Longitude": -9.236740553055597, "Latitude": 24.0 }, "geometry": { "type": "Point", "coordinates": [ -9.236740553055597, 24.0 ] } },
{ "type": "Feature", "properties": { "Longitude": -7.5947861352965162, "Latitude": 24.0 }, "geometry": { "type": "Point", "coordinates": [ -7.594786135296516, 24.0 ] } },
{ "type": "Feature", "properties": { "Longitude": -7.163147123135559, "Latitude": 25.5 }, "geometry": { "type": "Point", "coordinates": [ -7.163147123135559, 25.5 ] } },
{ "type": "Feature", "properties": { "Longitude": -8.8250399392592556, "Latitude": 25.5 }, "geometry": { "type": "Point", "coordinates": [ -8.825039939259256, 25.5 ] } },
{ "type": "Feature", "properties": { "Longitude": -5.5012543070118625, "Latitude": 25.5 }, "geometry": { "type": "Point", "coordinates": [ -5.501254307011862, 25.5 ] } },
{ "type": "Feature", "properties": { "Longitude": -10.486932755382952, "Latitude": 25.5 }, "geometry": { "type": "Point", "coordinates": [ -10.486932755382952, 25.5 ] } },
{ "type": "Feature", "properties": { "Longitude": -12.148825571506649, "Latitude": 25.5 }, "geometry": { "type": "Point", "coordinates": [ -12.148825571506649, 25.5 ] } },
{ "type": "Feature", "properties": { "Longitude": -6.6005962854922871, "Latitude": 27.0 }, "geometry": { "type": "Point", "coordinates": [ -6.600596285492287, 27.0 ] } },
{ "type": "Feature", "properties": { "Longitude": -11.651064354846881, "Latitude": 27.0 }, "geometry": { "type": "Point", "coordinates": [ -11.651064354846881, 27.0 ] } },
{ "type": "Feature", "properties": { "Longitude": -9.9675749983953494, "Latitude": 27.0 }, "geometry": { "type": "Point", "coordinates": [ -9.967574998395349, 27.0 ] } },
{ "type": "Feature", "properties": { "Longitude": -14.162603806332839, "Latitude": 24.0 }, "geometry": { "type": "Point", "coordinates": [ -14.162603806332839, 24.0 ] } },
{ "type": "Feature", "properties": { "Longitude": -13.810718387630345, "Latitude": 25.5 }, "geometry": { "type": "Point", "coordinates": [ -13.810718387630345, 25.5 ] } },
{ "type": "Feature", "properties": { "Longitude": -13.334553711298412, "Latitude": 27.0 }, "geometry": { "type": "Point", "coordinates": [ -13.334553711298412, 27.0 ] } },
{ "type": "Feature", "properties": { "Longitude": -8.2840856419438182, "Latitude": 27.0 }, "geometry": { "type": "Point", "coordinates": [ -8.284085641943818, 27.0 ] } },
{ "type": "Feature", "properties": { "Longitude": -4.9171069290407559, "Latitude": 27.0 }, "geometry": { "type": "Point", "coordinates": [ -4.917106929040756, 27.0 ] } },
{ "type": "Feature", "properties": { "Longitude": -11.022862595166089, "Latitude": 28.5 }, "geometry": { "type": "Point", "coordinates": [ -11.022862595166089, 28.5 ] } },
{ "type": "Feature", "properties": { "Longitude": -5.9023432798680915, "Latitude": 28.5 }, "geometry": { "type": "Point", "coordinates": [ -5.902343279868091, 28.5 ] } },
{ "type": "Feature", "properties": { "Longitude": -7.6091830516340906, "Latitude": 28.5 }, "geometry": { "type": "Point", "coordinates": [ -7.609183051634091, 28.5 ] } },
{ "type": "Feature", "properties": { "Longitude": -9.3160228234000897, "Latitude": 28.5 }, "geometry": { "type": "Point", "coordinates": [ -9.31602282340009, 28.5 ] } },
{ "type": "Feature", "properties": { "Longitude": -6.7949192431132133, "Latitude": 30.0 }, "geometry": { "type": "Point", "coordinates": [ -6.794919243113213, 30.0 ] } },
{ "type": "Feature", "properties": { "Longitude": -8.5269700506820811, "Latitude": 30.0 }, "geometry": { "type": "Point", "coordinates": [ -8.526970050682081, 30.0 ] } },
{ "type": "Feature", "properties": { "Longitude": -5.0628684355443454, "Latitude": 30.0 }, "geometry": { "type": "Point", "coordinates": [ -5.062868435544345, 30.0 ] } },
{ "type": "Feature", "properties": { "Longitude": -9.3535701426605726, "Latitude": 31.5 }, "geometry": { "type": "Point", "coordinates": [ -9.353570142660573, 31.5 ] } },
{ "type": "Feature", "properties": { "Longitude": -7.5943285977395476, "Latitude": 31.5 }, "geometry": { "type": "Point", "coordinates": [ -7.594328597739548, 31.5 ] } },
{ "type": "Feature", "properties": { "Longitude": -5.8350870528185226, "Latitude": 31.5 }, "geometry": { "type": "Point", "coordinates": [ -5.835087052818523, 31.5 ] } },
{ "type": "Feature", "properties": { "Longitude": -8.2996858316246289, "Latitude": 33.0 }, "geometry": { "type": "Point", "coordinates": [ -8.299685831624629, 33.0 ] } },
{ "type": "Feature", "properties": { "Longitude": 21.960393384366938, "Latitude": 24.0 }, "geometry": { "type": "Point", "coordinates": [ 21.960393384366938, 24.0 ] } },
{ "type": "Feature", "properties": { "Longitude": 28.528211055403261, "Latitude": 24.0 }, "geometry": { "type": "Point", "coordinates": [ 28.528211055403261, 24.0 ] } },
{ "type": "Feature", "properties": { "Longitude": 26.886256637644181, "Latitude": 24.0 }, "geometry": { "type": "Point", "coordinates": [ 26.886256637644181, 24.0 ] } },
{ "type": "Feature", "properties": { "Longitude": 23.602347802126019, "Latitude": 24.0 }, "geometry": { "type": "Point", "coordinates": [ 23.602347802126019, 24.0 ] } },
{ "type": "Feature", "properties": { "Longitude": 21.089030750967282, "Latitude": 25.5 }, "geometry": { "type": "Point", "coordinates": [ 21.089030750967282, 25.5 ] } },
{ "type": "Feature", "properties": { "Longitude": 22.750923567090979, "Latitude": 25.5 }, "geometry": { "type": "Point", "coordinates": [ 22.750923567090979, 25.5 ] } },
{ "type": "Feature", "properties": { "Longitude": 26.074709199338372, "Latitude": 25.5 }, "geometry": { "type": "Point", "coordinates": [ 26.074709199338372, 25.5 ] } },
{ "type": "Feature", "properties": { "Longitude": 27.736602015462068, "Latitude": 25.5 }, "geometry": { "type": "Point", "coordinates": [ 27.736602015462068, 25.5 ] } },
{ "type": "Feature", "properties": { "Longitude": 24.412816383214675, "Latitude": 25.5 }, "geometry": { "type": "Point", "coordinates": [ 24.412816383214675, 25.5 ] } },
{ "type": "Feature", "properties": { "Longitude": 28.752680199989868, "Latitude": 27.0 }, "geometry": { "type": "Point", "coordinates": [ 28.752680199989868, 27.0 ] } },
{ "type": "Feature", "properties": { "Longitude": 6.1319954058540134, "Latitude": 25.5 }, "geometry": { "type": "Point", "coordinates": [ 6.131995405854013, 25.5 ] } },
{ "type": "Feature", "properties": { "Longitude": 4.4701025897303168, "Latitude": 25.5 }, "geometry": { "type": "Point", "coordinates": [ 4.470102589730317, 25.5 ] } },
{ "type": "Feature", "properties": { "Longitude": 11.117673854225103, "Latitude": 25.5 }, "geometry": { "type": "Point", "coordinates": [ 11.117673854225103, 25.5 ] } },
{ "type": "Feature", "properties": { "Longitude": 9.4557810381014065, "Latitude": 25.5 }, "geometry": { "type": "Point", "coordinates": [ 9.455781038101406, 25.5 ] } },
{ "type": "Feature", "properties": { "Longitude": 7.7938882219777099, "Latitude": 25.5 }, "geometry": { "type": "Point", "coordinates": [ 7.79388822197771, 25.5 ] } },
{ "type": "Feature", "properties": { "Longitude": 8.5508079225714937, "Latitude": 27.0 }, "geometry": { "type": "Point", "coordinates": [ 8.550807922571494, 27.0 ] } },
{ "type": "Feature", "properties": { "Longitude": 10.234297279023025, "Latitude": 27.0 }, "geometry": { "type": "Point", "coordinates": [ 10.234297279023025, 27.0 ] } },
{ "type": "Feature", "properties": { "Longitude": 6.8673185661199625, "Latitude": 27.0 }, "geometry": { "type": "Point", "coordinates": [ 6.867318566119962, 27.0 ] } },
{ "type": "Feature", "properties": { "Longitude": 11.917786635474556, "Latitude": 27.0 }, "geometry": { "type": "Point", "coordinates": [ 11.917786635474556, 27.0 ] } },
{ "type": "Feature", "properties": { "Longitude": 5.1838292096684313, "Latitude": 27.0 }, "geometry": { "type": "Point", "coordinates": [ 5.183829209668431, 27.0 ] } },
{ "type": "Feature", "properties": { "Longitude": -3.8393614908881659, "Latitude": 25.5 }, "geometry": { "type": "Point", "coordinates": [ -3.839361490888166, 25.5 ] } },
{ "type": "Feature", "properties": { "Longitude": -3.2336175725892247, "Latitude": 27.0 }, "geometry": { "type": "Point", "coordinates": [ -3.233617572589225, 27.0 ] } },
{ "type": "Feature", "properties": { "Longitude": 0.13336114031383772, "Latitude": 27.0 }, "geometry": { "type": "Point", "coordinates": [ 0.133361140313838, 27.0 ] } },
{ "type": "Feature", "properties": { "Longitude": -1.5501282161376935, "Latitude": 27.0 }, "geometry": { "type": "Point", "coordinates": [ -1.550128216137693, 27.0 ] } },
{ "type": "Feature", "properties": { "Longitude": 3.5003398532169001, "Latitude": 27.0 }, "geometry": { "type": "Point", "coordinates": [ 3.5003398532169, 27.0 ] } },
{ "type": "Feature", "properties": { "Longitude": 1.8168504967653689, "Latitude": 27.0 }, "geometry": { "type": "Point", "coordinates": [ 1.816850496765369, 27.0 ] } },
{ "type": "Feature", "properties": { "Longitude": -0.78182396457009418, "Latitude": 28.5 }, "geometry": { "type": "Point", "coordinates": [ -0.781823964570094, 28.5 ] } },
{ "type": "Feature", "properties": { "Longitude": -2.4886637363360933, "Latitude": 28.5 }, "geometry": { "type": "Point", "coordinates": [ -2.488663736336093, 28.5 ] } },
{ "type": "Feature", "properties": { "Longitude": 0.92501580719590493, "Latitude": 28.5 }, "geometry": { "type": "Point", "coordinates": [ 0.925015807195905, 28.5 ] } },
{ "type": "Feature", "properties": { "Longitude": 2.631855578961904, "Latitude": 28.5 }, "geometry": { "type": "Point", "coordinates": [ 2.631855578961904, 28.5 ] } },
{ "type": "Feature", "properties": { "Longitude": 17.765245118719889, "Latitude": 25.5 }, "geometry": { "type": "Point", "coordinates": [ 17.765245118719889, 25.5 ] } },
{ "type": "Feature", "properties": { "Longitude": 16.103352302596193, "Latitude": 25.5 }, "geometry": { "type": "Point", "coordinates": [ 16.103352302596193, 25.5 ] } },
{ "type": "Feature", "properties": { "Longitude": 14.441459486472496, "Latitude": 25.5 }, "geometry": { "type": "Point", "coordinates": [ 14.441459486472496, 25.5 ] } },
{ "type": "Feature", "properties": { "Longitude": 16.96825470482915, "Latitude": 27.0 }, "geometry": { "type": "Point", "coordinates": [ 16.96825470482915, 27.0 ] } },
{ "type": "Feature", "properties": { "Longitude": 13.601275991926087, "Latitude": 27.0 }, "geometry": { "type": "Point", "coordinates": [ 13.601275991926087, 27.0 ] } },
{ "type": "Feature", "properties": { "Longitude": 20.335233417732212, "Latitude": 27.0 }, "geometry": { "type": "Point", "coordinates": [ 20.335233417732212, 27.0 ] } },
{ "type": "Feature", "properties": { "Longitude": 15.284765348377618, "Latitude": 27.0 }, "geometry": { "type": "Point", "coordinates": [ 15.284765348377618, 27.0 ] } },
{ "type": "Feature", "properties": { "Longitude": 18.651744061280681, "Latitude": 27.0 }, "geometry": { "type": "Point", "coordinates": [ 18.651744061280681, 27.0 ] } },
{ "type": "Feature", "properties": { "Longitude": 14.579733981323898, "Latitude": 28.5 }, "geometry": { "type": "Point", "coordinates": [ 14.579733981323898, 28.5 ] } },
{ "type": "Feature", "properties": { "Longitude": 16.286573753089897, "Latitude": 28.5 }, "geometry": { "type": "Point", "coordinates": [ 16.286573753089897, 28.5 ] } },
{ "type": "Feature", "properties": { "Longitude": 22.018722774183743, "Latitude": 27.0 }, "geometry": { "type": "Point", "coordinates": [ 22.018722774183743, 27.0 ] } },
{ "type": "Feature", "properties": { "Longitude": 23.702212130635274, "Latitude": 27.0 }, "geometry": { "type": "Point", "coordinates": [ 23.702212130635274, 27.0 ] } },
{ "type": "Feature", "properties": { "Longitude": 25.385701487086806, "Latitude": 27.0 }, "geometry": { "type": "Point", "coordinates": [ 25.385701487086806, 27.0 ] } },
{ "type": "Feature", "properties": { "Longitude": 27.069190843538337, "Latitude": 27.0 }, "geometry": { "type": "Point", "coordinates": [ 27.069190843538337, 27.0 ] } },
{ "type": "Feature", "properties": { "Longitude": 26.527612383685891, "Latitude": 28.5 }, "geometry": { "type": "Point", "coordinates": [ 26.527612383685891, 28.5 ] } },
{ "type": "Feature", "properties": { "Longitude": 23.113932840153893, "Latitude": 28.5 }, "geometry": { "type": "Point", "coordinates": [ 23.113932840153893, 28.5 ] } },
{ "type": "Feature", "properties": { "Longitude": 21.407093068387894, "Latitude": 28.5 }, "geometry": { "type": "Point", "coordinates": [ 21.407093068387894, 28.5 ] } },
{ "type": "Feature", "properties": { "Longitude": 28.234452155451891, "Latitude": 28.5 }, "geometry": { "type": "Point", "coordinates": [ 28.234452155451891, 28.5 ] } },
{ "type": "Feature", "properties": { "Longitude": 24.820772611919892, "Latitude": 28.5 }, "geometry": { "type": "Point", "coordinates": [ 24.820772611919892, 28.5 ] } },
{ "type": "Feature", "properties": { "Longitude": 26.114046100695276, "Latitude": 30.0 }, "geometry": { "type": "Point", "coordinates": [ 26.114046100695276, 30.0 ] } },
{ "type": "Feature", "properties": { "Longitude": -4.1955035081020924, "Latitude": 28.5 }, "geometry": { "type": "Point", "coordinates": [ -4.195503508102092, 28.5 ] } },
{ "type": "Feature", "properties": { "Longitude": 1.8653347947311261, "Latitude": 30.0 }, "geometry": { "type": "Point", "coordinates": [ 1.865334794731126, 30.0 ] } },
{ "type": "Feature", "properties": { "Longitude": -3.3308176279754775, "Latitude": 30.0 }, "geometry": { "type": "Point", "coordinates": [ -3.330817627975478, 30.0 ] } },
{ "type": "Feature", "properties": { "Longitude": 3.5973856022999939, "Latitude": 30.0 }, "geometry": { "type": "Point", "coordinates": [ 3.597385602299994, 30.0 ] } },
{ "type": "Feature", "properties": { "Longitude": 0.1332839871622582, "Latitude": 30.0 }, "geometry": { "type": "Point", "coordinates": [ 0.133283987162258, 30.0 ] } },
{ "type": "Feature", "properties": { "Longitude": -1.5987668204066097, "Latitude": 30.0 }, "geometry": { "type": "Point", "coordinates": [ -1.59876682040661, 30.0 ] } },
{ "type": "Feature", "properties": { "Longitude": 2.9611206717866025, "Latitude": 31.5 }, "geometry": { "type": "Point", "coordinates": [ 2.961120671786603, 31.5 ] } },
{ "type": "Feature", "properties": { "Longitude": 1.2018791268655775, "Latitude": 31.5 }, "geometry": { "type": "Point", "coordinates": [ 1.201879126865578, 31.5 ] } },
{ "type": "Feature", "properties": { "Longitude": -0.55736241805544751, "Latitude": 31.5 }, "geometry": { "type": "Point", "coordinates": [ -0.557362418055448, 31.5 ] } },
{ "type": "Feature", "properties": { "Longitude": -4.0758455078974976, "Latitude": 31.5 }, "geometry": { "type": "Point", "coordinates": [ -4.075845507897498, 31.5 ] } },
{ "type": "Feature", "properties": { "Longitude": 17.993413524855896, "Latitude": 28.5 }, "geometry": { "type": "Point", "coordinates": [ 17.993413524855896, 28.5 ] } },
{ "type": "Feature", "properties": { "Longitude": 19.700253296621895, "Latitude": 28.5 }, "geometry": { "type": "Point", "coordinates": [ 19.700253296621895, 28.5 ] } },
{ "type": "Feature", "properties": { "Longitude": 12.872894209557899, "Latitude": 28.5 }, "geometry": { "type": "Point", "coordinates": [ 12.872894209557899, 28.5 ] } },
{ "type": "Feature", "properties": { "Longitude": 17.453792062850937, "Latitude": 30.0 }, "geometry": { "type": "Point", "coordinates": [ 17.453792062850937, 30.0 ] } },
{ "type": "Feature", "properties": { "Longitude": 12.257639640144333, "Latitude": 30.0 }, "geometry": { "type": "Point", "coordinates": [ 12.257639640144333, 30.0 ] } },
{ "type": "Feature", "properties": { "Longitude": 19.185842870419805, "Latitude": 30.0 }, "geometry": { "type": "Point", "coordinates": [ 19.185842870419805, 30.0 ] } },
{ "type": "Feature", "properties": { "Longitude": 15.721741255282069, "Latitude": 30.0 }, "geometry": { "type": "Point", "coordinates": [ 15.721741255282069, 30.0 ] } },
{ "type": "Feature", "properties": { "Longitude": 13.989690447713201, "Latitude": 30.0 }, "geometry": { "type": "Point", "coordinates": [ 13.989690447713201, 30.0 ] } },
{ "type": "Feature", "properties": { "Longitude": 13.516569941312753, "Latitude": 31.5 }, "geometry": { "type": "Point", "coordinates": [ 13.516569941312753, 31.5 ] } },
{ "type": "Feature", "properties": { "Longitude": 15.275811486233778, "Latitude": 31.5 }, "geometry": { "type": "Point", "coordinates": [ 15.275811486233778, 31.5 ] } },
{ "type": "Feature", "properties": { "Longitude": 4.3386953507279031, "Latitude": 28.5 }, "geometry": { "type": "Point", "coordinates": [ 4.338695350727903, 28.5 ] } },
{ "type": "Feature", "properties": { "Longitude": 9.4592146660259004, "Latitude": 28.5 }, "geometry": { "type": "Point", "coordinates": [ 9.4592146660259, 28.5 ] } },
{ "type": "Feature", "properties": { "Longitude": 6.0455351224939022, "Latitude": 28.5 }, "geometry": { "type": "Point", "coordinates": [ 6.045535122493902, 28.5 ] } },
{ "type": "Feature", "properties": { "Longitude": 7.7523748942599013, "Latitude": 28.5 }, "geometry": { "type": "Point", "coordinates": [ 7.752374894259901, 28.5 ] } },
{ "type": "Feature", "properties": { "Longitude": 11.1660544377919, "Latitude": 28.5 }, "geometry": { "type": "Point", "coordinates": [ 11.1660544377919, 28.5 ] } },
{ "type": "Feature", "properties": { "Longitude": 10.525588832575465, "Latitude": 30.0 }, "geometry": { "type": "Point", "coordinates": [ 10.525588832575465, 30.0 ] } },
{ "type": "Feature", "properties": { "Longitude": 7.0614872174377297, "Latitude": 30.0 }, "geometry": { "type": "Point", "coordinates": [ 7.06148721743773, 30.0 ] } },
{ "type": "Feature", "properties": { "Longitude": 8.7935380250065975, "Latitude": 30.0 }, "geometry": { "type": "Point", "coordinates": [ 8.793538025006598, 30.0 ] } },
{ "type": "Feature", "properties": { "Longitude": 5.3294364098688618, "Latitude": 30.0 }, "geometry": { "type": "Point", "coordinates": [ 5.329436409868862, 30.0 ] } },
{ "type": "Feature", "properties": { "Longitude": 6.4796037616286526, "Latitude": 31.5 }, "geometry": { "type": "Point", "coordinates": [ 6.479603761628653, 31.5 ] } },
{ "type": "Feature", "properties": { "Longitude": 20.917893677988673, "Latitude": 30.0 }, "geometry": { "type": "Point", "coordinates": [ 20.917893677988673, 30.0 ] } },
{ "type": "Feature", "properties": { "Longitude": 24.381995293126408, "Latitude": 30.0 }, "geometry": { "type": "Point", "coordinates": [ 24.381995293126408, 30.0 ] } },
{ "type": "Feature", "properties": { "Longitude": 22.64994448555754, "Latitude": 30.0 }, "geometry": { "type": "Point", "coordinates": [ 22.64994448555754, 30.0 ] } },
{ "type": "Feature", "properties": { "Longitude": 27.846096908264144, "Latitude": 30.0 }, "geometry": { "type": "Point", "coordinates": [ 27.846096908264144, 30.0 ] } },
{ "type": "Feature", "properties": { "Longitude": 22.312777665917878, "Latitude": 31.5 }, "geometry": { "type": "Point", "coordinates": [ 22.312777665917878, 31.5 ] } },
{ "type": "Feature", "properties": { "Longitude": 25.831260755759928, "Latitude": 31.5 }, "geometry": { "type": "Point", "coordinates": [ 25.831260755759928, 31.5 ] } },
{ "type": "Feature", "properties": { "Longitude": 24.072019210838903, "Latitude": 31.5 }, "geometry": { "type": "Point", "coordinates": [ 24.072019210838903, 31.5 ] } },
{ "type": "Feature", "properties": { "Longitude": 20.553536120996853, "Latitude": 31.5 }, "geometry": { "type": "Point", "coordinates": [ 20.553536120996853, 31.5 ] } },
{ "type": "Feature", "properties": { "Longitude": 76.29162698443929, "Latitude": 10.5 }, "geometry": { "type": "Point", "coordinates": [ 76.29162698443929, 10.5 ] } },
{ "type": "Feature", "properties": { "Longitude": 76.096319013691925, "Latitude": 12.0 }, "geometry": { "type": "Point", "coordinates": [ 76.096319013691925, 12.0 ] } },
{ "type": "Feature", "properties": { "Longitude": 79.163340798287038, "Latitude": 12.0 }, "geometry": { "type": "Point", "coordinates": [ 79.163340798287038, 12.0 ] } },
{ "type": "Feature", "properties": { "Longitude": 77.629829905989482, "Latitude": 12.0 }, "geometry": { "type": "Point", "coordinates": [ 77.629829905989482, 12.0 ] } },
{ "type": "Feature", "properties": { "Longitude": 76.075383222635139, "Latitude": 13.5 }, "geometry": { "type": "Point", "coordinates": [ 76.075383222635139, 13.5 ] } },
{ "type": "Feature", "properties": { "Longitude": 77.618006013132913, "Latitude": 13.5 }, "geometry": { "type": "Point", "coordinates": [ 77.618006013132913, 13.5 ] } },
{ "type": "Feature", "properties": { "Longitude": 79.160628803630743, "Latitude": 13.5 }, "geometry": { "type": "Point", "coordinates": [ 79.160628803630743, 13.5 ] } },
{ "type": "Feature", "properties": { "Longitude": 77.783768922112131, "Latitude": 15.0 }, "geometry": { "type": "Point", "coordinates": [ 77.783768922112131, 15.0 ] } },
{ "type": "Feature", "properties": { "Longitude": 74.677940380881864, "Latitude": 15.0 }, "geometry": { "type": "Point", "coordinates": [ 74.677940380881864, 15.0 ] } },
{ "type": "Feature", "properties": { "Longitude": 76.230854651496998, "Latitude": 15.0 }, "geometry": { "type": "Point", "coordinates": [ 76.230854651496998, 15.0 ] } },
{ "type": "Feature", "properties": { "Longitude": 79.336683192727264, "Latitude": 15.0 }, "geometry": { "type": "Point", "coordinates": [ 79.336683192727264, 15.0 ] } },
{ "type": "Feature", "properties": { "Longitude": 78.129855904587771, "Latitude": 16.5 }, "geometry": { "type": "Point", "coordinates": [ 78.129855904587771, 16.5 ] } },
{ "type": "Feature", "properties": { "Longitude": 73.436585797231658, "Latitude": 16.5 }, "geometry": { "type": "Point", "coordinates": [ 73.436585797231658, 16.5 ] } },
{ "type": "Feature", "properties": { "Longitude": 75.001009166350372, "Latitude": 16.5 }, "geometry": { "type": "Point", "coordinates": [ 75.001009166350372, 16.5 ] } },
{ "type": "Feature", "properties": { "Longitude": 76.565432535469085, "Latitude": 16.5 }, "geometry": { "type": "Point", "coordinates": [ 76.565432535469085, 16.5 ] } },
{ "type": "Feature", "properties": { "Longitude": 78.659707162613017, "Latitude": 18.0 }, "geometry": { "type": "Point", "coordinates": [ 78.659707162613017, 18.0 ] } },
{ "type": "Feature", "properties": { "Longitude": 73.928127153540828, "Latitude": 18.0 }, "geometry": { "type": "Point", "coordinates": [ 73.928127153540828, 18.0 ] } },
{ "type": "Feature", "properties": { "Longitude": 75.505320489898224, "Latitude": 18.0 }, "geometry": { "type": "Point", "coordinates": [ 75.505320489898224, 18.0 ] } },
{ "type": "Feature", "properties": { "Longitude": 55.001807117252071, "Latitude": 18.0 }, "geometry": { "type": "Point", "coordinates": [ 55.001807117252071, 18.0 ] } },
{ "type": "Feature", "properties": { "Longitude": 55.508411307868755, "Latitude": 19.5 }, "geometry": { "type": "Point", "coordinates": [ 55.508411307868755, 19.5 ] } },
{ "type": "Feature", "properties": { "Longitude": 57.099684357246247, "Latitude": 19.5 }, "geometry": { "type": "Point", "coordinates": [ 57.099684357246247, 19.5 ] } },
{ "type": "Feature", "properties": { "Longitude": 56.187471096963975, "Latitude": 21.0 }, "geometry": { "type": "Point", "coordinates": [ 56.187471096963975, 21.0 ] } },
{ "type": "Feature", "properties": { "Longitude": 103.69951507504794, "Latitude": 12.0 }, "geometry": { "type": "Point", "coordinates": [ 103.699515075047941, 12.0 ] } },
{ "type": "Feature", "properties": { "Longitude": 102.29997066109775, "Latitude": 13.5 }, "geometry": { "type": "Point", "coordinates": [ 102.299970661097746, 13.5 ] } },
{ "type": "Feature", "properties": { "Longitude": 103.84259345159558, "Latitude": 13.5 }, "geometry": { "type": "Point", "coordinates": [ 103.842593451595576, 13.5 ] } },
{ "type": "Feature", "properties": { "Longitude": 99.214725080102198, "Latitude": 13.5 }, "geometry": { "type": "Point", "coordinates": [ 99.214725080102198, 13.5 ] } },
{ "type": "Feature", "properties": { "Longitude": 100.75734787059997, "Latitude": 13.5 }, "geometry": { "type": "Point", "coordinates": [ 100.757347870599972, 13.5 ] } },
{ "type": "Feature", "properties": { "Longitude": 97.971654440108864, "Latitude": 15.0 }, "geometry": { "type": "Point", "coordinates": [ 97.971654440108864, 15.0 ] } },
{ "type": "Feature", "properties": { "Longitude": 102.63039725195426, "Latitude": 15.0 }, "geometry": { "type": "Point", "coordinates": [ 102.630397251954264, 15.0 ] } },
{ "type": "Feature", "properties": { "Longitude": 99.524568710723997, "Latitude": 15.0 }, "geometry": { "type": "Point", "coordinates": [ 99.524568710723997, 15.0 ] } },
{ "type": "Feature", "properties": { "Longitude": 101.07748298133913, "Latitude": 15.0 }, "geometry": { "type": "Point", "coordinates": [ 101.077482981339131, 15.0 ] } },
{ "type": "Feature", "properties": { "Longitude": 104.1833115225694, "Latitude": 15.0 }, "geometry": { "type": "Point", "coordinates": [ 104.183311522569397, 15.0 ] } },
{ "type": "Feature", "properties": { "Longitude": 98.467359703131081, "Latitude": 16.5 }, "geometry": { "type": "Point", "coordinates": [ 98.467359703131081, 16.5 ] } },
{ "type": "Feature", "properties": { "Longitude": 103.16062981048719, "Latitude": 16.5 }, "geometry": { "type": "Point", "coordinates": [ 103.160629810487194, 16.5 ] } },
{ "type": "Feature", "properties": { "Longitude": 100.03178307224982, "Latitude": 16.5 }, "geometry": { "type": "Point", "coordinates": [ 100.031783072249823, 16.5 ] } },
{ "type": "Feature", "properties": { "Longitude": 101.59620644136851, "Latitude": 16.5 }, "geometry": { "type": "Point", "coordinates": [ 101.596206441368508, 16.5 ] } },
{ "type": "Feature", "properties": { "Longitude": 102.31760720797399, "Latitude": 18.0 }, "geometry": { "type": "Point", "coordinates": [ 102.317607207973992, 18.0 ] } },
{ "type": "Feature", "properties": { "Longitude": 81.258702642825256, "Latitude": 16.5 }, "geometry": { "type": "Point", "coordinates": [ 81.258702642825256, 16.5 ] } },
{ "type": "Feature", "properties": { "Longitude": 79.694279273706513, "Latitude": 16.5 }, "geometry": { "type": "Point", "coordinates": [ 79.694279273706513, 16.5 ] } },
{ "type": "Feature", "properties": { "Longitude": 80.236900498970385, "Latitude": 18.0 }, "geometry": { "type": "Point", "coordinates": [ 80.236900498970385, 18.0 ] } },
{ "type": "Feature", "properties": { "Longitude": 81.81409383532781, "Latitude": 18.0 }, "geometry": { "type": "Point", "coordinates": [ 81.81409383532781, 18.0 ] } },
{ "type": "Feature", "properties": { "Longitude": 95.338512964893653, "Latitude": 16.5 }, "geometry": { "type": "Point", "coordinates": [ 95.338512964893653, 16.5 ] } },
{ "type": "Feature", "properties": { "Longitude": 94.431640526186982, "Latitude": 18.0 }, "geometry": { "type": "Point", "coordinates": [ 94.431640526186982, 18.0 ] } },
{ "type": "Feature", "properties": { "Longitude": 96.008833862544407, "Latitude": 18.0 }, "geometry": { "type": "Point", "coordinates": [ 96.008833862544407, 18.0 ] } },
{ "type": "Feature", "properties": { "Longitude": 95.290237542306045, "Latitude": 19.5 }, "geometry": { "type": "Point", "coordinates": [ 95.290237542306045, 19.5 ] } },
{ "type": "Feature", "properties": { "Longitude": 93.698964492928553, "Latitude": 19.5 }, "geometry": { "type": "Point", "coordinates": [ 93.698964492928553, 19.5 ] } },
{ "type": "Feature", "properties": { "Longitude": 93.141973377441332, "Latitude": 21.0 }, "geometry": { "type": "Point", "coordinates": [ 93.141973377441332, 21.0 ] } },
{ "type": "Feature", "properties": { "Longitude": 100.74041387161657, "Latitude": 18.0 }, "geometry": { "type": "Point", "coordinates": [ 100.740413871616568, 18.0 ] } },
{ "type": "Feature", "properties": { "Longitude": 97.586027198901775, "Latitude": 18.0 }, "geometry": { "type": "Point", "coordinates": [ 97.586027198901775, 18.0 ] } },
{ "type": "Feature", "properties": { "Longitude": 103.89480054433136, "Latitude": 18.0 }, "geometry": { "type": "Point", "coordinates": [ 103.89480054433136, 18.0 ] } },
{ "type": "Feature", "properties": { "Longitude": 99.163220535259143, "Latitude": 18.0 }, "geometry": { "type": "Point", "coordinates": [ 99.163220535259143, 18.0 ] } },
{ "type": "Feature", "properties": { "Longitude": 103.2466027891935, "Latitude": 19.5 }, "geometry": { "type": "Point", "coordinates": [ 103.246602789193503, 19.5 ] } },
{ "type": "Feature", "properties": { "Longitude": 101.65532973981601, "Latitude": 19.5 }, "geometry": { "type": "Point", "coordinates": [ 101.655329739816011, 19.5 ] } },
{ "type": "Feature", "properties": { "Longitude": 100.06405669043852, "Latitude": 19.5 }, "geometry": { "type": "Point", "coordinates": [ 100.06405669043852, 19.5 ] } },
{ "type": "Feature", "properties": { "Longitude": 96.881510591683536, "Latitude": 19.5 }, "geometry": { "type": "Point", "coordinates": [ 96.881510591683536, 19.5 ] } },
{ "type": "Feature", "properties": { "Longitude": 98.472783641061028, "Latitude": 19.5 }, "geometry": { "type": "Point", "coordinates": [ 98.472783641061028, 19.5 ] } },
{ "type": "Feature", "properties": { "Longitude": 97.962125848807943, "Latitude": 21.0 }, "geometry": { "type": "Point", "coordinates": [ 97.962125848807943, 21.0 ] } },
{ "type": "Feature", "properties": { "Longitude": 83.391287171685235, "Latitude": 18.0 }, "geometry": { "type": "Point", "coordinates": [ 83.391287171685235, 18.0 ] } },
{ "type": "Feature", "properties": { "Longitude": 79.377507048531129, "Latitude": 19.5 }, "geometry": { "type": "Point", "coordinates": [ 79.377507048531129, 19.5 ] } },
{ "type": "Feature", "properties": { "Longitude": 84.151326196663604, "Latitude": 19.5 }, "geometry": { "type": "Point", "coordinates": [ 84.151326196663604, 19.5 ] } },
{ "type": "Feature", "properties": { "Longitude": 82.560053147286112, "Latitude": 19.5 }, "geometry": { "type": "Point", "coordinates": [ 82.560053147286112, 19.5 ] } },
{ "type": "Feature", "properties": { "Longitude": 80.968780097908621, "Latitude": 19.5 }, "geometry": { "type": "Point", "coordinates": [ 80.968780097908621, 19.5 ] } },
{ "type": "Feature", "properties": { "Longitude": 80.288233453797034, "Latitude": 21.0 }, "geometry": { "type": "Point", "coordinates": [ 80.288233453797034, 21.0 ] } },
{ "type": "Feature", "properties": { "Longitude": 96.355408358352406, "Latitude": 21.0 }, "geometry": { "type": "Point", "coordinates": [ 96.355408358352406, 21.0 ] } },
{ "type": "Feature", "properties": { "Longitude": 99.568843339263481, "Latitude": 21.0 }, "geometry": { "type": "Point", "coordinates": [ 99.568843339263481, 21.0 ] } },
{ "type": "Feature", "properties": { "Longitude": 101.17556082971902, "Latitude": 21.0 }, "geometry": { "type": "Point", "coordinates": [ 101.175560829719018, 21.0 ] } },
{ "type": "Feature", "properties": { "Longitude": 102.78227832017456, "Latitude": 21.0 }, "geometry": { "type": "Point", "coordinates": [ 102.782278320174555, 21.0 ] } },
{ "type": "Feature", "properties": { "Longitude": 104.38899581063009, "Latitude": 21.0 }, "geometry": { "type": "Point", "coordinates": [ 104.388995810630092, 21.0 ] } },
{ "type": "Feature", "properties": { "Longitude": 100.8807759758775, "Latitude": 22.5 }, "geometry": { "type": "Point", "coordinates": [ 100.880775975877498, 22.5 ] } },
{ "type": "Feature", "properties": { "Longitude": 99.2571876754389, "Latitude": 22.5 }, "geometry": { "type": "Point", "coordinates": [ 99.2571876754389, 22.5 ] } },
{ "type": "Feature", "properties": { "Longitude": 97.633599375000301, "Latitude": 22.5 }, "geometry": { "type": "Point", "coordinates": [ 97.633599375000301, 22.5 ] } },
{ "type": "Feature", "properties": { "Longitude": 104.12795257675469, "Latitude": 22.5 }, "geometry": { "type": "Point", "coordinates": [ 104.127952576754694, 22.5 ] } },
{ "type": "Feature", "properties": { "Longitude": 102.5043642763161, "Latitude": 22.5 }, "geometry": { "type": "Point", "coordinates": [ 102.504364276316096, 22.5 ] } },
{ "type": "Feature", "properties": { "Longitude": 94.748690867896869, "Latitude": 21.0 }, "geometry": { "type": "Point", "coordinates": [ 94.748690867896869, 21.0 ] } },
{ "type": "Feature", "properties": { "Longitude": 89.51565787280731, "Latitude": 22.5 }, "geometry": { "type": "Point", "coordinates": [ 89.51565787280731, 22.5 ] } },
{ "type": "Feature", "properties": { "Longitude": 96.010011074561703, "Latitude": 22.5 }, "geometry": { "type": "Point", "coordinates": [ 96.010011074561703, 22.5 ] } },
{ "type": "Feature", "properties": { "Longitude": 92.762834473684507, "Latitude": 22.5 }, "geometry": { "type": "Point", "coordinates": [ 92.762834473684507, 22.5 ] } },
{ "type": "Feature", "properties": { "Longitude": 94.386422774123105, "Latitude": 22.5 }, "geometry": { "type": "Point", "coordinates": [ 94.386422774123105, 22.5 ] } },
{ "type": "Feature", "properties": { "Longitude": 87.892069572368712, "Latitude": 22.5 }, "geometry": { "type": "Point", "coordinates": [ 87.892069572368712, 22.5 ] } },
{ "type": "Feature", "properties": { "Longitude": 89.280524512489251, "Latitude": 24.0 }, "geometry": { "type": "Point", "coordinates": [ 89.280524512489251, 24.0 ] } },
{ "type": "Feature", "properties": { "Longitude": 25.035133726461538, "Latitude": 18.0 }, "geometry": { "type": "Point", "coordinates": [ 25.035133726461538, 18.0 ] } },
{ "type": "Feature", "properties": { "Longitude": 28.189520399176331, "Latitude": 18.0 }, "geometry": { "type": "Point", "coordinates": [ 28.189520399176331, 18.0 ] } },
{ "type": "Feature", "properties": { "Longitude": 23.457940390104142, "Latitude": 18.0 }, "geometry": { "type": "Point", "coordinates": [ 23.457940390104142, 18.0 ] } },
{ "type": "Feature", "properties": { "Longitude": 25.274223369696415, "Latitude": 19.5 }, "geometry": { "type": "Point", "coordinates": [ 25.274223369696415, 19.5 ] } },
{ "type": "Feature", "properties": { "Longitude": 28.456769468451398, "Latitude": 19.5 }, "geometry": { "type": "Point", "coordinates": [ 28.456769468451398, 19.5 ] } },
{ "type": "Feature", "properties": { "Longitude": 26.865496419073907, "Latitude": 19.5 }, "geometry": { "type": "Point", "coordinates": [ 26.865496419073907, 19.5 ] } },
{ "type": "Feature", "properties": { "Longitude": 23.682950320318923, "Latitude": 19.5 }, "geometry": { "type": "Point", "coordinates": [ 23.682950320318923, 19.5 ] } },
{ "type": "Feature", "properties": { "Longitude": 22.091677270941432, "Latitude": 19.5 }, "geometry": { "type": "Point", "coordinates": [ 22.091677270941432, 19.5 ] } },
{ "type": "Feature", "properties": { "Longitude": 27.266556268764305, "Latitude": 21.0 }, "geometry": { "type": "Point", "coordinates": [ 27.266556268764305, 21.0 ] } },
{ "type": "Feature", "properties": { "Longitude": 22.446403797397693, "Latitude": 21.0 }, "geometry": { "type": "Point", "coordinates": [ 22.446403797397693, 21.0 ] } },
{ "type": "Feature", "properties": { "Longitude": 51.847420444537278, "Latitude": 18.0 }, "geometry": { "type": "Point", "coordinates": [ 51.847420444537278, 18.0 ] } },
{ "type": "Feature", "properties": { "Longitude": 53.917138258491264, "Latitude": 19.5 }, "geometry": { "type": "Point", "coordinates": [ 53.917138258491264, 19.5 ] } },
{ "type": "Feature", "properties": { "Longitude": 50.73459215973628, "Latitude": 19.5 }, "geometry": { "type": "Point", "coordinates": [ 50.73459215973628, 19.5 ] } },
{ "type": "Feature", "properties": { "Longitude": 47.552046060981297, "Latitude": 19.5 }, "geometry": { "type": "Point", "coordinates": [ 47.552046060981297, 19.5 ] } },
{ "type": "Feature", "properties": { "Longitude": 49.143319110358789, "Latitude": 19.5 }, "geometry": { "type": "Point", "coordinates": [ 49.143319110358789, 19.5 ] } },
{ "type": "Feature", "properties": { "Longitude": 45.960773011603806, "Latitude": 19.5 }, "geometry": { "type": "Point", "coordinates": [ 45.960773011603806, 19.5 ] } },
{ "type": "Feature", "properties": { "Longitude": 52.325865209113772, "Latitude": 19.5 }, "geometry": { "type": "Point", "coordinates": [ 52.325865209113772, 19.5 ] } },
{ "type": "Feature", "properties": { "Longitude": 46.547166154230752, "Latitude": 21.0 }, "geometry": { "type": "Point", "coordinates": [ 46.547166154230752, 21.0 ] } },
{ "type": "Feature", "properties": { "Longitude": 51.367318625597363, "Latitude": 21.0 }, "geometry": { "type": "Point", "coordinates": [ 51.367318625597363, 21.0 ] } },
{ "type": "Feature", "properties": { "Longitude": 48.153883644686289, "Latitude": 21.0 }, "geometry": { "type": "Point", "coordinates": [ 48.153883644686289, 21.0 ] } },
{ "type": "Feature", "properties": { "Longitude": 33.230588616583873, "Latitude": 19.5 }, "geometry": { "type": "Point", "coordinates": [ 33.230588616583873, 19.5 ] } },
{ "type": "Feature", "properties": { "Longitude": 36.413134715338856, "Latitude": 19.5 }, "geometry": { "type": "Point", "coordinates": [ 36.413134715338856, 19.5 ] } },
{ "type": "Feature", "properties": { "Longitude": 30.04804251782889, "Latitude": 19.5 }, "geometry": { "type": "Point", "coordinates": [ 30.04804251782889, 19.5 ] } },
{ "type": "Feature", "properties": { "Longitude": 31.639315567206381, "Latitude": 19.5 }, "geometry": { "type": "Point", "coordinates": [ 31.639315567206381, 19.5 ] } },
{ "type": "Feature", "properties": { "Longitude": 34.821861665961364, "Latitude": 19.5 }, "geometry": { "type": "Point", "coordinates": [ 34.821861665961364, 19.5 ] } },
{ "type": "Feature", "properties": { "Longitude": 33.693426230586454, "Latitude": 21.0 }, "geometry": { "type": "Point", "coordinates": [ 33.693426230586454, 21.0 ] } },
{ "type": "Feature", "properties": { "Longitude": 32.086708740130916, "Latitude": 21.0 }, "geometry": { "type": "Point", "coordinates": [ 32.086708740130916, 21.0 ] } },
{ "type": "Feature", "properties": { "Longitude": 35.300143721041991, "Latitude": 21.0 }, "geometry": { "type": "Point", "coordinates": [ 35.300143721041991, 21.0 ] } },
{ "type": "Feature", "properties": { "Longitude": 36.906861211497528, "Latitude": 21.0 }, "geometry": { "type": "Point", "coordinates": [ 36.906861211497528, 21.0 ] } },
{ "type": "Feature", "properties": { "Longitude": 30.479991249675379, "Latitude": 21.0 }, "geometry": { "type": "Point", "coordinates": [ 30.479991249675379, 21.0 ] } },
{ "type": "Feature", "properties": { "Longitude": 41.72701368286414, "Latitude": 21.0 }, "geometry": { "type": "Point", "coordinates": [ 41.72701368286414, 21.0 ] } },
{ "type": "Feature", "properties": { "Longitude": 43.333731173319677, "Latitude": 21.0 }, "geometry": { "type": "Point", "coordinates": [ 43.333731173319677, 21.0 ] } },
{ "type": "Feature", "properties": { "Longitude": 40.120296192408603, "Latitude": 21.0 }, "geometry": { "type": "Point", "coordinates": [ 40.120296192408603, 21.0 ] } },
{ "type": "Feature", "properties": { "Longitude": 44.940448663775214, "Latitude": 21.0 }, "geometry": { "type": "Point", "coordinates": [ 44.940448663775214, 21.0 ] } },
{ "type": "Feature", "properties": { "Longitude": 44.055185460526559, "Latitude": 22.5 }, "geometry": { "type": "Point", "coordinates": [ 44.055185460526559, 22.5 ] } },
{ "type": "Feature", "properties": { "Longitude": 40.808008859649362, "Latitude": 22.5 }, "geometry": { "type": "Point", "coordinates": [ 40.808008859649362, 22.5 ] } },
{ "type": "Feature", "properties": { "Longitude": 39.184420559210764, "Latitude": 22.5 }, "geometry": { "type": "Point", "coordinates": [ 39.184420559210764, 22.5 ] } },
{ "type": "Feature", "properties": { "Longitude": 45.678773760965157, "Latitude": 22.5 }, "geometry": { "type": "Point", "coordinates": [ 45.678773760965157, 22.5 ] } },
{ "type": "Feature", "properties": { "Longitude": 49.760601135141826, "Latitude": 21.0 }, "geometry": { "type": "Point", "coordinates": [ 49.760601135141826, 21.0 ] } },
{ "type": "Feature", "properties": { "Longitude": 52.974036116052901, "Latitude": 21.0 }, "geometry": { "type": "Point", "coordinates": [ 52.974036116052901, 21.0 ] } },
{ "type": "Feature", "properties": { "Longitude": 50.549538662280952, "Latitude": 22.5 }, "geometry": { "type": "Point", "coordinates": [ 50.549538662280952, 22.5 ] } },
{ "type": "Feature", "properties": { "Longitude": 48.925950361842354, "Latitude": 22.5 }, "geometry": { "type": "Point", "coordinates": [ 48.925950361842354, 22.5 ] } },
{ "type": "Feature", "properties": { "Longitude": 52.17312696271955, "Latitude": 22.5 }, "geometry": { "type": "Point", "coordinates": [ 52.17312696271955, 22.5 ] } },
{ "type": "Feature", "properties": { "Longitude": 53.796715263158148, "Latitude": 22.5 }, "geometry": { "type": "Point", "coordinates": [ 53.796715263158148, 22.5 ] } },
{ "type": "Feature", "properties": { "Longitude": 47.302362061403755, "Latitude": 22.5 }, "geometry": { "type": "Point", "coordinates": [ 47.302362061403755, 22.5 ] } },
{ "type": "Feature", "properties": { "Longitude": 48.231664068512231, "Latitude": 24.0 }, "geometry": { "type": "Point", "coordinates": [ 48.231664068512231, 24.0 ] } },
{ "type": "Feature", "properties": { "Longitude": 46.58970965075315, "Latitude": 24.0 }, "geometry": { "type": "Point", "coordinates": [ 46.58970965075315, 24.0 ] } },
{ "type": "Feature", "properties": { "Longitude": 49.873618486271312, "Latitude": 24.0 }, "geometry": { "type": "Point", "coordinates": [ 49.873618486271312, 24.0 ] } },
{ "type": "Feature", "properties": { "Longitude": 32.690067357456371, "Latitude": 22.5 }, "geometry": { "type": "Point", "coordinates": [ 32.690067357456371, 22.5 ] } },
{ "type": "Feature", "properties": { "Longitude": 34.313655657894969, "Latitude": 22.5 }, "geometry": { "type": "Point", "coordinates": [ 34.313655657894969, 22.5 ] } },
{ "type": "Feature", "properties": { "Longitude": 31.066479057017773, "Latitude": 22.5 }, "geometry": { "type": "Point", "coordinates": [ 31.066479057017773, 22.5 ] } },
{ "type": "Feature", "properties": { "Longitude": 29.442890756579175, "Latitude": 22.5 }, "geometry": { "type": "Point", "coordinates": [ 29.442890756579175, 22.5 ] } },
{ "type": "Feature", "properties": { "Longitude": 35.937243958333568, "Latitude": 22.5 }, "geometry": { "type": "Point", "coordinates": [ 35.937243958333568, 22.5 ] } },
{ "type": "Feature", "properties": { "Longitude": 30.170165473162342, "Latitude": 24.0 }, "geometry": { "type": "Point", "coordinates": [ 30.170165473162342, 24.0 ] } },
{ "type": "Feature", "properties": { "Longitude": 33.454074308680504, "Latitude": 24.0 }, "geometry": { "type": "Point", "coordinates": [ 33.454074308680504, 24.0 ] } },
{ "type": "Feature", "properties": { "Longitude": 31.812119890921423, "Latitude": 24.0 }, "geometry": { "type": "Point", "coordinates": [ 31.812119890921423, 24.0 ] } },
{ "type": "Feature", "properties": { "Longitude": 35.096028726439584, "Latitude": 24.0 }, "geometry": { "type": "Point", "coordinates": [ 35.096028726439584, 24.0 ] } },
{ "type": "Feature", "properties": { "Longitude": 42.431597160087961, "Latitude": 22.5 }, "geometry": { "type": "Point", "coordinates": [ 42.431597160087961, 22.5 ] } },
{ "type": "Feature", "properties": { "Longitude": 40.021891979716827, "Latitude": 24.0 }, "geometry": { "type": "Point", "coordinates": [ 40.021891979716827, 24.0 ] } },
{ "type": "Feature", "properties": { "Longitude": 38.379937561957746, "Latitude": 24.0 }, "geometry": { "type": "Point", "coordinates": [ 38.379937561957746, 24.0 ] } },
{ "type": "Feature", "properties": { "Longitude": 43.305800815234988, "Latitude": 24.0 }, "geometry": { "type": "Point", "coordinates": [ 43.305800815234988, 24.0 ] } },
{ "type": "Feature", "properties": { "Longitude": 41.663846397475908, "Latitude": 24.0 }, "geometry": { "type": "Point", "coordinates": [ 41.663846397475908, 24.0 ] } },
{ "type": "Feature", "properties": { "Longitude": 44.947755232994069, "Latitude": 24.0 }, "geometry": { "type": "Point", "coordinates": [ 44.947755232994069, 24.0 ] } },
{ "type": "Feature", "properties": { "Longitude": 42.693637360575337, "Latitude": 25.5 }, "geometry": { "type": "Point", "coordinates": [ 42.693637360575337, 25.5 ] } },
{ "type": "Feature", "properties": { "Longitude": 37.707958912204248, "Latitude": 25.5 }, "geometry": { "type": "Point", "coordinates": [ 37.707958912204248, 25.5 ] } },
{ "type": "Feature", "properties": { "Longitude": 39.369851728327944, "Latitude": 25.5 }, "geometry": { "type": "Point", "coordinates": [ 39.369851728327944, 25.5 ] } },
{ "type": "Feature", "properties": { "Longitude": 44.355530176699034, "Latitude": 25.5 }, "geometry": { "type": "Point", "coordinates": [ 44.355530176699034, 25.5 ] } },
{ "type": "Feature", "properties": { "Longitude": 51.515572904030392, "Latitude": 24.0 }, "geometry": { "type": "Point", "coordinates": [ 51.515572904030392, 24.0 ] } },
{ "type": "Feature", "properties": { "Longitude": 53.157527321789473, "Latitude": 24.0 }, "geometry": { "type": "Point", "coordinates": [ 53.157527321789473, 24.0 ] } },
{ "type": "Feature", "properties": { "Longitude": 51.00310144119382, "Latitude": 25.5 }, "geometry": { "type": "Point", "coordinates": [ 51.00310144119382, 25.5 ] } },
{ "type": "Feature", "properties": { "Longitude": 47.679315808946427, "Latitude": 25.5 }, "geometry": { "type": "Point", "coordinates": [ 47.679315808946427, 25.5 ] } },
{ "type": "Feature", "properties": { "Longitude": 49.341208625070124, "Latitude": 25.5 }, "geometry": { "type": "Point", "coordinates": [ 49.341208625070124, 25.5 ] } },
{ "type": "Feature", "properties": { "Longitude": 46.017422992822731, "Latitude": 25.5 }, "geometry": { "type": "Point", "coordinates": [ 46.017422992822731, 25.5 ] } },
{ "type": "Feature", "properties": { "Longitude": 48.954552477408242, "Latitude": 27.0 }, "geometry": { "type": "Point", "coordinates": [ 48.954552477408242, 27.0 ] } },
{ "type": "Feature", "properties": { "Longitude": 47.271063120956711, "Latitude": 27.0 }, "geometry": { "type": "Point", "coordinates": [ 47.271063120956711, 27.0 ] } },
{ "type": "Feature", "properties": { "Longitude": 31.060387647709462, "Latitude": 25.5 }, "geometry": { "type": "Point", "coordinates": [ 31.060387647709462, 25.5 ] } },
{ "type": "Feature", "properties": { "Longitude": 34.384173279956855, "Latitude": 25.5 }, "geometry": { "type": "Point", "coordinates": [ 34.384173279956855, 25.5 ] } },
{ "type": "Feature", "properties": { "Longitude": 29.398494831585765, "Latitude": 25.5 }, "geometry": { "type": "Point", "coordinates": [ 29.398494831585765, 25.5 ] } },
{ "type": "Feature", "properties": { "Longitude": 32.722280463833158, "Latitude": 25.5 }, "geometry": { "type": "Point", "coordinates": [ 32.722280463833158, 25.5 ] } },
{ "type": "Feature", "properties": { "Longitude": 32.11965891289293, "Latitude": 27.0 }, "geometry": { "type": "Point", "coordinates": [ 32.11965891289293, 27.0 ] } },
{ "type": "Feature", "properties": { "Longitude": 30.436169556441399, "Latitude": 27.0 }, "geometry": { "type": "Point", "coordinates": [ 30.436169556441399, 27.0 ] } },
{ "type": "Feature", "properties": { "Longitude": 37.170126982247524, "Latitude": 27.0 }, "geometry": { "type": "Point", "coordinates": [ 37.170126982247524, 27.0 ] } },
{ "type": "Feature", "properties": { "Longitude": 41.031744544451641, "Latitude": 25.5 }, "geometry": { "type": "Point", "coordinates": [ 41.031744544451641, 25.5 ] } },
{ "type": "Feature", "properties": { "Longitude": 40.537105695150586, "Latitude": 27.0 }, "geometry": { "type": "Point", "coordinates": [ 40.537105695150586, 27.0 ] } },
{ "type": "Feature", "properties": { "Longitude": 42.220595051602118, "Latitude": 27.0 }, "geometry": { "type": "Point", "coordinates": [ 42.220595051602118, 27.0 ] } },
{ "type": "Feature", "properties": { "Longitude": 38.853616338699055, "Latitude": 27.0 }, "geometry": { "type": "Point", "coordinates": [ 38.853616338699055, 27.0 ] } },
{ "type": "Feature", "properties": { "Longitude": 43.904084408053649, "Latitude": 27.0 }, "geometry": { "type": "Point", "coordinates": [ 43.904084408053649, 27.0 ] } },
{ "type": "Feature", "properties": { "Longitude": 45.58757376450518, "Latitude": 27.0 }, "geometry": { "type": "Point", "coordinates": [ 45.58757376450518, 27.0 ] } },
{ "type": "Feature", "properties": { "Longitude": 43.596010101345883, "Latitude": 28.5 }, "geometry": { "type": "Point", "coordinates": [ 43.596010101345883, 28.5 ] } },
{ "type": "Feature", "properties": { "Longitude": 45.302849873111882, "Latitude": 28.5 }, "geometry": { "type": "Point", "coordinates": [ 45.302849873111882, 28.5 ] } },
{ "type": "Feature", "properties": { "Longitude": 41.889170329579883, "Latitude": 28.5 }, "geometry": { "type": "Point", "coordinates": [ 41.889170329579883, 28.5 ] } },
{ "type": "Feature", "properties": { "Longitude": 38.475490786047885, "Latitude": 28.5 }, "geometry": { "type": "Point", "coordinates": [ 38.475490786047885, 28.5 ] } },
{ "type": "Feature", "properties": { "Longitude": 77.082513826255649, "Latitude": 18.0 }, "geometry": { "type": "Point", "coordinates": [ 77.082513826255649, 18.0 ] } },
{ "type": "Feature", "properties": { "Longitude": 76.194960949776146, "Latitude": 19.5 }, "geometry": { "type": "Point", "coordinates": [ 76.194960949776146, 19.5 ] } },
{ "type": "Feature", "properties": { "Longitude": 74.603687900398654, "Latitude": 19.5 }, "geometry": { "type": "Point", "coordinates": [ 74.603687900398654, 19.5 ] } },
{ "type": "Feature", "properties": { "Longitude": 77.786233999153637, "Latitude": 19.5 }, "geometry": { "type": "Point", "coordinates": [ 77.786233999153637, 19.5 ] } },
{ "type": "Feature", "properties": { "Longitude": 73.012414851021163, "Latitude": 19.5 }, "geometry": { "type": "Point", "coordinates": [ 73.012414851021163, 19.5 ] } },
{ "type": "Feature", "properties": { "Longitude": 77.074798472885959, "Latitude": 21.0 }, "geometry": { "type": "Point", "coordinates": [ 77.074798472885959, 21.0 ] } },
{ "type": "Feature", "properties": { "Longitude": 75.468080982430422, "Latitude": 21.0 }, "geometry": { "type": "Point", "coordinates": [ 75.468080982430422, 21.0 ] } },
{ "type": "Feature", "properties": { "Longitude": 73.861363491974885, "Latitude": 21.0 }, "geometry": { "type": "Point", "coordinates": [ 73.861363491974885, 21.0 ] } },
{ "type": "Feature", "properties": { "Longitude": 78.681515963341496, "Latitude": 21.0 }, "geometry": { "type": "Point", "coordinates": [ 78.681515963341496, 21.0 ] } },
{ "type": "Feature", "properties": { "Longitude": 70.64792851106381, "Latitude": 21.0 }, "geometry": { "type": "Point", "coordinates": [ 70.64792851106381, 21.0 ] } },
{ "type": "Feature", "properties": { "Longitude": 70.032598267544131, "Latitude": 22.5 }, "geometry": { "type": "Point", "coordinates": [ 70.032598267544131, 22.5 ] } },
{ "type": "Feature", "properties": { "Longitude": 54.580753606508438, "Latitude": 21.0 }, "geometry": { "type": "Point", "coordinates": [ 54.580753606508438, 21.0 ] } },
{ "type": "Feature", "properties": { "Longitude": 57.794188587419512, "Latitude": 21.0 }, "geometry": { "type": "Point", "coordinates": [ 57.794188587419512, 21.0 ] } },
{ "type": "Feature", "properties": { "Longitude": 57.043891864035345, "Latitude": 22.5 }, "geometry": { "type": "Point", "coordinates": [ 57.043891864035345, 22.5 ] } },
{ "type": "Feature", "properties": { "Longitude": 55.420303563596747, "Latitude": 22.5 }, "geometry": { "type": "Point", "coordinates": [ 55.420303563596747, 22.5 ] } },
{ "type": "Feature", "properties": { "Longitude": 58.667480164473943, "Latitude": 22.5 }, "geometry": { "type": "Point", "coordinates": [ 58.667480164473943, 22.5 ] } },
{ "type": "Feature", "properties": { "Longitude": 56.441436157307635, "Latitude": 24.0 }, "geometry": { "type": "Point", "coordinates": [ 56.441436157307635, 24.0 ] } },
{ "type": "Feature", "properties": { "Longitude": 76.526951469298524, "Latitude": 22.5 }, "geometry": { "type": "Point", "coordinates": [ 76.526951469298524, 22.5 ] } },
{ "type": "Feature", "properties": { "Longitude": 73.279774868421327, "Latitude": 22.5 }, "geometry": { "type": "Point", "coordinates": [ 73.279774868421327, 22.5 ] } },
{ "type": "Feature", "properties": { "Longitude": 74.903363168859926, "Latitude": 22.5 }, "geometry": { "type": "Point", "coordinates": [ 74.903363168859926, 22.5 ] } },
{ "type": "Feature", "properties": { "Longitude": 78.150539769737122, "Latitude": 22.5 }, "geometry": { "type": "Point", "coordinates": [ 78.150539769737122, 22.5 ] } },
{ "type": "Feature", "properties": { "Longitude": 71.656186567982729, "Latitude": 22.5 }, "geometry": { "type": "Point", "coordinates": [ 71.656186567982729, 22.5 ] } },
{ "type": "Feature", "properties": { "Longitude": 71.219025917139362, "Latitude": 24.0 }, "geometry": { "type": "Point", "coordinates": [ 71.219025917139362, 24.0 ] } },
{ "type": "Feature", "properties": { "Longitude": 77.786843588175657, "Latitude": 24.0 }, "geometry": { "type": "Point", "coordinates": [ 77.786843588175657, 24.0 ] } },
{ "type": "Feature", "properties": { "Longitude": 72.860980334898443, "Latitude": 24.0 }, "geometry": { "type": "Point", "coordinates": [ 72.860980334898443, 24.0 ] } },
{ "type": "Feature", "properties": { "Longitude": 76.144889170416604, "Latitude": 24.0 }, "geometry": { "type": "Point", "coordinates": [ 76.144889170416604, 24.0 ] } },
{ "type": "Feature", "properties": { "Longitude": 54.799481739548554, "Latitude": 24.0 }, "geometry": { "type": "Point", "coordinates": [ 54.799481739548554, 24.0 ] } },
{ "type": "Feature", "properties": { "Longitude": 59.312565521812303, "Latitude": 25.5 }, "geometry": { "type": "Point", "coordinates": [ 59.312565521812303, 25.5 ] } },
{ "type": "Feature", "properties": { "Longitude": 55.98877988956491, "Latitude": 25.5 }, "geometry": { "type": "Point", "coordinates": [ 55.98877988956491, 25.5 ] } },
{ "type": "Feature", "properties": { "Longitude": 60.974458337935999, "Latitude": 25.5 }, "geometry": { "type": "Point", "coordinates": [ 60.974458337935999, 25.5 ] } },
{ "type": "Feature", "properties": { "Longitude": 59.05548861611743, "Latitude": 27.0 }, "geometry": { "type": "Point", "coordinates": [ 59.05548861611743, 27.0 ] } },
{ "type": "Feature", "properties": { "Longitude": 74.502934752657524, "Latitude": 24.0 }, "geometry": { "type": "Point", "coordinates": [ 74.502934752657524, 24.0 ] } },
{ "type": "Feature", "properties": { "Longitude": 72.607708050801875, "Latitude": 25.5 }, "geometry": { "type": "Point", "coordinates": [ 72.607708050801875, 25.5 ] } },
{ "type": "Feature", "properties": { "Longitude": 75.931493683049268, "Latitude": 25.5 }, "geometry": { "type": "Point", "coordinates": [ 75.931493683049268, 25.5 ] } },
{ "type": "Feature", "properties": { "Longitude": 70.945815234678179, "Latitude": 25.5 }, "geometry": { "type": "Point", "coordinates": [ 70.945815234678179, 25.5 ] } },
{ "type": "Feature", "properties": { "Longitude": 77.593386499172993, "Latitude": 25.5 }, "geometry": { "type": "Point", "coordinates": [ 77.593386499172993, 25.5 ] } },
{ "type": "Feature", "properties": { "Longitude": 74.269600866925572, "Latitude": 25.5 }, "geometry": { "type": "Point", "coordinates": [ 74.269600866925572, 25.5 ] } },
{ "type": "Feature", "properties": { "Longitude": 79.255279315296661, "Latitude": 25.5 }, "geometry": { "type": "Point", "coordinates": [ 79.255279315296661, 25.5 ] } },
{ "type": "Feature", "properties": { "Longitude": 77.573871537084301, "Latitude": 27.0 }, "geometry": { "type": "Point", "coordinates": [ 77.573871537084301, 27.0 ] } },
{ "type": "Feature", "properties": { "Longitude": 75.890382180632741, "Latitude": 27.0 }, "geometry": { "type": "Point", "coordinates": [ 75.890382180632741, 27.0 ] } },
{ "type": "Feature", "properties": { "Longitude": 74.20689282418121, "Latitude": 27.0 }, "geometry": { "type": "Point", "coordinates": [ 74.20689282418121, 27.0 ] } },
{ "type": "Feature", "properties": { "Longitude": 67.9351170816212, "Latitude": 24.0 }, "geometry": { "type": "Point", "coordinates": [ 67.9351170816212, 24.0 ] } },
{ "type": "Feature", "properties": { "Longitude": 69.577071499380281, "Latitude": 24.0 }, "geometry": { "type": "Point", "coordinates": [ 69.577071499380281, 24.0 ] } },
{ "type": "Feature", "properties": { "Longitude": 64.298243970183393, "Latitude": 25.5 }, "geometry": { "type": "Point", "coordinates": [ 64.298243970183393, 25.5 ] } },
{ "type": "Feature", "properties": { "Longitude": 62.636351154059696, "Latitude": 25.5 }, "geometry": { "type": "Point", "coordinates": [ 62.636351154059696, 25.5 ] } },
{ "type": "Feature", "properties": { "Longitude": 65.960136786307089, "Latitude": 25.5 }, "geometry": { "type": "Point", "coordinates": [ 65.960136786307089, 25.5 ] } },
{ "type": "Feature", "properties": { "Longitude": 67.622029602430786, "Latitude": 25.5 }, "geometry": { "type": "Point", "coordinates": [ 67.622029602430786, 25.5 ] } },
{ "type": "Feature", "properties": { "Longitude": 69.283922418554482, "Latitude": 25.5 }, "geometry": { "type": "Point", "coordinates": [ 69.283922418554482, 25.5 ] } },
{ "type": "Feature", "properties": { "Longitude": 64.105956685472023, "Latitude": 27.0 }, "geometry": { "type": "Point", "coordinates": [ 64.105956685472023, 27.0 ] } },
{ "type": "Feature", "properties": { "Longitude": 57.371999259665898, "Latitude": 27.0 }, "geometry": { "type": "Point", "coordinates": [ 57.371999259665898, 27.0 ] } },
{ "type": "Feature", "properties": { "Longitude": 60.738977972568961, "Latitude": 27.0 }, "geometry": { "type": "Point", "coordinates": [ 60.738977972568961, 27.0 ] } },
{ "type": "Feature", "properties": { "Longitude": 54.005020546762836, "Latitude": 27.0 }, "geometry": { "type": "Point", "coordinates": [ 54.005020546762836, 27.0 ] } },
{ "type": "Feature", "properties": { "Longitude": 55.688509903214367, "Latitude": 27.0 }, "geometry": { "type": "Point", "coordinates": [ 55.688509903214367, 27.0 ] } },
{ "type": "Feature", "properties": { "Longitude": 62.422467329020492, "Latitude": 27.0 }, "geometry": { "type": "Point", "coordinates": [ 62.422467329020492, 27.0 ] } },
{ "type": "Feature", "properties": { "Longitude": 55.543888503707876, "Latitude": 28.5 }, "geometry": { "type": "Point", "coordinates": [ 55.543888503707876, 28.5 ] } },
{ "type": "Feature", "properties": { "Longitude": 58.957568047239874, "Latitude": 28.5 }, "geometry": { "type": "Point", "coordinates": [ 58.957568047239874, 28.5 ] } },
{ "type": "Feature", "properties": { "Longitude": 60.664407819005874, "Latitude": 28.5 }, "geometry": { "type": "Point", "coordinates": [ 60.664407819005874, 28.5 ] } },
{ "type": "Feature", "properties": { "Longitude": 57.250728275473875, "Latitude": 28.5 }, "geometry": { "type": "Point", "coordinates": [ 57.250728275473875, 28.5 ] } },
{ "type": "Feature", "properties": { "Longitude": 62.371247590771873, "Latitude": 28.5 }, "geometry": { "type": "Point", "coordinates": [ 62.371247590771873, 28.5 ] } },
{ "type": "Feature", "properties": { "Longitude": 47.009689644877881, "Latitude": 28.5 }, "geometry": { "type": "Point", "coordinates": [ 47.009689644877881, 28.5 ] } },
{ "type": "Feature", "properties": { "Longitude": 52.130208960175878, "Latitude": 28.5 }, "geometry": { "type": "Point", "coordinates": [ 52.130208960175878, 28.5 ] } },
{ "type": "Feature", "properties": { "Longitude": 53.837048731941877, "Latitude": 28.5 }, "geometry": { "type": "Point", "coordinates": [ 53.837048731941877, 28.5 ] } },
{ "type": "Feature", "properties": { "Longitude": 50.362757406659426, "Latitude": 30.0 }, "geometry": { "type": "Point", "coordinates": [ 50.362757406659426, 30.0 ] } },
{ "type": "Feature", "properties": { "Longitude": 48.630706599090558, "Latitude": 30.0 }, "geometry": { "type": "Point", "coordinates": [ 48.630706599090558, 30.0 ] } },
{ "type": "Feature", "properties": { "Longitude": 52.094808214228294, "Latitude": 30.0 }, "geometry": { "type": "Point", "coordinates": [ 52.094808214228294, 30.0 ] } },
{ "type": "Feature", "properties": { "Longitude": 53.826859021797162, "Latitude": 30.0 }, "geometry": { "type": "Point", "coordinates": [ 53.826859021797162, 30.0 ] } },
{ "type": "Feature", "properties": { "Longitude": 72.523403467729679, "Latitude": 27.0 }, "geometry": { "type": "Point", "coordinates": [ 72.523403467729679, 27.0 ] } },
{ "type": "Feature", "properties": { "Longitude": 79.257360893535804, "Latitude": 27.0 }, "geometry": { "type": "Point", "coordinates": [ 79.257360893535804, 27.0 ] } },
{ "type": "Feature", "properties": { "Longitude": 70.905446449601868, "Latitude": 28.5 }, "geometry": { "type": "Point", "coordinates": [ 70.905446449601868, 28.5 ] } },
{ "type": "Feature", "properties": { "Longitude": 77.732805536665865, "Latitude": 28.5 }, "geometry": { "type": "Point", "coordinates": [ 77.732805536665865, 28.5 ] } },
{ "type": "Feature", "properties": { "Longitude": 72.612286221367867, "Latitude": 28.5 }, "geometry": { "type": "Point", "coordinates": [ 72.612286221367867, 28.5 ] } },
{ "type": "Feature", "properties": { "Longitude": 76.025965764899865, "Latitude": 28.5 }, "geometry": { "type": "Point", "coordinates": [ 76.025965764899865, 28.5 ] } },
{ "type": "Feature", "properties": { "Longitude": 74.319125993133866, "Latitude": 28.5 }, "geometry": { "type": "Point", "coordinates": [ 74.319125993133866, 28.5 ] } },
{ "type": "Feature", "properties": { "Longitude": 72.879417905054709, "Latitude": 30.0 }, "geometry": { "type": "Point", "coordinates": [ 72.879417905054709, 30.0 ] } },
{ "type": "Feature", "properties": { "Longitude": 76.343519520192444, "Latitude": 30.0 }, "geometry": { "type": "Point", "coordinates": [ 76.343519520192444, 30.0 ] } },
{ "type": "Feature", "properties": { "Longitude": 74.611468712623576, "Latitude": 30.0 }, "geometry": { "type": "Point", "coordinates": [ 74.611468712623576, 30.0 ] } },
{ "type": "Feature", "properties": { "Longitude": 86.715103415619183, "Latitude": 21.0 }, "geometry": { "type": "Point", "coordinates": [ 86.715103415619183, 21.0 ] } },
{ "type": "Feature", "properties": { "Longitude": 85.108385925163645, "Latitude": 21.0 }, "geometry": { "type": "Point", "coordinates": [ 85.108385925163645, 21.0 ] } },
{ "type": "Feature", "properties": { "Longitude": 81.894950944252571, "Latitude": 21.0 }, "geometry": { "type": "Point", "coordinates": [ 81.894950944252571, 21.0 ] } },
{ "type": "Feature", "properties": { "Longitude": 83.501668434708108, "Latitude": 21.0 }, "geometry": { "type": "Point", "coordinates": [ 83.501668434708108, 21.0 ] } },
{ "type": "Feature", "properties": { "Longitude": 83.021304671052917, "Latitude": 22.5 }, "geometry": { "type": "Point", "coordinates": [ 83.021304671052917, 22.5 ] } },
{ "type": "Feature", "properties": { "Longitude": 81.397716370614319, "Latitude": 22.5 }, "geometry": { "type": "Point", "coordinates": [ 81.397716370614319, 22.5 ] } },
{ "type": "Feature", "properties": { "Longitude": 84.644892971491515, "Latitude": 22.5 }, "geometry": { "type": "Point", "coordinates": [ 84.644892971491515, 22.5 ] } },
{ "type": "Feature", "properties": { "Longitude": 86.268481271930114, "Latitude": 22.5 }, "geometry": { "type": "Point", "coordinates": [ 86.268481271930114, 22.5 ] } },
{ "type": "Feature", "properties": { "Longitude": 79.77412807017572, "Latitude": 22.5 }, "geometry": { "type": "Point", "coordinates": [ 79.77412807017572, 22.5 ] } },
{ "type": "Feature", "properties": { "Longitude": 79.428798005934766, "Latitude": 24.0 }, "geometry": { "type": "Point", "coordinates": [ 79.428798005934766, 24.0 ] } },
{ "type": "Feature", "properties": { "Longitude": 84.35466125921198, "Latitude": 24.0 }, "geometry": { "type": "Point", "coordinates": [ 84.35466125921198, 24.0 ] } },
{ "type": "Feature", "properties": { "Longitude": 82.712706841452928, "Latitude": 24.0 }, "geometry": { "type": "Point", "coordinates": [ 82.712706841452928, 24.0 ] } },
{ "type": "Feature", "properties": { "Longitude": 87.638570094730198, "Latitude": 24.0 }, "geometry": { "type": "Point", "coordinates": [ 87.638570094730198, 24.0 ] } },
{ "type": "Feature", "properties": { "Longitude": 85.996615676971089, "Latitude": 24.0 }, "geometry": { "type": "Point", "coordinates": [ 85.996615676971089, 24.0 ] } },
{ "type": "Feature", "properties": { "Longitude": 81.070752423693875, "Latitude": 24.0 }, "geometry": { "type": "Point", "coordinates": [ 81.070752423693875, 24.0 ] } },
{ "type": "Feature", "properties": { "Longitude": 82.579064947544055, "Latitude": 25.5 }, "geometry": { "type": "Point", "coordinates": [ 82.579064947544055, 25.5 ] } },
{ "type": "Feature", "properties": { "Longitude": 80.91717213142033, "Latitude": 25.5 }, "geometry": { "type": "Point", "coordinates": [ 80.91717213142033, 25.5 ] } },
{ "type": "Feature", "properties": { "Longitude": 84.24095776366778, "Latitude": 25.5 }, "geometry": { "type": "Point", "coordinates": [ 84.24095776366778, 25.5 ] } },
{ "type": "Feature", "properties": { "Longitude": 85.902850579791448, "Latitude": 25.5 }, "geometry": { "type": "Point", "coordinates": [ 85.902850579791448, 25.5 ] } },
{ "type": "Feature", "properties": { "Longitude": 87.564743395915116, "Latitude": 25.5 }, "geometry": { "type": "Point", "coordinates": [ 87.564743395915116, 25.5 ] } },
{ "type": "Feature", "properties": { "Longitude": 100.77420543680284, "Latitude": 24.0 }, "geometry": { "type": "Point", "coordinates": [ 100.774205436802845, 24.0 ] } },
{ "type": "Feature", "properties": { "Longitude": 99.132251019043736, "Latitude": 24.0 }, "geometry": { "type": "Point", "coordinates": [ 99.132251019043736, 24.0 ] } },
{ "type": "Feature", "properties": { "Longitude": 104.05811427232095, "Latitude": 24.0 }, "geometry": { "type": "Point", "coordinates": [ 104.05811427232095, 24.0 ] } },
{ "type": "Feature", "properties": { "Longitude": 97.490296601284626, "Latitude": 24.0 }, "geometry": { "type": "Point", "coordinates": [ 97.490296601284626, 24.0 ] } },
{ "type": "Feature", "properties": { "Longitude": 102.4161598545619, "Latitude": 24.0 }, "geometry": { "type": "Point", "coordinates": [ 102.416159854561897, 24.0 ] } },
{ "type": "Feature", "properties": { "Longitude": 100.85988592490469, "Latitude": 25.5 }, "geometry": { "type": "Point", "coordinates": [ 100.859885924904688, 25.5 ] } },
{ "type": "Feature", "properties": { "Longitude": 99.19799310878102, "Latitude": 25.5 }, "geometry": { "type": "Point", "coordinates": [ 99.19799310878102, 25.5 ] } },
{ "type": "Feature", "properties": { "Longitude": 104.18367155715214, "Latitude": 25.5 }, "geometry": { "type": "Point", "coordinates": [ 104.183671557152138, 25.5 ] } },
{ "type": "Feature", "properties": { "Longitude": 97.536100292657352, "Latitude": 25.5 }, "geometry": { "type": "Point", "coordinates": [ 97.536100292657352, 25.5 ] } },
{ "type": "Feature", "properties": { "Longitude": 102.52177874102841, "Latitude": 25.5 }, "geometry": { "type": "Point", "coordinates": [ 102.521778741028413, 25.5 ] } },
{ "type": "Feature", "properties": { "Longitude": 95.848342183525574, "Latitude": 24.0 }, "geometry": { "type": "Point", "coordinates": [ 95.848342183525574, 24.0 ] } },
{ "type": "Feature", "properties": { "Longitude": 94.206387765766522, "Latitude": 24.0 }, "geometry": { "type": "Point", "coordinates": [ 94.206387765766522, 24.0 ] } },
{ "type": "Feature", "properties": { "Longitude": 90.922478930248303, "Latitude": 24.0 }, "geometry": { "type": "Point", "coordinates": [ 90.922478930248303, 24.0 ] } },
{ "type": "Feature", "properties": { "Longitude": 92.564433348007412, "Latitude": 24.0 }, "geometry": { "type": "Point", "coordinates": [ 92.564433348007412, 24.0 ] } },
{ "type": "Feature", "properties": { "Longitude": 95.874207476533627, "Latitude": 25.5 }, "geometry": { "type": "Point", "coordinates": [ 95.874207476533627, 25.5 ] } },
{ "type": "Feature", "properties": { "Longitude": 90.888529028162566, "Latitude": 25.5 }, "geometry": { "type": "Point", "coordinates": [ 90.888529028162566, 25.5 ] } },
{ "type": "Feature", "properties": { "Longitude": 94.212314660409902, "Latitude": 25.5 }, "geometry": { "type": "Point", "coordinates": [ 94.212314660409902, 25.5 ] } },
{ "type": "Feature", "properties": { "Longitude": 92.550421844286234, "Latitude": 25.5 }, "geometry": { "type": "Point", "coordinates": [ 92.550421844286234, 25.5 ] } },
{ "type": "Feature", "properties": { "Longitude": 89.226636212038841, "Latitude": 25.5 }, "geometry": { "type": "Point", "coordinates": [ 89.226636212038841, 25.5 ] } },
{ "type": "Feature", "properties": { "Longitude": 96.092254458051116, "Latitude": 27.0 }, "geometry": { "type": "Point", "coordinates": [ 96.092254458051116, 27.0 ] } },
{ "type": "Feature", "properties": { "Longitude": 94.408765101599556, "Latitude": 27.0 }, "geometry": { "type": "Point", "coordinates": [ 94.408765101599556, 27.0 ] } },
{ "type": "Feature", "properties": { "Longitude": 92.725275745148053, "Latitude": 27.0 }, "geometry": { "type": "Point", "coordinates": [ 92.725275745148053, 27.0 ] } },
{ "type": "Feature", "properties": { "Longitude": 91.041786388696551, "Latitude": 27.0 }, "geometry": { "type": "Point", "coordinates": [ 91.041786388696551, 27.0 ] } },
{ "type": "Feature", "properties": { "Longitude": 89.358297032244991, "Latitude": 27.0 }, "geometry": { "type": "Point", "coordinates": [ 89.358297032244991, 27.0 ] } },
{ "type": "Feature", "properties": { "Longitude": 87.674807675793431, "Latitude": 27.0 }, "geometry": { "type": "Point", "coordinates": [ 87.674807675793431, 27.0 ] } },
{ "type": "Feature", "properties": { "Longitude": 89.680683939027858, "Latitude": 28.5 }, "geometry": { "type": "Point", "coordinates": [ 89.680683939027858, 28.5 ] } },
{ "type": "Feature", "properties": { "Longitude": 87.973844167261859, "Latitude": 28.5 }, "geometry": { "type": "Point", "coordinates": [ 87.973844167261859, 28.5 ] } },
{ "type": "Feature", "properties": { "Longitude": 93.094363482559856, "Latitude": 28.5 }, "geometry": { "type": "Point", "coordinates": [ 93.094363482559856, 28.5 ] } },
{ "type": "Feature", "properties": { "Longitude": 91.387523710793857, "Latitude": 28.5 }, "geometry": { "type": "Point", "coordinates": [ 91.387523710793857, 28.5 ] } },
{ "type": "Feature", "properties": { "Longitude": 94.801203254325856, "Latitude": 28.5 }, "geometry": { "type": "Point", "coordinates": [ 94.801203254325856, 28.5 ] } },
{ "type": "Feature", "properties": { "Longitude": 97.775743814502675, "Latitude": 27.0 }, "geometry": { "type": "Point", "coordinates": [ 97.775743814502675, 27.0 ] } },
{ "type": "Feature", "properties": { "Longitude": 101.14272252740568, "Latitude": 27.0 }, "geometry": { "type": "Point", "coordinates": [ 101.142722527405681, 27.0 ] } },
{ "type": "Feature", "properties": { "Longitude": 99.459233170954178, "Latitude": 27.0 }, "geometry": { "type": "Point", "coordinates": [ 99.459233170954178, 27.0 ] } },
{ "type": "Feature", "properties": { "Longitude": 102.82621188385724, "Latitude": 27.0 }, "geometry": { "type": "Point", "coordinates": [ 102.826211883857241, 27.0 ] } },
{ "type": "Feature", "properties": { "Longitude": 99.921722569623853, "Latitude": 28.5 }, "geometry": { "type": "Point", "coordinates": [ 99.921722569623853, 28.5 ] } },
{ "type": "Feature", "properties": { "Longitude": 96.508043026091855, "Latitude": 28.5 }, "geometry": { "type": "Point", "coordinates": [ 96.508043026091855, 28.5 ] } },
{ "type": "Feature", "properties": { "Longitude": 101.62856234138985, "Latitude": 28.5 }, "geometry": { "type": "Point", "coordinates": [ 101.628562341389852, 28.5 ] } },
{ "type": "Feature", "properties": { "Longitude": 98.214882797857854, "Latitude": 28.5 }, "geometry": { "type": "Point", "coordinates": [ 98.214882797857854, 28.5 ] } },
{ "type": "Feature", "properties": { "Longitude": 103.33540211315585, "Latitude": 28.5 }, "geometry": { "type": "Point", "coordinates": [ 103.335402113155851, 28.5 ] } },
{ "type": "Feature", "properties": { "Longitude": 100.59223082615659, "Latitude": 30.0 }, "geometry": { "type": "Point", "coordinates": [ 100.592230826156595, 30.0 ] } },
{ "type": "Feature", "properties": { "Longitude": 82.624339606438866, "Latitude": 27.0 }, "geometry": { "type": "Point", "coordinates": [ 82.624339606438866, 27.0 ] } },
{ "type": "Feature", "properties": { "Longitude": 84.307828962890426, "Latitude": 27.0 }, "geometry": { "type": "Point", "coordinates": [ 84.307828962890426, 27.0 ] } },
{ "type": "Feature", "properties": { "Longitude": 80.940850249987307, "Latitude": 27.0 }, "geometry": { "type": "Point", "coordinates": [ 80.940850249987307, 27.0 ] } },
{ "type": "Feature", "properties": { "Longitude": 85.991318319341929, "Latitude": 27.0 }, "geometry": { "type": "Point", "coordinates": [ 85.991318319341929, 27.0 ] } },
{ "type": "Feature", "properties": { "Longitude": 79.439645308431864, "Latitude": 28.5 }, "geometry": { "type": "Point", "coordinates": [ 79.439645308431864, 28.5 ] } },
{ "type": "Feature", "properties": { "Longitude": 81.146485080197863, "Latitude": 28.5 }, "geometry": { "type": "Point", "coordinates": [ 81.146485080197863, 28.5 ] } },
{ "type": "Feature", "properties": { "Longitude": 82.853324851963862, "Latitude": 28.5 }, "geometry": { "type": "Point", "coordinates": [ 82.853324851963862, 28.5 ] } },
{ "type": "Feature", "properties": { "Longitude": 84.560164623729861, "Latitude": 28.5 }, "geometry": { "type": "Point", "coordinates": [ 84.560164623729861, 28.5 ] } },
{ "type": "Feature", "properties": { "Longitude": 86.26700439549586, "Latitude": 28.5 }, "geometry": { "type": "Point", "coordinates": [ 86.26700439549586, 28.5 ] } },
{ "type": "Feature", "properties": { "Longitude": 83.271722750467916, "Latitude": 30.0 }, "geometry": { "type": "Point", "coordinates": [ 83.271722750467916, 30.0 ] } },
{ "type": "Feature", "properties": { "Longitude": 93.664027595881123, "Latitude": 30.0 }, "geometry": { "type": "Point", "coordinates": [ 93.664027595881123, 30.0 ] } },
{ "type": "Feature", "properties": { "Longitude": 91.931976788312227, "Latitude": 30.0 }, "geometry": { "type": "Point", "coordinates": [ 91.931976788312227, 30.0 ] } },
{ "type": "Feature", "properties": { "Longitude": 88.467875173174548, "Latitude": 30.0 }, "geometry": { "type": "Point", "coordinates": [ 88.467875173174548, 30.0 ] } },
{ "type": "Feature", "properties": { "Longitude": 90.199925980743387, "Latitude": 30.0 }, "geometry": { "type": "Point", "coordinates": [ 90.199925980743387, 30.0 ] } },
{ "type": "Feature", "properties": { "Longitude": 95.396078403450019, "Latitude": 30.0 }, "geometry": { "type": "Point", "coordinates": [ 95.396078403450019, 30.0 ] } },
{ "type": "Feature", "properties": { "Longitude": 92.682439462758907, "Latitude": 31.5 }, "geometry": { "type": "Point", "coordinates": [ 92.682439462758907, 31.5 ] } },
{ "type": "Feature", "properties": { "Longitude": 90.923197917837854, "Latitude": 31.5 }, "geometry": { "type": "Point", "coordinates": [ 90.923197917837854, 31.5 ] } },
{ "type": "Feature", "properties": { "Longitude": 89.1639563729168, "Latitude": 31.5 }, "geometry": { "type": "Point", "coordinates": [ 89.1639563729168, 31.5 ] } },
{ "type": "Feature", "properties": { "Longitude": 94.441681007679904, "Latitude": 31.5 }, "geometry": { "type": "Point", "coordinates": [ 94.441681007679904, 31.5 ] } },
{ "type": "Feature", "properties": { "Longitude": 91.858830766594338, "Latitude": 33.0 }, "geometry": { "type": "Point", "coordinates": [ 91.858830766594338, 33.0 ] } },
{ "type": "Feature", "properties": { "Longitude": 102.32428163372549, "Latitude": 30.0 }, "geometry": { "type": "Point", "coordinates": [ 102.324281633725491, 30.0 ] } },
{ "type": "Feature", "properties": { "Longitude": 98.860180018587698, "Latitude": 30.0 }, "geometry": { "type": "Point", "coordinates": [ 98.860180018587698, 30.0 ] } },
{ "type": "Feature", "properties": { "Longitude": 97.128129211018859, "Latitude": 30.0 }, "geometry": { "type": "Point", "coordinates": [ 97.128129211018859, 30.0 ] } },
{ "type": "Feature", "properties": { "Longitude": 104.05633244129433, "Latitude": 30.0 }, "geometry": { "type": "Point", "coordinates": [ 104.05633244129433, 30.0 ] } },
{ "type": "Feature", "properties": { "Longitude": 96.2009225526009, "Latitude": 31.5 }, "geometry": { "type": "Point", "coordinates": [ 96.2009225526009, 31.5 ] } },
{ "type": "Feature", "properties": { "Longitude": 99.719405642443007, "Latitude": 31.5 }, "geometry": { "type": "Point", "coordinates": [ 99.719405642443007, 31.5 ] } },
{ "type": "Feature", "properties": { "Longitude": 101.478647187364, "Latitude": 31.5 }, "geometry": { "type": "Point", "coordinates": [ 101.478647187364004, 31.5 ] } },
{ "type": "Feature", "properties": { "Longitude": 103.237888732285, "Latitude": 31.5 }, "geometry": { "type": "Point", "coordinates": [ 103.237888732285001, 31.5 ] } },
{ "type": "Feature", "properties": { "Longitude": 97.960164097521954, "Latitude": 31.5 }, "geometry": { "type": "Point", "coordinates": [ 97.960164097521954, 31.5 ] } },
{ "type": "Feature", "properties": { "Longitude": 97.224465584356039, "Latitude": 33.0 }, "geometry": { "type": "Point", "coordinates": [ 97.224465584356039, 33.0 ] } },
{ "type": "Feature", "properties": { "Longitude": 86.735824365605652, "Latitude": 30.0 }, "geometry": { "type": "Point", "coordinates": [ 86.735824365605652, 30.0 ] } },
{ "type": "Feature", "properties": { "Longitude": 85.003773558036755, "Latitude": 30.0 }, "geometry": { "type": "Point", "coordinates": [ 85.003773558036755, 30.0 ] } },
{ "type": "Feature", "properties": { "Longitude": 79.80762113533018, "Latitude": 30.0 }, "geometry": { "type": "Point", "coordinates": [ 79.80762113533018, 30.0 ] } },
{ "type": "Feature", "properties": { "Longitude": 81.539671942899076, "Latitude": 30.0 }, "geometry": { "type": "Point", "coordinates": [ 81.539671942899076, 30.0 ] } },
{ "type": "Feature", "properties": { "Longitude": 83.886231738153754, "Latitude": 31.5 }, "geometry": { "type": "Point", "coordinates": [ 83.886231738153754, 31.5 ] } },
{ "type": "Feature", "properties": { "Longitude": 85.645473283074807, "Latitude": 31.5 }, "geometry": { "type": "Point", "coordinates": [ 85.645473283074807, 31.5 ] } },
{ "type": "Feature", "properties": { "Longitude": 87.404714827995804, "Latitude": 31.5 }, "geometry": { "type": "Point", "coordinates": [ 87.404714827995804, 31.5 ] } },
{ "type": "Feature", "properties": { "Longitude": 82.1269901932327, "Latitude": 31.5 }, "geometry": { "type": "Point", "coordinates": [ 82.1269901932327, 31.5 ] } },
{ "type": "Feature", "properties": { "Longitude": 80.367748648311704, "Latitude": 31.5 }, "geometry": { "type": "Point", "coordinates": [ 80.367748648311704, 31.5 ] } },
{ "type": "Feature", "properties": { "Longitude": 84.704651009578697, "Latitude": 33.0 }, "geometry": { "type": "Point", "coordinates": [ 84.704651009578697, 33.0 ] } },
{ "type": "Feature", "properties": { "Longitude": 69.156424754826617, "Latitude": 27.0 }, "geometry": { "type": "Point", "coordinates": [ 69.156424754826617, 27.0 ] } },
{ "type": "Feature", "properties": { "Longitude": 65.789446041923554, "Latitude": 27.0 }, "geometry": { "type": "Point", "coordinates": [ 65.789446041923554, 27.0 ] } },
{ "type": "Feature", "properties": { "Longitude": 70.839914111278148, "Latitude": 27.0 }, "geometry": { "type": "Point", "coordinates": [ 70.839914111278148, 27.0 ] } },
{ "type": "Feature", "properties": { "Longitude": 67.472935398375085, "Latitude": 27.0 }, "geometry": { "type": "Point", "coordinates": [ 67.472935398375085, 27.0 ] } },
{ "type": "Feature", "properties": { "Longitude": 64.078087362537872, "Latitude": 28.5 }, "geometry": { "type": "Point", "coordinates": [ 64.078087362537872, 28.5 ] } },
{ "type": "Feature", "properties": { "Longitude": 69.198606677835869, "Latitude": 28.5 }, "geometry": { "type": "Point", "coordinates": [ 69.198606677835869, 28.5 ] } },
{ "type": "Feature", "properties": { "Longitude": 67.49176690606987, "Latitude": 28.5 }, "geometry": { "type": "Point", "coordinates": [ 67.49176690606987, 28.5 ] } },
{ "type": "Feature", "properties": { "Longitude": 65.784927134303871, "Latitude": 28.5 }, "geometry": { "type": "Point", "coordinates": [ 65.784927134303871, 28.5 ] } },
{ "type": "Feature", "properties": { "Longitude": 67.683265482348105, "Latitude": 30.0 }, "geometry": { "type": "Point", "coordinates": [ 67.683265482348105, 30.0 ] } },
{ "type": "Feature", "properties": { "Longitude": 69.415316289916973, "Latitude": 30.0 }, "geometry": { "type": "Point", "coordinates": [ 69.415316289916973, 30.0 ] } },
{ "type": "Feature", "properties": { "Longitude": 46.898655791521691, "Latitude": 30.0 }, "geometry": { "type": "Point", "coordinates": [ 46.898655791521691, 30.0 ] } },
{ "type": "Feature", "properties": { "Longitude": 48.701400839733253, "Latitude": 31.5 }, "geometry": { "type": "Point", "coordinates": [ 48.701400839733253, 31.5 ] } },
{ "type": "Feature", "properties": { "Longitude": 50.460642384654278, "Latitude": 31.5 }, "geometry": { "type": "Point", "coordinates": [ 50.460642384654278, 31.5 ] } },
{ "type": "Feature", "properties": { "Longitude": 52.219883929575303, "Latitude": 31.5 }, "geometry": { "type": "Point", "coordinates": [ 52.219883929575303, 31.5 ] } },
{ "type": "Feature", "properties": { "Longitude": 53.979125474496328, "Latitude": 31.5 }, "geometry": { "type": "Point", "coordinates": [ 53.979125474496328, 31.5 ] } },
{ "type": "Feature", "properties": { "Longitude": 46.942159294812228, "Latitude": 31.5 }, "geometry": { "type": "Point", "coordinates": [ 46.942159294812228, 31.5 ] } },
{ "type": "Feature", "properties": { "Longitude": 47.145207285246585, "Latitude": 33.0 }, "geometry": { "type": "Point", "coordinates": [ 47.145207285246585, 33.0 ] } },
{ "type": "Feature", "properties": { "Longitude": 50.722297163754405, "Latitude": 33.0 }, "geometry": { "type": "Point", "coordinates": [ 50.722297163754405, 33.0 ] } },
{ "type": "Feature", "properties": { "Longitude": 48.933752224500495, "Latitude": 33.0 }, "geometry": { "type": "Point", "coordinates": [ 48.933752224500495, 33.0 ] } },
{ "type": "Feature", "properties": { "Longitude": 52.510842103008315, "Latitude": 33.0 }, "geometry": { "type": "Point", "coordinates": [ 52.510842103008315, 33.0 ] } },
{ "type": "Feature", "properties": { "Longitude": 71.147367097485841, "Latitude": 30.0 }, "geometry": { "type": "Point", "coordinates": [ 71.147367097485841, 30.0 ] } },
{ "type": "Feature", "properties": { "Longitude": 78.075570327761284, "Latitude": 30.0 }, "geometry": { "type": "Point", "coordinates": [ 78.075570327761284, 30.0 ] } },
{ "type": "Feature", "properties": { "Longitude": 73.330782468627604, "Latitude": 31.5 }, "geometry": { "type": "Point", "coordinates": [ 73.330782468627604, 31.5 ] } },
{ "type": "Feature", "properties": { "Longitude": 78.608507103390707, "Latitude": 31.5 }, "geometry": { "type": "Point", "coordinates": [ 78.608507103390707, 31.5 ] } },
{ "type": "Feature", "properties": { "Longitude": 76.849265558469654, "Latitude": 31.5 }, "geometry": { "type": "Point", "coordinates": [ 76.849265558469654, 31.5 ] } },
{ "type": "Feature", "properties": { "Longitude": 71.571540923706578, "Latitude": 31.5 }, "geometry": { "type": "Point", "coordinates": [ 71.571540923706578, 31.5 ] } },
{ "type": "Feature", "properties": { "Longitude": 75.090024013548629, "Latitude": 31.5 }, "geometry": { "type": "Point", "coordinates": [ 75.090024013548629, 31.5 ] } },
{ "type": "Feature", "properties": { "Longitude": 72.184836434801326, "Latitude": 33.0 }, "geometry": { "type": "Point", "coordinates": [ 72.184836434801326, 33.0 ] } },
{ "type": "Feature", "properties": { "Longitude": 77.550471252563057, "Latitude": 33.0 }, "geometry": { "type": "Point", "coordinates": [ 77.550471252563057, 33.0 ] } },
{ "type": "Feature", "properties": { "Longitude": 73.973381374055236, "Latitude": 33.0 }, "geometry": { "type": "Point", "coordinates": [ 73.973381374055236, 33.0 ] } },
{ "type": "Feature", "properties": { "Longitude": 65.951214674779237, "Latitude": 30.0 }, "geometry": { "type": "Point", "coordinates": [ 65.951214674779237, 30.0 ] } },
{ "type": "Feature", "properties": { "Longitude": 64.219163867210369, "Latitude": 30.0 }, "geometry": { "type": "Point", "coordinates": [ 64.219163867210369, 30.0 ] } },
{ "type": "Feature", "properties": { "Longitude": 66.293816288943503, "Latitude": 31.5 }, "geometry": { "type": "Point", "coordinates": [ 66.293816288943503, 31.5 ] } },
{ "type": "Feature", "properties": { "Longitude": 64.534574744022478, "Latitude": 31.5 }, "geometry": { "type": "Point", "coordinates": [ 64.534574744022478, 31.5 ] } },
{ "type": "Feature", "properties": { "Longitude": 68.053057833864528, "Latitude": 31.5 }, "geometry": { "type": "Point", "coordinates": [ 68.053057833864528, 31.5 ] } },
{ "type": "Feature", "properties": { "Longitude": 62.775333199101453, "Latitude": 31.5 }, "geometry": { "type": "Point", "coordinates": [ 62.775333199101453, 31.5 ] } },
{ "type": "Feature", "properties": { "Longitude": 69.812299378785553, "Latitude": 31.5 }, "geometry": { "type": "Point", "coordinates": [ 69.812299378785553, 31.5 ] } },
{ "type": "Feature", "properties": { "Longitude": 70.396291495547416, "Latitude": 33.0 }, "geometry": { "type": "Point", "coordinates": [ 70.396291495547416, 33.0 ] } },
{ "type": "Feature", "properties": { "Longitude": 68.607746556293506, "Latitude": 33.0 }, "geometry": { "type": "Point", "coordinates": [ 68.607746556293506, 33.0 ] } },
{ "type": "Feature", "properties": { "Longitude": 65.030656677785686, "Latitude": 33.0 }, "geometry": { "type": "Point", "coordinates": [ 65.030656677785686, 33.0 ] } },
{ "type": "Feature", "properties": { "Longitude": 57.290960636934898, "Latitude": 30.0 }, "geometry": { "type": "Point", "coordinates": [ 57.290960636934898, 30.0 ] } },
{ "type": "Feature", "properties": { "Longitude": 62.487113059641501, "Latitude": 30.0 }, "geometry": { "type": "Point", "coordinates": [ 62.487113059641501, 30.0 ] } },
{ "type": "Feature", "properties": { "Longitude": 60.755062252072634, "Latitude": 30.0 }, "geometry": { "type": "Point", "coordinates": [ 60.755062252072634, 30.0 ] } },
{ "type": "Feature", "properties": { "Longitude": 59.023011444503766, "Latitude": 30.0 }, "geometry": { "type": "Point", "coordinates": [ 59.023011444503766, 30.0 ] } },
{ "type": "Feature", "properties": { "Longitude": 55.55890982936603, "Latitude": 30.0 }, "geometry": { "type": "Point", "coordinates": [ 55.55890982936603, 30.0 ] } },
{ "type": "Feature", "properties": { "Longitude": 59.256850109259403, "Latitude": 31.5 }, "geometry": { "type": "Point", "coordinates": [ 59.256850109259403, 31.5 ] } },
{ "type": "Feature", "properties": { "Longitude": 55.738367019417353, "Latitude": 31.5 }, "geometry": { "type": "Point", "coordinates": [ 55.738367019417353, 31.5 ] } },
{ "type": "Feature", "properties": { "Longitude": 57.497608564338378, "Latitude": 31.5 }, "geometry": { "type": "Point", "coordinates": [ 57.497608564338378, 31.5 ] } },
{ "type": "Feature", "properties": { "Longitude": 61.016091654180428, "Latitude": 31.5 }, "geometry": { "type": "Point", "coordinates": [ 61.016091654180428, 31.5 ] } },
{ "type": "Feature", "properties": { "Longitude": 61.453566799277866, "Latitude": 33.0 }, "geometry": { "type": "Point", "coordinates": [ 61.453566799277866, 33.0 ] } },
{ "type": "Feature", "properties": { "Longitude": 59.665021860023955, "Latitude": 33.0 }, "geometry": { "type": "Point", "coordinates": [ 59.665021860023955, 33.0 ] } },
{ "type": "Feature", "properties": { "Longitude": 54.299387042262225, "Latitude": 33.0 }, "geometry": { "type": "Point", "coordinates": [ 54.299387042262225, 33.0 ] } },
{ "type": "Feature", "properties": { "Longitude": 57.876476920770045, "Latitude": 33.0 }, "geometry": { "type": "Point", "coordinates": [ 57.876476920770045, 33.0 ] } },
{ "type": "Feature", "properties": { "Longitude": 56.087931981516135, "Latitude": 33.0 }, "geometry": { "type": "Point", "coordinates": [ 56.087931981516135, 33.0 ] } },
{ "type": "Feature", "properties": { "Longitude": 58.434359583401175, "Latitude": 34.5 }, "geometry": { "type": "Point", "coordinates": [ 58.434359583401175, 34.5 ] } },
{ "type": "Feature", "properties": { "Longitude": 56.614249968260708, "Latitude": 34.5 }, "geometry": { "type": "Point", "coordinates": [ 56.614249968260708, 34.5 ] } },
{ "type": "Feature", "properties": { "Longitude": 62.074578813682109, "Latitude": 34.5 }, "geometry": { "type": "Point", "coordinates": [ 62.074578813682109, 34.5 ] } },
{ "type": "Feature", "properties": { "Longitude": 60.254469198541642, "Latitude": 34.5 }, "geometry": { "type": "Point", "coordinates": [ 60.254469198541642, 34.5 ] } },
{ "type": "Feature", "properties": { "Longitude": 54.794140353120241, "Latitude": 34.5 }, "geometry": { "type": "Point", "coordinates": [ 54.794140353120241, 34.5 ] } },
{ "type": "Feature", "properties": { "Longitude": 55.470949713710183, "Latitude": 36.0 }, "geometry": { "type": "Point", "coordinates": [ 55.470949713710183, 36.0 ] } },
{ "type": "Feature", "properties": { "Longitude": 63.242111738531776, "Latitude": 33.0 }, "geometry": { "type": "Point", "coordinates": [ 63.242111738531776, 33.0 ] } },
{ "type": "Feature", "properties": { "Longitude": 66.819201617039596, "Latitude": 33.0 }, "geometry": { "type": "Point", "coordinates": [ 66.819201617039596, 33.0 ] } },
{ "type": "Feature", "properties": { "Longitude": 69.355017274243977, "Latitude": 34.5 }, "geometry": { "type": "Point", "coordinates": [ 69.355017274243977, 34.5 ] } },
{ "type": "Feature", "properties": { "Longitude": 63.894688428822576, "Latitude": 34.5 }, "geometry": { "type": "Point", "coordinates": [ 63.894688428822576, 34.5 ] } },
{ "type": "Feature", "properties": { "Longitude": 67.53490765910351, "Latitude": 34.5 }, "geometry": { "type": "Point", "coordinates": [ 67.53490765910351, 34.5 ] } },
{ "type": "Feature", "properties": { "Longitude": 65.714798043963043, "Latitude": 34.5 }, "geometry": { "type": "Point", "coordinates": [ 65.714798043963043, 34.5 ] } },
{ "type": "Feature", "properties": { "Longitude": 66.595561511208302, "Latitude": 36.0 }, "geometry": { "type": "Point", "coordinates": [ 66.595561511208302, 36.0 ] } },
{ "type": "Feature", "properties": { "Longitude": 68.449663477457989, "Latitude": 36.0 }, "geometry": { "type": "Point", "coordinates": [ 68.449663477457989, 36.0 ] } },
{ "type": "Feature", "properties": { "Longitude": 70.303765443707675, "Latitude": 36.0 }, "geometry": { "type": "Point", "coordinates": [ 70.303765443707675, 36.0 ] } },
{ "type": "Feature", "properties": { "Longitude": 64.741459544958616, "Latitude": 36.0 }, "geometry": { "type": "Point", "coordinates": [ 64.741459544958616, 36.0 ] } },
{ "type": "Feature", "properties": { "Longitude": 75.761926313309147, "Latitude": 33.0 }, "geometry": { "type": "Point", "coordinates": [ 75.761926313309147, 33.0 ] } },
{ "type": "Feature", "properties": { "Longitude": 71.175126889384444, "Latitude": 34.5 }, "geometry": { "type": "Point", "coordinates": [ 71.175126889384444, 34.5 ] } },
{ "type": "Feature", "properties": { "Longitude": 78.455565349946312, "Latitude": 34.5 }, "geometry": { "type": "Point", "coordinates": [ 78.455565349946312, 34.5 ] } },
{ "type": "Feature", "properties": { "Longitude": 76.635455734805873, "Latitude": 34.5 }, "geometry": { "type": "Point", "coordinates": [ 76.635455734805873, 34.5 ] } },
{ "type": "Feature", "properties": { "Longitude": 72.995236504524911, "Latitude": 34.5 }, "geometry": { "type": "Point", "coordinates": [ 72.995236504524911, 34.5 ] } },
{ "type": "Feature", "properties": { "Longitude": 74.815346119665378, "Latitude": 34.5 }, "geometry": { "type": "Point", "coordinates": [ 74.815346119665378, 34.5 ] } },
{ "type": "Feature", "properties": { "Longitude": 72.157867409957362, "Latitude": 36.0 }, "geometry": { "type": "Point", "coordinates": [ 72.157867409957362, 36.0 ] } },
{ "type": "Feature", "properties": { "Longitude": 75.866071342456735, "Latitude": 36.0 }, "geometry": { "type": "Point", "coordinates": [ 75.866071342456735, 36.0 ] } },
{ "type": "Feature", "properties": { "Longitude": 74.011969376207048, "Latitude": 36.0 }, "geometry": { "type": "Point", "coordinates": [ 74.011969376207048, 36.0 ] } },
{ "type": "Feature", "properties": { "Longitude": 77.720173308706421, "Latitude": 36.0 }, "geometry": { "type": "Point", "coordinates": [ 77.720173308706421, 36.0 ] } },
{ "type": "Feature", "properties": { "Longitude": 57.32505167995987, "Latitude": 36.0 }, "geometry": { "type": "Point", "coordinates": [ 57.32505167995987, 36.0 ] } },
{ "type": "Feature", "properties": { "Longitude": 61.033255612459243, "Latitude": 36.0 }, "geometry": { "type": "Point", "coordinates": [ 61.033255612459243, 36.0 ] } },
{ "type": "Feature", "properties": { "Longitude": 59.179153646209556, "Latitude": 36.0 }, "geometry": { "type": "Point", "coordinates": [ 59.179153646209556, 36.0 ] } },
{ "type": "Feature", "properties": { "Longitude": 60.119994868954791, "Latitude": 37.5 }, "geometry": { "type": "Point", "coordinates": [ 60.119994868954791, 37.5 ] } },
{ "type": "Feature", "properties": { "Longitude": 62.010703489970183, "Latitude": 37.5 }, "geometry": { "type": "Point", "coordinates": [ 62.010703489970183, 37.5 ] } },
{ "type": "Feature", "properties": { "Longitude": 58.229286247939399, "Latitude": 37.5 }, "geometry": { "type": "Point", "coordinates": [ 58.229286247939399, 37.5 ] } },
{ "type": "Feature", "properties": { "Longitude": 54.447869005908615, "Latitude": 37.5 }, "geometry": { "type": "Point", "coordinates": [ 54.447869005908615, 37.5 ] } },
{ "type": "Feature", "properties": { "Longitude": 56.338577626924007, "Latitude": 37.5 }, "geometry": { "type": "Point", "coordinates": [ 56.338577626924007, 37.5 ] } },
{ "type": "Feature", "properties": { "Longitude": 59.337279256130159, "Latitude": 39.0 }, "geometry": { "type": "Point", "coordinates": [ 59.337279256130159, 39.0 ] } },
{ "type": "Feature", "properties": { "Longitude": 61.267418604969919, "Latitude": 39.0 }, "geometry": { "type": "Point", "coordinates": [ 61.267418604969919, 39.0 ] } },
{ "type": "Feature", "properties": { "Longitude": 62.887357578708929, "Latitude": 36.0 }, "geometry": { "type": "Point", "coordinates": [ 62.887357578708929, 36.0 ] } },
{ "type": "Feature", "properties": { "Longitude": 67.682829353016359, "Latitude": 37.5 }, "geometry": { "type": "Point", "coordinates": [ 67.682829353016359, 37.5 ] } },
{ "type": "Feature", "properties": { "Longitude": 63.901412110985575, "Latitude": 37.5 }, "geometry": { "type": "Point", "coordinates": [ 63.901412110985575, 37.5 ] } },
{ "type": "Feature", "properties": { "Longitude": 69.573537974031751, "Latitude": 37.5 }, "geometry": { "type": "Point", "coordinates": [ 69.573537974031751, 37.5 ] } },
{ "type": "Feature", "properties": { "Longitude": 65.792120732000967, "Latitude": 37.5 }, "geometry": { "type": "Point", "coordinates": [ 65.792120732000967, 37.5 ] } },
{ "type": "Feature", "properties": { "Longitude": 67.057836651489197, "Latitude": 39.0 }, "geometry": { "type": "Point", "coordinates": [ 67.057836651489197, 39.0 ] } },
{ "type": "Feature", "properties": { "Longitude": 68.987976000328956, "Latitude": 39.0 }, "geometry": { "type": "Point", "coordinates": [ 68.987976000328956, 39.0 ] } },
{ "type": "Feature", "properties": { "Longitude": 63.197557953809678, "Latitude": 39.0 }, "geometry": { "type": "Point", "coordinates": [ 63.197557953809678, 39.0 ] } },
{ "type": "Feature", "properties": { "Longitude": 65.127697302649437, "Latitude": 39.0 }, "geometry": { "type": "Point", "coordinates": [ 65.127697302649437, 39.0 ] } },
{ "type": "Feature", "properties": { "Longitude": 68.551442979359365, "Latitude": 40.5 }, "geometry": { "type": "Point", "coordinates": [ 68.551442979359365, 40.5 ] } },
{ "type": "Feature", "properties": { "Longitude": 107.87667995321181, "Latitude": 27.0 }, "geometry": { "type": "Point", "coordinates": [ 107.876679953211806, 27.0 ] } },
{ "type": "Feature", "properties": { "Longitude": 111.24365866611492, "Latitude": 27.0 }, "geometry": { "type": "Point", "coordinates": [ 111.243658666114925, 27.0 ] } },
{ "type": "Feature", "properties": { "Longitude": 106.1931905967603, "Latitude": 27.0 }, "geometry": { "type": "Point", "coordinates": [ 106.193190596760303, 27.0 ] } },
{ "type": "Feature", "properties": { "Longitude": 104.5097012403088, "Latitude": 27.0 }, "geometry": { "type": "Point", "coordinates": [ 104.5097012403088, 27.0 ] } },
{ "type": "Feature", "properties": { "Longitude": 108.45592142845385, "Latitude": 28.5 }, "geometry": { "type": "Point", "coordinates": [ 108.455921428453848, 28.5 ] } },
{ "type": "Feature", "properties": { "Longitude": 111.86960097198585, "Latitude": 28.5 }, "geometry": { "type": "Point", "coordinates": [ 111.869600971985847, 28.5 ] } },
{ "type": "Feature", "properties": { "Longitude": 105.04224188492185, "Latitude": 28.5 }, "geometry": { "type": "Point", "coordinates": [ 105.04224188492185, 28.5 ] } },
{ "type": "Feature", "properties": { "Longitude": 106.74908165668785, "Latitude": 28.5 }, "geometry": { "type": "Point", "coordinates": [ 106.749081656687849, 28.5 ] } },
{ "type": "Feature", "properties": { "Longitude": 110.16276120021985, "Latitude": 28.5 }, "geometry": { "type": "Point", "coordinates": [ 110.162761200219848, 28.5 ] } },
{ "type": "Feature", "properties": { "Longitude": 109.25248486400096, "Latitude": 30.0 }, "geometry": { "type": "Point", "coordinates": [ 109.252484864000962, 30.0 ] } },
{ "type": "Feature", "properties": { "Longitude": 105.78838324886317, "Latitude": 30.0 }, "geometry": { "type": "Point", "coordinates": [ 105.78838324886317, 30.0 ] } },
{ "type": "Feature", "properties": { "Longitude": 110.9845356715698, "Latitude": 30.0 }, "geometry": { "type": "Point", "coordinates": [ 110.984535671569802, 30.0 ] } },
{ "type": "Feature", "properties": { "Longitude": 112.71658647913864, "Latitude": 30.0 }, "geometry": { "type": "Point", "coordinates": [ 112.716586479138641, 30.0 ] } },
{ "type": "Feature", "properties": { "Longitude": 107.52043405643207, "Latitude": 30.0 }, "geometry": { "type": "Point", "coordinates": [ 107.520434056432066, 30.0 ] } },
{ "type": "Feature", "properties": { "Longitude": 108.5156133670481, "Latitude": 31.5 }, "geometry": { "type": "Point", "coordinates": [ 108.515613367048104, 31.5 ] } },
{ "type": "Feature", "properties": { "Longitude": 110.2748549119691, "Latitude": 31.5 }, "geometry": { "type": "Point", "coordinates": [ 110.274854911969101, 31.5 ] } },
{ "type": "Feature", "properties": { "Longitude": 112.03409645689015, "Latitude": 31.5 }, "geometry": { "type": "Point", "coordinates": [ 112.034096456890154, 31.5 ] } },
{ "type": "Feature", "properties": { "Longitude": 106.75637182212711, "Latitude": 31.5 }, "geometry": { "type": "Point", "coordinates": [ 106.756371822127107, 31.5 ] } },
{ "type": "Feature", "properties": { "Longitude": 104.99713027720605, "Latitude": 31.5 }, "geometry": { "type": "Point", "coordinates": [ 104.997130277206054, 31.5 ] } },
{ "type": "Feature", "properties": { "Longitude": 107.95573521987956, "Latitude": 33.0 }, "geometry": { "type": "Point", "coordinates": [ 107.955735219879557, 33.0 ] } },
{ "type": "Feature", "properties": { "Longitude": 116.18068809427643, "Latitude": 30.0 }, "geometry": { "type": "Point", "coordinates": [ 116.180688094276434, 30.0 ] } },
{ "type": "Feature", "properties": { "Longitude": 117.91273890184527, "Latitude": 30.0 }, "geometry": { "type": "Point", "coordinates": [ 117.912738901845273, 30.0 ] } },
{ "type": "Feature", "properties": { "Longitude": 115.5525795467322, "Latitude": 31.5 }, "geometry": { "type": "Point", "coordinates": [ 115.552579546732204, 31.5 ] } },
{ "type": "Feature", "properties": { "Longitude": 117.3118210916532, "Latitude": 31.5 }, "geometry": { "type": "Point", "coordinates": [ 117.311821091653201, 31.5 ] } },
{ "type": "Feature", "properties": { "Longitude": 120.83030418149531, "Latitude": 31.5 }, "geometry": { "type": "Point", "coordinates": [ 120.830304181495308, 31.5 ] } },
{ "type": "Feature", "properties": { "Longitude": 119.07106263657425, "Latitude": 31.5 }, "geometry": { "type": "Point", "coordinates": [ 119.071062636574254, 31.5 ] } },
{ "type": "Feature", "properties": { "Longitude": 113.79333800181121, "Latitude": 31.5 }, "geometry": { "type": "Point", "coordinates": [ 113.793338001811208, 31.5 ] } },
{ "type": "Feature", "properties": { "Longitude": 115.1099149768952, "Latitude": 33.0 }, "geometry": { "type": "Point", "coordinates": [ 115.109914976895197, 33.0 ] } },
{ "type": "Feature", "properties": { "Longitude": 113.32137003764126, "Latitude": 33.0 }, "geometry": { "type": "Point", "coordinates": [ 113.321370037641259, 33.0 ] } },
{ "type": "Feature", "properties": { "Longitude": 116.89845991614908, "Latitude": 33.0 }, "geometry": { "type": "Point", "coordinates": [ 116.898459916149079, 33.0 ] } },
{ "type": "Feature", "properties": { "Longitude": 121.37684051698301, "Latitude": 30.0 }, "geometry": { "type": "Point", "coordinates": [ 121.376840516983009, 30.0 ] } },
{ "type": "Feature", "properties": { "Longitude": 118.68700485540296, "Latitude": 33.0 }, "geometry": { "type": "Point", "coordinates": [ 118.687004855402961, 33.0 ] } },
{ "type": "Feature", "properties": { "Longitude": 120.4755497946569, "Latitude": 33.0 }, "geometry": { "type": "Point", "coordinates": [ 120.475549794656899, 33.0 ] } },
{ "type": "Feature", "properties": { "Longitude": 114.85775765275565, "Latitude": 34.5 }, "geometry": { "type": "Point", "coordinates": [ 114.857757652755652, 34.5 ] } },
{ "type": "Feature", "properties": { "Longitude": 116.67786726789609, "Latitude": 34.5 }, "geometry": { "type": "Point", "coordinates": [ 116.67786726789609, 34.5 ] } },
{ "type": "Feature", "properties": { "Longitude": 113.03764803761521, "Latitude": 34.5 }, "geometry": { "type": "Point", "coordinates": [ 113.037648037615213, 34.5 ] } },
{ "type": "Feature", "properties": { "Longitude": 118.49797688303659, "Latitude": 34.5 }, "geometry": { "type": "Point", "coordinates": [ 118.497976883036586, 34.5 ] } },
{ "type": "Feature", "properties": { "Longitude": 116.65631459994984, "Latitude": 36.0 }, "geometry": { "type": "Point", "coordinates": [ 116.656314599949837, 36.0 ] } },
{ "type": "Feature", "properties": { "Longitude": 118.51041656619952, "Latitude": 36.0 }, "geometry": { "type": "Point", "coordinates": [ 118.510416566199524, 36.0 ] } },
{ "type": "Feature", "properties": { "Longitude": 120.36451853244921, "Latitude": 36.0 }, "geometry": { "type": "Point", "coordinates": [ 120.36451853244921, 36.0 ] } },
{ "type": "Feature", "properties": { "Longitude": 127.78092639744796, "Latitude": 36.0 }, "geometry": { "type": "Point", "coordinates": [ 127.780926397447956, 36.0 ] } },
{ "type": "Feature", "properties": { "Longitude": 106.16719028062562, "Latitude": 33.0 }, "geometry": { "type": "Point", "coordinates": [ 106.167190280625618, 33.0 ] } },
{ "type": "Feature", "properties": { "Longitude": 109.74428015913344, "Latitude": 33.0 }, "geometry": { "type": "Point", "coordinates": [ 109.744280159133439, 33.0 ] } },
{ "type": "Feature", "properties": { "Longitude": 111.53282509838732, "Latitude": 33.0 }, "geometry": { "type": "Point", "coordinates": [ 111.53282509838732, 33.0 ] } },
{ "type": "Feature", "properties": { "Longitude": 105.75720957705335, "Latitude": 34.5 }, "geometry": { "type": "Point", "coordinates": [ 105.757209577053345, 34.5 ] } },
{ "type": "Feature", "properties": { "Longitude": 109.39742880733422, "Latitude": 34.5 }, "geometry": { "type": "Point", "coordinates": [ 109.397428807334222, 34.5 ] } },
{ "type": "Feature", "properties": { "Longitude": 111.21753842247472, "Latitude": 34.5 }, "geometry": { "type": "Point", "coordinates": [ 111.217538422474718, 34.5 ] } },
{ "type": "Feature", "properties": { "Longitude": 107.57731919219378, "Latitude": 34.5 }, "geometry": { "type": "Point", "coordinates": [ 107.577319192193784, 34.5 ] } },
{ "type": "Feature", "properties": { "Longitude": 109.23990673495109, "Latitude": 36.0 }, "geometry": { "type": "Point", "coordinates": [ 109.239906734951091, 36.0 ] } },
{ "type": "Feature", "properties": { "Longitude": 105.53170280245172, "Latitude": 36.0 }, "geometry": { "type": "Point", "coordinates": [ 105.531702802451719, 36.0 ] } },
{ "type": "Feature", "properties": { "Longitude": 111.09400870120078, "Latitude": 36.0 }, "geometry": { "type": "Point", "coordinates": [ 111.094008701200778, 36.0 ] } },
{ "type": "Feature", "properties": { "Longitude": 112.94811066745046, "Latitude": 36.0 }, "geometry": { "type": "Point", "coordinates": [ 112.948110667450464, 36.0 ] } },
{ "type": "Feature", "properties": { "Longitude": 114.80221263370015, "Latitude": 36.0 }, "geometry": { "type": "Point", "coordinates": [ 114.802212633700151, 36.0 ] } },
{ "type": "Feature", "properties": { "Longitude": 120.62267074144734, "Latitude": 37.5 }, "geometry": { "type": "Point", "coordinates": [ 120.622670741447337, 37.5 ] } },
{ "type": "Feature", "properties": { "Longitude": 118.73196212043194, "Latitude": 37.5 }, "geometry": { "type": "Point", "coordinates": [ 118.731962120431945, 37.5 ] } },
{ "type": "Feature", "properties": { "Longitude": 113.05983625738577, "Latitude": 37.5 }, "geometry": { "type": "Point", "coordinates": [ 113.059836257385768, 37.5 ] } },
{ "type": "Feature", "properties": { "Longitude": 114.95054487840116, "Latitude": 37.5 }, "geometry": { "type": "Point", "coordinates": [ 114.950544878401161, 37.5 ] } },
{ "type": "Feature", "properties": { "Longitude": 116.84125349941655, "Latitude": 37.5 }, "geometry": { "type": "Point", "coordinates": [ 116.841253499416553, 37.5 ] } },
{ "type": "Feature", "properties": { "Longitude": 115.31132037248318, "Latitude": 39.0 }, "geometry": { "type": "Point", "coordinates": [ 115.311320372483181, 39.0 ] } },
{ "type": "Feature", "properties": { "Longitude": 117.24145972132294, "Latitude": 39.0 }, "geometry": { "type": "Point", "coordinates": [ 117.24145972132294, 39.0 ] } },
{ "type": "Feature", "properties": { "Longitude": 128.1855052255089, "Latitude": 37.5 }, "geometry": { "type": "Point", "coordinates": [ 128.185505225508905, 37.5 ] } },
{ "type": "Feature", "properties": { "Longitude": 126.89215646552174, "Latitude": 39.0 }, "geometry": { "type": "Point", "coordinates": [ 126.892156465521737, 39.0 ] } },
{ "type": "Feature", "properties": { "Longitude": 107.38580476870141, "Latitude": 36.0 }, "geometry": { "type": "Point", "coordinates": [ 107.385804768701405, 36.0 ] } },
{ "type": "Feature", "properties": { "Longitude": 107.38771039433959, "Latitude": 37.5 }, "geometry": { "type": "Point", "coordinates": [ 107.387710394339592, 37.5 ] } },
{ "type": "Feature", "properties": { "Longitude": 111.16912763637038, "Latitude": 37.5 }, "geometry": { "type": "Point", "coordinates": [ 111.169127636370376, 37.5 ] } },
{ "type": "Feature", "properties": { "Longitude": 105.4970017733242, "Latitude": 37.5 }, "geometry": { "type": "Point", "coordinates": [ 105.4970017733242, 37.5 ] } },
{ "type": "Feature", "properties": { "Longitude": 109.27841901535498, "Latitude": 37.5 }, "geometry": { "type": "Point", "coordinates": [ 109.278419015354984, 37.5 ] } },
{ "type": "Feature", "properties": { "Longitude": 105.66062362828438, "Latitude": 39.0 }, "geometry": { "type": "Point", "coordinates": [ 105.660623628284384, 39.0 ] } },
{ "type": "Feature", "properties": { "Longitude": 109.5209023259639, "Latitude": 39.0 }, "geometry": { "type": "Point", "coordinates": [ 109.520902325963903, 39.0 ] } },
{ "type": "Feature", "properties": { "Longitude": 111.45104167480366, "Latitude": 39.0 }, "geometry": { "type": "Point", "coordinates": [ 111.451041674803662, 39.0 ] } },
{ "type": "Feature", "properties": { "Longitude": 107.59076297712414, "Latitude": 39.0 }, "geometry": { "type": "Point", "coordinates": [ 107.590762977124143, 39.0 ] } },
{ "type": "Feature", "properties": { "Longitude": 109.97668347591923, "Latitude": 40.5 }, "geometry": { "type": "Point", "coordinates": [ 109.976683475919231, 40.5 ] } },
{ "type": "Feature", "properties": { "Longitude": 31.648131698983889, "Latitude": 28.5 }, "geometry": { "type": "Point", "coordinates": [ 31.648131698983889, 28.5 ] } },
{ "type": "Feature", "properties": { "Longitude": 35.061811242515887, "Latitude": 28.5 }, "geometry": { "type": "Point", "coordinates": [ 35.061811242515887, 28.5 ] } },
{ "type": "Feature", "properties": { "Longitude": 29.94129192721789, "Latitude": 28.5 }, "geometry": { "type": "Point", "coordinates": [ 29.94129192721789, 28.5 ] } },
{ "type": "Feature", "properties": { "Longitude": 36.768651014281886, "Latitude": 28.5 }, "geometry": { "type": "Point", "coordinates": [ 36.768651014281886, 28.5 ] } },
{ "type": "Feature", "properties": { "Longitude": 33.354971470749888, "Latitude": 28.5 }, "geometry": { "type": "Point", "coordinates": [ 33.354971470749888, 28.5 ] } },
{ "type": "Feature", "properties": { "Longitude": 31.31019852340188, "Latitude": 30.0 }, "geometry": { "type": "Point", "coordinates": [ 31.31019852340188, 30.0 ] } },
{ "type": "Feature", "properties": { "Longitude": 33.042249330970748, "Latitude": 30.0 }, "geometry": { "type": "Point", "coordinates": [ 33.042249330970748, 30.0 ] } },
{ "type": "Feature", "properties": { "Longitude": 36.506350946108483, "Latitude": 30.0 }, "geometry": { "type": "Point", "coordinates": [ 36.506350946108483, 30.0 ] } },
{ "type": "Feature", "properties": { "Longitude": 29.578147715833012, "Latitude": 30.0 }, "geometry": { "type": "Point", "coordinates": [ 29.578147715833012, 30.0 ] } },
{ "type": "Feature", "properties": { "Longitude": 34.774300138539616, "Latitude": 30.0 }, "geometry": { "type": "Point", "coordinates": [ 34.774300138539616, 30.0 ] } },
{ "type": "Feature", "properties": { "Longitude": 40.182330557813884, "Latitude": 28.5 }, "geometry": { "type": "Point", "coordinates": [ 40.182330557813884, 28.5 ] } },
{ "type": "Feature", "properties": { "Longitude": 41.702503368815087, "Latitude": 30.0 }, "geometry": { "type": "Point", "coordinates": [ 41.702503368815087, 30.0 ] } },
{ "type": "Feature", "properties": { "Longitude": 39.970452561246219, "Latitude": 30.0 }, "geometry": { "type": "Point", "coordinates": [ 39.970452561246219, 30.0 ] } },
{ "type": "Feature", "properties": { "Longitude": 45.166604983952823, "Latitude": 30.0 }, "geometry": { "type": "Point", "coordinates": [ 45.166604983952823, 30.0 ] } },
{ "type": "Feature", "properties": { "Longitude": 38.238401753677351, "Latitude": 30.0 }, "geometry": { "type": "Point", "coordinates": [ 38.238401753677351, 30.0 ] } },
{ "type": "Feature", "properties": { "Longitude": 43.434554176383955, "Latitude": 30.0 }, "geometry": { "type": "Point", "coordinates": [ 43.434554176383955, 30.0 ] } },
{ "type": "Feature", "properties": { "Longitude": 41.664434660049153, "Latitude": 31.5 }, "geometry": { "type": "Point", "coordinates": [ 41.664434660049153, 31.5 ] } },
{ "type": "Feature", "properties": { "Longitude": 39.905193115128128, "Latitude": 31.5 }, "geometry": { "type": "Point", "coordinates": [ 39.905193115128128, 31.5 ] } },
{ "type": "Feature", "properties": { "Longitude": 43.423676204970178, "Latitude": 31.5 }, "geometry": { "type": "Point", "coordinates": [ 43.423676204970178, 31.5 ] } },
{ "type": "Feature", "properties": { "Longitude": 45.182917749891203, "Latitude": 31.5 }, "geometry": { "type": "Point", "coordinates": [ 45.182917749891203, 31.5 ] } },
{ "type": "Feature", "properties": { "Longitude": 36.386710025286078, "Latitude": 31.5 }, "geometry": { "type": "Point", "coordinates": [ 36.386710025286078, 31.5 ] } },
{ "type": "Feature", "properties": { "Longitude": 31.108985390523003, "Latitude": 31.5 }, "geometry": { "type": "Point", "coordinates": [ 31.108985390523003, 31.5 ] } },
{ "type": "Feature", "properties": { "Longitude": 34.627468480365053, "Latitude": 31.5 }, "geometry": { "type": "Point", "coordinates": [ 34.627468480365053, 31.5 ] } },
{ "type": "Feature", "properties": { "Longitude": 36.413937649723124, "Latitude": 33.0 }, "geometry": { "type": "Point", "coordinates": [ 36.413937649723124, 33.0 ] } },
{ "type": "Feature", "properties": { "Longitude": 38.145951570207103, "Latitude": 31.5 }, "geometry": { "type": "Point", "coordinates": [ 38.145951570207103, 31.5 ] } },
{ "type": "Feature", "properties": { "Longitude": 39.991027528230944, "Latitude": 33.0 }, "geometry": { "type": "Point", "coordinates": [ 39.991027528230944, 33.0 ] } },
{ "type": "Feature", "properties": { "Longitude": 38.202482588977034, "Latitude": 33.0 }, "geometry": { "type": "Point", "coordinates": [ 38.202482588977034, 33.0 ] } },
{ "type": "Feature", "properties": { "Longitude": 45.356662345992675, "Latitude": 33.0 }, "geometry": { "type": "Point", "coordinates": [ 45.356662345992675, 33.0 ] } },
{ "type": "Feature", "properties": { "Longitude": 41.779572467484854, "Latitude": 33.0 }, "geometry": { "type": "Point", "coordinates": [ 41.779572467484854, 33.0 ] } },
{ "type": "Feature", "properties": { "Longitude": 43.568117406738764, "Latitude": 33.0 }, "geometry": { "type": "Point", "coordinates": [ 43.568117406738764, 33.0 ] } },
{ "type": "Feature", "properties": { "Longitude": 43.873482662277439, "Latitude": 34.5 }, "geometry": { "type": "Point", "coordinates": [ 43.873482662277439, 34.5 ] } },
{ "type": "Feature", "properties": { "Longitude": 38.413153816856038, "Latitude": 34.5 }, "geometry": { "type": "Point", "coordinates": [ 38.413153816856038, 34.5 ] } },
{ "type": "Feature", "properties": { "Longitude": 42.053373047136972, "Latitude": 34.5 }, "geometry": { "type": "Point", "coordinates": [ 42.053373047136972, 34.5 ] } },
{ "type": "Feature", "properties": { "Longitude": 45.693592277417906, "Latitude": 34.5 }, "geometry": { "type": "Point", "coordinates": [ 45.693592277417906, 34.5 ] } },
{ "type": "Feature", "properties": { "Longitude": 36.593044201715571, "Latitude": 34.5 }, "geometry": { "type": "Point", "coordinates": [ 36.593044201715571, 34.5 ] } },
{ "type": "Feature", "properties": { "Longitude": 36.929930051213319, "Latitude": 36.0 }, "geometry": { "type": "Point", "coordinates": [ 36.929930051213319, 36.0 ] } },
{ "type": "Feature", "properties": { "Longitude": 40.233263431996505, "Latitude": 34.5 }, "geometry": { "type": "Point", "coordinates": [ 40.233263431996505, 34.5 ] } },
{ "type": "Feature", "properties": { "Longitude": 44.346337916212065, "Latitude": 36.0 }, "geometry": { "type": "Point", "coordinates": [ 44.346337916212065, 36.0 ] } },
{ "type": "Feature", "properties": { "Longitude": 38.784032017463005, "Latitude": 36.0 }, "geometry": { "type": "Point", "coordinates": [ 38.784032017463005, 36.0 ] } },
{ "type": "Feature", "properties": { "Longitude": 40.638133983712692, "Latitude": 36.0 }, "geometry": { "type": "Point", "coordinates": [ 40.638133983712692, 36.0 ] } },
{ "type": "Feature", "properties": { "Longitude": 42.492235949962378, "Latitude": 36.0 }, "geometry": { "type": "Point", "coordinates": [ 42.492235949962378, 36.0 ] } },
{ "type": "Feature", "properties": { "Longitude": 44.994325900831655, "Latitude": 37.5 }, "geometry": { "type": "Point", "coordinates": [ 44.994325900831655, 37.5 ] } },
{ "type": "Feature", "properties": { "Longitude": 43.103617279816262, "Latitude": 37.5 }, "geometry": { "type": "Point", "coordinates": [ 43.103617279816262, 37.5 ] } },
{ "type": "Feature", "properties": { "Longitude": 39.322200037785478, "Latitude": 37.5 }, "geometry": { "type": "Point", "coordinates": [ 39.322200037785478, 37.5 ] } },
{ "type": "Feature", "properties": { "Longitude": 41.21290865880087, "Latitude": 37.5 }, "geometry": { "type": "Point", "coordinates": [ 41.21290865880087, 37.5 ] } },
{ "type": "Feature", "properties": { "Longitude": 37.431491416770086, "Latitude": 37.5 }, "geometry": { "type": "Point", "coordinates": [ 37.431491416770086, 37.5 ] } },
{ "type": "Feature", "properties": { "Longitude": 49.33381150769884, "Latitude": 34.5 }, "geometry": { "type": "Point", "coordinates": [ 49.33381150769884, 34.5 ] } },
{ "type": "Feature", "properties": { "Longitude": 51.153921122839307, "Latitude": 34.5 }, "geometry": { "type": "Point", "coordinates": [ 51.153921122839307, 34.5 ] } },
{ "type": "Feature", "properties": { "Longitude": 52.974030737979774, "Latitude": 34.5 }, "geometry": { "type": "Point", "coordinates": [ 52.974030737979774, 34.5 ] } },
{ "type": "Feature", "properties": { "Longitude": 47.513701892558373, "Latitude": 34.5 }, "geometry": { "type": "Point", "coordinates": [ 47.513701892558373, 34.5 ] } },
{ "type": "Feature", "properties": { "Longitude": 48.054541848711438, "Latitude": 36.0 }, "geometry": { "type": "Point", "coordinates": [ 48.054541848711438, 36.0 ] } },
{ "type": "Feature", "properties": { "Longitude": 51.76274578121081, "Latitude": 36.0 }, "geometry": { "type": "Point", "coordinates": [ 51.76274578121081, 36.0 ] } },
{ "type": "Feature", "properties": { "Longitude": 53.616847747460497, "Latitude": 36.0 }, "geometry": { "type": "Point", "coordinates": [ 53.616847747460497, 36.0 ] } },
{ "type": "Feature", "properties": { "Longitude": 46.200439882461751, "Latitude": 36.0 }, "geometry": { "type": "Point", "coordinates": [ 46.200439882461751, 36.0 ] } },
{ "type": "Feature", "properties": { "Longitude": 49.908643814961124, "Latitude": 36.0 }, "geometry": { "type": "Point", "coordinates": [ 49.908643814961124, 36.0 ] } },
{ "type": "Feature", "properties": { "Longitude": 48.775743142862439, "Latitude": 37.5 }, "geometry": { "type": "Point", "coordinates": [ 48.775743142862439, 37.5 ] } },
{ "type": "Feature", "properties": { "Longitude": 46.885034521847047, "Latitude": 37.5 }, "geometry": { "type": "Point", "coordinates": [ 46.885034521847047, 37.5 ] } },
{ "type": "Feature", "properties": { "Longitude": 47.756443163091603, "Latitude": 39.0 }, "geometry": { "type": "Point", "coordinates": [ 47.756443163091603, 39.0 ] } },
{ "type": "Feature", "properties": { "Longitude": 45.826303814251844, "Latitude": 39.0 }, "geometry": { "type": "Point", "coordinates": [ 45.826303814251844, 39.0 ] } },
{ "type": "Feature", "properties": { "Longitude": 46.852507481161325, "Latitude": 40.5 }, "geometry": { "type": "Point", "coordinates": [ 46.852507481161325, 40.5 ] } },
{ "type": "Feature", "properties": { "Longitude": 33.650074174739302, "Latitude": 37.5 }, "geometry": { "type": "Point", "coordinates": [ 33.650074174739302, 37.5 ] } },
{ "type": "Feature", "properties": { "Longitude": 31.75936555372391, "Latitude": 37.5 }, "geometry": { "type": "Point", "coordinates": [ 31.75936555372391, 37.5 ] } },
{ "type": "Feature", "properties": { "Longitude": 35.540782795754694, "Latitude": 37.5 }, "geometry": { "type": "Point", "coordinates": [ 35.540782795754694, 37.5 ] } },
{ "type": "Feature", "properties": { "Longitude": 29.868656932708518, "Latitude": 37.5 }, "geometry": { "type": "Point", "coordinates": [ 29.868656932708518, 37.5 ] } },
{ "type": "Feature", "properties": { "Longitude": 34.245467721213288, "Latitude": 39.0 }, "geometry": { "type": "Point", "coordinates": [ 34.245467721213288, 39.0 ] } },
{ "type": "Feature", "properties": { "Longitude": 30.385189023533769, "Latitude": 39.0 }, "geometry": { "type": "Point", "coordinates": [ 30.385189023533769, 39.0 ] } },
{ "type": "Feature", "properties": { "Longitude": 32.315328372373529, "Latitude": 39.0 }, "geometry": { "type": "Point", "coordinates": [ 32.315328372373529, 39.0 ] } },
{ "type": "Feature", "properties": { "Longitude": 36.175607070053047, "Latitude": 39.0 }, "geometry": { "type": "Point", "coordinates": [ 36.175607070053047, 39.0 ] } },
{ "type": "Feature", "properties": { "Longitude": 31.071463482471842, "Latitude": 40.5 }, "geometry": { "type": "Point", "coordinates": [ 31.071463482471842, 40.5 ] } },
{ "type": "Feature", "properties": { "Longitude": 33.044093982308027, "Latitude": 40.5 }, "geometry": { "type": "Point", "coordinates": [ 33.044093982308027, 40.5 ] } },
{ "type": "Feature", "properties": { "Longitude": 38.105746418892807, "Latitude": 39.0 }, "geometry": { "type": "Point", "coordinates": [ 38.105746418892807, 39.0 ] } },
{ "type": "Feature", "properties": { "Longitude": 43.896164465412085, "Latitude": 39.0 }, "geometry": { "type": "Point", "coordinates": [ 43.896164465412085, 39.0 ] } },
{ "type": "Feature", "properties": { "Longitude": 40.035885767732566, "Latitude": 39.0 }, "geometry": { "type": "Point", "coordinates": [ 40.035885767732566, 39.0 ] } },
{ "type": "Feature", "properties": { "Longitude": 41.966025116572325, "Latitude": 39.0 }, "geometry": { "type": "Point", "coordinates": [ 41.966025116572325, 39.0 ] } },
{ "type": "Feature", "properties": { "Longitude": 42.907246481488954, "Latitude": 40.5 }, "geometry": { "type": "Point", "coordinates": [ 42.907246481488954, 40.5 ] } },
{ "type": "Feature", "properties": { "Longitude": 44.87987698132514, "Latitude": 40.5 }, "geometry": { "type": "Point", "coordinates": [ 44.87987698132514, 40.5 ] } },
{ "type": "Feature", "properties": { "Longitude": 38.961985481816583, "Latitude": 40.5 }, "geometry": { "type": "Point", "coordinates": [ 38.961985481816583, 40.5 ] } },
{ "type": "Feature", "properties": { "Longitude": 40.934615981652769, "Latitude": 40.5 }, "geometry": { "type": "Point", "coordinates": [ 40.934615981652769, 40.5 ] } },
{ "type": "Feature", "properties": { "Longitude": 42.029400385051758, "Latitude": 42.0 }, "geometry": { "type": "Point", "coordinates": [ 42.029400385051758, 42.0 ] } },
{ "type": "Feature", "properties": { "Longitude": 90.070285827340399, "Latitude": 33.0 }, "geometry": { "type": "Point", "coordinates": [ 90.070285827340399, 33.0 ] } },
{ "type": "Feature", "properties": { "Longitude": 88.281740888086517, "Latitude": 33.0 }, "geometry": { "type": "Point", "coordinates": [ 88.281740888086517, 33.0 ] } },
{ "type": "Feature", "properties": { "Longitude": 95.435920645102158, "Latitude": 33.0 }, "geometry": { "type": "Point", "coordinates": [ 95.435920645102158, 33.0 ] } },
{ "type": "Feature", "properties": { "Longitude": 93.647375705848276, "Latitude": 33.0 }, "geometry": { "type": "Point", "coordinates": [ 93.647375705848276, 33.0 ] } },
{ "type": "Feature", "properties": { "Longitude": 89.376223040789114, "Latitude": 34.5 }, "geometry": { "type": "Point", "coordinates": [ 89.376223040789114, 34.5 ] } },
{ "type": "Feature", "properties": { "Longitude": 94.836551886210486, "Latitude": 34.5 }, "geometry": { "type": "Point", "coordinates": [ 94.836551886210486, 34.5 ] } },
{ "type": "Feature", "properties": { "Longitude": 93.016442271070048, "Latitude": 34.5 }, "geometry": { "type": "Point", "coordinates": [ 93.016442271070048, 34.5 ] } },
{ "type": "Feature", "properties": { "Longitude": 91.196332655929609, "Latitude": 34.5 }, "geometry": { "type": "Point", "coordinates": [ 91.196332655929609, 34.5 ] } },
{ "type": "Feature", "properties": { "Longitude": 88.84478510620454, "Latitude": 36.0 }, "geometry": { "type": "Point", "coordinates": [ 88.84478510620454, 36.0 ] } },
{ "type": "Feature", "properties": { "Longitude": 92.552989038703913, "Latitude": 36.0 }, "geometry": { "type": "Point", "coordinates": [ 92.552989038703913, 36.0 ] } },
{ "type": "Feature", "properties": { "Longitude": 79.339016191816995, "Latitude": 33.0 }, "geometry": { "type": "Point", "coordinates": [ 79.339016191816995, 33.0 ] } },
{ "type": "Feature", "properties": { "Longitude": 81.127561131070877, "Latitude": 33.0 }, "geometry": { "type": "Point", "coordinates": [ 81.127561131070877, 33.0 ] } },
{ "type": "Feature", "properties": { "Longitude": 82.916106070324759, "Latitude": 33.0 }, "geometry": { "type": "Point", "coordinates": [ 82.916106070324759, 33.0 ] } },
{ "type": "Feature", "properties": { "Longitude": 86.493195948832636, "Latitude": 33.0 }, "geometry": { "type": "Point", "coordinates": [ 86.493195948832636, 33.0 ] } },
{ "type": "Feature", "properties": { "Longitude": 85.73600381050818, "Latitude": 34.5 }, "geometry": { "type": "Point", "coordinates": [ 85.73600381050818, 34.5 ] } },
{ "type": "Feature", "properties": { "Longitude": 82.095784580227246, "Latitude": 34.5 }, "geometry": { "type": "Point", "coordinates": [ 82.095784580227246, 34.5 ] } },
{ "type": "Feature", "properties": { "Longitude": 80.27567496508675, "Latitude": 34.5 }, "geometry": { "type": "Point", "coordinates": [ 80.27567496508675, 34.5 ] } },
{ "type": "Feature", "properties": { "Longitude": 87.556113425648618, "Latitude": 34.5 }, "geometry": { "type": "Point", "coordinates": [ 87.556113425648618, 34.5 ] } },
{ "type": "Feature", "properties": { "Longitude": 83.915894195367741, "Latitude": 34.5 }, "geometry": { "type": "Point", "coordinates": [ 83.915894195367741, 34.5 ] } },
{ "type": "Feature", "properties": { "Longitude": 81.428377241205794, "Latitude": 36.0 }, "geometry": { "type": "Point", "coordinates": [ 81.428377241205794, 36.0 ] } },
{ "type": "Feature", "properties": { "Longitude": 99.013010523609978, "Latitude": 33.0 }, "geometry": { "type": "Point", "coordinates": [ 99.013010523609978, 33.0 ] } },
{ "type": "Feature", "properties": { "Longitude": 100.80155546286392, "Latitude": 33.0 }, "geometry": { "type": "Point", "coordinates": [ 100.801555462863917, 33.0 ] } },
{ "type": "Feature", "properties": { "Longitude": 102.5901004021178, "Latitude": 33.0 }, "geometry": { "type": "Point", "coordinates": [ 102.590100402117798, 33.0 ] } },
{ "type": "Feature", "properties": { "Longitude": 104.37864534137168, "Latitude": 33.0 }, "geometry": { "type": "Point", "coordinates": [ 104.37864534137168, 33.0 ] } },
{ "type": "Feature", "properties": { "Longitude": 98.476771116491477, "Latitude": 34.5 }, "geometry": { "type": "Point", "coordinates": [ 98.476771116491477, 34.5 ] } },
{ "type": "Feature", "properties": { "Longitude": 102.11699034677235, "Latitude": 34.5 }, "geometry": { "type": "Point", "coordinates": [ 102.116990346772354, 34.5 ] } },
{ "type": "Feature", "properties": { "Longitude": 96.656661501350982, "Latitude": 34.5 }, "geometry": { "type": "Point", "coordinates": [ 96.656661501350982, 34.5 ] } },
{ "type": "Feature", "properties": { "Longitude": 103.93709996191285, "Latitude": 34.5 }, "geometry": { "type": "Point", "coordinates": [ 103.93709996191285, 34.5 ] } },
{ "type": "Feature", "properties": { "Longitude": 100.29688073163192, "Latitude": 34.5 }, "geometry": { "type": "Point", "coordinates": [ 100.296880731631916, 34.5 ] } },
{ "type": "Feature", "properties": { "Longitude": 96.261192971203286, "Latitude": 36.0 }, "geometry": { "type": "Point", "coordinates": [ 96.261192971203286, 36.0 ] } },
{ "type": "Feature", "properties": { "Longitude": 99.969396903702659, "Latitude": 36.0 }, "geometry": { "type": "Point", "coordinates": [ 99.969396903702659, 36.0 ] } },
{ "type": "Feature", "properties": { "Longitude": 103.67760083620203, "Latitude": 36.0 }, "geometry": { "type": "Point", "coordinates": [ 103.677600836202032, 36.0 ] } },
{ "type": "Feature", "properties": { "Longitude": 101.82349886995235, "Latitude": 36.0 }, "geometry": { "type": "Point", "coordinates": [ 101.823498869952346, 36.0 ] } },
{ "type": "Feature", "properties": { "Longitude": 98.115294937452973, "Latitude": 36.0 }, "geometry": { "type": "Point", "coordinates": [ 98.115294937452973, 36.0 ] } },
{ "type": "Feature", "properties": { "Longitude": 101.71558453129342, "Latitude": 37.5 }, "geometry": { "type": "Point", "coordinates": [ 101.715584531293416, 37.5 ] } },
{ "type": "Feature", "properties": { "Longitude": 103.60629315230881, "Latitude": 37.5 }, "geometry": { "type": "Point", "coordinates": [ 103.606293152308808, 37.5 ] } },
{ "type": "Feature", "properties": { "Longitude": 99.824875910278024, "Latitude": 37.5 }, "geometry": { "type": "Point", "coordinates": [ 99.824875910278024, 37.5 ] } },
{ "type": "Feature", "properties": { "Longitude": 97.934167289262632, "Latitude": 37.5 }, "geometry": { "type": "Point", "coordinates": [ 97.934167289262632, 37.5 ] } },
{ "type": "Feature", "properties": { "Longitude": 101.80034493060487, "Latitude": 39.0 }, "geometry": { "type": "Point", "coordinates": [ 101.800344930604865, 39.0 ] } },
{ "type": "Feature", "properties": { "Longitude": 103.73048427944462, "Latitude": 39.0 }, "geometry": { "type": "Point", "coordinates": [ 103.730484279444624, 39.0 ] } },
{ "type": "Feature", "properties": { "Longitude": 83.282479207455481, "Latitude": 36.0 }, "geometry": { "type": "Point", "coordinates": [ 83.282479207455481, 36.0 ] } },
{ "type": "Feature", "properties": { "Longitude": 85.136581173705167, "Latitude": 36.0 }, "geometry": { "type": "Point", "coordinates": [ 85.136581173705167, 36.0 ] } },
{ "type": "Feature", "properties": { "Longitude": 86.990683139954854, "Latitude": 36.0 }, "geometry": { "type": "Point", "coordinates": [ 86.990683139954854, 36.0 ] } },
{ "type": "Feature", "properties": { "Longitude": 79.574275274956108, "Latitude": 36.0 }, "geometry": { "type": "Point", "coordinates": [ 79.574275274956108, 36.0 ] } },
{ "type": "Feature", "properties": { "Longitude": 86.58991556317028, "Latitude": 37.5 }, "geometry": { "type": "Point", "coordinates": [ 86.58991556317028, 37.5 ] } },
{ "type": "Feature", "properties": { "Longitude": 84.699206942154888, "Latitude": 37.5 }, "geometry": { "type": "Point", "coordinates": [ 84.699206942154888, 37.5 ] } },
{ "type": "Feature", "properties": { "Longitude": 82.808498321139496, "Latitude": 37.5 }, "geometry": { "type": "Point", "coordinates": [ 82.808498321139496, 37.5 ] } },
{ "type": "Feature", "properties": { "Longitude": 80.917789700124104, "Latitude": 37.5 }, "geometry": { "type": "Point", "coordinates": [ 80.917789700124104, 37.5 ] } },
{ "type": "Feature", "properties": { "Longitude": 84.429090791047031, "Latitude": 39.0 }, "geometry": { "type": "Point", "coordinates": [ 84.429090791047031, 39.0 ] } },
{ "type": "Feature", "properties": { "Longitude": 80.568812093367512, "Latitude": 39.0 }, "geometry": { "type": "Point", "coordinates": [ 80.568812093367512, 39.0 ] } },
{ "type": "Feature", "properties": { "Longitude": 94.4070910049536, "Latitude": 36.0 }, "geometry": { "type": "Point", "coordinates": [ 94.4070910049536, 36.0 ] } },
{ "type": "Feature", "properties": { "Longitude": 90.698887072454227, "Latitude": 36.0 }, "geometry": { "type": "Point", "coordinates": [ 90.698887072454227, 36.0 ] } },
{ "type": "Feature", "properties": { "Longitude": 92.262041426216456, "Latitude": 37.5 }, "geometry": { "type": "Point", "coordinates": [ 92.262041426216456, 37.5 ] } },
{ "type": "Feature", "properties": { "Longitude": 96.04345866824724, "Latitude": 37.5 }, "geometry": { "type": "Point", "coordinates": [ 96.04345866824724, 37.5 ] } },
{ "type": "Feature", "properties": { "Longitude": 94.152750047231848, "Latitude": 37.5 }, "geometry": { "type": "Point", "coordinates": [ 94.152750047231848, 37.5 ] } },
{ "type": "Feature", "properties": { "Longitude": 90.371332805201064, "Latitude": 37.5 }, "geometry": { "type": "Point", "coordinates": [ 90.371332805201064, 37.5 ] } },
{ "type": "Feature", "properties": { "Longitude": 88.480624184185672, "Latitude": 37.5 }, "geometry": { "type": "Point", "coordinates": [ 88.480624184185672, 37.5 ] } },
{ "type": "Feature", "properties": { "Longitude": 94.079787535245828, "Latitude": 39.0 }, "geometry": { "type": "Point", "coordinates": [ 94.079787535245828, 39.0 ] } },
{ "type": "Feature", "properties": { "Longitude": 88.28936948872655, "Latitude": 39.0 }, "geometry": { "type": "Point", "coordinates": [ 88.28936948872655, 39.0 ] } },
{ "type": "Feature", "properties": { "Longitude": 92.149648186406068, "Latitude": 39.0 }, "geometry": { "type": "Point", "coordinates": [ 92.149648186406068, 39.0 ] } },
{ "type": "Feature", "properties": { "Longitude": 82.498951442207272, "Latitude": 39.0 }, "geometry": { "type": "Point", "coordinates": [ 82.498951442207272, 39.0 ] } },
{ "type": "Feature", "properties": { "Longitude": 86.35923013988679, "Latitude": 39.0 }, "geometry": { "type": "Point", "coordinates": [ 86.35923013988679, 39.0 ] } },
{ "type": "Feature", "properties": { "Longitude": 80.387225978376478, "Latitude": 40.5 }, "geometry": { "type": "Point", "coordinates": [ 80.387225978376478, 40.5 ] } },
{ "type": "Feature", "properties": { "Longitude": 82.359856478212691, "Latitude": 40.5 }, "geometry": { "type": "Point", "coordinates": [ 82.359856478212691, 40.5 ] } },
{ "type": "Feature", "properties": { "Longitude": 84.332486978048848, "Latitude": 40.5 }, "geometry": { "type": "Point", "coordinates": [ 84.332486978048848, 40.5 ] } },
{ "type": "Feature", "properties": { "Longitude": 86.305117477885005, "Latitude": 40.5 }, "geometry": { "type": "Point", "coordinates": [ 86.305117477885005, 40.5 ] } },
{ "type": "Feature", "properties": { "Longitude": 86.43528046206211, "Latitude": 42.0 }, "geometry": { "type": "Point", "coordinates": [ 86.43528046206211, 42.0 ] } },
{ "type": "Feature", "properties": { "Longitude": 82.398382273242987, "Latitude": 42.0 }, "geometry": { "type": "Point", "coordinates": [ 82.398382273242987, 42.0 ] } },
{ "type": "Feature", "properties": { "Longitude": 80.379933178833426, "Latitude": 42.0 }, "geometry": { "type": "Point", "coordinates": [ 80.379933178833426, 42.0 ] } },
{ "type": "Feature", "properties": { "Longitude": 84.416831367652549, "Latitude": 42.0 }, "geometry": { "type": "Point", "coordinates": [ 84.416831367652549, 42.0 ] } },
{ "type": "Feature", "properties": { "Longitude": 96.009926884085587, "Latitude": 39.0 }, "geometry": { "type": "Point", "coordinates": [ 96.009926884085587, 39.0 ] } },
{ "type": "Feature", "properties": { "Longitude": 90.219508837566309, "Latitude": 39.0 }, "geometry": { "type": "Point", "coordinates": [ 90.219508837566309, 39.0 ] } },
{ "type": "Feature", "properties": { "Longitude": 92.22300897739359, "Latitude": 40.5 }, "geometry": { "type": "Point", "coordinates": [ 92.22300897739359, 40.5 ] } },
{ "type": "Feature", "properties": { "Longitude": 88.277747977721219, "Latitude": 40.5 }, "geometry": { "type": "Point", "coordinates": [ 88.277747977721219, 40.5 ] } },
{ "type": "Feature", "properties": { "Longitude": 94.195639477229747, "Latitude": 40.5 }, "geometry": { "type": "Point", "coordinates": [ 94.195639477229747, 40.5 ] } },
{ "type": "Feature", "properties": { "Longitude": 90.250378477557433, "Latitude": 40.5 }, "geometry": { "type": "Point", "coordinates": [ 90.250378477557433, 40.5 ] } },
{ "type": "Feature", "properties": { "Longitude": 90.472178650881233, "Latitude": 42.0 }, "geometry": { "type": "Point", "coordinates": [ 90.472178650881233, 42.0 ] } },
{ "type": "Feature", "properties": { "Longitude": 88.453729556471671, "Latitude": 42.0 }, "geometry": { "type": "Point", "coordinates": [ 88.453729556471671, 42.0 ] } },
{ "type": "Feature", "properties": { "Longitude": 94.509076839700356, "Latitude": 42.0 }, "geometry": { "type": "Point", "coordinates": [ 94.509076839700356, 42.0 ] } },
{ "type": "Feature", "properties": { "Longitude": 92.490627745290794, "Latitude": 42.0 }, "geometry": { "type": "Point", "coordinates": [ 92.490627745290794, 42.0 ] } },
{ "type": "Feature", "properties": { "Longitude": 97.940066232925346, "Latitude": 39.0 }, "geometry": { "type": "Point", "coordinates": [ 97.940066232925346, 39.0 ] } },
{ "type": "Feature", "properties": { "Longitude": 99.870205581765106, "Latitude": 39.0 }, "geometry": { "type": "Point", "coordinates": [ 99.870205581765106, 39.0 ] } },
{ "type": "Feature", "properties": { "Longitude": 102.08616147657449, "Latitude": 40.5 }, "geometry": { "type": "Point", "coordinates": [ 102.086161476574489, 40.5 ] } },
{ "type": "Feature", "properties": { "Longitude": 100.11353097673833, "Latitude": 40.5 }, "geometry": { "type": "Point", "coordinates": [ 100.113530976738332, 40.5 ] } },
{ "type": "Feature", "properties": { "Longitude": 96.168269977065961, "Latitude": 40.5 }, "geometry": { "type": "Point", "coordinates": [ 96.168269977065961, 40.5 ] } },
{ "type": "Feature", "properties": { "Longitude": 104.0587919764107, "Latitude": 40.5 }, "geometry": { "type": "Point", "coordinates": [ 104.058791976410703, 40.5 ] } },
{ "type": "Feature", "properties": { "Longitude": 98.140900476902175, "Latitude": 40.5 }, "geometry": { "type": "Point", "coordinates": [ 98.140900476902175, 40.5 ] } },
{ "type": "Feature", "properties": { "Longitude": 96.527525934109917, "Latitude": 42.0 }, "geometry": { "type": "Point", "coordinates": [ 96.527525934109917, 42.0 ] } },
{ "type": "Feature", "properties": { "Longitude": 102.5828732173386, "Latitude": 42.0 }, "geometry": { "type": "Point", "coordinates": [ 102.582873217338602, 42.0 ] } },
{ "type": "Feature", "properties": { "Longitude": 98.545975028519479, "Latitude": 42.0 }, "geometry": { "type": "Point", "coordinates": [ 98.545975028519479, 42.0 ] } },
{ "type": "Feature", "properties": { "Longitude": 100.56442412292904, "Latitude": 42.0 }, "geometry": { "type": "Point", "coordinates": [ 100.56442412292904, 42.0 ] } },
{ "type": "Feature", "properties": { "Longitude": 99.166190718045641, "Latitude": 43.5 }, "geometry": { "type": "Point", "coordinates": [ 99.166190718045641, 43.5 ] } },
{ "type": "Feature", "properties": { "Longitude": 103.3019861360907, "Latitude": 43.5 }, "geometry": { "type": "Point", "coordinates": [ 103.301986136090704, 43.5 ] } },
{ "type": "Feature", "properties": { "Longitude": 101.23408842706817, "Latitude": 43.5 }, "geometry": { "type": "Point", "coordinates": [ 101.234088427068173, 43.5 ] } },
{ "type": "Feature", "properties": { "Longitude": 97.098293009023052, "Latitude": 43.5 }, "geometry": { "type": "Point", "coordinates": [ 97.098293009023052, 43.5 ] } },
{ "type": "Feature", "properties": { "Longitude": 100.01428534987133, "Latitude": 45.0 }, "geometry": { "type": "Point", "coordinates": [ 100.014285349871329, 45.0 ] } },
{ "type": "Feature", "properties": { "Longitude": 97.89296500631167, "Latitude": 45.0 }, "geometry": { "type": "Point", "coordinates": [ 97.89296500631167, 45.0 ] } },
{ "type": "Feature", "properties": { "Longitude": 104.25692603699059, "Latitude": 45.0 }, "geometry": { "type": "Point", "coordinates": [ 104.256926036990592, 45.0 ] } },
{ "type": "Feature", "properties": { "Longitude": 102.13560569343099, "Latitude": 45.0 }, "geometry": { "type": "Point", "coordinates": [ 102.135605693430989, 45.0 ] } },
{ "type": "Feature", "properties": { "Longitude": 101.10512638777982, "Latitude": 46.5 }, "geometry": { "type": "Point", "coordinates": [ 101.105126387779819, 46.5 ] } },
{ "type": "Feature", "properties": { "Longitude": 71.464246595047143, "Latitude": 37.5 }, "geometry": { "type": "Point", "coordinates": [ 71.464246595047143, 37.5 ] } },
{ "type": "Feature", "properties": { "Longitude": 77.136372458093319, "Latitude": 37.5 }, "geometry": { "type": "Point", "coordinates": [ 77.136372458093319, 37.5 ] } },
{ "type": "Feature", "properties": { "Longitude": 73.354955216062535, "Latitude": 37.5 }, "geometry": { "type": "Point", "coordinates": [ 73.354955216062535, 37.5 ] } },
{ "type": "Feature", "properties": { "Longitude": 75.245663837077927, "Latitude": 37.5 }, "geometry": { "type": "Point", "coordinates": [ 75.245663837077927, 37.5 ] } },
{ "type": "Feature", "properties": { "Longitude": 79.027081079108711, "Latitude": 37.5 }, "geometry": { "type": "Point", "coordinates": [ 79.027081079108711, 37.5 ] } },
{ "type": "Feature", "properties": { "Longitude": 78.638672744527753, "Latitude": 39.0 }, "geometry": { "type": "Point", "coordinates": [ 78.638672744527753, 39.0 ] } },
{ "type": "Feature", "properties": { "Longitude": 70.918115349168716, "Latitude": 39.0 }, "geometry": { "type": "Point", "coordinates": [ 70.918115349168716, 39.0 ] } },
{ "type": "Feature", "properties": { "Longitude": 76.708533395687994, "Latitude": 39.0 }, "geometry": { "type": "Point", "coordinates": [ 76.708533395687994, 39.0 ] } },
{ "type": "Feature", "properties": { "Longitude": 74.778394046848234, "Latitude": 39.0 }, "geometry": { "type": "Point", "coordinates": [ 74.778394046848234, 39.0 ] } },
{ "type": "Feature", "properties": { "Longitude": 72.848254698008475, "Latitude": 39.0 }, "geometry": { "type": "Point", "coordinates": [ 72.848254698008475, 39.0 ] } },
{ "type": "Feature", "properties": { "Longitude": 57.4071399072904, "Latitude": 39.0 }, "geometry": { "type": "Point", "coordinates": [ 57.4071399072904, 39.0 ] } },
{ "type": "Feature", "properties": { "Longitude": 55.477000558450641, "Latitude": 39.0 }, "geometry": { "type": "Point", "coordinates": [ 55.477000558450641, 39.0 ] } },
{ "type": "Feature", "properties": { "Longitude": 60.660920980014623, "Latitude": 40.5 }, "geometry": { "type": "Point", "coordinates": [ 60.660920980014623, 40.5 ] } },
{ "type": "Feature", "properties": { "Longitude": 56.715659980342252, "Latitude": 40.5 }, "geometry": { "type": "Point", "coordinates": [ 56.715659980342252, 40.5 ] } },
{ "type": "Feature", "properties": { "Longitude": 54.743029480506067, "Latitude": 40.5 }, "geometry": { "type": "Point", "coordinates": [ 54.743029480506067, 40.5 ] } },
{ "type": "Feature", "properties": { "Longitude": 58.688290480178438, "Latitude": 40.5 }, "geometry": { "type": "Point", "coordinates": [ 58.688290480178438, 40.5 ] } },
{ "type": "Feature", "properties": { "Longitude": 54.140094951509127, "Latitude": 42.0 }, "geometry": { "type": "Point", "coordinates": [ 54.140094951509127, 42.0 ] } },
{ "type": "Feature", "properties": { "Longitude": 56.158544045918688, "Latitude": 42.0 }, "geometry": { "type": "Point", "coordinates": [ 56.158544045918688, 42.0 ] } },
{ "type": "Feature", "properties": { "Longitude": 60.195442234737811, "Latitude": 42.0 }, "geometry": { "type": "Point", "coordinates": [ 60.195442234737811, 42.0 ] } },
{ "type": "Feature", "properties": { "Longitude": 58.17699314032825, "Latitude": 42.0 }, "geometry": { "type": "Point", "coordinates": [ 58.17699314032825, 42.0 ] } },
{ "type": "Feature", "properties": { "Longitude": 70.52407347919555, "Latitude": 40.5 }, "geometry": { "type": "Point", "coordinates": [ 70.52407347919555, 40.5 ] } },
{ "type": "Feature", "properties": { "Longitude": 66.578812479523179, "Latitude": 40.5 }, "geometry": { "type": "Point", "coordinates": [ 66.578812479523179, 40.5 ] } },
{ "type": "Feature", "properties": { "Longitude": 62.633551479850809, "Latitude": 40.5 }, "geometry": { "type": "Point", "coordinates": [ 62.633551479850809, 40.5 ] } },
{ "type": "Feature", "properties": { "Longitude": 64.606181979686994, "Latitude": 40.5 }, "geometry": { "type": "Point", "coordinates": [ 64.606181979686994, 40.5 ] } },
{ "type": "Feature", "properties": { "Longitude": 66.250789517966496, "Latitude": 42.0 }, "geometry": { "type": "Point", "coordinates": [ 66.250789517966496, 42.0 ] } },
{ "type": "Feature", "properties": { "Longitude": 70.287687706785619, "Latitude": 42.0 }, "geometry": { "type": "Point", "coordinates": [ 70.287687706785619, 42.0 ] } },
{ "type": "Feature", "properties": { "Longitude": 68.269238612376057, "Latitude": 42.0 }, "geometry": { "type": "Point", "coordinates": [ 68.269238612376057, 42.0 ] } },
{ "type": "Feature", "properties": { "Longitude": 64.232340423556934, "Latitude": 42.0 }, "geometry": { "type": "Point", "coordinates": [ 64.232340423556934, 42.0 ] } },
{ "type": "Feature", "properties": { "Longitude": 68.147725082707211, "Latitude": 43.5 }, "geometry": { "type": "Point", "coordinates": [ 68.147725082707211, 43.5 ] } },
{ "type": "Feature", "properties": { "Longitude": 70.215622791729771, "Latitude": 43.5 }, "geometry": { "type": "Point", "coordinates": [ 70.215622791729771, 43.5 ] } },
{ "type": "Feature", "properties": { "Longitude": 74.469334478867921, "Latitude": 40.5 }, "geometry": { "type": "Point", "coordinates": [ 74.469334478867921, 40.5 ] } },
{ "type": "Feature", "properties": { "Longitude": 72.496703979031736, "Latitude": 40.5 }, "geometry": { "type": "Point", "coordinates": [ 72.496703979031736, 40.5 ] } },
{ "type": "Feature", "properties": { "Longitude": 76.441964978704107, "Latitude": 40.5 }, "geometry": { "type": "Point", "coordinates": [ 76.441964978704107, 40.5 ] } },
{ "type": "Feature", "properties": { "Longitude": 78.414595478540264, "Latitude": 40.5 }, "geometry": { "type": "Point", "coordinates": [ 78.414595478540264, 40.5 ] } },
{ "type": "Feature", "properties": { "Longitude": 74.324585895604741, "Latitude": 42.0 }, "geometry": { "type": "Point", "coordinates": [ 74.324585895604741, 42.0 ] } },
{ "type": "Feature", "properties": { "Longitude": 76.343034990014303, "Latitude": 42.0 }, "geometry": { "type": "Point", "coordinates": [ 76.343034990014303, 42.0 ] } },
{ "type": "Feature", "properties": { "Longitude": 78.361484084423864, "Latitude": 42.0 }, "geometry": { "type": "Point", "coordinates": [ 78.361484084423864, 42.0 ] } },
{ "type": "Feature", "properties": { "Longitude": 72.30613680119518, "Latitude": 42.0 }, "geometry": { "type": "Point", "coordinates": [ 72.30613680119518, 42.0 ] } },
{ "type": "Feature", "properties": { "Longitude": 72.283520500752331, "Latitude": 43.5 }, "geometry": { "type": "Point", "coordinates": [ 72.283520500752331, 43.5 ] } },
{ "type": "Feature", "properties": { "Longitude": 74.351418209774891, "Latitude": 43.5 }, "geometry": { "type": "Point", "coordinates": [ 74.351418209774891, 43.5 ] } },
{ "type": "Feature", "properties": { "Longitude": 62.213891329147373, "Latitude": 42.0 }, "geometry": { "type": "Point", "coordinates": [ 62.213891329147373, 42.0 ] } },
{ "type": "Feature", "properties": { "Longitude": 61.944031955639531, "Latitude": 43.5 }, "geometry": { "type": "Point", "coordinates": [ 61.944031955639531, 43.5 ] } },
{ "type": "Feature", "properties": { "Longitude": 59.876134246616971, "Latitude": 43.5 }, "geometry": { "type": "Point", "coordinates": [ 59.876134246616971, 43.5 ] } },
{ "type": "Feature", "properties": { "Longitude": 55.740338828571851, "Latitude": 43.5 }, "geometry": { "type": "Point", "coordinates": [ 55.740338828571851, 43.5 ] } },
{ "type": "Feature", "properties": { "Longitude": 57.808236537594411, "Latitude": 43.5 }, "geometry": { "type": "Point", "coordinates": [ 57.808236537594411, 43.5 ] } },
{ "type": "Feature", "properties": { "Longitude": 61.830519165797966, "Latitude": 45.0 }, "geometry": { "type": "Point", "coordinates": [ 61.830519165797966, 45.0 ] } },
{ "type": "Feature", "properties": { "Longitude": 55.466558135119072, "Latitude": 45.0 }, "geometry": { "type": "Point", "coordinates": [ 55.466558135119072, 45.0 ] } },
{ "type": "Feature", "properties": { "Longitude": 57.587878478678704, "Latitude": 45.0 }, "geometry": { "type": "Point", "coordinates": [ 57.587878478678704, 45.0 ] } },
{ "type": "Feature", "properties": { "Longitude": 59.709198822238335, "Latitude": 45.0 }, "geometry": { "type": "Point", "coordinates": [ 59.709198822238335, 45.0 ] } },
{ "type": "Feature", "properties": { "Longitude": 61.881155263903565, "Latitude": 46.5 }, "geometry": { "type": "Point", "coordinates": [ 61.881155263903565, 46.5 ] } },
{ "type": "Feature", "properties": { "Longitude": 64.011929664662091, "Latitude": 43.5 }, "geometry": { "type": "Point", "coordinates": [ 64.011929664662091, 43.5 ] } },
{ "type": "Feature", "properties": { "Longitude": 66.079827373684651, "Latitude": 43.5 }, "geometry": { "type": "Point", "coordinates": [ 66.079827373684651, 43.5 ] } },
{ "type": "Feature", "properties": { "Longitude": 70.315800540036491, "Latitude": 45.0 }, "geometry": { "type": "Point", "coordinates": [ 70.315800540036491, 45.0 ] } },
{ "type": "Feature", "properties": { "Longitude": 68.19448019647686, "Latitude": 45.0 }, "geometry": { "type": "Point", "coordinates": [ 68.19448019647686, 45.0 ] } },
{ "type": "Feature", "properties": { "Longitude": 66.073159852917229, "Latitude": 45.0 }, "geometry": { "type": "Point", "coordinates": [ 66.073159852917229, 45.0 ] } },
{ "type": "Feature", "properties": { "Longitude": 63.951839509357598, "Latitude": 45.0 }, "geometry": { "type": "Point", "coordinates": [ 63.951839509357598, 45.0 ] } },
{ "type": "Feature", "properties": { "Longitude": 70.597593291431622, "Latitude": 46.5 }, "geometry": { "type": "Point", "coordinates": [ 70.597593291431622, 46.5 ] } },
{ "type": "Feature", "properties": { "Longitude": 64.060264770785579, "Latitude": 46.5 }, "geometry": { "type": "Point", "coordinates": [ 64.060264770785579, 46.5 ] } },
{ "type": "Feature", "properties": { "Longitude": 66.239374277667594, "Latitude": 46.5 }, "geometry": { "type": "Point", "coordinates": [ 66.239374277667594, 46.5 ] } },
{ "type": "Feature", "properties": { "Longitude": 68.418483784549608, "Latitude": 46.5 }, "geometry": { "type": "Point", "coordinates": [ 68.418483784549608, 46.5 ] } },
{ "type": "Feature", "properties": { "Longitude": 55.343826743257523, "Latitude": 46.5 }, "geometry": { "type": "Point", "coordinates": [ 55.343826743257523, 46.5 ] } },
{ "type": "Feature", "properties": { "Longitude": 57.522936250139537, "Latitude": 46.5 }, "geometry": { "type": "Point", "coordinates": [ 57.522936250139537, 46.5 ] } },
{ "type": "Feature", "properties": { "Longitude": 59.702045757021551, "Latitude": 46.5 }, "geometry": { "type": "Point", "coordinates": [ 59.702045757021551, 46.5 ] } },
{ "type": "Feature", "properties": { "Longitude": 59.863486253268405, "Latitude": 48.0 }, "geometry": { "type": "Point", "coordinates": [ 59.863486253268405, 48.0 ] } },
{ "type": "Feature", "properties": { "Longitude": 57.621771428471504, "Latitude": 48.0 }, "geometry": { "type": "Point", "coordinates": [ 57.621771428471504, 48.0 ] } },
{ "type": "Feature", "properties": { "Longitude": 62.105201078065306, "Latitude": 48.0 }, "geometry": { "type": "Point", "coordinates": [ 62.105201078065306, 48.0 ] } },
{ "type": "Feature", "properties": { "Longitude": 55.380056603674603, "Latitude": 48.0 }, "geometry": { "type": "Point", "coordinates": [ 55.380056603674603, 48.0 ] } },
{ "type": "Feature", "properties": { "Longitude": 55.584663613022428, "Latitude": 49.5 }, "geometry": { "type": "Point", "coordinates": [ 55.584663613022428, 49.5 ] } },
{ "type": "Feature", "properties": { "Longitude": 57.894317177855982, "Latitude": 49.5 }, "geometry": { "type": "Point", "coordinates": [ 57.894317177855982, 49.5 ] } },
{ "type": "Feature", "properties": { "Longitude": 62.513624307523088, "Latitude": 49.5 }, "geometry": { "type": "Point", "coordinates": [ 62.513624307523088, 49.5 ] } },
{ "type": "Feature", "properties": { "Longitude": 77.797204851643642, "Latitude": 48.0 }, "geometry": { "type": "Point", "coordinates": [ 77.797204851643642, 48.0 ] } },
{ "type": "Feature", "properties": { "Longitude": 71.07206037725291, "Latitude": 48.0 }, "geometry": { "type": "Point", "coordinates": [ 71.07206037725291, 48.0 ] } },
{ "type": "Feature", "properties": { "Longitude": 75.555490026846712, "Latitude": 48.0 }, "geometry": { "type": "Point", "coordinates": [ 75.555490026846712, 48.0 ] } },
{ "type": "Feature", "properties": { "Longitude": 73.313775202049811, "Latitude": 48.0 }, "geometry": { "type": "Point", "coordinates": [ 73.313775202049811, 48.0 ] } },
{ "type": "Feature", "properties": { "Longitude": 74.061892131690854, "Latitude": 49.5 }, "geometry": { "type": "Point", "coordinates": [ 74.061892131690854, 49.5 ] } },
{ "type": "Feature", "properties": { "Longitude": 78.68119926135796, "Latitude": 49.5 }, "geometry": { "type": "Point", "coordinates": [ 78.68119926135796, 49.5 ] } },
{ "type": "Feature", "properties": { "Longitude": 71.752238566857301, "Latitude": 49.5 }, "geometry": { "type": "Point", "coordinates": [ 71.752238566857301, 49.5 ] } },
{ "type": "Feature", "properties": { "Longitude": 76.371545696524436, "Latitude": 49.5 }, "geometry": { "type": "Point", "coordinates": [ 76.371545696524436, 49.5 ] } },
{ "type": "Feature", "properties": { "Longitude": 77.420548108651474, "Latitude": 51.0 }, "geometry": { "type": "Point", "coordinates": [ 77.420548108651474, 51.0 ] } },
{ "type": "Feature", "properties": { "Longitude": 72.653500921454224, "Latitude": 51.0 }, "geometry": { "type": "Point", "coordinates": [ 72.653500921454224, 51.0 ] } },
{ "type": "Feature", "properties": { "Longitude": 64.346915902862207, "Latitude": 48.0 }, "geometry": { "type": "Point", "coordinates": [ 64.346915902862207, 48.0 ] } },
{ "type": "Feature", "properties": { "Longitude": 68.830345552456009, "Latitude": 48.0 }, "geometry": { "type": "Point", "coordinates": [ 68.830345552456009, 48.0 ] } },
{ "type": "Feature", "properties": { "Longitude": 66.588630727659108, "Latitude": 48.0 }, "geometry": { "type": "Point", "coordinates": [ 66.588630727659108, 48.0 ] } },
{ "type": "Feature", "properties": { "Longitude": 64.823277872356641, "Latitude": 49.5 }, "geometry": { "type": "Point", "coordinates": [ 64.823277872356641, 49.5 ] } },
{ "type": "Feature", "properties": { "Longitude": 69.442585002023748, "Latitude": 49.5 }, "geometry": { "type": "Point", "coordinates": [ 69.442585002023748, 49.5 ] } },
{ "type": "Feature", "properties": { "Longitude": 67.132931437190194, "Latitude": 49.5 }, "geometry": { "type": "Point", "coordinates": [ 67.132931437190194, 49.5 ] } },
{ "type": "Feature", "properties": { "Longitude": 65.50293014065835, "Latitude": 51.0 }, "geometry": { "type": "Point", "coordinates": [ 65.50293014065835, 51.0 ] } },
{ "type": "Feature", "properties": { "Longitude": 67.886453734256975, "Latitude": 51.0 }, "geometry": { "type": "Point", "coordinates": [ 67.886453734256975, 51.0 ] } },
{ "type": "Feature", "properties": { "Longitude": 70.269977327855599, "Latitude": 51.0 }, "geometry": { "type": "Point", "coordinates": [ 70.269977327855599, 51.0 ] } },
{ "type": "Feature", "properties": { "Longitude": 63.119406547059725, "Latitude": 51.0 }, "geometry": { "type": "Point", "coordinates": [ 63.119406547059725, 51.0 ] } },
{ "type": "Feature", "properties": { "Longitude": 60.203970742689535, "Latitude": 49.5 }, "geometry": { "type": "Point", "coordinates": [ 60.203970742689535, 49.5 ] } },
{ "type": "Feature", "properties": { "Longitude": 55.968835766263851, "Latitude": 51.0 }, "geometry": { "type": "Point", "coordinates": [ 55.968835766263851, 51.0 ] } },
{ "type": "Feature", "properties": { "Longitude": 58.352359359862476, "Latitude": 51.0 }, "geometry": { "type": "Point", "coordinates": [ 58.352359359862476, 51.0 ] } },
{ "type": "Feature", "properties": { "Longitude": 60.7358829534611, "Latitude": 51.0 }, "geometry": { "type": "Point", "coordinates": [ 60.7358829534611, 51.0 ] } },
{ "type": "Feature", "properties": { "Longitude": 59.009886413015892, "Latitude": 52.5 }, "geometry": { "type": "Point", "coordinates": [ 59.009886413015892, 52.5 ] } },
{ "type": "Feature", "properties": { "Longitude": 61.473905860572756, "Latitude": 52.5 }, "geometry": { "type": "Point", "coordinates": [ 61.473905860572756, 52.5 ] } },
{ "type": "Feature", "properties": { "Longitude": 56.545866965459027, "Latitude": 52.5 }, "geometry": { "type": "Point", "coordinates": [ 56.545866965459027, 52.5 ] } },
{ "type": "Feature", "properties": { "Longitude": 54.081847517902162, "Latitude": 52.5 }, "geometry": { "type": "Point", "coordinates": [ 54.081847517902162, 52.5 ] } },
{ "type": "Feature", "properties": { "Longitude": 62.435480380332251, "Latitude": 54.0 }, "geometry": { "type": "Point", "coordinates": [ 62.435480380332251, 54.0 ] } },
{ "type": "Feature", "properties": { "Longitude": 57.331575530219993, "Latitude": 54.0 }, "geometry": { "type": "Point", "coordinates": [ 57.331575530219993, 54.0 ] } },
{ "type": "Feature", "properties": { "Longitude": 113.38118102364342, "Latitude": 39.0 }, "geometry": { "type": "Point", "coordinates": [ 113.381181023643421, 39.0 ] } },
{ "type": "Feature", "properties": { "Longitude": 117.86720547526397, "Latitude": 40.5 }, "geometry": { "type": "Point", "coordinates": [ 117.867205475263972, 40.5 ] } },
{ "type": "Feature", "properties": { "Longitude": 119.83983597510019, "Latitude": 40.5 }, "geometry": { "type": "Point", "coordinates": [ 119.839835975100186, 40.5 ] } },
{ "type": "Feature", "properties": { "Longitude": 115.89457497542782, "Latitude": 40.5 }, "geometry": { "type": "Point", "coordinates": [ 115.894574975427815, 40.5 ] } },
{ "type": "Feature", "properties": { "Longitude": 113.92194447559166, "Latitude": 40.5 }, "geometry": { "type": "Point", "coordinates": [ 113.921944475591658, 40.5 ] } },
{ "type": "Feature", "properties": { "Longitude": 116.71201687820553, "Latitude": 42.0 }, "geometry": { "type": "Point", "coordinates": [ 116.712016878205532, 42.0 ] } },
{ "type": "Feature", "properties": { "Longitude": 120.74891506702465, "Latitude": 42.0 }, "geometry": { "type": "Point", "coordinates": [ 120.748915067024654, 42.0 ] } },
{ "type": "Feature", "properties": { "Longitude": 118.73046597261509, "Latitude": 42.0 }, "geometry": { "type": "Point", "coordinates": [ 118.730465972615093, 42.0 ] } },
{ "type": "Feature", "properties": { "Longitude": 114.69356778379597, "Latitude": 42.0 }, "geometry": { "type": "Point", "coordinates": [ 114.69356778379597, 42.0 ] } },
{ "type": "Feature", "properties": { "Longitude": 127.73035797444493, "Latitude": 40.5 }, "geometry": { "type": "Point", "coordinates": [ 127.730357974444928, 40.5 ] } },
{ "type": "Feature", "properties": { "Longitude": 123.78509697477256, "Latitude": 40.5 }, "geometry": { "type": "Point", "coordinates": [ 123.785096974772557, 40.5 ] } },
{ "type": "Feature", "properties": { "Longitude": 125.75772747460871, "Latitude": 40.5 }, "geometry": { "type": "Point", "coordinates": [ 125.757727474608714, 40.5 ] } },
{ "type": "Feature", "properties": { "Longitude": 128.8227114446629, "Latitude": 42.0 }, "geometry": { "type": "Point", "coordinates": [ 128.8227114446629, 42.0 ] } },
{ "type": "Feature", "properties": { "Longitude": 124.78581325584378, "Latitude": 42.0 }, "geometry": { "type": "Point", "coordinates": [ 124.785813255843777, 42.0 ] } },
{ "type": "Feature", "properties": { "Longitude": 122.76736416143422, "Latitude": 42.0 }, "geometry": { "type": "Point", "coordinates": [ 122.767364161434216, 42.0 ] } },
{ "type": "Feature", "properties": { "Longitude": 126.80426235025334, "Latitude": 42.0 }, "geometry": { "type": "Point", "coordinates": [ 126.804262350253339, 42.0 ] } },
{ "type": "Feature", "properties": { "Longitude": 106.03142247624692, "Latitude": 40.5 }, "geometry": { "type": "Point", "coordinates": [ 106.031422476246917, 40.5 ] } },
{ "type": "Feature", "properties": { "Longitude": 111.94931397575544, "Latitude": 40.5 }, "geometry": { "type": "Point", "coordinates": [ 111.949313975755445, 40.5 ] } },
{ "type": "Feature", "properties": { "Longitude": 108.00405297608307, "Latitude": 40.5 }, "geometry": { "type": "Point", "coordinates": [ 108.004052976083074, 40.5 ] } },
{ "type": "Feature", "properties": { "Longitude": 112.67511868938641, "Latitude": 42.0 }, "geometry": { "type": "Point", "coordinates": [ 112.675118689386409, 42.0 ] } },
{ "type": "Feature", "properties": { "Longitude": 104.60132231174816, "Latitude": 42.0 }, "geometry": { "type": "Point", "coordinates": [ 104.601322311748163, 42.0 ] } },
{ "type": "Feature", "properties": { "Longitude": 108.63822050056729, "Latitude": 42.0 }, "geometry": { "type": "Point", "coordinates": [ 108.638220500567286, 42.0 ] } },
{ "type": "Feature", "properties": { "Longitude": 106.61977140615772, "Latitude": 42.0 }, "geometry": { "type": "Point", "coordinates": [ 106.619771406157724, 42.0 ] } },
{ "type": "Feature", "properties": { "Longitude": 110.65666959497685, "Latitude": 42.0 }, "geometry": { "type": "Point", "coordinates": [ 110.656669594976847, 42.0 ] } },
{ "type": "Feature", "properties": { "Longitude": 105.36988384511329, "Latitude": 43.5 }, "geometry": { "type": "Point", "coordinates": [ 105.369883845113293, 43.5 ] } },
{ "type": "Feature", "properties": { "Longitude": 109.50567926315841, "Latitude": 43.5 }, "geometry": { "type": "Point", "coordinates": [ 109.505679263158413, 43.5 ] } },
{ "type": "Feature", "properties": { "Longitude": 107.43778155413588, "Latitude": 43.5 }, "geometry": { "type": "Point", "coordinates": [ 107.437781554135881, 43.5 ] } },
{ "type": "Feature", "properties": { "Longitude": 111.57357697218094, "Latitude": 43.5 }, "geometry": { "type": "Point", "coordinates": [ 111.573576972180945, 43.5 ] } },
{ "type": "Feature", "properties": { "Longitude": 106.37824638055019, "Latitude": 45.0 }, "geometry": { "type": "Point", "coordinates": [ 106.378246380550195, 45.0 ] } },
{ "type": "Feature", "properties": { "Longitude": 112.74220741122912, "Latitude": 45.0 }, "geometry": { "type": "Point", "coordinates": [ 112.742207411229117, 45.0 ] } },
{ "type": "Feature", "properties": { "Longitude": 108.49956672410985, "Latitude": 45.0 }, "geometry": { "type": "Point", "coordinates": [ 108.499566724109854, 45.0 ] } },
{ "type": "Feature", "properties": { "Longitude": 110.62088706766951, "Latitude": 45.0 }, "geometry": { "type": "Point", "coordinates": [ 110.620887067669514, 45.0 ] } },
{ "type": "Feature", "properties": { "Longitude": 109.82156441530788, "Latitude": 46.5 }, "geometry": { "type": "Point", "coordinates": [ 109.821564415307876, 46.5 ] } },
{ "type": "Feature", "properties": { "Longitude": 112.00067392218989, "Latitude": 46.5 }, "geometry": { "type": "Point", "coordinates": [ 112.00067392218989, 46.5 ] } },
{ "type": "Feature", "properties": { "Longitude": 105.46334540154385, "Latitude": 46.5 }, "geometry": { "type": "Point", "coordinates": [ 105.463345401543847, 46.5 ] } },
{ "type": "Feature", "properties": { "Longitude": 107.64245490842586, "Latitude": 46.5 }, "geometry": { "type": "Point", "coordinates": [ 107.642454908425862, 46.5 ] } },
{ "type": "Feature", "properties": { "Longitude": 128.11675864436143, "Latitude": 43.5 }, "geometry": { "type": "Point", "coordinates": [ 128.116758644361425, 43.5 ] } },
{ "type": "Feature", "properties": { "Longitude": 126.04886093533889, "Latitude": 43.5 }, "geometry": { "type": "Point", "coordinates": [ 126.048860935338894, 43.5 ] } },
{ "type": "Feature", "properties": { "Longitude": 121.91306551729377, "Latitude": 43.5 }, "geometry": { "type": "Point", "coordinates": [ 121.913065517293774, 43.5 ] } },
{ "type": "Feature", "properties": { "Longitude": 123.98096322631636, "Latitude": 43.5 }, "geometry": { "type": "Point", "coordinates": [ 123.980963226316362, 43.5 ] } },
{ "type": "Feature", "properties": { "Longitude": 125.4701294725869, "Latitude": 45.0 }, "geometry": { "type": "Point", "coordinates": [ 125.470129472586905, 45.0 ] } },
{ "type": "Feature", "properties": { "Longitude": 129.71277015970617, "Latitude": 45.0 }, "geometry": { "type": "Point", "coordinates": [ 129.712770159706167, 45.0 ] } },
{ "type": "Feature", "properties": { "Longitude": 123.34880912902725, "Latitude": 45.0 }, "geometry": { "type": "Point", "coordinates": [ 123.348809129027245, 45.0 ] } },
{ "type": "Feature", "properties": { "Longitude": 127.59144981614656, "Latitude": 45.0 }, "geometry": { "type": "Point", "coordinates": [ 127.591449816146564, 45.0 ] } },
{ "type": "Feature", "properties": { "Longitude": 129.433549977246, "Latitude": 46.5 }, "geometry": { "type": "Point", "coordinates": [ 129.433549977246003, 46.5 ] } },
{ "type": "Feature", "properties": { "Longitude": 125.07533096348197, "Latitude": 46.5 }, "geometry": { "type": "Point", "coordinates": [ 125.075330963481974, 46.5 ] } },
{ "type": "Feature", "properties": { "Longitude": 117.77727009924865, "Latitude": 43.5 }, "geometry": { "type": "Point", "coordinates": [ 117.777270099248653, 43.5 ] } },
{ "type": "Feature", "properties": { "Longitude": 113.64147468120353, "Latitude": 43.5 }, "geometry": { "type": "Point", "coordinates": [ 113.641474681203533, 43.5 ] } },
{ "type": "Feature", "properties": { "Longitude": 119.84516780827119, "Latitude": 43.5 }, "geometry": { "type": "Point", "coordinates": [ 119.845167808271185, 43.5 ] } },
{ "type": "Feature", "properties": { "Longitude": 115.70937239022612, "Latitude": 43.5 }, "geometry": { "type": "Point", "coordinates": [ 115.709372390226122, 43.5 ] } },
{ "type": "Feature", "properties": { "Longitude": 119.10616844190804, "Latitude": 45.0 }, "geometry": { "type": "Point", "coordinates": [ 119.106168441908039, 45.0 ] } },
{ "type": "Feature", "properties": { "Longitude": 116.98484809834838, "Latitude": 45.0 }, "geometry": { "type": "Point", "coordinates": [ 116.98484809834838, 45.0 ] } },
{ "type": "Feature", "properties": { "Longitude": 114.86352775478872, "Latitude": 45.0 }, "geometry": { "type": "Point", "coordinates": [ 114.86352775478872, 45.0 ] } },
{ "type": "Feature", "properties": { "Longitude": 121.22748878546764, "Latitude": 45.0 }, "geometry": { "type": "Point", "coordinates": [ 121.227488785467642, 45.0 ] } },
{ "type": "Feature", "properties": { "Longitude": 116.35889293595392, "Latitude": 46.5 }, "geometry": { "type": "Point", "coordinates": [ 116.358892935953918, 46.5 ] } },
{ "type": "Feature", "properties": { "Longitude": 120.71711194971795, "Latitude": 46.5 }, "geometry": { "type": "Point", "coordinates": [ 120.717111949717946, 46.5 ] } },
{ "type": "Feature", "properties": { "Longitude": 118.53800244283593, "Latitude": 46.5 }, "geometry": { "type": "Point", "coordinates": [ 118.538002442835932, 46.5 ] } },
{ "type": "Feature", "properties": { "Longitude": 114.1797834290719, "Latitude": 46.5 }, "geometry": { "type": "Point", "coordinates": [ 114.179783429071904, 46.5 ] } },
{ "type": "Feature", "properties": { "Longitude": 113.66464204839406, "Latitude": 48.0 }, "geometry": { "type": "Point", "coordinates": [ 113.664642048394057, 48.0 ] } },
{ "type": "Feature", "properties": { "Longitude": 120.38978652278473, "Latitude": 48.0 }, "geometry": { "type": "Point", "coordinates": [ 120.389786522784732, 48.0 ] } },
{ "type": "Feature", "properties": { "Longitude": 115.90635687319093, "Latitude": 48.0 }, "geometry": { "type": "Point", "coordinates": [ 115.90635687319093, 48.0 ] } },
{ "type": "Feature", "properties": { "Longitude": 118.1480716979878, "Latitude": 48.0 }, "geometry": { "type": "Point", "coordinates": [ 118.148071697987803, 48.0 ] } },
{ "type": "Feature", "properties": { "Longitude": 120.25496342836192, "Latitude": 49.5 }, "geometry": { "type": "Point", "coordinates": [ 120.254963428361918, 49.5 ] } },
{ "type": "Feature", "properties": { "Longitude": 117.94530986352834, "Latitude": 49.5 }, "geometry": { "type": "Point", "coordinates": [ 117.945309863528337, 49.5 ] } },
{ "type": "Feature", "properties": { "Longitude": 113.32600273386129, "Latitude": 49.5 }, "geometry": { "type": "Point", "coordinates": [ 113.326002733861287, 49.5 ] } },
{ "type": "Feature", "properties": { "Longitude": 115.63565629869481, "Latitude": 49.5 }, "geometry": { "type": "Point", "coordinates": [ 115.635656298694812, 49.5 ] } },
{ "type": "Feature", "properties": { "Longitude": 122.89622145659996, "Latitude": 46.5 }, "geometry": { "type": "Point", "coordinates": [ 122.89622145659996, 46.5 ] } },
{ "type": "Feature", "properties": { "Longitude": 127.25444047036399, "Latitude": 46.5 }, "geometry": { "type": "Point", "coordinates": [ 127.254440470363988, 46.5 ] } },
{ "type": "Feature", "properties": { "Longitude": 124.87321617237853, "Latitude": 48.0 }, "geometry": { "type": "Point", "coordinates": [ 124.873216172378534, 48.0 ] } },
{ "type": "Feature", "properties": { "Longitude": 129.35664582197234, "Latitude": 48.0 }, "geometry": { "type": "Point", "coordinates": [ 129.356645821972336, 48.0 ] } },
{ "type": "Feature", "properties": { "Longitude": 122.63150134758166, "Latitude": 48.0 }, "geometry": { "type": "Point", "coordinates": [ 122.631501347581661, 48.0 ] } },
{ "type": "Feature", "properties": { "Longitude": 127.11493099717541, "Latitude": 48.0 }, "geometry": { "type": "Point", "coordinates": [ 127.114930997175406, 48.0 ] } },
{ "type": "Feature", "properties": { "Longitude": 122.5646169931955, "Latitude": 49.5 }, "geometry": { "type": "Point", "coordinates": [ 122.5646169931955, 49.5 ] } },
{ "type": "Feature", "properties": { "Longitude": 124.87427055802902, "Latitude": 49.5 }, "geometry": { "type": "Point", "coordinates": [ 124.874270558029025, 49.5 ] } },
{ "type": "Feature", "properties": { "Longitude": 127.18392412286255, "Latitude": 49.5 }, "geometry": { "type": "Point", "coordinates": [ 127.18392412286255, 49.5 ] } },
{ "type": "Feature", "properties": { "Longitude": 129.49357768769613, "Latitude": 49.5 }, "geometry": { "type": "Point", "coordinates": [ 129.493577687696131, 49.5 ] } },
{ "type": "Feature", "properties": { "Longitude": 109.1812123988002, "Latitude": 48.0 }, "geometry": { "type": "Point", "coordinates": [ 109.181212398800199, 48.0 ] } },
{ "type": "Feature", "properties": { "Longitude": 111.42292722359713, "Latitude": 48.0 }, "geometry": { "type": "Point", "coordinates": [ 111.422927223597128, 48.0 ] } },
{ "type": "Feature", "properties": { "Longitude": 106.93949757400333, "Latitude": 48.0 }, "geometry": { "type": "Point", "coordinates": [ 106.939497574003326, 48.0 ] } },
{ "type": "Feature", "properties": { "Longitude": 104.69778274920645, "Latitude": 48.0 }, "geometry": { "type": "Point", "coordinates": [ 104.697782749206453, 48.0 ] } },
{ "type": "Feature", "properties": { "Longitude": 111.01634916902771, "Latitude": 49.5 }, "geometry": { "type": "Point", "coordinates": [ 111.016349169027706, 49.5 ] } },
{ "type": "Feature", "properties": { "Longitude": 108.70669560419412, "Latitude": 49.5 }, "geometry": { "type": "Point", "coordinates": [ 108.706695604194124, 49.5 ] } },
{ "type": "Feature", "properties": { "Longitude": 106.3970420393606, "Latitude": 49.5 }, "geometry": { "type": "Point", "coordinates": [ 106.397042039360599, 49.5 ] } },
{ "type": "Feature", "properties": { "Longitude": 106.02283123183497, "Latitude": 51.0 }, "geometry": { "type": "Point", "coordinates": [ 106.022831231834971, 51.0 ] } },
{ "type": "Feature", "properties": { "Longitude": 108.4063548254336, "Latitude": 51.0 }, "geometry": { "type": "Point", "coordinates": [ 108.406354825433596, 51.0 ] } },
{ "type": "Feature", "properties": { "Longitude": 110.78987841903222, "Latitude": 51.0 }, "geometry": { "type": "Point", "coordinates": [ 110.78987841903222, 51.0 ] } },
{ "type": "Feature", "properties": { "Longitude": 120.32397279342672, "Latitude": 51.0 }, "geometry": { "type": "Point", "coordinates": [ 120.323972793426719, 51.0 ] } },
{ "type": "Feature", "properties": { "Longitude": 115.55692560622947, "Latitude": 51.0 }, "geometry": { "type": "Point", "coordinates": [ 115.55692560622947, 51.0 ] } },
{ "type": "Feature", "properties": { "Longitude": 117.94044919982809, "Latitude": 51.0 }, "geometry": { "type": "Point", "coordinates": [ 117.940449199828095, 51.0 ] } },
{ "type": "Feature", "properties": { "Longitude": 113.17340201263085, "Latitude": 51.0 }, "geometry": { "type": "Point", "coordinates": [ 113.173402012630845, 51.0 ] } },
{ "type": "Feature", "properties": { "Longitude": 118.14635315438068, "Latitude": 52.5 }, "geometry": { "type": "Point", "coordinates": [ 118.146353154380677, 52.5 ] } },
{ "type": "Feature", "properties": { "Longitude": 113.21831425926689, "Latitude": 52.5 }, "geometry": { "type": "Point", "coordinates": [ 113.21831425926689, 52.5 ] } },
{ "type": "Feature", "properties": { "Longitude": 115.68233370682378, "Latitude": 52.5 }, "geometry": { "type": "Point", "coordinates": [ 115.682333706823783, 52.5 ] } },
{ "type": "Feature", "properties": { "Longitude": 120.61037260193751, "Latitude": 52.5 }, "geometry": { "type": "Point", "coordinates": [ 120.610372601937513, 52.5 ] } },
{ "type": "Feature", "properties": { "Longitude": 113.47452888145483, "Latitude": 54.0 }, "geometry": { "type": "Point", "coordinates": [ 113.47452888145483, 54.0 ] } },
{ "type": "Feature", "properties": { "Longitude": 116.02648130651096, "Latitude": 54.0 }, "geometry": { "type": "Point", "coordinates": [ 116.026481306510959, 54.0 ] } },
{ "type": "Feature", "properties": { "Longitude": 130.18465635338401, "Latitude": 43.5 }, "geometry": { "type": "Point", "coordinates": [ 130.184656353384014, 43.5 ] } },
{ "type": "Feature", "properties": { "Longitude": 132.2525540624066, "Latitude": 43.5 }, "geometry": { "type": "Point", "coordinates": [ 132.252554062406602, 43.5 ] } },
{ "type": "Feature", "properties": { "Longitude": 134.32045177142913, "Latitude": 43.5 }, "geometry": { "type": "Point", "coordinates": [ 134.320451771429134, 43.5 ] } },
{ "type": "Feature", "properties": { "Longitude": 140.93340601112027, "Latitude": 42.0 }, "geometry": { "type": "Point", "coordinates": [ 140.933406011120269, 42.0 ] } },
{ "type": "Feature", "properties": { "Longitude": 144.65994031654191, "Latitude": 43.5 }, "geometry": { "type": "Point", "coordinates": [ 144.659940316541906, 43.5 ] } },
{ "type": "Feature", "properties": { "Longitude": 142.59204260751937, "Latitude": 43.5 }, "geometry": { "type": "Point", "coordinates": [ 142.592042607519375, 43.5 ] } },
{ "type": "Feature", "properties": { "Longitude": 142.44069222106396, "Latitude": 45.0 }, "geometry": { "type": "Point", "coordinates": [ 142.440692221063955, 45.0 ] } },
{ "type": "Feature", "properties": { "Longitude": 133.95541084682543, "Latitude": 45.0 }, "geometry": { "type": "Point", "coordinates": [ 133.95541084682543, 45.0 ] } },
{ "type": "Feature", "properties": { "Longitude": 131.83409050326577, "Latitude": 45.0 }, "geometry": { "type": "Point", "coordinates": [ 131.83409050326577, 45.0 ] } },
{ "type": "Feature", "properties": { "Longitude": 136.07673119038509, "Latitude": 45.0 }, "geometry": { "type": "Point", "coordinates": [ 136.07673119038509, 45.0 ] } },
{ "type": "Feature", "properties": { "Longitude": 131.61265948412802, "Latitude": 46.5 }, "geometry": { "type": "Point", "coordinates": [ 131.612659484128017, 46.5 ] } },
{ "type": "Feature", "properties": { "Longitude": 133.79176899101003, "Latitude": 46.5 }, "geometry": { "type": "Point", "coordinates": [ 133.791768991010031, 46.5 ] } },
{ "type": "Feature", "properties": { "Longitude": 135.97087849789204, "Latitude": 46.5 }, "geometry": { "type": "Point", "coordinates": [ 135.970878497892045, 46.5 ] } },
{ "type": "Feature", "properties": { "Longitude": 138.14998800477406, "Latitude": 46.5 }, "geometry": { "type": "Point", "coordinates": [ 138.149988004774059, 46.5 ] } },
{ "type": "Feature", "properties": { "Longitude": 131.59836064676927, "Latitude": 48.0 }, "geometry": { "type": "Point", "coordinates": [ 131.598360646769265, 48.0 ] } },
{ "type": "Feature", "properties": { "Longitude": 136.08179029636301, "Latitude": 48.0 }, "geometry": { "type": "Point", "coordinates": [ 136.08179029636301, 48.0 ] } },
{ "type": "Feature", "properties": { "Longitude": 133.84007547156614, "Latitude": 48.0 }, "geometry": { "type": "Point", "coordinates": [ 133.840075471566138, 48.0 ] } },
{ "type": "Feature", "properties": { "Longitude": 142.50820701853809, "Latitude": 46.5 }, "geometry": { "type": "Point", "coordinates": [ 142.508207018538087, 46.5 ] } },
{ "type": "Feature", "properties": { "Longitude": 138.32350512115994, "Latitude": 48.0 }, "geometry": { "type": "Point", "coordinates": [ 138.32350512115994, 48.0 ] } },
{ "type": "Feature", "properties": { "Longitude": 143.35149907669745, "Latitude": 49.5 }, "geometry": { "type": "Point", "coordinates": [ 143.351499076697451, 49.5 ] } },
{ "type": "Feature", "properties": { "Longitude": 138.73219194703034, "Latitude": 49.5 }, "geometry": { "type": "Point", "coordinates": [ 138.732191947030344, 49.5 ] } },
{ "type": "Feature", "properties": { "Longitude": 131.80323125252971, "Latitude": 49.5 }, "geometry": { "type": "Point", "coordinates": [ 131.803231252529713, 49.5 ] } },
{ "type": "Feature", "properties": { "Longitude": 134.11288481736324, "Latitude": 49.5 }, "geometry": { "type": "Point", "coordinates": [ 134.112884817363238, 49.5 ] } },
{ "type": "Feature", "properties": { "Longitude": 136.42253838219676, "Latitude": 49.5 }, "geometry": { "type": "Point", "coordinates": [ 136.422538382196763, 49.5 ] } },
{ "type": "Feature", "properties": { "Longitude": 137.00863794861709, "Latitude": 51.0 }, "geometry": { "type": "Point", "coordinates": [ 137.008637948617093, 51.0 ] } },
{ "type": "Feature", "properties": { "Longitude": 134.62511435501847, "Latitude": 51.0 }, "geometry": { "type": "Point", "coordinates": [ 134.625114355018468, 51.0 ] } },
{ "type": "Feature", "properties": { "Longitude": 129.85806716782122, "Latitude": 51.0 }, "geometry": { "type": "Point", "coordinates": [ 129.858067167821218, 51.0 ] } },
{ "type": "Feature", "properties": { "Longitude": 132.24159076141984, "Latitude": 51.0 }, "geometry": { "type": "Point", "coordinates": [ 132.241590761419843, 51.0 ] } },
{ "type": "Feature", "properties": { "Longitude": 137.8585087348356, "Latitude": 52.5 }, "geometry": { "type": "Point", "coordinates": [ 137.858508734835596, 52.5 ] } },
{ "type": "Feature", "properties": { "Longitude": 132.93046983972181, "Latitude": 52.5 }, "geometry": { "type": "Point", "coordinates": [ 132.930469839721809, 52.5 ] } },
{ "type": "Feature", "properties": { "Longitude": 135.3944892872787, "Latitude": 52.5 }, "geometry": { "type": "Point", "coordinates": [ 135.394489287278702, 52.5 ] } },
{ "type": "Feature", "properties": { "Longitude": 139.39216154221572, "Latitude": 51.0 }, "geometry": { "type": "Point", "coordinates": [ 139.392161542215717, 51.0 ] } },
{ "type": "Feature", "properties": { "Longitude": 142.78654762994927, "Latitude": 52.5 }, "geometry": { "type": "Point", "coordinates": [ 142.786547629949268, 52.5 ] } },
{ "type": "Feature", "properties": { "Longitude": 140.32252818239243, "Latitude": 52.5 }, "geometry": { "type": "Point", "coordinates": [ 140.322528182392432, 52.5 ] } },
{ "type": "Feature", "properties": { "Longitude": 130.46645039216497, "Latitude": 52.5 }, "geometry": { "type": "Point", "coordinates": [ 130.466450392164973, 52.5 ] } },
{ "type": "Feature", "properties": { "Longitude": 131.33819585684773, "Latitude": 54.0 }, "geometry": { "type": "Point", "coordinates": [ 131.338195856847733, 54.0 ] } },
{ "type": "Feature", "properties": { "Longitude": 136.44210070695999, "Latitude": 54.0 }, "geometry": { "type": "Point", "coordinates": [ 136.442100706959991, 54.0 ] } },
{ "type": "Feature", "properties": { "Longitude": 133.89014828190386, "Latitude": 54.0 }, "geometry": { "type": "Point", "coordinates": [ 133.890148281903862, 54.0 ] } },
{ "type": "Feature", "properties": { "Longitude": 129.84828301473959, "Latitude": 55.5 }, "geometry": { "type": "Point", "coordinates": [ 129.848283014739593, 55.5 ] } },
{ "type": "Feature", "properties": { "Longitude": 132.4965589379425, "Latitude": 55.5 }, "geometry": { "type": "Point", "coordinates": [ 132.496558937942496, 55.5 ] } },
{ "type": "Feature", "properties": { "Longitude": 135.1448348611454, "Latitude": 55.5 }, "geometry": { "type": "Point", "coordinates": [ 135.144834861145398, 55.5 ] } },
{ "type": "Feature", "properties": { "Longitude": 131.21529876264458, "Latitude": 57.0 }, "geometry": { "type": "Point", "coordinates": [ 131.215298762644579, 57.0 ] } },
{ "type": "Feature", "properties": { "Longitude": 136.72353413897451, "Latitude": 57.0 }, "geometry": { "type": "Point", "coordinates": [ 136.723534138974514, 57.0 ] } },
{ "type": "Feature", "properties": { "Longitude": 157.57066431529051, "Latitude": 52.5 }, "geometry": { "type": "Point", "coordinates": [ 157.570664315290514, 52.5 ] } },
{ "type": "Feature", "properties": { "Longitude": 156.85772010740902, "Latitude": 54.0 }, "geometry": { "type": "Point", "coordinates": [ 156.857720107409023, 54.0 ] } },
{ "type": "Feature", "properties": { "Longitude": 159.40967253246515, "Latitude": 54.0 }, "geometry": { "type": "Point", "coordinates": [ 159.409672532465152, 54.0 ] } },
{ "type": "Feature", "properties": { "Longitude": 165.0, "Latitude": 60.0 }, "geometry": { "type": "Point", "coordinates": [ 165.0, 60.0 ] } },
{ "type": "Feature", "properties": { "Longitude": 125.09101998062397, "Latitude": 51.0 }, "geometry": { "type": "Point", "coordinates": [ 125.091019980623969, 51.0 ] } },
{ "type": "Feature", "properties": { "Longitude": 127.47454357422259, "Latitude": 51.0 }, "geometry": { "type": "Point", "coordinates": [ 127.474543574222594, 51.0 ] } },
{ "type": "Feature", "properties": { "Longitude": 122.70749638702534, "Latitude": 51.0 }, "geometry": { "type": "Point", "coordinates": [ 122.707496387025344, 51.0 ] } },
{ "type": "Feature", "properties": { "Longitude": 123.07439204949435, "Latitude": 52.5 }, "geometry": { "type": "Point", "coordinates": [ 123.07439204949435, 52.5 ] } },
{ "type": "Feature", "properties": { "Longitude": 125.53841149705124, "Latitude": 52.5 }, "geometry": { "type": "Point", "coordinates": [ 125.538411497051243, 52.5 ] } },
{ "type": "Feature", "properties": { "Longitude": 128.00243094460814, "Latitude": 52.5 }, "geometry": { "type": "Point", "coordinates": [ 128.002430944608136, 52.5 ] } },
{ "type": "Feature", "properties": { "Longitude": 126.23429100673548, "Latitude": 54.0 }, "geometry": { "type": "Point", "coordinates": [ 126.234291006735475, 54.0 ] } },
{ "type": "Feature", "properties": { "Longitude": 128.7862434317916, "Latitude": 54.0 }, "geometry": { "type": "Point", "coordinates": [ 128.786243431791604, 54.0 ] } },
{ "type": "Feature", "properties": { "Longitude": 123.68233858167935, "Latitude": 54.0 }, "geometry": { "type": "Point", "coordinates": [ 123.682338581679346, 54.0 ] } },
{ "type": "Feature", "properties": { "Longitude": 127.20000709153669, "Latitude": 55.5 }, "geometry": { "type": "Point", "coordinates": [ 127.20000709153669, 55.5 ] } },
{ "type": "Feature", "properties": { "Longitude": 108.29027536415322, "Latitude": 52.5 }, "geometry": { "type": "Point", "coordinates": [ 108.290275364153217, 52.5 ] } },
{ "type": "Feature", "properties": { "Longitude": 110.75429481171005, "Latitude": 52.5 }, "geometry": { "type": "Point", "coordinates": [ 110.754294811710054, 52.5 ] } },
{ "type": "Feature", "properties": { "Longitude": 105.82625591659632, "Latitude": 52.5 }, "geometry": { "type": "Point", "coordinates": [ 105.826255916596324, 52.5 ] } },
{ "type": "Feature", "properties": { "Longitude": 105.81867160628644, "Latitude": 54.0 }, "geometry": { "type": "Point", "coordinates": [ 105.818671606286443, 54.0 ] } },
{ "type": "Feature", "properties": { "Longitude": 108.37062403134257, "Latitude": 54.0 }, "geometry": { "type": "Point", "coordinates": [ 108.370624031342572, 54.0 ] } },
{ "type": "Feature", "properties": { "Longitude": 110.9225764563987, "Latitude": 54.0 }, "geometry": { "type": "Point", "coordinates": [ 110.922576456398701, 54.0 ] } },
{ "type": "Feature", "properties": { "Longitude": 108.66207562911637, "Latitude": 55.5 }, "geometry": { "type": "Point", "coordinates": [ 108.662075629116373, 55.5 ] } },
{ "type": "Feature", "properties": { "Longitude": 106.01379970591347, "Latitude": 55.5 }, "geometry": { "type": "Point", "coordinates": [ 106.01379970591347, 55.5 ] } },
{ "type": "Feature", "properties": { "Longitude": 111.31035155231928, "Latitude": 55.5 }, "geometry": { "type": "Point", "coordinates": [ 111.310351552319275, 55.5 ] } },
{ "type": "Feature", "properties": { "Longitude": 109.18235725732461, "Latitude": 57.0 }, "geometry": { "type": "Point", "coordinates": [ 109.182357257324611, 57.0 ] } },
{ "type": "Feature", "properties": { "Longitude": 121.13038615662322, "Latitude": 54.0 }, "geometry": { "type": "Point", "coordinates": [ 121.130386156623217, 54.0 ] } },
{ "type": "Feature", "properties": { "Longitude": 118.57843373156709, "Latitude": 54.0 }, "geometry": { "type": "Point", "coordinates": [ 118.578433731567088, 54.0 ] } },
{ "type": "Feature", "properties": { "Longitude": 113.95862747552218, "Latitude": 55.5 }, "geometry": { "type": "Point", "coordinates": [ 113.958627475522178, 55.5 ] } },
{ "type": "Feature", "properties": { "Longitude": 116.60690339872508, "Latitude": 55.5 }, "geometry": { "type": "Point", "coordinates": [ 116.60690339872508, 55.5 ] } },
{ "type": "Feature", "properties": { "Longitude": 119.25517932192798, "Latitude": 55.5 }, "geometry": { "type": "Point", "coordinates": [ 119.255179321927983, 55.5 ] } },
{ "type": "Feature", "properties": { "Longitude": 120.1988280099846, "Latitude": 57.0 }, "geometry": { "type": "Point", "coordinates": [ 120.198828009984595, 57.0 ] } },
{ "type": "Feature", "properties": { "Longitude": 114.69059263365455, "Latitude": 57.0 }, "geometry": { "type": "Point", "coordinates": [ 114.690592633654546, 57.0 ] } },
{ "type": "Feature", "properties": { "Longitude": 117.44471032181957, "Latitude": 57.0 }, "geometry": { "type": "Point", "coordinates": [ 117.444710321819571, 57.0 ] } },
{ "type": "Feature", "properties": { "Longitude": 118.56541344722837, "Latitude": 58.5 }, "geometry": { "type": "Point", "coordinates": [ 118.565413447228366, 58.5 ] } },
{ "type": "Feature", "properties": { "Longitude": 115.69459216408194, "Latitude": 58.5 }, "geometry": { "type": "Point", "coordinates": [ 115.694592164081939, 58.5 ] } },
{ "type": "Feature", "properties": { "Longitude": 124.55173116833379, "Latitude": 55.5 }, "geometry": { "type": "Point", "coordinates": [ 124.551731168333788, 55.5 ] } },
{ "type": "Feature", "properties": { "Longitude": 121.90345524513089, "Latitude": 55.5 }, "geometry": { "type": "Point", "coordinates": [ 121.903455245130885, 55.5 ] } },
{ "type": "Feature", "properties": { "Longitude": 122.95294569814956, "Latitude": 57.0 }, "geometry": { "type": "Point", "coordinates": [ 122.952945698149563, 57.0 ] } },
{ "type": "Feature", "properties": { "Longitude": 128.46118107447955, "Latitude": 57.0 }, "geometry": { "type": "Point", "coordinates": [ 128.461181074479555, 57.0 ] } },
{ "type": "Feature", "properties": { "Longitude": 125.70706338631453, "Latitude": 57.0 }, "geometry": { "type": "Point", "coordinates": [ 125.70706338631453, 57.0 ] } },
{ "type": "Feature", "properties": { "Longitude": 121.43623473037479, "Latitude": 58.5 }, "geometry": { "type": "Point", "coordinates": [ 121.436234730374792, 58.5 ] } },
{ "type": "Feature", "properties": { "Longitude": 124.30705601352122, "Latitude": 58.5 }, "geometry": { "type": "Point", "coordinates": [ 124.307056013521219, 58.5 ] } },
{ "type": "Feature", "properties": { "Longitude": 127.17787729666765, "Latitude": 58.5 }, "geometry": { "type": "Point", "coordinates": [ 127.177877296667646, 58.5 ] } },
{ "type": "Feature", "properties": { "Longitude": 126.0, "Latitude": 60.0 }, "geometry": { "type": "Point", "coordinates": [ 126.0, 60.0 ] } },
{ "type": "Feature", "properties": { "Longitude": 129.0, "Latitude": 60.0 }, "geometry": { "type": "Point", "coordinates": [ 129.0, 60.0 ] } },
{ "type": "Feature", "properties": { "Longitude": 111.93647494548958, "Latitude": 57.0 }, "geometry": { "type": "Point", "coordinates": [ 111.936474945489579, 57.0 ] } },
{ "type": "Feature", "properties": { "Longitude": 106.42823956915959, "Latitude": 57.0 }, "geometry": { "type": "Point", "coordinates": [ 106.428239569159587, 57.0 ] } },
{ "type": "Feature", "properties": { "Longitude": 107.08212831464266, "Latitude": 58.5 }, "geometry": { "type": "Point", "coordinates": [ 107.082128314642659, 58.5 ] } },
{ "type": "Feature", "properties": { "Longitude": 109.95294959778909, "Latitude": 58.5 }, "geometry": { "type": "Point", "coordinates": [ 109.952949597789086, 58.5 ] } },
{ "type": "Feature", "properties": { "Longitude": 112.82377088093551, "Latitude": 58.5 }, "geometry": { "type": "Point", "coordinates": [ 112.823770880935513, 58.5 ] } },
{ "type": "Feature", "properties": { "Longitude": 108.0, "Latitude": 60.0 }, "geometry": { "type": "Point", "coordinates": [ 108.0, 60.0 ] } },
{ "type": "Feature", "properties": { "Longitude": 111.0, "Latitude": 60.0 }, "geometry": { "type": "Point", "coordinates": [ 111.0, 60.0 ] } },
{ "type": "Feature", "properties": { "Longitude": 105.0, "Latitude": 60.0 }, "geometry": { "type": "Point", "coordinates": [ 105.0, 60.0 ] } },
{ "type": "Feature", "properties": { "Longitude": 112.35552528492332, "Latitude": 61.5 }, "geometry": { "type": "Point", "coordinates": [ 112.355525284923317, 61.5 ] } },
{ "type": "Feature", "properties": { "Longitude": 106.06830968739808, "Latitude": 61.5 }, "geometry": { "type": "Point", "coordinates": [ 106.068309687398084, 61.5 ] } },
{ "type": "Feature", "properties": { "Longitude": 114.0, "Latitude": 60.0 }, "geometry": { "type": "Point", "coordinates": [ 114.0, 60.0 ] } },
{ "type": "Feature", "properties": { "Longitude": 120.0, "Latitude": 60.0 }, "geometry": { "type": "Point", "coordinates": [ 120.0, 60.0 ] } },
{ "type": "Feature", "properties": { "Longitude": 117.0, "Latitude": 60.0 }, "geometry": { "type": "Point", "coordinates": [ 117.0, 60.0 ] } },
{ "type": "Feature", "properties": { "Longitude": 115.49913308368593, "Latitude": 61.5 }, "geometry": { "type": "Point", "coordinates": [ 115.499133083685933, 61.5 ] } },
{ "type": "Feature", "properties": { "Longitude": 118.64274088244855, "Latitude": 61.5 }, "geometry": { "type": "Point", "coordinates": [ 118.64274088244855, 61.5 ] } },
{ "type": "Feature", "properties": { "Longitude": 120.66708461588991, "Latitude": 63.0 }, "geometry": { "type": "Point", "coordinates": [ 120.667084615889905, 63.0 ] } },
{ "type": "Feature", "properties": { "Longitude": 117.36305071901199, "Latitude": 63.0 }, "geometry": { "type": "Point", "coordinates": [ 117.363050719011994, 63.0 ] } },
{ "type": "Feature", "properties": { "Longitude": 114.05901682213408, "Latitude": 63.0 }, "geometry": { "type": "Point", "coordinates": [ 114.059016822134083, 63.0 ] } },
{ "type": "Feature", "properties": { "Longitude": 116.15961341125455, "Latitude": 64.5 }, "geometry": { "type": "Point", "coordinates": [ 116.159613411254554, 64.5 ] } },
{ "type": "Feature", "properties": { "Longitude": 119.64384415726931, "Latitude": 64.5 }, "geometry": { "type": "Point", "coordinates": [ 119.643844157269314, 64.5 ] } },
{ "type": "Feature", "properties": { "Longitude": 123.0, "Latitude": 60.0 }, "geometry": { "type": "Point", "coordinates": [ 123.0, 60.0 ] } },
{ "type": "Feature", "properties": { "Longitude": 121.78634868121117, "Latitude": 61.5 }, "geometry": { "type": "Point", "coordinates": [ 121.786348681211166, 61.5 ] } },
{ "type": "Feature", "properties": { "Longitude": 128.0735642787364, "Latitude": 61.5 }, "geometry": { "type": "Point", "coordinates": [ 128.073564278736399, 61.5 ] } },
{ "type": "Feature", "properties": { "Longitude": 124.92995647997378, "Latitude": 61.5 }, "geometry": { "type": "Point", "coordinates": [ 124.929956479973782, 61.5 ] } },
{ "type": "Feature", "properties": { "Longitude": 123.97111851276782, "Latitude": 63.0 }, "geometry": { "type": "Point", "coordinates": [ 123.971118512767816, 63.0 ] } },
{ "type": "Feature", "properties": { "Longitude": 127.27515240964573, "Latitude": 63.0 }, "geometry": { "type": "Point", "coordinates": [ 127.275152409645727, 63.0 ] } },
{ "type": "Feature", "properties": { "Longitude": 126.61230564929883, "Latitude": 64.5 }, "geometry": { "type": "Point", "coordinates": [ 126.612305649298833, 64.5 ] } },
{ "type": "Feature", "properties": { "Longitude": 123.12807490328407, "Latitude": 64.5 }, "geometry": { "type": "Point", "coordinates": [ 123.128074903284073, 64.5 ] } },
{ "type": "Feature", "properties": { "Longitude": 122.40698027563155, "Latitude": 66.0 }, "geometry": { "type": "Point", "coordinates": [ 122.406980275631554, 66.0 ] } },
{ "type": "Feature", "properties": { "Longitude": 126.09487027899291, "Latitude": 66.0 }, "geometry": { "type": "Point", "coordinates": [ 126.094870278992914, 66.0 ] } },
{ "type": "Feature", "properties": { "Longitude": 109.2119174861607, "Latitude": 61.5 }, "geometry": { "type": "Point", "coordinates": [ 109.211917486160701, 61.5 ] } },
{ "type": "Feature", "properties": { "Longitude": 107.45094902837826, "Latitude": 63.0 }, "geometry": { "type": "Point", "coordinates": [ 107.450949028378261, 63.0 ] } },
{ "type": "Feature", "properties": { "Longitude": 110.75498292525617, "Latitude": 63.0 }, "geometry": { "type": "Point", "coordinates": [ 110.754982925256172, 63.0 ] } },
{ "type": "Feature", "properties": { "Longitude": 112.67538266523979, "Latitude": 64.5 }, "geometry": { "type": "Point", "coordinates": [ 112.675382665239795, 64.5 ] } },
{ "type": "Feature", "properties": { "Longitude": 109.19115191922504, "Latitude": 64.5 }, "geometry": { "type": "Point", "coordinates": [ 109.191151919225035, 64.5 ] } },
{ "type": "Feature", "properties": { "Longitude": 105.70692117321028, "Latitude": 64.5 }, "geometry": { "type": "Point", "coordinates": [ 105.706921173210276, 64.5 ] } },
{ "type": "Feature", "properties": { "Longitude": 107.65542026218611, "Latitude": 66.0 }, "geometry": { "type": "Point", "coordinates": [ 107.655420262186112, 66.0 ] } },
{ "type": "Feature", "properties": { "Longitude": 111.34331026554747, "Latitude": 66.0 }, "geometry": { "type": "Point", "coordinates": [ 111.343310265547473, 66.0 ] } },
{ "type": "Feature", "properties": { "Longitude": 110.0569782025558, "Latitude": 67.5 }, "geometry": { "type": "Point", "coordinates": [ 110.056978202555797, 67.5 ] } },
{ "type": "Feature", "properties": { "Longitude": 106.13728930792666, "Latitude": 67.5 }, "geometry": { "type": "Point", "coordinates": [ 106.137289307926665, 67.5 ] } },
{ "type": "Feature", "properties": { "Longitude": 115.03120026890883, "Latitude": 66.0 }, "geometry": { "type": "Point", "coordinates": [ 115.031200268908833, 66.0 ] } },
{ "type": "Feature", "properties": { "Longitude": 118.71909027227019, "Latitude": 66.0 }, "geometry": { "type": "Point", "coordinates": [ 118.719090272270194, 66.0 ] } },
{ "type": "Feature", "properties": { "Longitude": 117.89635599181406, "Latitude": 67.5 }, "geometry": { "type": "Point", "coordinates": [ 117.896355991814062, 67.5 ] } },
{ "type": "Feature", "properties": { "Longitude": 113.97666709718493, "Latitude": 67.5 }, "geometry": { "type": "Point", "coordinates": [ 113.976667097184929, 67.5 ] } },
{ "type": "Feature", "properties": { "Longitude": 112.99495151066054, "Latitude": 69.0 }, "geometry": { "type": "Point", "coordinates": [ 112.994951510660542, 69.0 ] } },
{ "type": "Feature", "properties": { "Longitude": 117.18059367509852, "Latitude": 69.0 }, "geometry": { "type": "Point", "coordinates": [ 117.180593675098521, 69.0 ] } },
{ "type": "Feature", "properties": { "Longitude": 121.0723033993084, "Latitude": 70.5 }, "geometry": { "type": "Point", "coordinates": [ 121.072303399308396, 70.5 ] } },
{ "type": "Feature", "properties": { "Longitude": 116.578686930662, "Latitude": 70.5 }, "geometry": { "type": "Point", "coordinates": [ 116.578686930662002, 70.5 ] } },
{ "type": "Feature", "properties": { "Longitude": 116.10021994123088, "Latitude": 72.0 }, "geometry": { "type": "Point", "coordinates": [ 116.100219941230876, 72.0 ] } },
{ "type": "Feature", "properties": { "Longitude": 120.95432190748056, "Latitude": 72.0 }, "geometry": { "type": "Point", "coordinates": [ 120.954321907480562, 72.0 ] } },
{ "type": "Feature", "properties": { "Longitude": 121.81604488644319, "Latitude": 67.5 }, "geometry": { "type": "Point", "coordinates": [ 121.816044886443194, 67.5 ] } },
{ "type": "Feature", "properties": { "Longitude": 125.73573378107233, "Latitude": 67.5 }, "geometry": { "type": "Point", "coordinates": [ 125.735733781072327, 67.5 ] } },
{ "type": "Feature", "properties": { "Longitude": 129.65542267570146, "Latitude": 67.5 }, "geometry": { "type": "Point", "coordinates": [ 129.655422675701459, 67.5 ] } },
{ "type": "Feature", "properties": { "Longitude": 121.36623583953656, "Latitude": 69.0 }, "geometry": { "type": "Point", "coordinates": [ 121.366235839536557, 69.0 ] } },
{ "type": "Feature", "properties": { "Longitude": 125.55187800397459, "Latitude": 69.0 }, "geometry": { "type": "Point", "coordinates": [ 125.551878003974593, 69.0 ] } },
{ "type": "Feature", "properties": { "Longitude": 129.73752016841257, "Latitude": 69.0 }, "geometry": { "type": "Point", "coordinates": [ 129.737520168412573, 69.0 ] } },
{ "type": "Feature", "properties": { "Longitude": 125.56591986795479, "Latitude": 70.5 }, "geometry": { "type": "Point", "coordinates": [ 125.56591986795479, 70.5 ] } },
{ "type": "Feature", "properties": { "Longitude": 125.80842387373025, "Latitude": 72.0 }, "geometry": { "type": "Point", "coordinates": [ 125.808423873730248, 72.0 ] } },
{ "type": "Feature", "properties": { "Longitude": 126.32147742121032, "Latitude": 73.5 }, "geometry": { "type": "Point", "coordinates": [ 126.321477421210318, 73.5 ] } },
{ "type": "Feature", "properties": { "Longitude": 138.99405313201612, "Latitude": 54.0 }, "geometry": { "type": "Point", "coordinates": [ 138.99405313201612, 54.0 ] } },
{ "type": "Feature", "properties": { "Longitude": 138.66116242925335, "Latitude": 58.5 }, "geometry": { "type": "Point", "coordinates": [ 138.661162429253352, 58.5 ] } },
{ "type": "Feature", "properties": { "Longitude": 158.97931816997152, "Latitude": 55.5 }, "geometry": { "type": "Point", "coordinates": [ 158.979318169971521, 55.5 ] } },
{ "type": "Feature", "properties": { "Longitude": 161.62759409317442, "Latitude": 55.5 }, "geometry": { "type": "Point", "coordinates": [ 161.627594093174423, 55.5 ] } },
{ "type": "Feature", "properties": { "Longitude": 156.33104224676862, "Latitude": 55.5 }, "geometry": { "type": "Point", "coordinates": [ 156.331042246768618, 55.5 ] } },
{ "type": "Feature", "properties": { "Longitude": 161.51059333245951, "Latitude": 57.0 }, "geometry": { "type": "Point", "coordinates": [ 161.510593332459507, 57.0 ] } },
{ "type": "Feature", "properties": { "Longitude": 158.75647564429448, "Latitude": 57.0 }, "geometry": { "type": "Point", "coordinates": [ 158.756475644294483, 57.0 ] } },
{ "type": "Feature", "properties": { "Longitude": 161.62773269442476, "Latitude": 58.5 }, "geometry": { "type": "Point", "coordinates": [ 161.627732694424765, 58.5 ] } },
{ "type": "Feature", "properties": { "Longitude": 153.0, "Latitude": 60.0 }, "geometry": { "type": "Point", "coordinates": [ 153.0, 60.0 ] } },
{ "type": "Feature", "properties": { "Longitude": 147.0, "Latitude": 60.0 }, "geometry": { "type": "Point", "coordinates": [ 147.0, 60.0 ] } },
{ "type": "Feature", "properties": { "Longitude": 150.0, "Latitude": 60.0 }, "geometry": { "type": "Point", "coordinates": [ 150.0, 60.0 ] } },
{ "type": "Feature", "properties": { "Longitude": 133.96941645080955, "Latitude": 57.0 }, "geometry": { "type": "Point", "coordinates": [ 133.969416450809547, 57.0 ] } },
{ "type": "Feature", "properties": { "Longitude": 132.9195198629605, "Latitude": 58.5 }, "geometry": { "type": "Point", "coordinates": [ 132.919519862960499, 58.5 ] } },
{ "type": "Feature", "properties": { "Longitude": 130.04869857981407, "Latitude": 58.5 }, "geometry": { "type": "Point", "coordinates": [ 130.048698579814072, 58.5 ] } },
{ "type": "Feature", "properties": { "Longitude": 135.79034114610693, "Latitude": 58.5 }, "geometry": { "type": "Point", "coordinates": [ 135.790341146106925, 58.5 ] } },
{ "type": "Feature", "properties": { "Longitude": 135.0, "Latitude": 60.0 }, "geometry": { "type": "Point", "coordinates": [ 135.0, 60.0 ] } },
{ "type": "Feature", "properties": { "Longitude": 132.0, "Latitude": 60.0 }, "geometry": { "type": "Point", "coordinates": [ 132.0, 60.0 ] } },
{ "type": "Feature", "properties": { "Longitude": 138.0, "Latitude": 60.0 }, "geometry": { "type": "Point", "coordinates": [ 138.0, 60.0 ] } },
{ "type": "Feature", "properties": { "Longitude": 137.50438767502425, "Latitude": 61.5 }, "geometry": { "type": "Point", "coordinates": [ 137.504387675024248, 61.5 ] } },
{ "type": "Feature", "properties": { "Longitude": 134.36077987626163, "Latitude": 61.5 }, "geometry": { "type": "Point", "coordinates": [ 134.360779876261631, 61.5 ] } },
{ "type": "Feature", "properties": { "Longitude": 131.21717207749901, "Latitude": 61.5 }, "geometry": { "type": "Point", "coordinates": [ 131.217172077499015, 61.5 ] } },
{ "type": "Feature", "properties": { "Longitude": 141.0, "Latitude": 60.0 }, "geometry": { "type": "Point", "coordinates": [ 141.0, 60.0 ] } },
{ "type": "Feature", "properties": { "Longitude": 144.0, "Latitude": 60.0 }, "geometry": { "type": "Point", "coordinates": [ 144.0, 60.0 ] } },
{ "type": "Feature", "properties": { "Longitude": 140.64799547378686, "Latitude": 61.5 }, "geometry": { "type": "Point", "coordinates": [ 140.647995473786864, 61.5 ] } },
{ "type": "Feature", "properties": { "Longitude": 143.79160327254948, "Latitude": 61.5 }, "geometry": { "type": "Point", "coordinates": [ 143.79160327254948, 61.5 ] } },
{ "type": "Feature", "properties": { "Longitude": 140.49128799715737, "Latitude": 63.0 }, "geometry": { "type": "Point", "coordinates": [ 140.491287997157372, 63.0 ] } },
{ "type": "Feature", "properties": { "Longitude": 143.79532189403528, "Latitude": 63.0 }, "geometry": { "type": "Point", "coordinates": [ 143.795321894035283, 63.0 ] } },
{ "type": "Feature", "properties": { "Longitude": 144.03345937937263, "Latitude": 64.5 }, "geometry": { "type": "Point", "coordinates": [ 144.03345937937263, 64.5 ] } },
{ "type": "Feature", "properties": { "Longitude": 140.54922863335787, "Latitude": 64.5 }, "geometry": { "type": "Point", "coordinates": [ 140.54922863335787, 64.5 ] } },
{ "type": "Feature", "properties": { "Longitude": 144.53432029579972, "Latitude": 66.0 }, "geometry": { "type": "Point", "coordinates": [ 144.534320295799716, 66.0 ] } },
{ "type": "Feature", "properties": { "Longitude": 146.9352110713121, "Latitude": 61.5 }, "geometry": { "type": "Point", "coordinates": [ 146.935211071312096, 61.5 ] } },
{ "type": "Feature", "properties": { "Longitude": 150.07881887007471, "Latitude": 61.5 }, "geometry": { "type": "Point", "coordinates": [ 150.078818870074713, 61.5 ] } },
{ "type": "Feature", "properties": { "Longitude": 153.22242666883733, "Latitude": 61.5 }, "geometry": { "type": "Point", "coordinates": [ 153.222426668837329, 61.5 ] } },
{ "type": "Feature", "properties": { "Longitude": 147.09935579091319, "Latitude": 63.0 }, "geometry": { "type": "Point", "coordinates": [ 147.099355790913194, 63.0 ] } },
{ "type": "Feature", "properties": { "Longitude": 153.70742358466902, "Latitude": 63.0 }, "geometry": { "type": "Point", "coordinates": [ 153.707423584669016, 63.0 ] } },
{ "type": "Feature", "properties": { "Longitude": 150.4033896877911, "Latitude": 63.0 }, "geometry": { "type": "Point", "coordinates": [ 150.403389687791105, 63.0 ] } },
{ "type": "Feature", "properties": { "Longitude": 151.00192087140215, "Latitude": 64.5 }, "geometry": { "type": "Point", "coordinates": [ 151.001920871402149, 64.5 ] } },
{ "type": "Feature", "properties": { "Longitude": 154.48615161741691, "Latitude": 64.5 }, "geometry": { "type": "Point", "coordinates": [ 154.486151617416908, 64.5 ] } },
{ "type": "Feature", "properties": { "Longitude": 147.51769012538739, "Latitude": 64.5 }, "geometry": { "type": "Point", "coordinates": [ 147.517690125387389, 64.5 ] } },
{ "type": "Feature", "properties": { "Longitude": 151.91010030252244, "Latitude": 66.0 }, "geometry": { "type": "Point", "coordinates": [ 151.910100302522437, 66.0 ] } },
{ "type": "Feature", "properties": { "Longitude": 133.88322020340155, "Latitude": 63.0 }, "geometry": { "type": "Point", "coordinates": [ 133.883220203401549, 63.0 ] } },
{ "type": "Feature", "properties": { "Longitude": 137.18725410027946, "Latitude": 63.0 }, "geometry": { "type": "Point", "coordinates": [ 137.187254100279461, 63.0 ] } },
{ "type": "Feature", "properties": { "Longitude": 130.57918630652364, "Latitude": 63.0 }, "geometry": { "type": "Point", "coordinates": [ 130.579186306523638, 63.0 ] } },
{ "type": "Feature", "properties": { "Longitude": 137.06499788734311, "Latitude": 64.5 }, "geometry": { "type": "Point", "coordinates": [ 137.064997887343111, 64.5 ] } },
{ "type": "Feature", "properties": { "Longitude": 133.58076714132835, "Latitude": 64.5 }, "geometry": { "type": "Point", "coordinates": [ 133.580767141328351, 64.5 ] } },
{ "type": "Feature", "properties": { "Longitude": 130.09653639531359, "Latitude": 64.5 }, "geometry": { "type": "Point", "coordinates": [ 130.096536395313592, 64.5 ] } },
{ "type": "Feature", "properties": { "Longitude": 137.158540289077, "Latitude": 66.0 }, "geometry": { "type": "Point", "coordinates": [ 137.158540289076996, 66.0 ] } },
{ "type": "Feature", "properties": { "Longitude": 129.78276028235427, "Latitude": 66.0 }, "geometry": { "type": "Point", "coordinates": [ 129.782760282354275, 66.0 ] } },
{ "type": "Feature", "properties": { "Longitude": 133.47065028571564, "Latitude": 66.0 }, "geometry": { "type": "Point", "coordinates": [ 133.470650285715635, 66.0 ] } },
{ "type": "Feature", "properties": { "Longitude": 137.49480046495972, "Latitude": 67.5 }, "geometry": { "type": "Point", "coordinates": [ 137.494800464959724, 67.5 ] } },
{ "type": "Feature", "properties": { "Longitude": 148.22221029916108, "Latitude": 66.0 }, "geometry": { "type": "Point", "coordinates": [ 148.222210299161077, 66.0 ] } },
{ "type": "Feature", "properties": { "Longitude": 153.17355604347625, "Latitude": 67.5 }, "geometry": { "type": "Point", "coordinates": [ 153.173556043476253, 67.5 ] } },
{ "type": "Feature", "properties": { "Longitude": 149.25386714884712, "Latitude": 67.5 }, "geometry": { "type": "Point", "coordinates": [ 149.253867148847121, 67.5 ] } },
{ "type": "Feature", "properties": { "Longitude": 154.85137315504062, "Latitude": 69.0 }, "geometry": { "type": "Point", "coordinates": [ 154.851373155040619, 69.0 ] } },
{ "type": "Feature", "properties": { "Longitude": 150.66573099060258, "Latitude": 69.0 }, "geometry": { "type": "Point", "coordinates": [ 150.665730990602583, 69.0 ] } },
{ "type": "Feature", "properties": { "Longitude": 152.52761867983315, "Latitude": 70.5 }, "geometry": { "type": "Point", "coordinates": [ 152.527618679833154, 70.5 ] } },
{ "type": "Feature", "properties": { "Longitude": 148.03400221118676, "Latitude": 70.5 }, "geometry": { "type": "Point", "coordinates": [ 148.03400221118676, 70.5 ] } },
{ "type": "Feature", "properties": { "Longitude": 140.84643029243836, "Latitude": 66.0 }, "geometry": { "type": "Point", "coordinates": [ 140.846430292438356, 66.0 ] } },
{ "type": "Feature", "properties": { "Longitude": 141.41448935958886, "Latitude": 67.5 }, "geometry": { "type": "Point", "coordinates": [ 141.414489359588856, 67.5 ] } },
{ "type": "Feature", "properties": { "Longitude": 145.33417825421799, "Latitude": 67.5 }, "geometry": { "type": "Point", "coordinates": [ 145.334178254217989, 67.5 ] } },
{ "type": "Feature", "properties": { "Longitude": 142.29444666172662, "Latitude": 69.0 }, "geometry": { "type": "Point", "coordinates": [ 142.294446661726624, 69.0 ] } },
{ "type": "Feature", "properties": { "Longitude": 146.4800888261646, "Latitude": 69.0 }, "geometry": { "type": "Point", "coordinates": [ 146.480088826164604, 69.0 ] } },
{ "type": "Feature", "properties": { "Longitude": 143.54038574254037, "Latitude": 70.5 }, "geometry": { "type": "Point", "coordinates": [ 143.540385742540366, 70.5 ] } },
{ "type": "Feature", "properties": { "Longitude": 139.04676927389397, "Latitude": 70.5 }, "geometry": { "type": "Point", "coordinates": [ 139.046769273893972, 70.5 ] } },
{ "type": "Feature", "properties": { "Longitude": 140.37072977247931, "Latitude": 72.0 }, "geometry": { "type": "Point", "coordinates": [ 140.370729772479308, 72.0 ] } },
{ "type": "Feature", "properties": { "Longitude": 145.22483173872899, "Latitude": 72.0 }, "geometry": { "type": "Point", "coordinates": [ 145.224831738728994, 72.0 ] } },
{ "type": "Feature", "properties": { "Longitude": 142.16569177058329, "Latitude": 73.5 }, "geometry": { "type": "Point", "coordinates": [ 142.165691770583294, 73.5 ] } },
{ "type": "Feature", "properties": { "Longitude": 133.57511157033059, "Latitude": 67.5 }, "geometry": { "type": "Point", "coordinates": [ 133.575111570330591, 67.5 ] } },
{ "type": "Feature", "properties": { "Longitude": 138.10880449728859, "Latitude": 69.0 }, "geometry": { "type": "Point", "coordinates": [ 138.108804497288588, 69.0 ] } },
{ "type": "Feature", "properties": { "Longitude": 133.92316233285055, "Latitude": 69.0 }, "geometry": { "type": "Point", "coordinates": [ 133.923162332850552, 69.0 ] } },
{ "type": "Feature", "properties": { "Longitude": 134.55315280524758, "Latitude": 70.5 }, "geometry": { "type": "Point", "coordinates": [ 134.553152805247578, 70.5 ] } },
{ "type": "Feature", "properties": { "Longitude": 130.05953633660118, "Latitude": 70.5 }, "geometry": { "type": "Point", "coordinates": [ 130.059536336601184, 70.5 ] } },
{ "type": "Feature", "properties": { "Longitude": 162.0, "Latitude": 60.0 }, "geometry": { "type": "Point", "coordinates": [ 162.0, 60.0 ] } },
{ "type": "Feature", "properties": { "Longitude": 159.50964226636256, "Latitude": 61.5 }, "geometry": { "type": "Point", "coordinates": [ 159.509642266362562, 61.5 ] } },
{ "type": "Feature", "properties": { "Longitude": 156.36603446759995, "Latitude": 61.5 }, "geometry": { "type": "Point", "coordinates": [ 156.366034467599945, 61.5 ] } },
{ "type": "Feature", "properties": { "Longitude": 160.31549137842484, "Latitude": 63.0 }, "geometry": { "type": "Point", "coordinates": [ 160.315491378424838, 63.0 ] } },
{ "type": "Feature", "properties": { "Longitude": 157.01145748154693, "Latitude": 63.0 }, "geometry": { "type": "Point", "coordinates": [ 157.011457481546927, 63.0 ] } },
{ "type": "Feature", "properties": { "Longitude": 157.97038236343167, "Latitude": 64.5 }, "geometry": { "type": "Point", "coordinates": [ 157.970382363431668, 64.5 ] } },
{ "type": "Feature", "properties": { "Longitude": 161.45461310944643, "Latitude": 64.5 }, "geometry": { "type": "Point", "coordinates": [ 161.454613109446427, 64.5 ] } },
{ "type": "Feature", "properties": { "Longitude": 172.08407346141303, "Latitude": 61.5 }, "geometry": { "type": "Point", "coordinates": [ 172.084073461413027, 61.5 ] } },
{ "type": "Feature", "properties": { "Longitude": 173.53162696593648, "Latitude": 63.0 }, "geometry": { "type": "Point", "coordinates": [ 173.531626965936482, 63.0 ] } },
{ "type": "Feature", "properties": { "Longitude": 176.83566086281439, "Latitude": 63.0 }, "geometry": { "type": "Point", "coordinates": [ 176.835660862814393, 63.0 ] } },
{ "type": "Feature", "properties": { "Longitude": 171.90730534749071, "Latitude": 64.5 }, "geometry": { "type": "Point", "coordinates": [ 171.907305347490706, 64.5 ] } },
{ "type": "Feature", "properties": { "Longitude": 175.39153609350547, "Latitude": 64.5 }, "geometry": { "type": "Point", "coordinates": [ 175.391536093505465, 64.5 ] } },
{ "type": "Feature", "properties": { "Longitude": 165.79685786388779, "Latitude": 61.5 }, "geometry": { "type": "Point", "coordinates": [ 165.796857863887794, 61.5 ] } },
{ "type": "Feature", "properties": { "Longitude": 168.94046566265041, "Latitude": 61.5 }, "geometry": { "type": "Point", "coordinates": [ 168.940465662650411, 61.5 ] } },
{ "type": "Feature", "properties": { "Longitude": 163.61952527530275, "Latitude": 63.0 }, "geometry": { "type": "Point", "coordinates": [ 163.619525275302749, 63.0 ] } },
{ "type": "Feature", "properties": { "Longitude": 166.92355917218066, "Latitude": 63.0 }, "geometry": { "type": "Point", "coordinates": [ 166.92355917218066, 63.0 ] } },
{ "type": "Feature", "properties": { "Longitude": 170.22759306905857, "Latitude": 63.0 }, "geometry": { "type": "Point", "coordinates": [ 170.227593069058571, 63.0 ] } },
{ "type": "Feature", "properties": { "Longitude": 168.42307460147595, "Latitude": 64.5 }, "geometry": { "type": "Point", "coordinates": [ 168.423074601475946, 64.5 ] } },
{ "type": "Feature", "properties": { "Longitude": 164.93884385546119, "Latitude": 64.5 }, "geometry": { "type": "Point", "coordinates": [ 164.938843855461187, 64.5 ] } },
{ "type": "Feature", "properties": { "Longitude": 170.34955031932924, "Latitude": 66.0 }, "geometry": { "type": "Point", "coordinates": [ 170.349550319329239, 66.0 ] } },
{ "type": "Feature", "properties": { "Longitude": 166.66166031596788, "Latitude": 66.0 }, "geometry": { "type": "Point", "coordinates": [ 166.661660315967879, 66.0 ] } },
{ "type": "Feature", "properties": { "Longitude": 164.93262272736365, "Latitude": 67.5 }, "geometry": { "type": "Point", "coordinates": [ 164.93262272736365, 67.5 ] } },
{ "type": "Feature", "properties": { "Longitude": 174.0374403226906, "Latitude": 66.0 }, "geometry": { "type": "Point", "coordinates": [ 174.0374403226906, 66.0 ] } },
{ "type": "Feature", "properties": { "Longitude": 177.72533032605196, "Latitude": 66.0 }, "geometry": { "type": "Point", "coordinates": [ 177.72533032605196, 66.0 ] } },
{ "type": "Feature", "properties": { "Longitude": 172.77200051662192, "Latitude": 67.5 }, "geometry": { "type": "Point", "coordinates": [ 172.772000516621915, 67.5 ] } },
{ "type": "Feature", "properties": { "Longitude": 176.69168941125105, "Latitude": 67.5 }, "geometry": { "type": "Point", "coordinates": [ 176.691689411251048, 67.5 ] } },
{ "type": "Feature", "properties": { "Longitude": 175.77958397723069, "Latitude": 69.0 }, "geometry": { "type": "Point", "coordinates": [ 175.779583977230686, 69.0 ] } },
{ "type": "Feature", "properties": { "Longitude": 162.97377031260652, "Latitude": 66.0 }, "geometry": { "type": "Point", "coordinates": [ 162.973770312606518, 66.0 ] } },
{ "type": "Feature", "properties": { "Longitude": 159.28588030924516, "Latitude": 66.0 }, "geometry": { "type": "Point", "coordinates": [ 159.285880309245158, 66.0 ] } },
{ "type": "Feature", "properties": { "Longitude": 155.5979903058838, "Latitude": 66.0 }, "geometry": { "type": "Point", "coordinates": [ 155.597990305883798, 66.0 ] } },
{ "type": "Feature", "properties": { "Longitude": 157.09324493810539, "Latitude": 67.5 }, "geometry": { "type": "Point", "coordinates": [ 157.093244938105386, 67.5 ] } },
{ "type": "Feature", "properties": { "Longitude": 161.01293383273452, "Latitude": 67.5 }, "geometry": { "type": "Point", "coordinates": [ 161.012933832734518, 67.5 ] } },
{ "type": "Feature", "properties": { "Longitude": 163.22265748391663, "Latitude": 69.0 }, "geometry": { "type": "Point", "coordinates": [ 163.222657483916635, 69.0 ] } },
{ "type": "Feature", "properties": { "Longitude": 159.03701531947866, "Latitude": 69.0 }, "geometry": { "type": "Point", "coordinates": [ 159.037015319478655, 69.0 ] } },
{ "type": "Feature", "properties": { "Longitude": 157.02123514847955, "Latitude": 70.5 }, "geometry": { "type": "Point", "coordinates": [ 157.021235148479548, 70.5 ] } },
{ "type": "Feature", "properties": { "Longitude": 168.85231162199278, "Latitude": 67.5 }, "geometry": { "type": "Point", "coordinates": [ 168.852311621992783, 67.5 ] } },
{ "type": "Feature", "properties": { "Longitude": 171.59394181279265, "Latitude": 69.0 }, "geometry": { "type": "Point", "coordinates": [ 171.59394181279265, 69.0 ] } },
{ "type": "Feature", "properties": { "Longitude": 167.40829964835461, "Latitude": 69.0 }, "geometry": { "type": "Point", "coordinates": [ 167.408299648354614, 69.0 ] } },
{ "type": "Feature", "properties": { "Longitude": 150.34663259086057, "Latitude": 75.0 }, "geometry": { "type": "Point", "coordinates": [ 150.346632590860565, 75.0 ] } },
{ "type": "Feature", "properties": { "Longitude": 138.75552267539177, "Latitude": 75.0 }, "geometry": { "type": "Point", "coordinates": [ 138.755522675391774, 75.0 ] } },
{ "type": "Feature", "properties": { "Longitude": 48.825137980997511, "Latitude": 40.5 }, "geometry": { "type": "Point", "coordinates": [ 48.825137980997511, 40.5 ] } },
{ "type": "Feature", "properties": { "Longitude": 46.066298573870881, "Latitude": 42.0 }, "geometry": { "type": "Point", "coordinates": [ 46.066298573870881, 42.0 ] } },
{ "type": "Feature", "properties": { "Longitude": 48.084747668280443, "Latitude": 42.0 }, "geometry": { "type": "Point", "coordinates": [ 48.084747668280443, 42.0 ] } },
{ "type": "Feature", "properties": { "Longitude": 47.46874799248161, "Latitude": 43.5 }, "geometry": { "type": "Point", "coordinates": [ 47.46874799248161, 43.5 ] } },
{ "type": "Feature", "properties": { "Longitude": 53.672441119549291, "Latitude": 43.5 }, "geometry": { "type": "Point", "coordinates": [ 53.672441119549291, 43.5 ] } },
{ "type": "Feature", "properties": { "Longitude": 51.60454341052673, "Latitude": 43.5 }, "geometry": { "type": "Point", "coordinates": [ 51.60454341052673, 43.5 ] } },
{ "type": "Feature", "properties": { "Longitude": 29.098832982635656, "Latitude": 40.5 }, "geometry": { "type": "Point", "coordinates": [ 29.098832982635656, 40.5 ] } },
{ "type": "Feature", "properties": { "Longitude": 36.989354981980398, "Latitude": 40.5 }, "geometry": { "type": "Point", "coordinates": [ 36.989354981980398, 40.5 ] } },
{ "type": "Feature", "properties": { "Longitude": 35.016724482144213, "Latitude": 40.5 }, "geometry": { "type": "Point", "coordinates": [ 35.016724482144213, 40.5 ] } },
{ "type": "Feature", "properties": { "Longitude": 33.955604007413513, "Latitude": 42.0 }, "geometry": { "type": "Point", "coordinates": [ 33.955604007413513, 42.0 ] } },
{ "type": "Feature", "properties": { "Longitude": 44.04784947946132, "Latitude": 42.0 }, "geometry": { "type": "Point", "coordinates": [ 44.04784947946132, 42.0 ] } },
{ "type": "Feature", "properties": { "Longitude": 43.33295257443649, "Latitude": 43.5 }, "geometry": { "type": "Point", "coordinates": [ 43.33295257443649, 43.5 ] } },
{ "type": "Feature", "properties": { "Longitude": 45.40085028345905, "Latitude": 43.5 }, "geometry": { "type": "Point", "coordinates": [ 45.40085028345905, 43.5 ] } },
{ "type": "Feature", "properties": { "Longitude": 41.26505486541393, "Latitude": 43.5 }, "geometry": { "type": "Point", "coordinates": [ 41.26505486541393, 43.5 ] } },
{ "type": "Feature", "properties": { "Longitude": 42.738636073761285, "Latitude": 45.0 }, "geometry": { "type": "Point", "coordinates": [ 42.738636073761285, 45.0 ] } },
{ "type": "Feature", "properties": { "Longitude": 40.617315730201653, "Latitude": 45.0 }, "geometry": { "type": "Point", "coordinates": [ 40.617315730201653, 45.0 ] } },
{ "type": "Feature", "properties": { "Longitude": 44.859956417320916, "Latitude": 45.0 }, "geometry": { "type": "Point", "coordinates": [ 44.859956417320916, 45.0 ] } },
{ "type": "Feature", "properties": { "Longitude": 38.495995386642022, "Latitude": 45.0 }, "geometry": { "type": "Point", "coordinates": [ 38.495995386642022, 45.0 ] } },
{ "type": "Feature", "properties": { "Longitude": 34.25335469952276, "Latitude": 45.0 }, "geometry": { "type": "Point", "coordinates": [ 34.25335469952276, 45.0 ] } },
{ "type": "Feature", "properties": { "Longitude": 29.194512660673354, "Latitude": 46.5 }, "geometry": { "type": "Point", "coordinates": [ 29.194512660673354, 46.5 ] } },
{ "type": "Feature", "properties": { "Longitude": 33.552731674437382, "Latitude": 46.5 }, "geometry": { "type": "Point", "coordinates": [ 33.552731674437382, 46.5 ] } },
{ "type": "Feature", "properties": { "Longitude": 32.962908355705594, "Latitude": 48.0 }, "geometry": { "type": "Point", "coordinates": [ 32.962908355705594, 48.0 ] } },
{ "type": "Feature", "properties": { "Longitude": 53.345237791559441, "Latitude": 45.0 }, "geometry": { "type": "Point", "coordinates": [ 53.345237791559441, 45.0 ] } },
{ "type": "Feature", "properties": { "Longitude": 46.981276760880547, "Latitude": 45.0 }, "geometry": { "type": "Point", "coordinates": [ 46.981276760880547, 45.0 ] } },
{ "type": "Feature", "properties": { "Longitude": 53.164717236375509, "Latitude": 46.5 }, "geometry": { "type": "Point", "coordinates": [ 53.164717236375509, 46.5 ] } },
{ "type": "Feature", "properties": { "Longitude": 48.806498222611481, "Latitude": 46.5 }, "geometry": { "type": "Point", "coordinates": [ 48.806498222611481, 46.5 ] } },
{ "type": "Feature", "properties": { "Longitude": 46.627388715729467, "Latitude": 46.5 }, "geometry": { "type": "Point", "coordinates": [ 46.627388715729467, 46.5 ] } },
{ "type": "Feature", "properties": { "Longitude": 50.896626954080801, "Latitude": 48.0 }, "geometry": { "type": "Point", "coordinates": [ 50.896626954080801, 48.0 ] } },
{ "type": "Feature", "properties": { "Longitude": 46.413197304486999, "Latitude": 48.0 }, "geometry": { "type": "Point", "coordinates": [ 46.413197304486999, 48.0 ] } },
{ "type": "Feature", "properties": { "Longitude": 40.090060195083424, "Latitude": 46.5 }, "geometry": { "type": "Point", "coordinates": [ 40.090060195083424, 46.5 ] } },
{ "type": "Feature", "properties": { "Longitude": 44.448279208847453, "Latitude": 46.5 }, "geometry": { "type": "Point", "coordinates": [ 44.448279208847453, 46.5 ] } },
{ "type": "Feature", "properties": { "Longitude": 42.269169701965438, "Latitude": 46.5 }, "geometry": { "type": "Point", "coordinates": [ 42.269169701965438, 46.5 ] } },
{ "type": "Feature", "properties": { "Longitude": 37.91095068820141, "Latitude": 46.5 }, "geometry": { "type": "Point", "coordinates": [ 37.91095068820141, 46.5 ] } },
{ "type": "Feature", "properties": { "Longitude": 44.171482479690098, "Latitude": 48.0 }, "geometry": { "type": "Point", "coordinates": [ 44.171482479690098, 48.0 ] } },
{ "type": "Feature", "properties": { "Longitude": 39.688052830096296, "Latitude": 48.0 }, "geometry": { "type": "Point", "coordinates": [ 39.688052830096296, 48.0 ] } },
{ "type": "Feature", "properties": { "Longitude": 41.929767654893197, "Latitude": 48.0 }, "geometry": { "type": "Point", "coordinates": [ 41.929767654893197, 48.0 ] } },
{ "type": "Feature", "properties": { "Longitude": 37.446338005299395, "Latitude": 48.0 }, "geometry": { "type": "Point", "coordinates": [ 37.446338005299395, 48.0 ] } },
{ "type": "Feature", "properties": { "Longitude": 41.726742224021109, "Latitude": 49.5 }, "geometry": { "type": "Point", "coordinates": [ 41.726742224021109, 49.5 ] } },
{ "type": "Feature", "properties": { "Longitude": 39.417088659187556, "Latitude": 49.5 }, "geometry": { "type": "Point", "coordinates": [ 39.417088659187556, 49.5 ] } },
{ "type": "Feature", "properties": { "Longitude": 30.721193530908693, "Latitude": 48.0 }, "geometry": { "type": "Point", "coordinates": [ 30.721193530908693, 48.0 ] } },
{ "type": "Feature", "properties": { "Longitude": 35.204623180502495, "Latitude": 48.0 }, "geometry": { "type": "Point", "coordinates": [ 35.204623180502495, 48.0 ] } },
{ "type": "Feature", "properties": { "Longitude": 37.107435094354003, "Latitude": 49.5 }, "geometry": { "type": "Point", "coordinates": [ 37.107435094354003, 49.5 ] } },
{ "type": "Feature", "properties": { "Longitude": 32.488127964686896, "Latitude": 49.5 }, "geometry": { "type": "Point", "coordinates": [ 32.488127964686896, 49.5 ] } },
{ "type": "Feature", "properties": { "Longitude": 30.178474399853343, "Latitude": 49.5 }, "geometry": { "type": "Point", "coordinates": [ 30.178474399853343, 49.5 ] } },
{ "type": "Feature", "properties": { "Longitude": 34.797781529520449, "Latitude": 49.5 }, "geometry": { "type": "Point", "coordinates": [ 34.797781529520449, 49.5 ] } },
{ "type": "Feature", "properties": { "Longitude": 29.750076236678979, "Latitude": 51.0 }, "geometry": { "type": "Point", "coordinates": [ 29.750076236678979, 51.0 ] } },
{ "type": "Feature", "properties": { "Longitude": 36.900647017474853, "Latitude": 51.0 }, "geometry": { "type": "Point", "coordinates": [ 36.900647017474853, 51.0 ] } },
{ "type": "Feature", "properties": { "Longitude": 34.517123423876228, "Latitude": 51.0 }, "geometry": { "type": "Point", "coordinates": [ 34.517123423876228, 51.0 ] } },
{ "type": "Feature", "properties": { "Longitude": 32.133599830277603, "Latitude": 51.0 }, "geometry": { "type": "Point", "coordinates": [ 32.133599830277603, 51.0 ] } },
{ "type": "Feature", "properties": { "Longitude": 48.6549121292839, "Latitude": 48.0 }, "geometry": { "type": "Point", "coordinates": [ 48.6549121292839, 48.0 ] } },
{ "type": "Feature", "properties": { "Longitude": 53.138341778877702, "Latitude": 48.0 }, "geometry": { "type": "Point", "coordinates": [ 53.138341778877702, 48.0 ] } },
{ "type": "Feature", "properties": { "Longitude": 50.965356483355322, "Latitude": 49.5 }, "geometry": { "type": "Point", "coordinates": [ 50.965356483355322, 49.5 ] } },
{ "type": "Feature", "properties": { "Longitude": 46.346049353688215, "Latitude": 49.5 }, "geometry": { "type": "Point", "coordinates": [ 46.346049353688215, 49.5 ] } },
{ "type": "Feature", "properties": { "Longitude": 48.655702918521769, "Latitude": 49.5 }, "geometry": { "type": "Point", "coordinates": [ 48.655702918521769, 49.5 ] } },
{ "type": "Feature", "properties": { "Longitude": 53.275010048188875, "Latitude": 49.5 }, "geometry": { "type": "Point", "coordinates": [ 53.275010048188875, 49.5 ] } },
{ "type": "Feature", "properties": { "Longitude": 48.818264985467977, "Latitude": 51.0 }, "geometry": { "type": "Point", "coordinates": [ 48.818264985467977, 51.0 ] } },
{ "type": "Feature", "properties": { "Longitude": 46.434741391869352, "Latitude": 51.0 }, "geometry": { "type": "Point", "coordinates": [ 46.434741391869352, 51.0 ] } },
{ "type": "Feature", "properties": { "Longitude": 53.585312172665226, "Latitude": 51.0 }, "geometry": { "type": "Point", "coordinates": [ 53.585312172665226, 51.0 ] } },
{ "type": "Feature", "properties": { "Longitude": 51.201788579066601, "Latitude": 51.0 }, "geometry": { "type": "Point", "coordinates": [ 51.201788579066601, 51.0 ] } },
{ "type": "Feature", "properties": { "Longitude": 44.036395788854662, "Latitude": 49.5 }, "geometry": { "type": "Point", "coordinates": [ 44.036395788854662, 49.5 ] } },
{ "type": "Feature", "properties": { "Longitude": 44.051217798270727, "Latitude": 51.0 }, "geometry": { "type": "Point", "coordinates": [ 44.051217798270727, 51.0 ] } },
{ "type": "Feature", "properties": { "Longitude": 39.284170611073478, "Latitude": 51.0 }, "geometry": { "type": "Point", "coordinates": [ 39.284170611073478, 51.0 ] } },
{ "type": "Feature", "properties": { "Longitude": 41.667694204672102, "Latitude": 51.0 }, "geometry": { "type": "Point", "coordinates": [ 41.667694204672102, 51.0 ] } },
{ "type": "Feature", "properties": { "Longitude": 41.761750280117838, "Latitude": 52.5 }, "geometry": { "type": "Point", "coordinates": [ 41.761750280117838, 52.5 ] } },
{ "type": "Feature", "properties": { "Longitude": 39.297730832560973, "Latitude": 52.5 }, "geometry": { "type": "Point", "coordinates": [ 39.297730832560973, 52.5 ] } },
{ "type": "Feature", "properties": { "Longitude": 44.225769727674702, "Latitude": 52.5 }, "geometry": { "type": "Point", "coordinates": [ 44.225769727674702, 52.5 ] } },
{ "type": "Feature", "properties": { "Longitude": 39.46790855482709, "Latitude": 54.0 }, "geometry": { "type": "Point", "coordinates": [ 39.46790855482709, 54.0 ] } },
{ "type": "Feature", "properties": { "Longitude": 44.571813404939348, "Latitude": 54.0 }, "geometry": { "type": "Point", "coordinates": [ 44.571813404939348, 54.0 ] } },
{ "type": "Feature", "properties": { "Longitude": 42.019860979883219, "Latitude": 54.0 }, "geometry": { "type": "Point", "coordinates": [ 42.019860979883219, 54.0 ] } },
{ "type": "Feature", "properties": { "Longitude": 31.905672489890378, "Latitude": 52.5 }, "geometry": { "type": "Point", "coordinates": [ 31.905672489890378, 52.5 ] } },
{ "type": "Feature", "properties": { "Longitude": 29.441653042333513, "Latitude": 52.5 }, "geometry": { "type": "Point", "coordinates": [ 29.441653042333513, 52.5 ] } },
{ "type": "Feature", "properties": { "Longitude": 34.369691937447243, "Latitude": 52.5 }, "geometry": { "type": "Point", "coordinates": [ 34.369691937447243, 52.5 ] } },
{ "type": "Feature", "properties": { "Longitude": 36.833711385004108, "Latitude": 52.5 }, "geometry": { "type": "Point", "coordinates": [ 36.833711385004108, 52.5 ] } },
{ "type": "Feature", "properties": { "Longitude": 36.915956129770962, "Latitude": 54.0 }, "geometry": { "type": "Point", "coordinates": [ 36.915956129770962, 54.0 ] } },
{ "type": "Feature", "properties": { "Longitude": 34.364003704714833, "Latitude": 54.0 }, "geometry": { "type": "Point", "coordinates": [ 34.364003704714833, 54.0 ] } },
{ "type": "Feature", "properties": { "Longitude": 29.260098854602575, "Latitude": 54.0 }, "geometry": { "type": "Point", "coordinates": [ 29.260098854602575, 54.0 ] } },
{ "type": "Feature", "properties": { "Longitude": 31.812051279658704, "Latitude": 54.0 }, "geometry": { "type": "Point", "coordinates": [ 31.812051279658704, 54.0 ] } },
{ "type": "Feature", "properties": { "Longitude": 34.510349779435103, "Latitude": 55.5 }, "geometry": { "type": "Point", "coordinates": [ 34.510349779435103, 55.5 ] } },
{ "type": "Feature", "properties": { "Longitude": 37.158625702638005, "Latitude": 55.5 }, "geometry": { "type": "Point", "coordinates": [ 37.158625702638005, 55.5 ] } },
{ "type": "Feature", "properties": { "Longitude": 90.894599881955401, "Latitude": 43.5 }, "geometry": { "type": "Point", "coordinates": [ 90.894599881955401, 43.5 ] } },
{ "type": "Feature", "properties": { "Longitude": 88.826702172932812, "Latitude": 43.5 }, "geometry": { "type": "Point", "coordinates": [ 88.826702172932812, 43.5 ] } },
{ "type": "Feature", "properties": { "Longitude": 92.962497590977932, "Latitude": 43.5 }, "geometry": { "type": "Point", "coordinates": [ 92.962497590977932, 43.5 ] } },
{ "type": "Feature", "properties": { "Longitude": 95.030395300000464, "Latitude": 43.5 }, "geometry": { "type": "Point", "coordinates": [ 95.030395300000464, 43.5 ] } },
{ "type": "Feature", "properties": { "Longitude": 93.650324319192464, "Latitude": 45.0 }, "geometry": { "type": "Point", "coordinates": [ 93.650324319192464, 45.0 ] } },
{ "type": "Feature", "properties": { "Longitude": 91.529003975632804, "Latitude": 45.0 }, "geometry": { "type": "Point", "coordinates": [ 91.529003975632804, 45.0 ] } },
{ "type": "Feature", "properties": { "Longitude": 95.771644662752067, "Latitude": 45.0 }, "geometry": { "type": "Point", "coordinates": [ 95.771644662752067, 45.0 ] } },
{ "type": "Feature", "properties": { "Longitude": 89.407683632073145, "Latitude": 45.0 }, "geometry": { "type": "Point", "coordinates": [ 89.407683632073145, 45.0 ] } },
{ "type": "Feature", "properties": { "Longitude": 90.209578853369749, "Latitude": 46.5 }, "geometry": { "type": "Point", "coordinates": [ 90.209578853369749, 46.5 ] } },
{ "type": "Feature", "properties": { "Longitude": 94.567797867133777, "Latitude": 46.5 }, "geometry": { "type": "Point", "coordinates": [ 94.567797867133777, 46.5 ] } },
{ "type": "Feature", "properties": { "Longitude": 84.690906754887692, "Latitude": 43.5 }, "geometry": { "type": "Point", "coordinates": [ 84.690906754887692, 43.5 ] } },
{ "type": "Feature", "properties": { "Longitude": 80.555111336842572, "Latitude": 43.5 }, "geometry": { "type": "Point", "coordinates": [ 80.555111336842572, 43.5 ] } },
{ "type": "Feature", "properties": { "Longitude": 86.758804463910224, "Latitude": 43.5 }, "geometry": { "type": "Point", "coordinates": [ 86.758804463910224, 43.5 ] } },
{ "type": "Feature", "properties": { "Longitude": 82.62300904586516, "Latitude": 43.5 }, "geometry": { "type": "Point", "coordinates": [ 82.62300904586516, 43.5 ] } },
{ "type": "Feature", "properties": { "Longitude": 80.922402257834619, "Latitude": 45.0 }, "geometry": { "type": "Point", "coordinates": [ 80.922402257834619, 45.0 ] } },
{ "type": "Feature", "properties": { "Longitude": 87.286363288513542, "Latitude": 45.0 }, "geometry": { "type": "Point", "coordinates": [ 87.286363288513542, 45.0 ] } },
{ "type": "Feature", "properties": { "Longitude": 85.165042944953939, "Latitude": 45.0 }, "geometry": { "type": "Point", "coordinates": [ 85.165042944953939, 45.0 ] } },
{ "type": "Feature", "properties": { "Longitude": 83.043722601394279, "Latitude": 45.0 }, "geometry": { "type": "Point", "coordinates": [ 83.043722601394279, 45.0 ] } },
{ "type": "Feature", "properties": { "Longitude": 81.493140825841692, "Latitude": 46.5 }, "geometry": { "type": "Point", "coordinates": [ 81.493140825841692, 46.5 ] } },
{ "type": "Feature", "properties": { "Longitude": 83.672250332723706, "Latitude": 46.5 }, "geometry": { "type": "Point", "coordinates": [ 83.672250332723706, 46.5 ] } },
{ "type": "Feature", "properties": { "Longitude": 76.419315918797452, "Latitude": 43.5 }, "geometry": { "type": "Point", "coordinates": [ 76.419315918797452, 43.5 ] } },
{ "type": "Feature", "properties": { "Longitude": 78.487213627819983, "Latitude": 43.5 }, "geometry": { "type": "Point", "coordinates": [ 78.487213627819983, 43.5 ] } },
{ "type": "Feature", "properties": { "Longitude": 74.558441227155754, "Latitude": 45.0 }, "geometry": { "type": "Point", "coordinates": [ 74.558441227155754, 45.0 ] } },
{ "type": "Feature", "properties": { "Longitude": 76.679761570715414, "Latitude": 45.0 }, "geometry": { "type": "Point", "coordinates": [ 76.679761570715414, 45.0 ] } },
{ "type": "Feature", "properties": { "Longitude": 78.801081914275017, "Latitude": 45.0 }, "geometry": { "type": "Point", "coordinates": [ 78.801081914275017, 45.0 ] } },
{ "type": "Feature", "properties": { "Longitude": 72.437120883596123, "Latitude": 45.0 }, "geometry": { "type": "Point", "coordinates": [ 72.437120883596123, 45.0 ] } },
{ "type": "Feature", "properties": { "Longitude": 74.95581230519565, "Latitude": 46.5 }, "geometry": { "type": "Point", "coordinates": [ 74.95581230519565, 46.5 ] } },
{ "type": "Feature", "properties": { "Longitude": 77.134921812077664, "Latitude": 46.5 }, "geometry": { "type": "Point", "coordinates": [ 77.134921812077664, 46.5 ] } },
{ "type": "Feature", "properties": { "Longitude": 72.776702798313636, "Latitude": 46.5 }, "geometry": { "type": "Point", "coordinates": [ 72.776702798313636, 46.5 ] } },
{ "type": "Feature", "properties": { "Longitude": 79.314031318959678, "Latitude": 46.5 }, "geometry": { "type": "Point", "coordinates": [ 79.314031318959678, 46.5 ] } },
{ "type": "Feature", "properties": { "Longitude": 92.388688360251763, "Latitude": 46.5 }, "geometry": { "type": "Point", "coordinates": [ 92.388688360251763, 46.5 ] } },
{ "type": "Feature", "properties": { "Longitude": 88.030469346487735, "Latitude": 46.5 }, "geometry": { "type": "Point", "coordinates": [ 88.030469346487735, 46.5 ] } },
{ "type": "Feature", "properties": { "Longitude": 95.73092345001885, "Latitude": 48.0 }, "geometry": { "type": "Point", "coordinates": [ 95.73092345001885, 48.0 ] } },
{ "type": "Feature", "properties": { "Longitude": 93.48920862522192, "Latitude": 48.0 }, "geometry": { "type": "Point", "coordinates": [ 93.48920862522192, 48.0 ] } },
{ "type": "Feature", "properties": { "Longitude": 89.005778975628118, "Latitude": 48.0 }, "geometry": { "type": "Point", "coordinates": [ 89.005778975628118, 48.0 ] } },
{ "type": "Feature", "properties": { "Longitude": 91.247493800424991, "Latitude": 48.0 }, "geometry": { "type": "Point", "coordinates": [ 91.247493800424991, 48.0 ] } },
{ "type": "Feature", "properties": { "Longitude": 90.229467085525698, "Latitude": 49.5 }, "geometry": { "type": "Point", "coordinates": [ 90.229467085525698, 49.5 ] } },
{ "type": "Feature", "properties": { "Longitude": 94.848774215192861, "Latitude": 49.5 }, "geometry": { "type": "Point", "coordinates": [ 94.848774215192861, 49.5 ] } },
{ "type": "Feature", "properties": { "Longitude": 87.919813520692173, "Latitude": 49.5 }, "geometry": { "type": "Point", "coordinates": [ 87.919813520692173, 49.5 ] } },
{ "type": "Feature", "properties": { "Longitude": 92.53912065035928, "Latitude": 49.5 }, "geometry": { "type": "Point", "coordinates": [ 92.53912065035928, 49.5 ] } },
{ "type": "Feature", "properties": { "Longitude": 96.746907374015791, "Latitude": 46.5 }, "geometry": { "type": "Point", "coordinates": [ 96.746907374015791, 46.5 ] } },
{ "type": "Feature", "properties": { "Longitude": 98.926016880897805, "Latitude": 46.5 }, "geometry": { "type": "Point", "coordinates": [ 98.926016880897805, 46.5 ] } },
{ "type": "Feature", "properties": { "Longitude": 103.28423589466183, "Latitude": 46.5 }, "geometry": { "type": "Point", "coordinates": [ 103.284235894661833, 46.5 ] } },
{ "type": "Feature", "properties": { "Longitude": 102.45606792440952, "Latitude": 48.0 }, "geometry": { "type": "Point", "coordinates": [ 102.456067924409524, 48.0 ] } },
{ "type": "Feature", "properties": { "Longitude": 100.21435309961259, "Latitude": 48.0 }, "geometry": { "type": "Point", "coordinates": [ 100.214353099612595, 48.0 ] } },
{ "type": "Feature", "properties": { "Longitude": 97.972638274815722, "Latitude": 48.0 }, "geometry": { "type": "Point", "coordinates": [ 97.972638274815722, 48.0 ] } },
{ "type": "Feature", "properties": { "Longitude": 104.08738847452707, "Latitude": 49.5 }, "geometry": { "type": "Point", "coordinates": [ 104.087388474527074, 49.5 ] } },
{ "type": "Feature", "properties": { "Longitude": 101.77773490969349, "Latitude": 49.5 }, "geometry": { "type": "Point", "coordinates": [ 101.777734909693493, 49.5 ] } },
{ "type": "Feature", "properties": { "Longitude": 99.468081344859911, "Latitude": 49.5 }, "geometry": { "type": "Point", "coordinates": [ 99.468081344859911, 49.5 ] } },
{ "type": "Feature", "properties": { "Longitude": 97.158427780026386, "Latitude": 49.5 }, "geometry": { "type": "Point", "coordinates": [ 97.158427780026386, 49.5 ] } },
{ "type": "Feature", "properties": { "Longitude": 85.85135983960572, "Latitude": 46.5 }, "geometry": { "type": "Point", "coordinates": [ 85.85135983960572, 46.5 ] } },
{ "type": "Feature", "properties": { "Longitude": 82.280634501237387, "Latitude": 48.0 }, "geometry": { "type": "Point", "coordinates": [ 82.280634501237387, 48.0 ] } },
{ "type": "Feature", "properties": { "Longitude": 80.038919676440514, "Latitude": 48.0 }, "geometry": { "type": "Point", "coordinates": [ 80.038919676440514, 48.0 ] } },
{ "type": "Feature", "properties": { "Longitude": 84.522349326034316, "Latitude": 48.0 }, "geometry": { "type": "Point", "coordinates": [ 84.522349326034316, 48.0 ] } },
{ "type": "Feature", "properties": { "Longitude": 86.764064150831246, "Latitude": 48.0 }, "geometry": { "type": "Point", "coordinates": [ 86.764064150831246, 48.0 ] } },
{ "type": "Feature", "properties": { "Longitude": 83.300506391025067, "Latitude": 49.5 }, "geometry": { "type": "Point", "coordinates": [ 83.300506391025067, 49.5 ] } },
{ "type": "Feature", "properties": { "Longitude": 85.610159955858649, "Latitude": 49.5 }, "geometry": { "type": "Point", "coordinates": [ 85.610159955858649, 49.5 ] } },
{ "type": "Feature", "properties": { "Longitude": 80.990852826191485, "Latitude": 49.5 }, "geometry": { "type": "Point", "coordinates": [ 80.990852826191485, 49.5 ] } },
{ "type": "Feature", "properties": { "Longitude": 82.187595295848723, "Latitude": 51.0 }, "geometry": { "type": "Point", "coordinates": [ 82.187595295848723, 51.0 ] } },
{ "type": "Feature", "properties": { "Longitude": 86.954642483045973, "Latitude": 51.0 }, "geometry": { "type": "Point", "coordinates": [ 86.954642483045973, 51.0 ] } },
{ "type": "Feature", "properties": { "Longitude": 94.105213263841847, "Latitude": 51.0 }, "geometry": { "type": "Point", "coordinates": [ 94.105213263841847, 51.0 ] } },
{ "type": "Feature", "properties": { "Longitude": 89.338166076644598, "Latitude": 51.0 }, "geometry": { "type": "Point", "coordinates": [ 89.338166076644598, 51.0 ] } },
{ "type": "Feature", "properties": { "Longitude": 91.721689670243222, "Latitude": 51.0 }, "geometry": { "type": "Point", "coordinates": [ 91.721689670243222, 51.0 ] } },
{ "type": "Feature", "properties": { "Longitude": 93.506158678811971, "Latitude": 52.5 }, "geometry": { "type": "Point", "coordinates": [ 93.506158678811971, 52.5 ] } },
{ "type": "Feature", "properties": { "Longitude": 91.042139231255135, "Latitude": 52.5 }, "geometry": { "type": "Point", "coordinates": [ 91.042139231255135, 52.5 ] } },
{ "type": "Feature", "properties": { "Longitude": 95.970178126368864, "Latitude": 52.5 }, "geometry": { "type": "Point", "coordinates": [ 95.970178126368864, 52.5 ] } },
{ "type": "Feature", "properties": { "Longitude": 88.578119783698298, "Latitude": 52.5 }, "geometry": { "type": "Point", "coordinates": [ 88.578119783698298, 52.5 ] } },
{ "type": "Feature", "properties": { "Longitude": 87.955004630893541, "Latitude": 54.0 }, "geometry": { "type": "Point", "coordinates": [ 87.955004630893541, 54.0 ] } },
{ "type": "Feature", "properties": { "Longitude": 95.610861906061928, "Latitude": 54.0 }, "geometry": { "type": "Point", "coordinates": [ 95.610861906061928, 54.0 ] } },
{ "type": "Feature", "properties": { "Longitude": 93.058909481005799, "Latitude": 54.0 }, "geometry": { "type": "Point", "coordinates": [ 93.058909481005799, 54.0 ] } },
{ "type": "Feature", "properties": { "Longitude": 101.25578404463772, "Latitude": 51.0 }, "geometry": { "type": "Point", "coordinates": [ 101.255784044637721, 51.0 ] } },
{ "type": "Feature", "properties": { "Longitude": 103.63930763823635, "Latitude": 51.0 }, "geometry": { "type": "Point", "coordinates": [ 103.639307638236346, 51.0 ] } },
{ "type": "Feature", "properties": { "Longitude": 96.488736857440472, "Latitude": 51.0 }, "geometry": { "type": "Point", "coordinates": [ 96.488736857440472, 51.0 ] } },
{ "type": "Feature", "properties": { "Longitude": 98.872260451039097, "Latitude": 51.0 }, "geometry": { "type": "Point", "coordinates": [ 98.872260451039097, 51.0 ] } },
{ "type": "Feature", "properties": { "Longitude": 100.89821702148259, "Latitude": 52.5 }, "geometry": { "type": "Point", "coordinates": [ 100.898217021482594, 52.5 ] } },
{ "type": "Feature", "properties": { "Longitude": 103.36223646903943, "Latitude": 52.5 }, "geometry": { "type": "Point", "coordinates": [ 103.362236469039431, 52.5 ] } },
{ "type": "Feature", "properties": { "Longitude": 98.434197573925758, "Latitude": 52.5 }, "geometry": { "type": "Point", "coordinates": [ 98.434197573925758, 52.5 ] } },
{ "type": "Feature", "properties": { "Longitude": 98.162814331118057, "Latitude": 54.0 }, "geometry": { "type": "Point", "coordinates": [ 98.162814331118057, 54.0 ] } },
{ "type": "Feature", "properties": { "Longitude": 100.71476675617419, "Latitude": 54.0 }, "geometry": { "type": "Point", "coordinates": [ 100.714766756174186, 54.0 ] } },
{ "type": "Feature", "properties": { "Longitude": 103.26671918123031, "Latitude": 54.0 }, "geometry": { "type": "Point", "coordinates": [ 103.266719181230314, 54.0 ] } },
{ "type": "Feature", "properties": { "Longitude": 79.804071702250098, "Latitude": 51.0 }, "geometry": { "type": "Point", "coordinates": [ 79.804071702250098, 51.0 ] } },
{ "type": "Feature", "properties": { "Longitude": 84.571118889447348, "Latitude": 51.0 }, "geometry": { "type": "Point", "coordinates": [ 84.571118889447348, 51.0 ] } },
{ "type": "Feature", "properties": { "Longitude": 83.650080888584512, "Latitude": 52.5 }, "geometry": { "type": "Point", "coordinates": [ 83.650080888584512, 52.5 ] } },
{ "type": "Feature", "properties": { "Longitude": 86.114100336141405, "Latitude": 52.5 }, "geometry": { "type": "Point", "coordinates": [ 86.114100336141405, 52.5 ] } },
{ "type": "Feature", "properties": { "Longitude": 81.186061441027675, "Latitude": 52.5 }, "geometry": { "type": "Point", "coordinates": [ 81.186061441027675, 52.5 ] } },
{ "type": "Feature", "properties": { "Longitude": 80.299147355725154, "Latitude": 54.0 }, "geometry": { "type": "Point", "coordinates": [ 80.299147355725154, 54.0 ] } },
{ "type": "Feature", "properties": { "Longitude": 85.403052205837412, "Latitude": 54.0 }, "geometry": { "type": "Point", "coordinates": [ 85.403052205837412, 54.0 ] } },
{ "type": "Feature", "properties": { "Longitude": 82.851099780781283, "Latitude": 54.0 }, "geometry": { "type": "Point", "coordinates": [ 82.851099780781283, 54.0 ] } },
{ "type": "Feature", "properties": { "Longitude": 82.179316397087348, "Latitude": 55.5 }, "geometry": { "type": "Point", "coordinates": [ 82.179316397087348, 55.5 ] } },
{ "type": "Feature", "properties": { "Longitude": 79.531040473884445, "Latitude": 55.5 }, "geometry": { "type": "Point", "coordinates": [ 79.531040473884445, 55.5 ] } },
{ "type": "Feature", "properties": { "Longitude": 90.50695705594967, "Latitude": 54.0 }, "geometry": { "type": "Point", "coordinates": [ 90.50695705594967, 54.0 ] } },
{ "type": "Feature", "properties": { "Longitude": 95.42069601310186, "Latitude": 55.5 }, "geometry": { "type": "Point", "coordinates": [ 95.42069601310186, 55.5 ] } },
{ "type": "Feature", "properties": { "Longitude": 92.772420089898958, "Latitude": 55.5 }, "geometry": { "type": "Point", "coordinates": [ 92.772420089898958, 55.5 ] } },
{ "type": "Feature", "properties": { "Longitude": 90.124144166696055, "Latitude": 55.5 }, "geometry": { "type": "Point", "coordinates": [ 90.124144166696055, 55.5 ] } },
{ "type": "Feature", "properties": { "Longitude": 95.411768816499603, "Latitude": 57.0 }, "geometry": { "type": "Point", "coordinates": [ 95.411768816499603, 57.0 ] } },
{ "type": "Feature", "properties": { "Longitude": 89.90353344016961, "Latitude": 57.0 }, "geometry": { "type": "Point", "coordinates": [ 89.90353344016961, 57.0 ] } },
{ "type": "Feature", "properties": { "Longitude": 92.657651128334578, "Latitude": 57.0 }, "geometry": { "type": "Point", "coordinates": [ 92.657651128334578, 57.0 ] } },
{ "type": "Feature", "properties": { "Longitude": 95.598843182056953, "Latitude": 58.5 }, "geometry": { "type": "Point", "coordinates": [ 95.598843182056953, 58.5 ] } },
{ "type": "Feature", "properties": { "Longitude": 92.728021898910526, "Latitude": 58.5 }, "geometry": { "type": "Point", "coordinates": [ 92.728021898910526, 58.5 ] } },
{ "type": "Feature", "properties": { "Longitude": 89.8572006157641, "Latitude": 58.5 }, "geometry": { "type": "Point", "coordinates": [ 89.8572006157641, 58.5 ] } },
{ "type": "Feature", "properties": { "Longitude": 75.037024515052849, "Latitude": 51.0 }, "geometry": { "type": "Point", "coordinates": [ 75.037024515052849, 51.0 ] } },
{ "type": "Feature", "properties": { "Longitude": 78.722041993470839, "Latitude": 52.5 }, "geometry": { "type": "Point", "coordinates": [ 78.722041993470839, 52.5 ] } },
{ "type": "Feature", "properties": { "Longitude": 76.258022545913946, "Latitude": 52.5 }, "geometry": { "type": "Point", "coordinates": [ 76.258022545913946, 52.5 ] } },
{ "type": "Feature", "properties": { "Longitude": 71.329983650800216, "Latitude": 52.5 }, "geometry": { "type": "Point", "coordinates": [ 71.329983650800216, 52.5 ] } },
{ "type": "Feature", "properties": { "Longitude": 73.794003098357081, "Latitude": 52.5 }, "geometry": { "type": "Point", "coordinates": [ 73.794003098357081, 52.5 ] } },
{ "type": "Feature", "properties": { "Longitude": 75.195242505612896, "Latitude": 54.0 }, "geometry": { "type": "Point", "coordinates": [ 75.195242505612896, 54.0 ] } },
{ "type": "Feature", "properties": { "Longitude": 77.747194930669025, "Latitude": 54.0 }, "geometry": { "type": "Point", "coordinates": [ 77.747194930669025, 54.0 ] } },
{ "type": "Feature", "properties": { "Longitude": 72.643290080556767, "Latitude": 54.0 }, "geometry": { "type": "Point", "coordinates": [ 72.643290080556767, 54.0 ] } },
{ "type": "Feature", "properties": { "Longitude": 74.23448862747864, "Latitude": 55.5 }, "geometry": { "type": "Point", "coordinates": [ 74.23448862747864, 55.5 ] } },
{ "type": "Feature", "properties": { "Longitude": 71.586212704275738, "Latitude": 55.5 }, "geometry": { "type": "Point", "coordinates": [ 71.586212704275738, 55.5 ] } },
{ "type": "Feature", "properties": { "Longitude": 66.401944755686486, "Latitude": 52.5 }, "geometry": { "type": "Point", "coordinates": [ 66.401944755686486, 52.5 ] } },
{ "type": "Feature", "properties": { "Longitude": 68.865964203243351, "Latitude": 52.5 }, "geometry": { "type": "Point", "coordinates": [ 68.865964203243351, 52.5 ] } },
{ "type": "Feature", "properties": { "Longitude": 63.937925308129621, "Latitude": 52.5 }, "geometry": { "type": "Point", "coordinates": [ 63.937925308129621, 52.5 ] } },
{ "type": "Feature", "properties": { "Longitude": 70.091337655500638, "Latitude": 54.0 }, "geometry": { "type": "Point", "coordinates": [ 70.091337655500638, 54.0 ] } },
{ "type": "Feature", "properties": { "Longitude": 64.98743280538838, "Latitude": 54.0 }, "geometry": { "type": "Point", "coordinates": [ 64.98743280538838, 54.0 ] } },
{ "type": "Feature", "properties": { "Longitude": 67.539385230444509, "Latitude": 54.0 }, "geometry": { "type": "Point", "coordinates": [ 67.539385230444509, 54.0 ] } },
{ "type": "Feature", "properties": { "Longitude": 66.289660857869933, "Latitude": 55.5 }, "geometry": { "type": "Point", "coordinates": [ 66.289660857869933, 55.5 ] } },
{ "type": "Feature", "properties": { "Longitude": 68.937936781072835, "Latitude": 55.5 }, "geometry": { "type": "Point", "coordinates": [ 68.937936781072835, 55.5 ] } },
{ "type": "Feature", "properties": { "Longitude": 63.64138493466703, "Latitude": 55.5 }, "geometry": { "type": "Point", "coordinates": [ 63.64138493466703, 55.5 ] } },
{ "type": "Feature", "properties": { "Longitude": 65.116474246684646, "Latitude": 57.0 }, "geometry": { "type": "Point", "coordinates": [ 65.116474246684646, 57.0 ] } },
{ "type": "Feature", "properties": { "Longitude": 59.883527955276122, "Latitude": 54.0 }, "geometry": { "type": "Point", "coordinates": [ 59.883527955276122, 54.0 ] } },
{ "type": "Feature", "properties": { "Longitude": 54.779623105163864, "Latitude": 54.0 }, "geometry": { "type": "Point", "coordinates": [ 54.779623105163864, 54.0 ] } },
{ "type": "Feature", "properties": { "Longitude": 55.696557165058323, "Latitude": 55.5 }, "geometry": { "type": "Point", "coordinates": [ 55.696557165058323, 55.5 ] } },
{ "type": "Feature", "properties": { "Longitude": 58.344833088261225, "Latitude": 55.5 }, "geometry": { "type": "Point", "coordinates": [ 58.344833088261225, 55.5 ] } },
{ "type": "Feature", "properties": { "Longitude": 60.993109011464128, "Latitude": 55.5 }, "geometry": { "type": "Point", "coordinates": [ 60.993109011464128, 55.5 ] } },
{ "type": "Feature", "properties": { "Longitude": 62.36235655851965, "Latitude": 57.0 }, "geometry": { "type": "Point", "coordinates": [ 62.36235655851965, 57.0 ] } },
{ "type": "Feature", "properties": { "Longitude": 56.854121182189658, "Latitude": 57.0 }, "geometry": { "type": "Point", "coordinates": [ 56.854121182189658, 57.0 ] } },
{ "type": "Feature", "properties": { "Longitude": 54.100003494024662, "Latitude": 57.0 }, "geometry": { "type": "Point", "coordinates": [ 54.100003494024662, 57.0 ] } },
{ "type": "Feature", "properties": { "Longitude": 59.608238870354654, "Latitude": 57.0 }, "geometry": { "type": "Point", "coordinates": [ 59.608238870354654, 57.0 ] } },
{ "type": "Feature", "properties": { "Longitude": 55.407345218006981, "Latitude": 58.5 }, "geometry": { "type": "Point", "coordinates": [ 55.407345218006981, 58.5 ] } },
{ "type": "Feature", "properties": { "Longitude": 76.882764550681543, "Latitude": 55.5 }, "geometry": { "type": "Point", "coordinates": [ 76.882764550681543, 55.5 ] } },
{ "type": "Feature", "properties": { "Longitude": 78.887062687509626, "Latitude": 57.0 }, "geometry": { "type": "Point", "coordinates": [ 78.887062687509626, 57.0 ] } },
{ "type": "Feature", "properties": { "Longitude": 73.378827311179634, "Latitude": 57.0 }, "geometry": { "type": "Point", "coordinates": [ 73.378827311179634, 57.0 ] } },
{ "type": "Feature", "properties": { "Longitude": 76.132944999344659, "Latitude": 57.0 }, "geometry": { "type": "Point", "coordinates": [ 76.132944999344659, 57.0 ] } },
{ "type": "Feature", "properties": { "Longitude": 78.373915483178394, "Latitude": 58.5 }, "geometry": { "type": "Point", "coordinates": [ 78.373915483178394, 58.5 ] } },
{ "type": "Feature", "properties": { "Longitude": 75.503094200031967, "Latitude": 58.5 }, "geometry": { "type": "Point", "coordinates": [ 75.503094200031967, 58.5 ] } },
{ "type": "Feature", "properties": { "Longitude": 72.63227291688554, "Latitude": 58.5 }, "geometry": { "type": "Point", "coordinates": [ 72.63227291688554, 58.5 ] } },
{ "type": "Feature", "properties": { "Longitude": 72.0, "Latitude": 60.0 }, "geometry": { "type": "Point", "coordinates": [ 72.0, 60.0 ] } },
{ "type": "Feature", "properties": { "Longitude": 78.0, "Latitude": 60.0 }, "geometry": { "type": "Point", "coordinates": [ 78.0, 60.0 ] } },
{ "type": "Feature", "properties": { "Longitude": 75.0, "Latitude": 60.0 }, "geometry": { "type": "Point", "coordinates": [ 75.0, 60.0 ] } },
{ "type": "Feature", "properties": { "Longitude": 70.624709623014638, "Latitude": 57.0 }, "geometry": { "type": "Point", "coordinates": [ 70.624709623014638, 57.0 ] } },
{ "type": "Feature", "properties": { "Longitude": 67.870591934849642, "Latitude": 57.0 }, "geometry": { "type": "Point", "coordinates": [ 67.870591934849642, 57.0 ] } },
{ "type": "Feature", "properties": { "Longitude": 69.761451633739114, "Latitude": 58.5 }, "geometry": { "type": "Point", "coordinates": [ 69.761451633739114, 58.5 ] } },
{ "type": "Feature", "properties": { "Longitude": 64.019809067446261, "Latitude": 58.5 }, "geometry": { "type": "Point", "coordinates": [ 64.019809067446261, 58.5 ] } },
{ "type": "Feature", "properties": { "Longitude": 66.890630350592687, "Latitude": 58.5 }, "geometry": { "type": "Point", "coordinates": [ 66.890630350592687, 58.5 ] } },
{ "type": "Feature", "properties": { "Longitude": 63.0, "Latitude": 60.0 }, "geometry": { "type": "Point", "coordinates": [ 63.0, 60.0 ] } },
{ "type": "Feature", "properties": { "Longitude": 69.0, "Latitude": 60.0 }, "geometry": { "type": "Point", "coordinates": [ 69.0, 60.0 ] } },
{ "type": "Feature", "properties": { "Longitude": 66.0, "Latitude": 60.0 }, "geometry": { "type": "Point", "coordinates": [ 66.0, 60.0 ] } },
{ "type": "Feature", "properties": { "Longitude": 65.201408303484072, "Latitude": 61.5 }, "geometry": { "type": "Point", "coordinates": [ 65.201408303484072, 61.5 ] } },
{ "type": "Feature", "properties": { "Longitude": 68.345016102246689, "Latitude": 61.5 }, "geometry": { "type": "Point", "coordinates": [ 68.345016102246689, 61.5 ] } },
{ "type": "Feature", "properties": { "Longitude": 61.148987784299834, "Latitude": 58.5 }, "geometry": { "type": "Point", "coordinates": [ 61.148987784299834, 58.5 ] } },
{ "type": "Feature", "properties": { "Longitude": 58.278166501153407, "Latitude": 58.5 }, "geometry": { "type": "Point", "coordinates": [ 58.278166501153407, 58.5 ] } },
{ "type": "Feature", "properties": { "Longitude": 57.0, "Latitude": 60.0 }, "geometry": { "type": "Point", "coordinates": [ 57.0, 60.0 ] } },
{ "type": "Feature", "properties": { "Longitude": 54.0, "Latitude": 60.0 }, "geometry": { "type": "Point", "coordinates": [ 54.0, 60.0 ] } },
{ "type": "Feature", "properties": { "Longitude": 60.0, "Latitude": 60.0 }, "geometry": { "type": "Point", "coordinates": [ 60.0, 60.0 ] } },
{ "type": "Feature", "properties": { "Longitude": 55.770584907196223, "Latitude": 61.5 }, "geometry": { "type": "Point", "coordinates": [ 55.770584907196223, 61.5 ] } },
{ "type": "Feature", "properties": { "Longitude": 58.91419270595884, "Latitude": 61.5 }, "geometry": { "type": "Point", "coordinates": [ 58.91419270595884, 61.5 ] } },
{ "type": "Feature", "properties": { "Longitude": 62.057800504721456, "Latitude": 61.5 }, "geometry": { "type": "Point", "coordinates": [ 62.057800504721456, 61.5 ] } },
{ "type": "Feature", "properties": { "Longitude": 61.194474472087506, "Latitude": 63.0 }, "geometry": { "type": "Point", "coordinates": [ 61.194474472087506, 63.0 ] } },
{ "type": "Feature", "properties": { "Longitude": 57.890440575209595, "Latitude": 63.0 }, "geometry": { "type": "Point", "coordinates": [ 57.890440575209595, 63.0 ] } },
{ "type": "Feature", "properties": { "Longitude": 74.632231699771921, "Latitude": 61.5 }, "geometry": { "type": "Point", "coordinates": [ 74.632231699771921, 61.5 ] } },
{ "type": "Feature", "properties": { "Longitude": 71.488623901009305, "Latitude": 61.5 }, "geometry": { "type": "Point", "coordinates": [ 71.488623901009305, 61.5 ] } },
{ "type": "Feature", "properties": { "Longitude": 77.775839498534538, "Latitude": 61.5 }, "geometry": { "type": "Point", "coordinates": [ 77.775839498534538, 61.5 ] } },
{ "type": "Feature", "properties": { "Longitude": 71.10657616272124, "Latitude": 63.0 }, "geometry": { "type": "Point", "coordinates": [ 71.10657616272124, 63.0 ] } },
{ "type": "Feature", "properties": { "Longitude": 77.714643956477062, "Latitude": 63.0 }, "geometry": { "type": "Point", "coordinates": [ 77.714643956477062, 63.0 ] } },
{ "type": "Feature", "properties": { "Longitude": 74.410610059599151, "Latitude": 63.0 }, "geometry": { "type": "Point", "coordinates": [ 74.410610059599151, 63.0 ] } },
{ "type": "Feature", "properties": { "Longitude": 77.8330752050922, "Latitude": 64.5 }, "geometry": { "type": "Point", "coordinates": [ 77.8330752050922, 64.5 ] } },
{ "type": "Feature", "properties": { "Longitude": 74.348844459077441, "Latitude": 64.5 }, "geometry": { "type": "Point", "coordinates": [ 74.348844459077441, 64.5 ] } },
{ "type": "Feature", "properties": { "Longitude": 78.152300235295229, "Latitude": 66.0 }, "geometry": { "type": "Point", "coordinates": [ 78.152300235295229, 66.0 ] } },
{ "type": "Feature", "properties": { "Longitude": 74.464410231933869, "Latitude": 66.0 }, "geometry": { "type": "Point", "coordinates": [ 74.464410231933869, 66.0 ] } },
{ "type": "Feature", "properties": { "Longitude": 67.802542265843329, "Latitude": 63.0 }, "geometry": { "type": "Point", "coordinates": [ 67.802542265843329, 63.0 ] } },
{ "type": "Feature", "properties": { "Longitude": 64.498508368965418, "Latitude": 63.0 }, "geometry": { "type": "Point", "coordinates": [ 64.498508368965418, 63.0 ] } },
{ "type": "Feature", "properties": { "Longitude": 67.380382967047922, "Latitude": 64.5 }, "geometry": { "type": "Point", "coordinates": [ 67.380382967047922, 64.5 ] } },
{ "type": "Feature", "properties": { "Longitude": 63.896152221033162, "Latitude": 64.5 }, "geometry": { "type": "Point", "coordinates": [ 63.896152221033162, 64.5 ] } },
{ "type": "Feature", "properties": { "Longitude": 70.864613713062681, "Latitude": 64.5 }, "geometry": { "type": "Point", "coordinates": [ 70.864613713062681, 64.5 ] } },
{ "type": "Feature", "properties": { "Longitude": 70.776520228572508, "Latitude": 66.0 }, "geometry": { "type": "Point", "coordinates": [ 70.776520228572508, 66.0 ] } },
{ "type": "Feature", "properties": { "Longitude": 67.088630225211148, "Latitude": 66.0 }, "geometry": { "type": "Point", "coordinates": [ 67.088630225211148, 66.0 ] } },
{ "type": "Feature", "properties": { "Longitude": 63.400740221849787, "Latitude": 66.0 }, "geometry": { "type": "Point", "coordinates": [ 63.400740221849787, 66.0 ] } },
{ "type": "Feature", "properties": { "Longitude": 66.940400361635341, "Latitude": 67.5 }, "geometry": { "type": "Point", "coordinates": [ 66.940400361635341, 67.5 ] } },
{ "type": "Feature", "properties": { "Longitude": 63.020711467006208, "Latitude": 67.5 }, "geometry": { "type": "Point", "coordinates": [ 63.020711467006208, 67.5 ] } },
{ "type": "Feature", "properties": { "Longitude": 54.586406678331684, "Latitude": 63.0 }, "geometry": { "type": "Point", "coordinates": [ 54.586406678331684, 63.0 ] } },
{ "type": "Feature", "properties": { "Longitude": 60.411921475018403, "Latitude": 64.5 }, "geometry": { "type": "Point", "coordinates": [ 60.411921475018403, 64.5 ] } },
{ "type": "Feature", "properties": { "Longitude": 56.927690729003643, "Latitude": 64.5 }, "geometry": { "type": "Point", "coordinates": [ 56.927690729003643, 64.5 ] } },
{ "type": "Feature", "properties": { "Longitude": 59.712850218488427, "Latitude": 66.0 }, "geometry": { "type": "Point", "coordinates": [ 59.712850218488427, 66.0 ] } },
{ "type": "Feature", "properties": { "Longitude": 56.024960215127066, "Latitude": 66.0 }, "geometry": { "type": "Point", "coordinates": [ 56.024960215127066, 66.0 ] } },
{ "type": "Feature", "properties": { "Longitude": 59.101022572377076, "Latitude": 67.5 }, "geometry": { "type": "Point", "coordinates": [ 59.101022572377076, 67.5 ] } },
{ "type": "Feature", "properties": { "Longitude": 55.181333677747944, "Latitude": 67.5 }, "geometry": { "type": "Point", "coordinates": [ 55.181333677747944, 67.5 ] } },
{ "type": "Feature", "properties": { "Longitude": 74.779778150893605, "Latitude": 67.5 }, "geometry": { "type": "Point", "coordinates": [ 74.779778150893605, 67.5 ] } },
{ "type": "Feature", "properties": { "Longitude": 78.699467045522738, "Latitude": 67.5 }, "geometry": { "type": "Point", "coordinates": [ 78.699467045522738, 67.5 ] } },
{ "type": "Feature", "properties": { "Longitude": 75.324172030718472, "Latitude": 69.0 }, "geometry": { "type": "Point", "coordinates": [ 75.324172030718472, 69.0 ] } },
{ "type": "Feature", "properties": { "Longitude": 71.138529866280464, "Latitude": 69.0 }, "geometry": { "type": "Point", "coordinates": [ 71.138529866280464, 69.0 ] } },
{ "type": "Feature", "properties": { "Longitude": 76.136138712844456, "Latitude": 70.5 }, "geometry": { "type": "Point", "coordinates": [ 76.136138712844456, 70.5 ] } },
{ "type": "Feature", "properties": { "Longitude": 71.642522244198062, "Latitude": 70.5 }, "geometry": { "type": "Point", "coordinates": [ 71.642522244198062, 70.5 ] } },
{ "type": "Feature", "properties": { "Longitude": 72.413302244983697, "Latitude": 72.0 }, "geometry": { "type": "Point", "coordinates": [ 72.413302244983697, 72.0 ] } },
{ "type": "Feature", "properties": { "Longitude": 77.267404211233384, "Latitude": 72.0 }, "geometry": { "type": "Point", "coordinates": [ 77.267404211233384, 72.0 ] } },
{ "type": "Feature", "properties": { "Longitude": 51.617828070345297, "Latitude": 52.5 }, "geometry": { "type": "Point", "coordinates": [ 51.617828070345297, 52.5 ] } },
{ "type": "Feature", "properties": { "Longitude": 46.689789175231567, "Latitude": 52.5 }, "geometry": { "type": "Point", "coordinates": [ 46.689789175231567, 52.5 ] } },
{ "type": "Feature", "properties": { "Longitude": 49.153808622788432, "Latitude": 52.5 }, "geometry": { "type": "Point", "coordinates": [ 49.153808622788432, 52.5 ] } },
{ "type": "Feature", "properties": { "Longitude": 47.123765829995477, "Latitude": 54.0 }, "geometry": { "type": "Point", "coordinates": [ 47.123765829995477, 54.0 ] } },
{ "type": "Feature", "properties": { "Longitude": 52.227670680107735, "Latitude": 54.0 }, "geometry": { "type": "Point", "coordinates": [ 52.227670680107735, 54.0 ] } },
{ "type": "Feature", "properties": { "Longitude": 49.675718255051606, "Latitude": 54.0 }, "geometry": { "type": "Point", "coordinates": [ 49.675718255051606, 54.0 ] } },
{ "type": "Feature", "properties": { "Longitude": 50.400005318652518, "Latitude": 55.5 }, "geometry": { "type": "Point", "coordinates": [ 50.400005318652518, 55.5 ] } },
{ "type": "Feature", "properties": { "Longitude": 47.751729395449615, "Latitude": 55.5 }, "geometry": { "type": "Point", "coordinates": [ 47.751729395449615, 55.5 ] } },
{ "type": "Feature", "properties": { "Longitude": 53.04828124185542, "Latitude": 55.5 }, "geometry": { "type": "Point", "coordinates": [ 53.04828124185542, 55.5 ] } },
{ "type": "Feature", "properties": { "Longitude": 45.837650429529674, "Latitude": 57.0 }, "geometry": { "type": "Point", "coordinates": [ 45.837650429529674, 57.0 ] } },
{ "type": "Feature", "properties": { "Longitude": 29.213797933029298, "Latitude": 55.5 }, "geometry": { "type": "Point", "coordinates": [ 29.213797933029298, 55.5 ] } },
{ "type": "Feature", "properties": { "Longitude": 31.8620738562322, "Latitude": 55.5 }, "geometry": { "type": "Point", "coordinates": [ 31.8620738562322, 55.5 ] } },
{ "type": "Feature", "properties": { "Longitude": 32.067061988704694, "Latitude": 57.0 }, "geometry": { "type": "Point", "coordinates": [ 32.067061988704694, 57.0 ] } },
{ "type": "Feature", "properties": { "Longitude": 29.312944300539698, "Latitude": 57.0 }, "geometry": { "type": "Point", "coordinates": [ 29.312944300539698, 57.0 ] } },
{ "type": "Feature", "properties": { "Longitude": 34.82117967686969, "Latitude": 57.0 }, "geometry": { "type": "Point", "coordinates": [ 34.82117967686969, 57.0 ] } },
{ "type": "Feature", "properties": { "Longitude": 29.569953669689141, "Latitude": 58.5 }, "geometry": { "type": "Point", "coordinates": [ 29.569953669689141, 58.5 ] } },
{ "type": "Feature", "properties": { "Longitude": 32.440774952835568, "Latitude": 58.5 }, "geometry": { "type": "Point", "coordinates": [ 32.440774952835568, 58.5 ] } },
{ "type": "Feature", "properties": { "Longitude": 35.311596235981995, "Latitude": 58.5 }, "geometry": { "type": "Point", "coordinates": [ 35.311596235981995, 58.5 ] } },
{ "type": "Feature", "properties": { "Longitude": 33.0, "Latitude": 60.0 }, "geometry": { "type": "Point", "coordinates": [ 33.0, 60.0 ] } },
{ "type": "Feature", "properties": { "Longitude": 30.0, "Latitude": 60.0 }, "geometry": { "type": "Point", "coordinates": [ 30.0, 60.0 ] } },
{ "type": "Feature", "properties": { "Longitude": 45.103453472246713, "Latitude": 55.5 }, "geometry": { "type": "Point", "coordinates": [ 45.103453472246713, 55.5 ] } },
{ "type": "Feature", "properties": { "Longitude": 39.806901625840908, "Latitude": 55.5 }, "geometry": { "type": "Point", "coordinates": [ 39.806901625840908, 55.5 ] } },
{ "type": "Feature", "properties": { "Longitude": 42.45517754904381, "Latitude": 55.5 }, "geometry": { "type": "Point", "coordinates": [ 42.45517754904381, 55.5 ] } },
{ "type": "Feature", "properties": { "Longitude": 37.575297365034686, "Latitude": 57.0 }, "geometry": { "type": "Point", "coordinates": [ 37.575297365034686, 57.0 ] } },
{ "type": "Feature", "properties": { "Longitude": 43.083532741364678, "Latitude": 57.0 }, "geometry": { "type": "Point", "coordinates": [ 43.083532741364678, 57.0 ] } },
{ "type": "Feature", "properties": { "Longitude": 40.329415053199682, "Latitude": 57.0 }, "geometry": { "type": "Point", "coordinates": [ 40.329415053199682, 57.0 ] } },
{ "type": "Feature", "properties": { "Longitude": 43.924060085421274, "Latitude": 58.5 }, "geometry": { "type": "Point", "coordinates": [ 43.924060085421274, 58.5 ] } },
{ "type": "Feature", "properties": { "Longitude": 41.053238802274848, "Latitude": 58.5 }, "geometry": { "type": "Point", "coordinates": [ 41.053238802274848, 58.5 ] } },
{ "type": "Feature", "properties": { "Longitude": 38.182417519128421, "Latitude": 58.5 }, "geometry": { "type": "Point", "coordinates": [ 38.182417519128421, 58.5 ] } },
{ "type": "Feature", "properties": { "Longitude": 45.0, "Latitude": 60.0 }, "geometry": { "type": "Point", "coordinates": [ 45.0, 60.0 ] } },
{ "type": "Feature", "properties": { "Longitude": 48.59176811769467, "Latitude": 57.0 }, "geometry": { "type": "Point", "coordinates": [ 48.59176811769467, 57.0 ] } },
{ "type": "Feature", "properties": { "Longitude": 51.345885805859666, "Latitude": 57.0 }, "geometry": { "type": "Point", "coordinates": [ 51.345885805859666, 57.0 ] } },
{ "type": "Feature", "properties": { "Longitude": 49.665702651714128, "Latitude": 58.5 }, "geometry": { "type": "Point", "coordinates": [ 49.665702651714128, 58.5 ] } },
{ "type": "Feature", "properties": { "Longitude": 52.536523934860554, "Latitude": 58.5 }, "geometry": { "type": "Point", "coordinates": [ 52.536523934860554, 58.5 ] } },
{ "type": "Feature", "properties": { "Longitude": 46.794881368567701, "Latitude": 58.5 }, "geometry": { "type": "Point", "coordinates": [ 46.794881368567701, 58.5 ] } },
{ "type": "Feature", "properties": { "Longitude": 51.0, "Latitude": 60.0 }, "geometry": { "type": "Point", "coordinates": [ 51.0, 60.0 ] } },
{ "type": "Feature", "properties": { "Longitude": 48.0, "Latitude": 60.0 }, "geometry": { "type": "Point", "coordinates": [ 48.0, 60.0 ] } },
{ "type": "Feature", "properties": { "Longitude": 46.339761510908374, "Latitude": 61.5 }, "geometry": { "type": "Point", "coordinates": [ 46.339761510908374, 61.5 ] } },
{ "type": "Feature", "properties": { "Longitude": 49.483369309670991, "Latitude": 61.5 }, "geometry": { "type": "Point", "coordinates": [ 49.483369309670991, 61.5 ] } },
{ "type": "Feature", "properties": { "Longitude": 52.626977108433607, "Latitude": 61.5 }, "geometry": { "type": "Point", "coordinates": [ 52.626977108433607, 61.5 ] } },
{ "type": "Feature", "properties": { "Longitude": 36.0, "Latitude": 60.0 }, "geometry": { "type": "Point", "coordinates": [ 36.0, 60.0 ] } },
{ "type": "Feature", "properties": { "Longitude": 36.908938114620526, "Latitude": 61.5 }, "geometry": { "type": "Point", "coordinates": [ 36.908938114620526, 61.5 ] } },
{ "type": "Feature", "properties": { "Longitude": 33.765330315857909, "Latitude": 61.5 }, "geometry": { "type": "Point", "coordinates": [ 33.765330315857909, 61.5 ] } },
{ "type": "Feature", "properties": { "Longitude": 30.621722517095293, "Latitude": 61.5 }, "geometry": { "type": "Point", "coordinates": [ 30.621722517095293, 61.5 ] } },
{ "type": "Feature", "properties": { "Longitude": 34.762203297064218, "Latitude": 63.0 }, "geometry": { "type": "Point", "coordinates": [ 34.762203297064218, 63.0 ] } },
{ "type": "Feature", "properties": { "Longitude": 31.458169400186307, "Latitude": 63.0 }, "geometry": { "type": "Point", "coordinates": [ 31.458169400186307, 63.0 ] } },
{ "type": "Feature", "properties": { "Longitude": 29.053844760885568, "Latitude": 64.5 }, "geometry": { "type": "Point", "coordinates": [ 29.053844760885568, 64.5 ] } },
{ "type": "Feature", "properties": { "Longitude": 32.538075506900327, "Latitude": 64.5 }, "geometry": { "type": "Point", "coordinates": [ 32.538075506900327, 64.5 ] } },
{ "type": "Feature", "properties": { "Longitude": 30.209730191597544, "Latitude": 66.0 }, "geometry": { "type": "Point", "coordinates": [ 30.209730191597544, 66.0 ] } },
{ "type": "Feature", "properties": { "Longitude": 39.0, "Latitude": 60.0 }, "geometry": { "type": "Point", "coordinates": [ 39.0, 60.0 ] } },
{ "type": "Feature", "properties": { "Longitude": 42.0, "Latitude": 60.0 }, "geometry": { "type": "Point", "coordinates": [ 42.0, 60.0 ] } },
{ "type": "Feature", "properties": { "Longitude": 43.196153712145758, "Latitude": 61.5 }, "geometry": { "type": "Point", "coordinates": [ 43.196153712145758, 61.5 ] } },
{ "type": "Feature", "properties": { "Longitude": 40.052545913383142, "Latitude": 61.5 }, "geometry": { "type": "Point", "coordinates": [ 40.052545913383142, 61.5 ] } },
{ "type": "Feature", "properties": { "Longitude": 41.37027109082004, "Latitude": 63.0 }, "geometry": { "type": "Point", "coordinates": [ 41.37027109082004, 63.0 ] } },
{ "type": "Feature", "properties": { "Longitude": 44.674304987697951, "Latitude": 63.0 }, "geometry": { "type": "Point", "coordinates": [ 44.674304987697951, 63.0 ] } },
{ "type": "Feature", "properties": { "Longitude": 38.066237193942129, "Latitude": 63.0 }, "geometry": { "type": "Point", "coordinates": [ 38.066237193942129, 63.0 ] } },
{ "type": "Feature", "properties": { "Longitude": 42.990767744944606, "Latitude": 64.5 }, "geometry": { "type": "Point", "coordinates": [ 42.990767744944606, 64.5 ] } },
{ "type": "Feature", "properties": { "Longitude": 39.506536998929846, "Latitude": 64.5 }, "geometry": { "type": "Point", "coordinates": [ 39.506536998929846, 64.5 ] } },
{ "type": "Feature", "properties": { "Longitude": 44.961290205042985, "Latitude": 66.0 }, "geometry": { "type": "Point", "coordinates": [ 44.961290205042985, 66.0 ] } },
{ "type": "Feature", "properties": { "Longitude": 47.978338884575862, "Latitude": 63.0 }, "geometry": { "type": "Point", "coordinates": [ 47.978338884575862, 63.0 ] } },
{ "type": "Feature", "properties": { "Longitude": 51.282372781453773, "Latitude": 63.0 }, "geometry": { "type": "Point", "coordinates": [ 51.282372781453773, 63.0 ] } },
{ "type": "Feature", "properties": { "Longitude": 49.959229236974124, "Latitude": 64.5 }, "geometry": { "type": "Point", "coordinates": [ 49.959229236974124, 64.5 ] } },
{ "type": "Feature", "properties": { "Longitude": 53.443459982988884, "Latitude": 64.5 }, "geometry": { "type": "Point", "coordinates": [ 53.443459982988884, 64.5 ] } },
{ "type": "Feature", "properties": { "Longitude": 46.474998490959365, "Latitude": 64.5 }, "geometry": { "type": "Point", "coordinates": [ 46.474998490959365, 64.5 ] } },
{ "type": "Feature", "properties": { "Longitude": 52.337070211765706, "Latitude": 66.0 }, "geometry": { "type": "Point", "coordinates": [ 52.337070211765706, 66.0 ] } },
{ "type": "Feature", "properties": { "Longitude": 48.649180208404346, "Latitude": 66.0 }, "geometry": { "type": "Point", "coordinates": [ 48.649180208404346, 66.0 ] } },
{ "type": "Feature", "properties": { "Longitude": 51.261644783118811, "Latitude": 67.5 }, "geometry": { "type": "Point", "coordinates": [ 51.261644783118811, 67.5 ] } },
{ "type": "Feature", "properties": { "Longitude": 41.273400201681625, "Latitude": 66.0 }, "geometry": { "type": "Point", "coordinates": [ 41.273400201681625, 66.0 ] } },
{ "type": "Feature", "properties": { "Longitude": 39.502578099231414, "Latitude": 67.5 }, "geometry": { "type": "Point", "coordinates": [ 39.502578099231414, 67.5 ] } },
{ "type": "Feature", "properties": { "Longitude": 33.897620194958904, "Latitude": 66.0 }, "geometry": { "type": "Point", "coordinates": [ 33.897620194958904, 66.0 ] } },
{ "type": "Feature", "properties": { "Longitude": 35.582889204602282, "Latitude": 67.5 }, "geometry": { "type": "Point", "coordinates": [ 35.582889204602282, 67.5 ] } },
{ "type": "Feature", "properties": { "Longitude": 31.663200309973149, "Latitude": 67.5 }, "geometry": { "type": "Point", "coordinates": [ 31.663200309973149, 67.5 ] } },
{ "type": "Feature", "properties": { "Longitude": 29.282108221900387, "Latitude": 69.0 }, "geometry": { "type": "Point", "coordinates": [ 29.282108221900387, 69.0 ] } },
{ "type": "Feature", "properties": { "Longitude": 33.467750386338395, "Latitude": 69.0 }, "geometry": { "type": "Point", "coordinates": [ 33.467750386338395, 69.0 ] } },
{ "type": "Feature", "properties": { "Longitude": 52.996894379984951, "Latitude": 72.0 }, "geometry": { "type": "Point", "coordinates": [ 52.996894379984951, 72.0 ] } },
{ "type": "Feature", "properties": { "Longitude": 87.475868243493153, "Latitude": 55.5 }, "geometry": { "type": "Point", "coordinates": [ 87.475868243493153, 55.5 ] } },
{ "type": "Feature", "properties": { "Longitude": 84.82759232029025, "Latitude": 55.5 }, "geometry": { "type": "Point", "coordinates": [ 84.82759232029025, 55.5 ] } },
{ "type": "Feature", "properties": { "Longitude": 87.149415752004643, "Latitude": 57.0 }, "geometry": { "type": "Point", "coordinates": [ 87.149415752004643, 57.0 ] } },
{ "type": "Feature", "properties": { "Longitude": 81.641180375674594, "Latitude": 57.0 }, "geometry": { "type": "Point", "coordinates": [ 81.641180375674594, 57.0 ] } },
{ "type": "Feature", "properties": { "Longitude": 84.395298063839618, "Latitude": 57.0 }, "geometry": { "type": "Point", "coordinates": [ 84.395298063839618, 57.0 ] } },
{ "type": "Feature", "properties": { "Longitude": 81.24473676632482, "Latitude": 58.5 }, "geometry": { "type": "Point", "coordinates": [ 81.24473676632482, 58.5 ] } },
{ "type": "Feature", "properties": { "Longitude": 84.115558049471247, "Latitude": 58.5 }, "geometry": { "type": "Point", "coordinates": [ 84.115558049471247, 58.5 ] } },
{ "type": "Feature", "properties": { "Longitude": 86.986379332617673, "Latitude": 58.5 }, "geometry": { "type": "Point", "coordinates": [ 86.986379332617673, 58.5 ] } },
{ "type": "Feature", "properties": { "Longitude": 84.0, "Latitude": 60.0 }, "geometry": { "type": "Point", "coordinates": [ 84.0, 60.0 ] } },
{ "type": "Feature", "properties": { "Longitude": 87.0, "Latitude": 60.0 }, "geometry": { "type": "Point", "coordinates": [ 87.0, 60.0 ] } },
{ "type": "Feature", "properties": { "Longitude": 100.71724785950767, "Latitude": 55.5 }, "geometry": { "type": "Point", "coordinates": [ 100.717247859507665, 55.5 ] } },
{ "type": "Feature", "properties": { "Longitude": 98.068971936304763, "Latitude": 55.5 }, "geometry": { "type": "Point", "coordinates": [ 98.068971936304763, 55.5 ] } },
{ "type": "Feature", "properties": { "Longitude": 103.36552378271057, "Latitude": 55.5 }, "geometry": { "type": "Point", "coordinates": [ 103.365523782710568, 55.5 ] } },
{ "type": "Feature", "properties": { "Longitude": 98.165886504664627, "Latitude": 57.0 }, "geometry": { "type": "Point", "coordinates": [ 98.165886504664627, 57.0 ] } },
{ "type": "Feature", "properties": { "Longitude": 103.67412188099456, "Latitude": 57.0 }, "geometry": { "type": "Point", "coordinates": [ 103.674121880994562, 57.0 ] } },
{ "type": "Feature", "properties": { "Longitude": 100.92000419282959, "Latitude": 57.0 }, "geometry": { "type": "Point", "coordinates": [ 100.920004192829595, 57.0 ] } },
{ "type": "Feature", "properties": { "Longitude": 101.34048574834981, "Latitude": 58.5 }, "geometry": { "type": "Point", "coordinates": [ 101.340485748349806, 58.5 ] } },
{ "type": "Feature", "properties": { "Longitude": 98.46966446520338, "Latitude": 58.5 }, "geometry": { "type": "Point", "coordinates": [ 98.46966446520338, 58.5 ] } },
{ "type": "Feature", "properties": { "Longitude": 104.21130703149623, "Latitude": 58.5 }, "geometry": { "type": "Point", "coordinates": [ 104.211307031496233, 58.5 ] } },
{ "type": "Feature", "properties": { "Longitude": 102.0, "Latitude": 60.0 }, "geometry": { "type": "Point", "coordinates": [ 102.0, 60.0 ] } },
{ "type": "Feature", "properties": { "Longitude": 90.0, "Latitude": 60.0 }, "geometry": { "type": "Point", "coordinates": [ 90.0, 60.0 ] } },
{ "type": "Feature", "properties": { "Longitude": 96.0, "Latitude": 60.0 }, "geometry": { "type": "Point", "coordinates": [ 96.0, 60.0 ] } },
{ "type": "Feature", "properties": { "Longitude": 93.0, "Latitude": 60.0 }, "geometry": { "type": "Point", "coordinates": [ 93.0, 60.0 ] } },
{ "type": "Feature", "properties": { "Longitude": 93.493878492347619, "Latitude": 61.5 }, "geometry": { "type": "Point", "coordinates": [ 93.493878492347619, 61.5 ] } },
{ "type": "Feature", "properties": { "Longitude": 90.350270693585003, "Latitude": 61.5 }, "geometry": { "type": "Point", "coordinates": [ 90.350270693585003, 61.5 ] } },
{ "type": "Feature", "properties": { "Longitude": 90.930779543988706, "Latitude": 63.0 }, "geometry": { "type": "Point", "coordinates": [ 90.930779543988706, 63.0 ] } },
{ "type": "Feature", "properties": { "Longitude": 94.234813440866617, "Latitude": 63.0 }, "geometry": { "type": "Point", "coordinates": [ 94.234813440866617, 63.0 ] } },
{ "type": "Feature", "properties": { "Longitude": 88.285767443136479, "Latitude": 64.5 }, "geometry": { "type": "Point", "coordinates": [ 88.285767443136479, 64.5 ] } },
{ "type": "Feature", "properties": { "Longitude": 95.254228935165997, "Latitude": 64.5 }, "geometry": { "type": "Point", "coordinates": [ 95.254228935165997, 64.5 ] } },
{ "type": "Feature", "properties": { "Longitude": 91.769998189151238, "Latitude": 64.5 }, "geometry": { "type": "Point", "coordinates": [ 91.769998189151238, 64.5 ] } },
{ "type": "Feature", "properties": { "Longitude": 81.0, "Latitude": 60.0 }, "geometry": { "type": "Point", "coordinates": [ 81.0, 60.0 ] } },
{ "type": "Feature", "properties": { "Longitude": 87.206662894822387, "Latitude": 61.5 }, "geometry": { "type": "Point", "coordinates": [ 87.206662894822387, 61.5 ] } },
{ "type": "Feature", "properties": { "Longitude": 80.919447297297154, "Latitude": 61.5 }, "geometry": { "type": "Point", "coordinates": [ 80.919447297297154, 61.5 ] } },
{ "type": "Feature", "properties": { "Longitude": 84.06305509605977, "Latitude": 61.5 }, "geometry": { "type": "Point", "coordinates": [ 84.06305509605977, 61.5 ] } },
{ "type": "Feature", "properties": { "Longitude": 84.322711750232884, "Latitude": 63.0 }, "geometry": { "type": "Point", "coordinates": [ 84.322711750232884, 63.0 ] } },
{ "type": "Feature", "properties": { "Longitude": 81.018677853354973, "Latitude": 63.0 }, "geometry": { "type": "Point", "coordinates": [ 81.018677853354973, 63.0 ] } },
{ "type": "Feature", "properties": { "Longitude": 87.626745647110795, "Latitude": 63.0 }, "geometry": { "type": "Point", "coordinates": [ 87.626745647110795, 63.0 ] } },
{ "type": "Feature", "properties": { "Longitude": 84.801536697121719, "Latitude": 64.5 }, "geometry": { "type": "Point", "coordinates": [ 84.801536697121719, 64.5 ] } },
{ "type": "Feature", "properties": { "Longitude": 81.31730595110696, "Latitude": 64.5 }, "geometry": { "type": "Point", "coordinates": [ 81.31730595110696, 64.5 ] } },
{ "type": "Feature", "properties": { "Longitude": 85.52808024201795, "Latitude": 66.0 }, "geometry": { "type": "Point", "coordinates": [ 85.52808024201795, 66.0 ] } },
{ "type": "Feature", "properties": { "Longitude": 99.0, "Latitude": 60.0 }, "geometry": { "type": "Point", "coordinates": [ 99.0, 60.0 ] } },
{ "type": "Feature", "properties": { "Longitude": 102.92470188863547, "Latitude": 61.5 }, "geometry": { "type": "Point", "coordinates": [ 102.924701888635468, 61.5 ] } },
{ "type": "Feature", "properties": { "Longitude": 99.781094089872852, "Latitude": 61.5 }, "geometry": { "type": "Point", "coordinates": [ 99.781094089872852, 61.5 ] } },
{ "type": "Feature", "properties": { "Longitude": 96.637486291110235, "Latitude": 61.5 }, "geometry": { "type": "Point", "coordinates": [ 96.637486291110235, 61.5 ] } },
{ "type": "Feature", "properties": { "Longitude": 104.14691513150035, "Latitude": 63.0 }, "geometry": { "type": "Point", "coordinates": [ 104.14691513150035, 63.0 ] } },
{ "type": "Feature", "properties": { "Longitude": 100.84288123462244, "Latitude": 63.0 }, "geometry": { "type": "Point", "coordinates": [ 100.842881234622439, 63.0 ] } },
{ "type": "Feature", "properties": { "Longitude": 97.538847337744528, "Latitude": 63.0 }, "geometry": { "type": "Point", "coordinates": [ 97.538847337744528, 63.0 ] } },
{ "type": "Feature", "properties": { "Longitude": 102.22269042719552, "Latitude": 64.5 }, "geometry": { "type": "Point", "coordinates": [ 102.222690427195516, 64.5 ] } },
{ "type": "Feature", "properties": { "Longitude": 98.738459681180757, "Latitude": 64.5 }, "geometry": { "type": "Point", "coordinates": [ 98.738459681180757, 64.5 ] } },
{ "type": "Feature", "properties": { "Longitude": 96.591750252102031, "Latitude": 66.0 }, "geometry": { "type": "Point", "coordinates": [ 96.591750252102031, 66.0 ] } },
{ "type": "Feature", "properties": { "Longitude": 100.27964025546339, "Latitude": 66.0 }, "geometry": { "type": "Point", "coordinates": [ 100.279640255463391, 66.0 ] } },
{ "type": "Feature", "properties": { "Longitude": 103.96753025882475, "Latitude": 66.0 }, "geometry": { "type": "Point", "coordinates": [ 103.967530258824752, 66.0 ] } },
{ "type": "Feature", "properties": { "Longitude": 102.21760041329753, "Latitude": 67.5 }, "geometry": { "type": "Point", "coordinates": [ 102.217600413297532, 67.5 ] } },
{ "type": "Feature", "properties": { "Longitude": 98.2979115186684, "Latitude": 67.5 }, "geometry": { "type": "Point", "coordinates": [ 98.2979115186684, 67.5 ] } },
{ "type": "Feature", "properties": { "Longitude": 100.43802501734649, "Latitude": 69.0 }, "geometry": { "type": "Point", "coordinates": [ 100.43802501734649, 69.0 ] } },
{ "type": "Feature", "properties": { "Longitude": 96.252382852908511, "Latitude": 69.0 }, "geometry": { "type": "Point", "coordinates": [ 96.252382852908511, 69.0 ] } },
{ "type": "Feature", "properties": { "Longitude": 98.604221056076426, "Latitude": 70.5 }, "geometry": { "type": "Point", "coordinates": [ 98.604221056076426, 70.5 ] } },
{ "type": "Feature", "properties": { "Longitude": 103.09783752472282, "Latitude": 70.5 }, "geometry": { "type": "Point", "coordinates": [ 103.09783752472282, 70.5 ] } },
{ "type": "Feature", "properties": { "Longitude": 101.53791404248182, "Latitude": 72.0 }, "geometry": { "type": "Point", "coordinates": [ 101.537914042481816, 72.0 ] } },
{ "type": "Feature", "properties": { "Longitude": 96.68381207623213, "Latitude": 72.0 }, "geometry": { "type": "Point", "coordinates": [ 96.68381207623213, 72.0 ] } },
{ "type": "Feature", "properties": { "Longitude": 81.840190238656589, "Latitude": 66.0 }, "geometry": { "type": "Point", "coordinates": [ 81.840190238656589, 66.0 ] } },
{ "type": "Feature", "properties": { "Longitude": 86.538844834781003, "Latitude": 67.5 }, "geometry": { "type": "Point", "coordinates": [ 86.538844834781003, 67.5 ] } },
{ "type": "Feature", "properties": { "Longitude": 82.61915594015187, "Latitude": 67.5 }, "geometry": { "type": "Point", "coordinates": [ 82.61915594015187, 67.5 ] } },
{ "type": "Feature", "properties": { "Longitude": 79.50981419515648, "Latitude": 69.0 }, "geometry": { "type": "Point", "coordinates": [ 79.50981419515648, 69.0 ] } },
{ "type": "Feature", "properties": { "Longitude": 83.695456359594459, "Latitude": 69.0 }, "geometry": { "type": "Point", "coordinates": [ 83.695456359594459, 69.0 ] } },
{ "type": "Feature", "properties": { "Longitude": 80.62975518149085, "Latitude": 70.5 }, "geometry": { "type": "Point", "coordinates": [ 80.62975518149085, 70.5 ] } },
{ "type": "Feature", "properties": { "Longitude": 85.123371650137244, "Latitude": 70.5 }, "geometry": { "type": "Point", "coordinates": [ 85.123371650137244, 70.5 ] } },
{ "type": "Feature", "properties": { "Longitude": 82.12150617748307, "Latitude": 72.0 }, "geometry": { "type": "Point", "coordinates": [ 82.12150617748307, 72.0 ] } },
{ "type": "Feature", "properties": { "Longitude": 86.975608143732757, "Latitude": 72.0 }, "geometry": { "type": "Point", "coordinates": [ 86.975608143732757, 72.0 ] } },
{ "type": "Feature", "properties": { "Longitude": 84.070239156215791, "Latitude": 73.5 }, "geometry": { "type": "Point", "coordinates": [ 84.070239156215791, 73.5 ] } },
{ "type": "Feature", "properties": { "Longitude": 89.21597024537931, "Latitude": 66.0 }, "geometry": { "type": "Point", "coordinates": [ 89.21597024537931, 66.0 ] } },
{ "type": "Feature", "properties": { "Longitude": 92.903860248740671, "Latitude": 66.0 }, "geometry": { "type": "Point", "coordinates": [ 92.903860248740671, 66.0 ] } },
{ "type": "Feature", "properties": { "Longitude": 94.378222624039267, "Latitude": 67.5 }, "geometry": { "type": "Point", "coordinates": [ 94.378222624039267, 67.5 ] } },
{ "type": "Feature", "properties": { "Longitude": 90.458533729410135, "Latitude": 67.5 }, "geometry": { "type": "Point", "coordinates": [ 90.458533729410135, 67.5 ] } },
{ "type": "Feature", "properties": { "Longitude": 92.066740688470531, "Latitude": 69.0 }, "geometry": { "type": "Point", "coordinates": [ 92.066740688470531, 69.0 ] } },
{ "type": "Feature", "properties": { "Longitude": 87.881098524032495, "Latitude": 69.0 }, "geometry": { "type": "Point", "coordinates": [ 87.881098524032495, 69.0 ] } },
{ "type": "Feature", "properties": { "Longitude": 89.616988118783638, "Latitude": 70.5 }, "geometry": { "type": "Point", "coordinates": [ 89.616988118783638, 70.5 ] } },
{ "type": "Feature", "properties": { "Longitude": 94.110604587430032, "Latitude": 70.5 }, "geometry": { "type": "Point", "coordinates": [ 94.110604587430032, 70.5 ] } },
{ "type": "Feature", "properties": { "Longitude": 91.829710109982443, "Latitude": 72.0 }, "geometry": { "type": "Point", "coordinates": [ 91.829710109982443, 72.0 ] } },
{ "type": "Feature", "properties": { "Longitude": 89.351643939340079, "Latitude": 73.5 }, "geometry": { "type": "Point", "coordinates": [ 89.351643939340079, 73.5 ] } },
{ "type": "Feature", "properties": { "Longitude": 99.914453505588767, "Latitude": 73.5 }, "geometry": { "type": "Point", "coordinates": [ 99.914453505588767, 73.5 ] } },
{ "type": "Feature", "properties": { "Longitude": 98.186637971251002, "Latitude": 75.0 }, "geometry": { "type": "Point", "coordinates": [ 98.186637971251002, 75.0 ] } },
{ "type": "Feature", "properties": { "Longitude": 103.9821929289854, "Latitude": 75.0 }, "geometry": { "type": "Point", "coordinates": [ 103.982192928985398, 75.0 ] } },
{ "type": "Feature", "properties": { "Longitude": 102.72139960225854, "Latitude": 76.5 }, "geometry": { "type": "Point", "coordinates": [ 102.721399602258543, 76.5 ] } },
{ "type": "Feature", "properties": { "Longitude": 99.857617565338956, "Latitude": 79.5 }, "geometry": { "type": "Point", "coordinates": [ 99.857617565338956, 79.5 ] } },
{ "type": "Feature", "properties": { "Longitude": 94.633048722464423, "Latitude": 73.5 }, "geometry": { "type": "Point", "coordinates": [ 94.633048722464423, 73.5 ] } },
{ "type": "Feature", "properties": { "Longitude": 92.391083013516607, "Latitude": 75.0 }, "geometry": { "type": "Point", "coordinates": [ 92.391083013516607, 75.0 ] } },
{ "type": "Feature", "properties": { "Longitude": 70.860089256264473, "Latitude": 67.5 }, "geometry": { "type": "Point", "coordinates": [ 70.860089256264473, 67.5 ] } },
{ "type": "Feature", "properties": { "Longitude": 62.767245537404449, "Latitude": 69.0 }, "geometry": { "type": "Point", "coordinates": [ 62.767245537404449, 69.0 ] } },
{ "type": "Feature", "properties": { "Longitude": 67.148905775551668, "Latitude": 70.5 }, "geometry": { "type": "Point", "coordinates": [ 67.148905775551668, 70.5 ] } },
{ "type": "Feature", "properties": { "Longitude": 57.617753267110231, "Latitude": 75.0 }, "geometry": { "type": "Point", "coordinates": [ 57.617753267110231, 75.0 ] } },
{ "type": "Feature", "properties": { "Longitude": 108.80930934622256, "Latitude": 69.0 }, "geometry": { "type": "Point", "coordinates": [ 108.809309346222562, 69.0 ] } },
{ "type": "Feature", "properties": { "Longitude": 104.62366718178453, "Latitude": 69.0 }, "geometry": { "type": "Point", "coordinates": [ 104.623667181784526, 69.0 ] } },
{ "type": "Feature", "properties": { "Longitude": 107.59145399336921, "Latitude": 70.5 }, "geometry": { "type": "Point", "coordinates": [ 107.591453993369214, 70.5 ] } },
{ "type": "Feature", "properties": { "Longitude": 112.08507046201561, "Latitude": 70.5 }, "geometry": { "type": "Point", "coordinates": [ 112.085070462015608, 70.5 ] } },
{ "type": "Feature", "properties": { "Longitude": 111.24611797498119, "Latitude": 72.0 }, "geometry": { "type": "Point", "coordinates": [ 111.246117974981189, 72.0 ] } },
{ "type": "Feature", "properties": { "Longitude": 106.3920160087315, "Latitude": 72.0 }, "geometry": { "type": "Point", "coordinates": [ 106.392016008731503, 72.0 ] } },
{ "type": "Feature", "properties": { "Longitude": 105.19585828871305, "Latitude": 73.5 }, "geometry": { "type": "Point", "coordinates": [ 105.195858288713055, 73.5 ] } },
{ "type": "Feature", "properties": { "Longitude": 110.47726307183734, "Latitude": 73.5 }, "geometry": { "type": "Point", "coordinates": [ 110.477263071837342, 73.5 ] } },
{ "type": "Feature", "properties": { "Longitude": 109.77774788671979, "Latitude": 75.0 }, "geometry": { "type": "Point", "coordinates": [ 109.777747886719794, 75.0 ] } },
{ "type": "Feature", "properties": { "Longitude": 109.14688595685533, "Latitude": 76.5 }, "geometry": { "type": "Point", "coordinates": [ 109.146885956855328, 76.5 ] } },
{ "type": "Feature", "properties": { "Longitude": 115.75866785496169, "Latitude": 73.5 }, "geometry": { "type": "Point", "coordinates": [ 115.758667854961686, 73.5 ] } }
]
}
