Date,Amount(mm),d18O,d2H,Location,Type,Lat,Lon
2002-02-04,14.3,-18.9,-145.1,Krycklan,Precipitation,64.233333,19.766667
2002-02-11,5.2,-14.3,-109.3,Krycklan,Precipitation,64.233333,19.766667
2002-02-25,22.4,-17.9,-130.9,Krycklan,Precipitation,64.233333,19.766667
2002-03-20,10.3,-14.2,-102.9,Krycklan,Precipitation,64.233333,19.766667
2002-03-21,6.7,-20.5,-155.8,Krycklan,Precipitation,64.233333,19.766667
2002-04-15,7.0,-10.0,-69.5,Krycklan,Precipitation,64.233333,19.766667
2002-04-29,8.2,-9.4,-66.1,Krycklan,Precipitation,64.233333,19.766667
2002-06-17,4.6,-10.7,-78.7,Krycklan,Precipitation,64.233333,19.766667
2002-06-19,6.6,-7.3,-52.6,Krycklan,Precipitation,64.233333,19.766667
2002-06-24,4.4,-7.0,-52.3,Krycklan,Precipitation,64.233333,19.766667
2002-06-26,4.6,-10.8,-76.1,Krycklan,Precipitation,64.233333,19.766667
2002-06-30,25.1,-15.2,-111.4,Krycklan,Precipitation,64.233333,19.766667
2002-07-01,6.2,-9.5,-66.9,Krycklan,Precipitation,64.233333,19.766667
2002-07-02,6.5,-13.2,-98.0,Krycklan,Precipitation,64.233333,19.766667
2002-07-03,3.2,-11.3,-81.9,Krycklan,Precipitation,64.233333,19.766667
2002-07-04,21.3,-11.3,-80.6,Krycklan,Precipitation,64.233333,19.766667
2002-07-05,5.6,-8.2,-57.1,Krycklan,Precipitation,64.233333,19.766667
2002-07-08,3.2,-7.2,-47.7,Krycklan,Precipitation,64.233333,19.766667
2002-07-12,4.7,-7.8,-50.1,Krycklan,Precipitation,64.233333,19.766667
2002-07-16,6.0,-11.5,-78.1,Krycklan,Precipitation,64.233333,19.766667
2002-07-18,2.2,-6.9,-50.6,Krycklan,Precipitation,64.233333,19.766667
2002-07-22,5.1,-7.0,-44.8,Krycklan,Precipitation,64.233333,19.766667
2002-07-23,5.6,-6.8,-49.8,Krycklan,Precipitation,64.233333,19.766667
2002-07-24,6.2,-9.0,-57.8,Krycklan,Precipitation,64.233333,19.766667
2002-07-25,4.5,-11.0,-79.0,Krycklan,Precipitation,64.233333,19.766667
2002-07-26,4.9,-11.5,-82.7,Krycklan,Precipitation,64.233333,19.766667
2002-07-29,2.5,-10.9,-76.8,Krycklan,Precipitation,64.233333,19.766667
2002-08-01,7.1,-7.0,-48.9,Krycklan,Precipitation,64.233333,19.766667
2002-08-14,2.0,-7.4,-52.1,Krycklan,Precipitation,64.233333,19.766667
2002-08-15,5.1,-11.2,-77.7,Krycklan,Precipitation,64.233333,19.766667
2002-08-28,8.6,-8.2,-53.9,Krycklan,Precipitation,64.233333,19.766667
2002-09-02,9.3,-10.7,-77.5,Krycklan,Precipitation,64.233333,19.766667
2002-09-08,6.5,-6.8,-43.9,Krycklan,Precipitation,64.233333,19.766667
2002-09-23,9.1,-15.2,-97.4,Krycklan,Precipitation,64.233333,19.766667
2002-09-30,1.1,-9.4,-67.8,Krycklan,Precipitation,64.233333,19.766667
2002-10-01,2.5,-11.1,-78.7,Krycklan,Precipitation,64.233333,19.766667
2002-10-05,9.7,-14.8,-100.0,Krycklan,Precipitation,64.233333,19.766667
2002-10-28,19.9,-15.2,-106.6,Krycklan,Precipitation,64.233333,19.766667
2002-11-07,6.2,-18.4,-137.4,Krycklan,Precipitation,64.233333,19.766667
2002-12-21,4.6,-21.6,-176.5,Krycklan,Precipitation,64.233333,19.766667
2002-12-28,11.2,-14.4,-104.6,Krycklan,Precipitation,64.233333,19.766667
2003-01-07,1.7,-20.6,-147.8,Krycklan,Precipitation,64.233333,19.766667
2003-01-08,1.3,-12.5,-79.3,Krycklan,Precipitation,64.233333,19.766667
2003-01-13,6.4,-21.7,-159.8,Krycklan,Precipitation,64.233333,19.766667
2003-01-14,4.9,-22.3,-166.0,Krycklan,Precipitation,64.233333,19.766667
2003-01-16,2.1,-17.9,-134.3,Krycklan,Precipitation,64.233333,19.766667
2003-01-20,1.8,-16.6,-122.9,Krycklan,Precipitation,64.233333,19.766667
2003-01-21,8.9,-24.7,-186.1,Krycklan,Precipitation,64.233333,19.766667
2003-01-22,5.7,-18.0,-140.0,Krycklan,Precipitation,64.233333,19.766667
2003-01-23,1.7,-13.8,-99.7,Krycklan,Precipitation,64.233333,19.766667
2003-01-26,12.1,-16.4,-122.9,Krycklan,Precipitation,64.233333,19.766667
2003-01-29,1.4,-18.3,-134.4,Krycklan,Precipitation,64.233333,19.766667
2003-02-04,2.1,-16.0,-111.9,Krycklan,Precipitation,64.233333,19.766667
2003-02-05,2.1,-23.2,-172.5,Krycklan,Precipitation,64.233333,19.766667
2003-02-06,1.9,-23.5,-176.3,Krycklan,Precipitation,64.233333,19.766667
2003-03-10,4.4,-15.0,-116.7,Krycklan,Precipitation,64.233333,19.766667
2003-03-11,3.2,-14.7,-113.9,Krycklan,Precipitation,64.233333,19.766667
2003-03-31,6.1,-11.4,-82.6,Krycklan,Precipitation,64.233333,19.766667
2003-04-02,5.2,-15.4,-109.7,Krycklan,Precipitation,64.233333,19.766667
2003-04-03,8.9,-16.6,-120.1,Krycklan,Precipitation,64.233333,19.766667
2003-04-06,7.3,-15.3,-119.5,Krycklan,Precipitation,64.233333,19.766667
2003-04-11,1.5,-10.5,-67.4,Krycklan,Precipitation,64.233333,19.766667
2003-05-01,3.1,-16.7,-130.5,Krycklan,Precipitation,64.233333,19.766667
2003-05-09,4.2,-8.4,-56.2,Krycklan,Precipitation,64.233333,19.766667
2003-05-12,1.5,-5.1,-44.5,Krycklan,Precipitation,64.233333,19.766667
2003-05-15,10.5,-9.1,-64.3,Krycklan,Precipitation,64.233333,19.766667
2003-05-19,8.3,-11.8,-92.3,Krycklan,Precipitation,64.233333,19.766667
2003-05-20,1.6,-8.9,-62.4,Krycklan,Precipitation,64.233333,19.766667
2003-05-21,1.7,-10.4,-73.5,Krycklan,Precipitation,64.233333,19.766667
2003-05-23,5.7,-13.9,-102.3,Krycklan,Precipitation,64.233333,19.766667
2003-05-26,1.7,-8.1,-66.1,Krycklan,Precipitation,64.233333,19.766667
2003-05-27,3.2,-8.1,-60.2,Krycklan,Precipitation,64.233333,19.766667
2003-06-02,2.3,-9.8,-77.8,Krycklan,Precipitation,64.233333,19.766667
2003-06-06,14.6,-7.5,-57.5,Krycklan,Precipitation,64.233333,19.766667
2003-06-09,6.1,-9.2,-66.9,Krycklan,Precipitation,64.233333,19.766667
2003-06-16,6.8,-11.0,-76.1,Krycklan,Precipitation,64.233333,19.766667
2003-06-20,1.4,-8.6,-57.8,Krycklan,Precipitation,64.233333,19.766667
2003-06-30,1.5,-6.7,-53.4,Krycklan,Precipitation,64.233333,19.766667
2003-07-07,34.7,-11.6,-82.7,Krycklan,Precipitation,64.233333,19.766667
2003-07-21,48.1,-11.2,-81.3,Krycklan,Precipitation,64.233333,19.766667
2003-07-24,27.4,-12.2,-86.2,Krycklan,Precipitation,64.233333,19.766667
2003-07-28,10.6,-7.8,-54.2,Krycklan,Precipitation,64.233333,19.766667
2003-08-04,19.8,-8.5,-59.0,Krycklan,Precipitation,64.233333,19.766667
2003-08-08,1.6,-9.7,-79.6,Krycklan,Precipitation,64.233333,19.766667
2003-08-13,8.3,-7.5,-55.7,Krycklan,Precipitation,64.233333,19.766667
2003-08-14,60.9,-11.1,-75.8,Krycklan,Precipitation,64.233333,19.766667
2003-08-15,15.4,-11.7,-78.8,Krycklan,Precipitation,64.233333,19.766667
2003-08-16,1.0,-10.7,-75.3,Krycklan,Precipitation,64.233333,19.766667
2003-08-20,2.0,-8.8,-61.6,Krycklan,Precipitation,64.233333,19.766667
2003-08-21,6.9,-9.6,-62.5,Krycklan,Precipitation,64.233333,19.766667
2003-08-22,2.9,-15.3,-115.6,Krycklan,Precipitation,64.233333,19.766667
2003-08-27,5.6,-14.1,-101.6,Krycklan,Precipitation,64.233333,19.766667
2003-08-28,3.6,-13.9,-104.4,Krycklan,Precipitation,64.233333,19.766667
2003-08-29,2.5,-13.7,-101.8,Krycklan,Precipitation,64.233333,19.766667
2003-09-01,11.3,-14.4,-104.7,Krycklan,Precipitation,64.233333,19.766667
2003-09-22,1.2,-9.0,-65.8,Krycklan,Precipitation,64.233333,19.766667
2003-09-23,3.0,-8.5,-56.2,Krycklan,Precipitation,64.233333,19.766667
2003-09-24,21.9,-8.0,-51.8,Krycklan,Precipitation,64.233333,19.766667
2003-09-28,13.1,-11.3,-77.4,Krycklan,Precipitation,64.233333,19.766667
2003-09-29,2.2,-12.6,-85.1,Krycklan,Precipitation,64.233333,19.766667
2003-09-30,1.8,-13.8,-94.3,Krycklan,Precipitation,64.233333,19.766667
2003-10-01,4.9,-12.8,-82.9,Krycklan,Precipitation,64.233333,19.766667
2003-10-02,0.2,-11.7,-77.4,Krycklan,Precipitation,64.233333,19.766667
2003-10-04,5.5,-9.2,-60.9,Krycklan,Precipitation,64.233333,19.766667
2003-10-06,8.8,-11.4,-83.1,Krycklan,Precipitation,64.233333,19.766667
2003-10-13,1.6,-10.6,-74.7,Krycklan,Precipitation,64.233333,19.766667
2003-10-27,1.3,-23.8,-175.8,Krycklan,Precipitation,64.233333,19.766667
2003-10-28,4.1,-12.3,-87.3,Krycklan,Precipitation,64.233333,19.766667
2003-11-01,7.0,-14.7,-104.7,Krycklan,Precipitation,64.233333,19.766667
2003-11-03,8.7,-17.4,-127.6,Krycklan,Precipitation,64.233333,19.766667
2003-11-04,4.3,-11.2,-79.7,Krycklan,Precipitation,64.233333,19.766667
2003-11-26,2.1,-11.6,-74.2,Krycklan,Precipitation,64.233333,19.766667
2003-11-28,5.2,-13.8,-104.1,Krycklan,Precipitation,64.233333,19.766667
2003-12-01,1.8,-9.9,-69.6,Krycklan,Precipitation,64.233333,19.766667
2003-12-15,9.7,-19.3,-147.2,Krycklan,Precipitation,64.233333,19.766667
2003-12-17,1.6,-21.4,-165.5,Krycklan,Precipitation,64.233333,19.766667
2003-12-18,1.7,-17.0,-125.4,Krycklan,Precipitation,64.233333,19.766667
2004-01-07,3.2,-16.2,-118.7,Krycklan,Precipitation,64.233333,19.766667
2004-01-08,4.1,-18.3,-137.1,Krycklan,Precipitation,64.233333,19.766667
2004-01-13,4.0,-17.9,-127.9,Krycklan,Precipitation,64.233333,19.766667
2004-01-28,5.6,-19.8,-146.7,Krycklan,Precipitation,64.233333,19.766667
2004-01-29,2.3,-20.4,-145.8,Krycklan,Precipitation,64.233333,19.766667
2004-01-31,8.4,-21.7,-170.3,Krycklan,Precipitation,64.233333,19.766667
2004-02-04,10.3,-20.1,-155.7,Krycklan,Precipitation,64.233333,19.766667
2004-02-05,2.9,-15.9,-122.2,Krycklan,Precipitation,64.233333,19.766667
2004-02-06,1.7,-18.9,-142.7,Krycklan,Precipitation,64.233333,19.766667
2004-02-16,1.3,-12.5,-92.9,Krycklan,Precipitation,64.233333,19.766667
2004-02-25,13.5,-14.8,-102.7,Krycklan,Precipitation,64.233333,19.766667
2004-02-26,2.0,-11.4,-75.7,Krycklan,Precipitation,64.233333,19.766667
2004-03-02,3.2,-12.9,-91.2,Krycklan,Precipitation,64.233333,19.766667
2004-03-22,23.8,-16.4,-122.6,Krycklan,Precipitation,64.233333,19.766667
2004-03-25,4.6,-18.6,-142.5,Krycklan,Precipitation,64.233333,19.766667
2004-05-10,2.7,-4.7,-43.2,Krycklan,Precipitation,64.233333,19.766667
2004-05-11,1.9,-10.4,-72.0,Krycklan,Precipitation,64.233333,19.766667
2004-05-13,1.6,-15.7,-109.2,Krycklan,Precipitation,64.233333,19.766667
2004-05-14,1.2,-12.2,-83.2,Krycklan,Precipitation,64.233333,19.766667
2004-05-21,2.4,-9.4,-76.6,Krycklan,Precipitation,64.233333,19.766667
2004-05-31,2.1,-8.0,-65.4,Krycklan,Precipitation,64.233333,19.766667
2004-06-07,7.8,-9.8,-73.1,Krycklan,Precipitation,64.233333,19.766667
2004-06-14,10.3,-11.2,-84.4,Krycklan,Precipitation,64.233333,19.766667
2004-06-16,2.8,-14.2,-108.5,Krycklan,Precipitation,64.233333,19.766667
2004-06-17,3.4,-14.3,-110.0,Krycklan,Precipitation,64.233333,19.766667
2004-06-21,2.5,-13.6,-103.4,Krycklan,Precipitation,64.233333,19.766667
2004-06-23,1.8,-8.2,-59.8,Krycklan,Precipitation,64.233333,19.766667
2004-06-28,2.3,-8.6,-60.2,Krycklan,Precipitation,64.233333,19.766667
2004-06-29,9.8,-10.3,-72.0,Krycklan,Precipitation,64.233333,19.766667
2004-06-30,2.2,-10.5,-76.3,Krycklan,Precipitation,64.233333,19.766667
2004-07-01,19.1,-11.1,-76.5,Krycklan,Precipitation,64.233333,19.766667
2004-07-02,1.3,-10.7,-75.7,Krycklan,Precipitation,64.233333,19.766667
2004-07-05,30.0,-11.2,-81.2,Krycklan,Precipitation,64.233333,19.766667
2004-07-06,12.8,-12.4,-89.7,Krycklan,Precipitation,64.233333,19.766667
2004-07-07,3.0,-12.4,-89.5,Krycklan,Precipitation,64.233333,19.766667
2004-07-08,4.0,-12.6,-90.0,Krycklan,Precipitation,64.233333,19.766667
2004-07-12,3.2,-12.6,-86.5,Krycklan,Precipitation,64.233333,19.766667
2004-07-13,1.3,-10.4,-75.0,Krycklan,Precipitation,64.233333,19.766667
2004-07-14,5.4,-11.6,-86.3,Krycklan,Precipitation,64.233333,19.766667
2004-07-15,2.3,-10.1,-73.6,Krycklan,Precipitation,64.233333,19.766667
2004-07-19,2.7,-10.6,-78.1,Krycklan,Precipitation,64.233333,19.766667
2004-07-20,19.9,-11.0,-79.6,Krycklan,Precipitation,64.233333,19.766667
2004-07-21,14.7,-11.0,-78.3,Krycklan,Precipitation,64.233333,19.766667
2004-07-26,17.4,-9.0,-60.6,Krycklan,Precipitation,64.233333,19.766667
2004-07-27,2.4,-8.8,-68.2,Krycklan,Precipitation,64.233333,19.766667
2004-08-17,3.8,-10.5,-77.3,Krycklan,Precipitation,64.233333,19.766667
2004-08-18,2.1,-11.8,-85.0,Krycklan,Precipitation,64.233333,19.766667
2004-08-20,14.4,-11.8,-84.8,Krycklan,Precipitation,64.233333,19.766667
2004-08-23,22.3,-16.1,-117.6,Krycklan,Precipitation,64.233333,19.766667
2004-08-27,1.9,-10.1,-67.5,Krycklan,Precipitation,64.233333,19.766667
2004-08-28,11.0,-9.7,-65.2,Krycklan,Precipitation,64.233333,19.766667
2004-08-30,2.2,-10.9,-75.4,Krycklan,Precipitation,64.233333,19.766667
2004-09-01,16.4,-9.5,-66.0,Krycklan,Precipitation,64.233333,19.766667
2004-09-02,15.8,-9.7,-65.2,Krycklan,Precipitation,64.233333,19.766667
2004-09-06,3.2,-7.3,-52.1,Krycklan,Precipitation,64.233333,19.766667
2004-09-09,0.6,-9.0,-71.3,Krycklan,Precipitation,64.233333,19.766667
2004-09-13,1.8,-9.2,-65.7,Krycklan,Precipitation,64.233333,19.766667
2004-09-14,13.2,-13.0,-92.1,Krycklan,Precipitation,64.233333,19.766667
2004-09-15,0.5,-12.1,-88.3,Krycklan,Precipitation,64.233333,19.766667
2004-09-16,15.9,-12.3,-82.1,Krycklan,Precipitation,64.233333,19.766667
2004-09-20,8.7,-9.5,-62.6,Krycklan,Precipitation,64.233333,19.766667
2004-09-21,9.9,-9.7,-64.9,Krycklan,Precipitation,64.233333,19.766667
2004-09-22,28.6,-12.8,-92.6,Krycklan,Precipitation,64.233333,19.766667
2004-09-27,10.9,-20.5,-155.9,Krycklan,Precipitation,64.233333,19.766667
2004-09-28,6.2,-11.0,-76.7,Krycklan,Precipitation,64.233333,19.766667
2004-10-04,1.2,-10.5,-70.9,Krycklan,Precipitation,64.233333,19.766667
2004-10-05,9.7,-9.8,-66.3,Krycklan,Precipitation,64.233333,19.766667
2004-10-11,0.5,-11.2,-75.9,Krycklan,Precipitation,64.233333,19.766667
2004-10-25,10.4,-14.9,-106.6,Krycklan,Precipitation,64.233333,19.766667
2004-10-27,1.6,-14.6,-104.8,Krycklan,Precipitation,64.233333,19.766667
2004-11-01,2.2,-13.2,-94.9,Krycklan,Precipitation,64.233333,19.766667
2004-11-08,7.5,-14.7,-105.7,Krycklan,Precipitation,64.233333,19.766667
2004-11-12,5.7,-19.6,-147.6,Krycklan,Precipitation,64.233333,19.766667
2004-11-22,3.0,-20.1,-129.1,Krycklan,Precipitation,64.233333,19.766667
2004-11-25,4.1,-21.1,-157.2,Krycklan,Precipitation,64.233333,19.766667
2004-11-29,4.6,-16.4,-107.1,Krycklan,Precipitation,64.233333,19.766667
2004-12-06,3.1,-14.9,-103.8,Krycklan,Precipitation,64.233333,19.766667
2004-12-07,5.2,-21.1,-164.0,Krycklan,Precipitation,64.233333,19.766667
2004-12-13,2.3,-12.8,-88.7,Krycklan,Precipitation,64.233333,19.766667
2004-12-17,5.1,-11.6,-85.2,Krycklan,Precipitation,64.233333,19.766667
2004-12-20,6.1,-14.3,-102.4,Krycklan,Precipitation,64.233333,19.766667
2004-12-23,10.4,-23.5,-177.3,Krycklan,Precipitation,64.233333,19.766667
2004-12-27,11.1,-20.9,-156.3,Krycklan,Precipitation,64.233333,19.766667
2005-07-11,8.4,-7.9,-57.9,Krycklan,Precipitation,64.233333,19.766667
2005-07-13,8.6,-9.8,-81.1,Krycklan,Precipitation,64.233333,19.766667
2005-07-18,1.2,-7.7,-51.4,Krycklan,Precipitation,64.233333,19.766667
2005-07-20,1.8,-7.0,-51.2,Krycklan,Precipitation,64.233333,19.766667
2005-07-21,10.3,-10.9,-75.6,Krycklan,Precipitation,64.233333,19.766667
2005-07-24,11.6,-12.4,-86.5,Krycklan,Precipitation,64.233333,19.766667
2005-07-25,20.1,-13.4,-98.4,Krycklan,Precipitation,64.233333,19.766667
2005-07-28,14.5,-8.2,-55.8,Krycklan,Precipitation,64.233333,19.766667
2005-08-08,22.3,-9.2,-60.9,Krycklan,Precipitation,64.233333,19.766667
2005-08-09,11.8,-7.9,-53.0,Krycklan,Precipitation,64.233333,19.766667
2005-08-11,6.2,-7.7,-52.1,Krycklan,Precipitation,64.233333,19.766667
2005-08-12,24.4,-12.4,-88.8,Krycklan,Precipitation,64.233333,19.766667
2005-08-15,1.5,-9.9,-70.2,Krycklan,Precipitation,64.233333,19.766667
2005-08-26,31.0,-9.3,-61.3,Krycklan,Precipitation,64.233333,19.766667
2005-08-27,15.7,-18.2,-138.0,Krycklan,Precipitation,64.233333,19.766667
2005-08-29,2.5,-8.9,-63.4,Krycklan,Precipitation,64.233333,19.766667
2005-08-30,3.0,-7.7,-54.0,Krycklan,Precipitation,64.233333,19.766667
2005-09-05,1.3,-8.5,-61.3,Krycklan,Precipitation,64.233333,19.766667
2005-09-08,1.6,-6.4,-43.5,Krycklan,Precipitation,64.233333,19.766667
2005-09-09,0.7,-8.0,-61.9,Krycklan,Precipitation,64.233333,19.766667
2005-09-14,8.0,-11.8,-91.1,Krycklan,Precipitation,64.233333,19.766667
2005-09-15,10.7,-19.1,-149.8,Krycklan,Precipitation,64.233333,19.766667
2005-09-19,1.3,-15.2,-111.5,Krycklan,Precipitation,64.233333,19.766667
2005-09-21,7.7,-10.1,-70.2,Krycklan,Precipitation,64.233333,19.766667
2005-10-03,1.5,-9.3,-61.8,Krycklan,Precipitation,64.233333,19.766667
2005-10-10,1.3,-8.2,-54.8,Krycklan,Precipitation,64.233333,19.766667
2005-10-14,1.2,-10.8,-73.4,Krycklan,Precipitation,64.233333,19.766667
2005-10-21,9.2,-14.9,-103.6,Krycklan,Precipitation,64.233333,19.766667
2005-10-26,1.1,-18.1,-124.5,Krycklan,Precipitation,64.233333,19.766667
2005-10-27,2.8,-22.0,-164.9,Krycklan,Precipitation,64.233333,19.766667
2005-10-31,7.3,-11.0,-78.8,Krycklan,Precipitation,64.233333,19.766667
2005-11-03,1.2,-8.7,-58.8,Krycklan,Precipitation,64.233333,19.766667
2005-11-04,3.7,-9.7,-67.1,Krycklan,Precipitation,64.233333,19.766667
2005-11-07,11.6,-19.1,-146.5,Krycklan,Precipitation,64.233333,19.766667
2005-11-08,1.4,-12.0,-86.3,Krycklan,Precipitation,64.233333,19.766667
2005-11-10,0.5,-9.0,-56.7,Krycklan,Precipitation,64.233333,19.766667
2005-11-14,1.1,-8.9,-55.0,Krycklan,Precipitation,64.233333,19.766667
2005-11-22,3.6,-19.5,-146.5,Krycklan,Precipitation,64.233333,19.766667
2005-11-25,1.5,-9.7,-65.9,Krycklan,Precipitation,64.233333,19.766667
2005-11-26,3.2,-14.6,-100.7,Krycklan,Precipitation,64.233333,19.766667
2005-11-29,1.0,-26.6,-198.0,Krycklan,Precipitation,64.233333,19.766667
2005-11-30,5.9,-20.7,-146.6,Krycklan,Precipitation,64.233333,19.766667
2005-12-01,1.4,-18.9,-145.0,Krycklan,Precipitation,64.233333,19.766667
2005-12-12,5.8,-18.1,-137.8,Krycklan,Precipitation,64.233333,19.766667
2005-12-19,2.1,-21.0,-150.7,Krycklan,Precipitation,64.233333,19.766667
2005-12-20,0.6,-19.0,-132.4,Krycklan,Precipitation,64.233333,19.766667
2005-12-21,1.8,-18.0,-126.8,Krycklan,Precipitation,64.233333,19.766667
2005-12-22,5.4,-16.2,-120.1,Krycklan,Precipitation,64.233333,19.766667
2005-12-25,20.2,-18.2,-139.0,Krycklan,Precipitation,64.233333,19.766667
2005-12-27,1.6,-18.3,-130.4,Krycklan,Precipitation,64.233333,19.766667
2005-12-31,8.5,-15.8,-113.3,Krycklan,Precipitation,64.233333,19.766667
2006-01-02,4.7,-20.3,-150.3,Krycklan,Precipitation,64.233333,19.766667
2006-01-17,1.5,-10.1,-67.8,Krycklan,Precipitation,64.233333,19.766667
2006-01-18,2.0,-13.5,-88.4,Krycklan,Precipitation,64.233333,19.766667
2006-01-22,2.4,-19.6,-129.5,Krycklan,Precipitation,64.233333,19.766667
2006-01-24,1.7,-12.8,-95.6,Krycklan,Precipitation,64.233333,19.766667
2006-01-26,3.0,-16.7,-126.2,Krycklan,Precipitation,64.233333,19.766667
2006-01-31,3.0,-19.1,-146.7,Krycklan,Precipitation,64.233333,19.766667
2006-02-01,1.0,-13.2,-99.1,Krycklan,Precipitation,64.233333,19.766667
2006-02-07,7.7,-20.5,-149.6,Krycklan,Precipitation,64.233333,19.766667
2006-02-08,1.7,-15.0,-107.6,Krycklan,Precipitation,64.233333,19.766667
2006-02-09,2.2,-17.8,-125.5,Krycklan,Precipitation,64.233333,19.766667
2006-02-17,1.8,-13.4,-89.3,Krycklan,Precipitation,64.233333,19.766667
2006-02-20,1.9,-14.2,-96.7,Krycklan,Precipitation,64.233333,19.766667
2006-03-02,1.6,-25.0,-184.2,Krycklan,Precipitation,64.233333,19.766667
2006-03-06,1.5,-26.5,-200.7,Krycklan,Precipitation,64.233333,19.766667
2006-03-28,6.8,-19.5,-146.7,Krycklan,Precipitation,64.233333,19.766667
2006-03-29,7.3,-19.8,-150.4,Krycklan,Precipitation,64.233333,19.766667
2006-03-31,4.1,-25.5,-197.8,Krycklan,Precipitation,64.233333,19.766667
2006-04-04,0.7,-21.1,-171.1,Krycklan,Precipitation,64.233333,19.766667
2006-04-06,1.9,-21.0,-161.0,Krycklan,Precipitation,64.233333,19.766667
2006-04-07,3.9,-18.1,-138.3,Krycklan,Precipitation,64.233333,19.766667
2006-04-10,8.8,-12.0,-82.6,Krycklan,Precipitation,64.233333,19.766667
2006-04-11,7.6,-17.9,-130.9,Krycklan,Precipitation,64.233333,19.766667
2006-04-14,5.6,-9.5,-65.9,Krycklan,Precipitation,64.233333,19.766667
2006-04-18,10.0,-12.3,-87.8,Krycklan,Precipitation,64.233333,19.766667
2006-05-12,2.5,-6.4,-47.9,Krycklan,Precipitation,64.233333,19.766667
2006-05-15,3.2,-15.7,-113.2,Krycklan,Precipitation,64.233333,19.766667
2006-05-19,3.2,-12.6,-89.8,Krycklan,Precipitation,64.233333,19.766667
2006-05-23,2.7,-9.8,-74.7,Krycklan,Precipitation,64.233333,19.766667
2006-05-24,7.6,-11.0,-78.7,Krycklan,Precipitation,64.233333,19.766667
2006-05-26,6.7,-17.5,-135.5,Krycklan,Precipitation,64.233333,19.766667
2006-05-29,10.5,-14.2,-105.6,Krycklan,Precipitation,64.233333,19.766667
2006-05-30,10.6,-11.8,-82.0,Krycklan,Precipitation,64.233333,19.766667
2006-05-31,1.1,-11.3,-86.8,Krycklan,Precipitation,64.233333,19.766667
2006-06-05,5.4,-14.4,-115.8,Krycklan,Precipitation,64.233333,19.766667
2006-06-20,4.8,-5.8,-36.5,Krycklan,Precipitation,64.233333,19.766667
2006-06-21,7.2,-7.1,-44.2,Krycklan,Precipitation,64.233333,19.766667
2006-06-26,3.0,-8.6,-58.0,Krycklan,Precipitation,64.233333,19.766667
2006-07-07,8.2,-7.9,-49.9,Krycklan,Precipitation,64.233333,19.766667
2006-07-11,7.4,-8.3,-58.5,Krycklan,Precipitation,64.233333,19.766667
2006-07-13,2.1,-7.1,-51.8,Krycklan,Precipitation,64.233333,19.766667
2006-07-18,0.9,-8.0,-60.1,Krycklan,Precipitation,64.233333,19.766667
2006-08-16,9.0,-10.2,-68.1,Krycklan,Precipitation,64.233333,19.766667
2006-08-17,23.6,-12.6,-89.4,Krycklan,Precipitation,64.233333,19.766667
2006-08-18,1.2,-11.4,-81.9,Krycklan,Precipitation,64.233333,19.766667
2006-08-28,5.4,-10.0,-72.0,Krycklan,Precipitation,64.233333,19.766667
2006-08-29,9.1,-14.3,-107.7,Krycklan,Precipitation,64.233333,19.766667
2006-09-04,26.0,-8.8,-58.4,Krycklan,Precipitation,64.233333,19.766667
2006-09-05,15.3,-11.5,-82.5,Krycklan,Precipitation,64.233333,19.766667
2006-09-07,2.2,-10.9,-80.7,Krycklan,Precipitation,64.233333,19.766667
2006-09-08,18.4,-14.5,-104.9,Krycklan,Precipitation,64.233333,19.766667
2006-09-21,1.7,-10.6,-76.3,Krycklan,Precipitation,64.233333,19.766667
2006-09-26,9.4,-9.8,-59.8,Krycklan,Precipitation,64.233333,19.766667
2006-09-27,1.5,-9.0,-59.0,Krycklan,Precipitation,64.233333,19.766667
2006-09-28,18.4,-10.4,-69.2,Krycklan,Precipitation,64.233333,19.766667
2006-10-01,4.4,-16.3,-114.4,Krycklan,Precipitation,64.233333,19.766667
2006-10-02,17.8,-12.5,-87.1,Krycklan,Precipitation,64.233333,19.766667
2006-10-03,7.2,-10.5,-72.7,Krycklan,Precipitation,64.233333,19.766667
2006-10-05,18.8,-11.7,-82.7,Krycklan,Precipitation,64.233333,19.766667
2006-10-08,15.5,-10.1,-69.1,Krycklan,Precipitation,64.233333,19.766667
2006-10-09,1.9,-9.3,-65.0,Krycklan,Precipitation,64.233333,19.766667
2006-10-11,0.5,-12.9,-93.7,Krycklan,Precipitation,64.233333,19.766667
2006-10-16,4.3,-9.7,-69.6,Krycklan,Precipitation,64.233333,19.766667
2006-10-20,5.2,-25.0,-188.4,Krycklan,Precipitation,64.233333,19.766667
2006-10-22,3.6,-15.7,-115.6,Krycklan,Precipitation,64.233333,19.766667
2006-10-23,5.5,-20.2,-147.7,Krycklan,Precipitation,64.233333,19.766667
2006-10-24,9.0,-13.1,-87.5,Krycklan,Precipitation,64.233333,19.766667
2006-10-27,14.1,-23.0,-175.8,Krycklan,Precipitation,64.233333,19.766667
2006-10-29,10.0,-25.0,-189.6,Krycklan,Precipitation,64.233333,19.766667
2006-11-06,19.9,-16.1,-114.9,Krycklan,Precipitation,64.233333,19.766667
2006-11-13,18.2,-17.8,-128.4,Krycklan,Precipitation,64.233333,19.766667
2006-11-17,8.7,-16.8,-123.4,Krycklan,Precipitation,64.233333,19.766667
2006-11-22,7.5,-12.8,-90.1,Krycklan,Precipitation,64.233333,19.766667
2006-11-30,7.5,-10.5,-72.5,Krycklan,Precipitation,64.233333,19.766667
2006-12-08,9.3,-17.3,-129.7,Krycklan,Precipitation,64.233333,19.766667
2006-12-15,3.2,-15.0,-112.9,Krycklan,Precipitation,64.233333,19.766667
2006-12-21,4.5,-15.6,-115.2,Krycklan,Precipitation,64.233333,19.766667
2006-12-29,4.3,-8.5,-52.5,Krycklan,Precipitation,64.233333,19.766667
2007-01-02,9.0,-15.0,-112.3,Krycklan,Precipitation,64.233333,19.766667
2007-01-05,10.8,-15.6,-121.0,Krycklan,Precipitation,64.233333,19.766667
2007-01-08,2.1,-13.5,-99.2,Krycklan,Precipitation,64.233333,19.766667
2007-01-09,5.4,-14.9,-112.4,Krycklan,Precipitation,64.233333,19.766667
2007-01-10,6.7,-18.0,-142.9,Krycklan,Precipitation,64.233333,19.766667
2007-01-15,4.9,-16.3,-118.4,Krycklan,Precipitation,64.233333,19.766667
2007-01-16,1.9,-13.5,-97.6,Krycklan,Precipitation,64.233333,19.766667
2007-01-17,1.5,-18.2,-138.1,Krycklan,Precipitation,64.233333,19.766667
2007-01-19,1.6,-29.8,-224.9,Krycklan,Precipitation,64.233333,19.766667
2007-01-31,3.2,-18.2,-131.5,Krycklan,Precipitation,64.233333,19.766667
2007-02-02,4.3,-18.2,-137.8,Krycklan,Precipitation,64.233333,19.766667
2007-02-19,10.6,-20.4,-155.1,Krycklan,Precipitation,64.233333,19.766667
2007-02-26,2.4,-16.1,-109.3,Krycklan,Precipitation,64.233333,19.766667
2007-03-01,1.9,-18.0,-126.1,Krycklan,Precipitation,64.233333,19.766667
2007-03-07,1.3,-15.4,-110.4,Krycklan,Precipitation,64.233333,19.766667
2007-03-09,10.4,-19.3,-148.5,Krycklan,Precipitation,64.233333,19.766667
2007-03-12,4.6,-14.4,-109.7,Krycklan,Precipitation,64.233333,19.766667
2007-03-16,7.7,-13.4,-105.2,Krycklan,Precipitation,64.233333,19.766667
2007-03-19,10.7,-19.1,-146.3,Krycklan,Precipitation,64.233333,19.766667
2007-03-20,1.8,-19.5,-145.8,Krycklan,Precipitation,64.233333,19.766667
2007-04-11,2.2,-12.2,-90.0,Krycklan,Precipitation,64.233333,19.766667
2007-04-25,1.3,-11.4,-96.8,Krycklan,Precipitation,64.233333,19.766667
2007-05-09,6.5,-13.9,-106.0,Krycklan,Precipitation,64.233333,19.766667
2007-05-10,2.1,-14.0,-108.6,Krycklan,Precipitation,64.233333,19.766667
2007-05-14,0.9,-10.0,-78.0,Krycklan,Precipitation,64.233333,19.766667
2007-05-15,11.5,-11.8,-86.5,Krycklan,Precipitation,64.233333,19.766667
2007-05-16,5.4,-15.2,-113.6,Krycklan,Precipitation,64.233333,19.766667
2007-05-21,6.7,-6.0,-51.2,Krycklan,Precipitation,64.233333,19.766667
2007-06-14,16.3,-16.3,-118.1,Krycklan,Precipitation,64.233333,19.766667
2007-06-26,12.3,-12.3,-87.4,Krycklan,Precipitation,64.233333,19.766667
2007-07-02,2.4,-9.0,-62.7,Krycklan,Precipitation,64.233333,19.766667
2007-07-09,4.2,-9.2,-65.5,Krycklan,Precipitation,64.233333,19.766667
2007-07-10,7.8,-10.6,-73.7,Krycklan,Precipitation,64.233333,19.766667
2007-07-11,1.7,-8.7,-59.9,Krycklan,Precipitation,64.233333,19.766667
2007-07-13,4.0,-12.1,-90.7,Krycklan,Precipitation,64.233333,19.766667
2007-07-16,2.2,-11.9,-91.7,Krycklan,Precipitation,64.233333,19.766667
2007-07-18,7.7,-8.4,-54.8,Krycklan,Precipitation,64.233333,19.766667
2007-07-19,4.0,-11.3,-84.6,Krycklan,Precipitation,64.233333,19.766667
2007-07-20,2.5,-11.5,-84.2,Krycklan,Precipitation,64.233333,19.766667
2007-07-30,30.7,-9.8,-68.4,Krycklan,Precipitation,64.233333,19.766667
2007-07-31,3.7,-9.8,-70.3,Krycklan,Precipitation,64.233333,19.766667
2007-08-01,23.5,-14.9,-112.2,Krycklan,Precipitation,64.233333,19.766667
2007-08-03,14.7,-11.0,-83.4,Krycklan,Precipitation,64.233333,19.766667
2007-08-16,6.0,-7.8,-47.5,Krycklan,Precipitation,64.233333,19.766667
2007-08-17,7.1,-7.4,-53.9,Krycklan,Precipitation,64.233333,19.766667
2007-08-20,6.2,-13.2,-104.5,Krycklan,Precipitation,64.233333,19.766667
2007-08-27,11.1,-11.1,-73.0,Krycklan,Precipitation,64.233333,19.766667
2007-08-29,13.5,-15.5,-113.0,Krycklan,Precipitation,64.233333,19.766667
2007-09-03,4.8,-15.1,-104.3,Krycklan,Precipitation,64.233333,19.766667
2007-09-04,8.4,-16.2,-119.7,Krycklan,Precipitation,64.233333,19.766667
2007-09-11,4.8,-10.9,-75.2,Krycklan,Precipitation,64.233333,19.766667
2007-09-12,4.4,-11.7,-85.1,Krycklan,Precipitation,64.233333,19.766667
2007-09-19,14.0,-12.9,-94.7,Krycklan,Precipitation,64.233333,19.766667
2007-09-26,5.1,-8.0,-52.9,Krycklan,Precipitation,64.233333,19.766667
2007-10-01,7.3,-8.9,-57.6,Krycklan,Precipitation,64.233333,19.766667
2007-10-02,3.9,-12.3,-86.5,Krycklan,Precipitation,64.233333,19.766667
2007-10-07,2.0,-11.3,-80.1,Krycklan,Precipitation,64.233333,19.766667
2007-10-08,2.9,-11.0,-78.1,Krycklan,Precipitation,64.233333,19.766667
2007-10-15,3.3,-10.8,-79.4,Krycklan,Precipitation,64.233333,19.766667
2007-10-17,0.9,-7.8,-53.0,Krycklan,Precipitation,64.233333,19.766667
2007-10-22,1.6,-13.6,-98.8,Krycklan,Precipitation,64.233333,19.766667
2007-10-23,0.9,-7.4,-50.6,Krycklan,Precipitation,64.233333,19.766667
2007-10-29,7.6,-9.8,-66.6,Krycklan,Precipitation,64.233333,19.766667
2007-11-05,12.5,-18.3,-133.8,Krycklan,Precipitation,64.233333,19.766667
2007-11-06,2.5,-11.7,-79.6,Krycklan,Precipitation,64.233333,19.766667
2007-11-09,14.2,-14.0,-101.5,Krycklan,Precipitation,64.233333,19.766667
2007-11-12,8.0,-20.0,-149.1,Krycklan,Precipitation,64.233333,19.766667
2007-11-15,2.2,-17.8,-122.8,Krycklan,Precipitation,64.233333,19.766667
2007-11-19,4.5,-17.0,-128.8,Krycklan,Precipitation,64.233333,19.766667
2007-11-26,7.2,-18.9,-141.3,Krycklan,Precipitation,64.233333,19.766667
2007-12-03,9.6,-16.5,-122.1,Krycklan,Precipitation,64.233333,19.766667
2007-12-04,1.8,-13.4,-94.2,Krycklan,Precipitation,64.233333,19.766667
2007-12-06,7.5,-15.9,-122.5,Krycklan,Precipitation,64.233333,19.766667
2007-12-10,14.2,-20.0,-154.1,Krycklan,Precipitation,64.233333,19.766667
2007-12-11,3.0,-15.9,-114.7,Krycklan,Precipitation,64.233333,19.766667
2007-12-27,4.8,-17.3,-128.9,Krycklan,Precipitation,64.233333,19.766667
2007-12-31,9.2,-14.2,-113.2,Krycklan,Precipitation,64.233333,19.766667
2008-01-07,2.3,-15.2,-102.4,Krycklan,Precipitation,64.233333,19.766667
2008-01-10,3.7,-12.9,-90.2,Krycklan,Precipitation,64.233333,19.766667
2008-01-11,5.2,-22.8,-177.4,Krycklan,Precipitation,64.233333,19.766667
2008-01-14,11.5,-19.1,-145.8,Krycklan,Precipitation,64.233333,19.766667
2008-01-15,2.3,-14.2,-105.4,Krycklan,Precipitation,64.233333,19.766667
2008-01-16,1.6,-14.0,-103.0,Krycklan,Precipitation,64.233333,19.766667
2008-01-17,6.3,-15.4,-117.5,Krycklan,Precipitation,64.233333,19.766667
2008-01-18,2.7,-13.6,-100.5,Krycklan,Precipitation,64.233333,19.766667
2008-01-21,17.1,-19.1,-147.0,Krycklan,Precipitation,64.233333,19.766667
2008-01-22,2.0,-16.5,-122.7,Krycklan,Precipitation,64.233333,19.766667
2008-01-24,6.1,-16.1,-127.0,Krycklan,Precipitation,64.233333,19.766667
2008-01-25,3.8,-17.8,-135.1,Krycklan,Precipitation,64.233333,19.766667
2008-02-01,12.9,-13.2,-93.5,Krycklan,Precipitation,64.233333,19.766667
2008-02-04,16.1,-13.4,-93.8,Krycklan,Precipitation,64.233333,19.766667
2008-02-06,1.9,-10.5,-71.0,Krycklan,Precipitation,64.233333,19.766667
2008-02-22,4.7,-14.0,-107.0,Krycklan,Precipitation,64.233333,19.766667
2008-02-25,1.8,-13.3,-99.5,Krycklan,Precipitation,64.233333,19.766667
2008-02-27,1.9,-23.0,-177.2,Krycklan,Precipitation,64.233333,19.766667
2008-02-28,1.6,-27.6,-213.5,Krycklan,Precipitation,64.233333,19.766667
2008-02-29,1.5,-18.1,-129.0,Krycklan,Precipitation,64.233333,19.766667
2008-03-03,5.3,-14.8,-104.9,Krycklan,Precipitation,64.233333,19.766667
2008-03-04,2.1,-24.5,-188.4,Krycklan,Precipitation,64.233333,19.766667
2008-03-06,4.1,-16.5,-122.7,Krycklan,Precipitation,64.233333,19.766667
2008-03-07,7.0,-18.4,-136.9,Krycklan,Precipitation,64.233333,19.766667
2008-03-10,11.9,-13.8,-100.7,Krycklan,Precipitation,64.233333,19.766667
2008-03-11,2.6,-16.4,-124.5,Krycklan,Precipitation,64.233333,19.766667
2008-03-17,1.8,-18.0,-133.4,Krycklan,Precipitation,64.233333,19.766667
2008-03-18,2.9,-21.3,-162.8,Krycklan,Precipitation,64.233333,19.766667
2008-03-27,2.1,-18.4,-130.0,Krycklan,Precipitation,64.233333,19.766667
2008-04-03,3.6,-9.8,-64.6,Krycklan,Precipitation,64.233333,19.766667
2008-04-07,8.8,-10.4,-71.9,Krycklan,Precipitation,64.233333,19.766667
2008-04-08,0.8,-11.4,-77.9,Krycklan,Precipitation,64.233333,19.766667
2008-04-09,5.5,-15.8,-114.8,Krycklan,Precipitation,64.233333,19.766667
2008-04-10,2.6,-15.2,-107.8,Krycklan,Precipitation,64.233333,19.766667
2008-04-14,9.8,-19.0,-143.3,Krycklan,Precipitation,64.233333,19.766667
2008-05-07,1.5,-9.1,-71.8,Krycklan,Precipitation,64.233333,19.766667
2008-06-09,5.6,-9.3,-68.2,Krycklan,Precipitation,64.233333,19.766667
2008-06-10,16.5,-11.8,-82.6,Krycklan,Precipitation,64.233333,19.766667
2008-06-11,10.5,-13.2,-97.3,Krycklan,Precipitation,64.233333,19.766667
2008-06-12,0.5,-12.4,-90.2,Krycklan,Precipitation,64.233333,19.766667
2008-06-13,7.6,-12.3,-88.3,Krycklan,Precipitation,64.233333,19.766667
2008-06-18,0.2,-9.4,-72.6,Krycklan,Precipitation,64.233333,19.766667
2008-06-23,4.3,-8.0,-60.3,Krycklan,Precipitation,64.233333,19.766667
2008-06-24,9.1,-10.6,-77.0,Krycklan,Precipitation,64.233333,19.766667
2008-06-25,1.9,-13.0,-100.7,Krycklan,Precipitation,64.233333,19.766667
2008-07-02,7.0,-10.1,-75.3,Krycklan,Precipitation,64.233333,19.766667
2008-07-04,2.15,-5.9,-49.6,Krycklan,Precipitation,64.233333,19.766667
2008-07-09,1.9,-7.9,-68.7,Krycklan,Precipitation,64.233333,19.766667
2008-07-14,0.5,-8.1,-65.0,Krycklan,Precipitation,64.233333,19.766667
2008-07-16,7.1,-11.0,-80.5,Krycklan,Precipitation,64.233333,19.766667
2008-07-18,1.4,-10.3,-86.0,Krycklan,Precipitation,64.233333,19.766667
2008-07-22,59.5,-12.9,-93.0,Krycklan,Precipitation,64.233333,19.766667
2008-08-04,8.7,-10.1,-73.5,Krycklan,Precipitation,64.233333,19.766667
2008-08-07,3.0,-10.1,-73.9,Krycklan,Precipitation,64.233333,19.766667
2008-08-08,22.0,-11.1,-83.2,Krycklan,Precipitation,64.233333,19.766667
2008-08-11,9.2,-12.7,-90.2,Krycklan,Precipitation,64.233333,19.766667
2008-08-12,3.2,-11.9,-84.2,Krycklan,Precipitation,64.233333,19.766667
2008-08-14,11.1,-10.5,-75.5,Krycklan,Precipitation,64.233333,19.766667
2008-08-18,7.0,-9.6,-64.6,Krycklan,Precipitation,64.233333,19.766667
2008-08-19,8.1,-9.0,-58.9,Krycklan,Precipitation,64.233333,19.766667
2008-08-20,6.2,-7.5,-50.3,Krycklan,Precipitation,64.233333,19.766667
2008-08-22,5.6,-9.2,-66.7,Krycklan,Precipitation,64.233333,19.766667
2008-08-26,3.5,-10.4,-75.2,Krycklan,Precipitation,64.233333,19.766667
2008-08-28,8.8,-12.0,-85.8,Krycklan,Precipitation,64.233333,19.766667
2008-09-01,8.2,-15.5,-115.2,Krycklan,Precipitation,64.233333,19.766667
2008-09-04,6.8,-10.1,-70.5,Krycklan,Precipitation,64.233333,19.766667
2008-09-05,6.9,-9.1,-63.3,Krycklan,Precipitation,64.233333,19.766667
2008-09-19,1.0,-11.6,-76.1,Krycklan,Precipitation,64.233333,19.766667
2008-09-26,1.4,-9.2,-63.8,Krycklan,Precipitation,64.233333,19.766667
2008-10-02,5.6,-11.5,-78.4,Krycklan,Precipitation,64.233333,19.766667
2008-10-06,26.4,-17.3,-123.3,Krycklan,Precipitation,64.233333,19.766667
2008-10-08,4.2,-11.4,-79.2,Krycklan,Precipitation,64.233333,19.766667
2008-10-10,2.3,-10.3,-71.2,Krycklan,Precipitation,64.233333,19.766667
2008-10-13,3.5,-10.3,-80.7,Krycklan,Precipitation,64.233333,19.766667
2008-10-18,20.5,-21.9,-168.8,Krycklan,Precipitation,64.233333,19.766667
2008-10-20,1.9,-14.5,-106.1,Krycklan,Precipitation,64.233333,19.766667
2008-10-21,5.1,-10.1,-73.1,Krycklan,Precipitation,64.233333,19.766667
2008-10-24,2.8,-10.7,-74.7,Krycklan,Precipitation,64.233333,19.766667
2008-10-27,3.9,-13.3,-97.8,Krycklan,Precipitation,64.233333,19.766667
2008-11-06,2.2,-11.6,-81.9,Krycklan,Precipitation,64.233333,19.766667
2008-11-10,6.0,-11.8,-84.2,Krycklan,Precipitation,64.233333,19.766667
2008-11-17,3.3,-15.6,-110.3,Krycklan,Precipitation,64.233333,19.766667
2008-11-24,5.4,-22.3,-162.9,Krycklan,Precipitation,64.233333,19.766667
2008-11-26,4.9,-17.3,-124.6,Krycklan,Precipitation,64.233333,19.766667
2008-11-28,6.1,-12.7,-91.3,Krycklan,Precipitation,64.233333,19.766667
2008-12-01,8.7,-17.1,-127.3,Krycklan,Precipitation,64.233333,19.766667
2008-12-02,1.2,-14.8,-104.5,Krycklan,Precipitation,64.233333,19.766667
2008-12-04,3.1,-18.5,-137.2,Krycklan,Precipitation,64.233333,19.766667
2008-12-09,4.0,-20.4,-149.2,Krycklan,Precipitation,64.233333,19.766667
2008-12-12,7.1,-18.8,-137.4,Krycklan,Precipitation,64.233333,19.766667
2008-12-15,13.3,-18.7,-138.6,Krycklan,Precipitation,64.233333,19.766667
2008-12-18,4.0,-10.3,-70.7,Krycklan,Precipitation,64.233333,19.766667
2008-12-22,11.4,-17.3,-131.5,Krycklan,Precipitation,64.233333,19.766667
2008-12-29,2.5,-14.3,-101.1,Krycklan,Precipitation,64.233333,19.766667
2009-01-07,3.3,-24.3,-181.0,Krycklan,Precipitation,64.233333,19.766667
2009-01-09,3.0,-26.3,-203.1,Krycklan,Precipitation,64.233333,19.766667
2009-01-12,1.5,-13.4,-96.2,Krycklan,Precipitation,64.233333,19.766667
2009-01-14,10.0,-16.8,-124.1,Krycklan,Precipitation,64.233333,19.766667
2009-01-21,7.0,-16.2,-116.7,Krycklan,Precipitation,64.233333,19.766667
2009-01-26,1.7,-13.9,-94.5,Krycklan,Precipitation,64.233333,19.766667
2009-02-05,6.7,-22.7,-171.2,Krycklan,Precipitation,64.233333,19.766667
2009-02-06,8.6,-20.4,-147.0,Krycklan,Precipitation,64.233333,19.766667
2009-02-09,18.5,-22.3,-167.1,Krycklan,Precipitation,64.233333,19.766667
2009-02-23,4.7,-16.1,-114.8,Krycklan,Precipitation,64.233333,19.766667
2009-02-24,3.3,-16.5,-119.9,Krycklan,Precipitation,64.233333,19.766667
2009-03-02,3.3,-16.1,-116.5,Krycklan,Precipitation,64.233333,19.766667
2009-03-03,5.9,-15.3,-119.4,Krycklan,Precipitation,64.233333,19.766667
2009-03-10,1.8,-19.3,-146.5,Krycklan,Precipitation,64.233333,19.766667
2009-03-23,1.5,-9.0,-65.7,Krycklan,Precipitation,64.233333,19.766667
2009-03-30,2.1,-21.4,-166.9,Krycklan,Precipitation,64.233333,19.766667
2009-04-01,1.3,-14.1,-101.6,Krycklan,Precipitation,64.233333,19.766667
2009-04-03,5.9,-13.1,-98.8,Krycklan,Precipitation,64.233333,19.766667
2009-04-06,7.4,-13.7,-100.3,Krycklan,Precipitation,64.233333,19.766667
2009-04-09,1.2,-11.9,-79.4,Krycklan,Precipitation,64.233333,19.766667
2009-04-11,6.0,-14.6,-104.8,Krycklan,Precipitation,64.233333,19.766667
2009-04-20,1.1,-8.8,-57.5,Krycklan,Precipitation,64.233333,19.766667
2009-04-28,3.1,-6.1,-40.8,Krycklan,Precipitation,64.233333,19.766667
2009-05-06,6.1,-15.0,-114.6,Krycklan,Precipitation,64.233333,19.766667
2009-05-08,6.6,-14.5,-116.4,Krycklan,Precipitation,64.233333,19.766667
2009-05-11,4.0,-10.2,-80.3,Krycklan,Precipitation,64.233333,19.766667
2009-05-22,8.3,-9.1,-68.7,Krycklan,Precipitation,64.233333,19.766667
2009-05-25,3.1,-9.0,-69.6,Krycklan,Precipitation,64.233333,19.766667
2009-05-27,6.2,-3.7,-26.2,Krycklan,Precipitation,64.233333,19.766667
2009-06-04,7.5,-11.5,-82.9,Krycklan,Precipitation,64.233333,19.766667
2009-06-08,2.1,-12.0,-90.4,Krycklan,Precipitation,64.233333,19.766667
2009-06-11,3.0,-10.3,-78.6,Krycklan,Precipitation,64.233333,19.766667
2009-06-15,6.5,-7.4,-49.1,Krycklan,Precipitation,64.233333,19.766667
2009-06-16,8.5,-12.3,-89.5,Krycklan,Precipitation,64.233333,19.766667
2009-06-23,0.9,-8.0,-57.9,Krycklan,Precipitation,64.233333,19.766667
2009-07-06,3.2,-12.2,-89.0,Krycklan,Precipitation,64.233333,19.766667
2009-07-07,46.1,-23.0,-169.6,Krycklan,Precipitation,64.233333,19.766667
2009-07-08,13.2,-19.8,-143.6,Krycklan,Precipitation,64.233333,19.766667
2009-07-10,13.0,-11.7,-83.2,Krycklan,Precipitation,64.233333,19.766667
2009-07-13,3.6,-13.0,-95.4,Krycklan,Precipitation,64.233333,19.766667
2009-07-14,3.0,-9.2,-62.8,Krycklan,Precipitation,64.233333,19.766667
2009-07-17,16.6,-9.6,-72.5,Krycklan,Precipitation,64.233333,19.766667
2009-07-22,23.0,-8.8,-57.5,Krycklan,Precipitation,64.233333,19.766667
2009-07-27,63.6,-9.3,-65.2,Krycklan,Precipitation,64.233333,19.766667
2009-07-28,8.5,-15.2,-112.9,Krycklan,Precipitation,64.233333,19.766667
2009-08-03,7.8,-7.7,-52.0,Krycklan,Precipitation,64.233333,19.766667
2009-08-06,9.2,-7.8,-54.3,Krycklan,Precipitation,64.233333,19.766667
2009-08-12,8.4,-8.8,-58.1,Krycklan,Precipitation,64.233333,19.766667
2009-08-17,14.6,-15.2,-111.5,Krycklan,Precipitation,64.233333,19.766667
2009-08-24,1.3,-8.6,-57.2,Krycklan,Precipitation,64.233333,19.766667
2009-08-31,11.6,-7.8,-51.2,Krycklan,Precipitation,64.233333,19.766667
2009-09-02,1.2,-6.5,-43.4,Krycklan,Precipitation,64.233333,19.766667
2009-09-04,12.6,-8.8,-58.8,Krycklan,Precipitation,64.233333,19.766667
2009-09-07,9.2,-10.6,-73.8,Krycklan,Precipitation,64.233333,19.766667
2009-09-08,5.6,-9.4,-66.4,Krycklan,Precipitation,64.233333,19.766667
2009-09-10,4.5,-7.6,-51.2,Krycklan,Precipitation,64.233333,19.766667
2009-09-21,3.6,-9.0,-69.2,Krycklan,Precipitation,64.233333,19.766667
2009-09-23,4.3,-8.2,-56.9,Krycklan,Precipitation,64.233333,19.766667
2009-09-28,0.5,-9.2,-68.4,Krycklan,Precipitation,64.233333,19.766667
2009-09-30,2.4,-10.9,-70.8,Krycklan,Precipitation,64.233333,19.766667
2009-10-05,11.5,-18.1,-133.1,Krycklan,Precipitation,64.233333,19.766667
2009-10-07,18.0,-17.8,-132.6,Krycklan,Precipitation,64.233333,19.766667
2009-10-16,13.1,-15.8,-119.6,Krycklan,Precipitation,64.233333,19.766667
2009-10-20,2.4,-18.0,-129.1,Krycklan,Precipitation,64.233333,19.766667
2009-10-22,0.5,-11.2,-75.8,Krycklan,Precipitation,64.233333,19.766667
2009-10-26,4.8,-11.6,-78.1,Krycklan,Precipitation,64.233333,19.766667
2009-11-04,1.3,-10.2,-67.0,Krycklan,Precipitation,64.233333,19.766667
2009-11-09,6.3,-22.7,-169.0,Krycklan,Precipitation,64.233333,19.766667
2009-11-11,0.7,-16.4,-115.0,Krycklan,Precipitation,64.233333,19.766667
2009-11-16,10.0,-14.4,-102.8,Krycklan,Precipitation,64.233333,19.766667
2009-11-17,5.7,-15.7,-113.1,Krycklan,Precipitation,64.233333,19.766667
2009-11-18,3.2,-14.5,-104.1,Krycklan,Precipitation,64.233333,19.766667
2009-11-20,4.5,-17.7,-133.4,Krycklan,Precipitation,64.233333,19.766667
2009-11-23,21.9,-16.5,-123.9,Krycklan,Precipitation,64.233333,19.766667
2009-11-24,1.8,-11.8,-83.0,Krycklan,Precipitation,64.233333,19.766667
2009-11-25,3.7,-10.5,-71.8,Krycklan,Precipitation,64.233333,19.766667
2009-11-26,13.1,-15.7,-116.4,Krycklan,Precipitation,64.233333,19.766667
2009-11-30,1.6,-12.8,-84.2,Krycklan,Precipitation,64.233333,19.766667
2009-12-01,17.1,-21.1,-158.8,Krycklan,Precipitation,64.233333,19.766667
2009-12-07,7.6,-13.4,-96.8,Krycklan,Precipitation,64.233333,19.766667
2009-12-15,2.8,-17.4,-113.9,Krycklan,Precipitation,64.233333,19.766667
2009-12-16,6.7,-19.1,-127.1,Krycklan,Precipitation,64.233333,19.766667
2009-12-21,3.6,-19.9,-132.4,Krycklan,Precipitation,64.233333,19.766667
2009-12-22,3.0,-31.2,-233.7,Krycklan,Precipitation,64.233333,19.766667
2009-12-23,2.7,-29.2,-214.5,Krycklan,Precipitation,64.233333,19.766667
2009-12-25,6.1,-16.8,-120.7,Krycklan,Precipitation,64.233333,19.766667
2009-12-27,2.1,-28.0,-208.5,Krycklan,Precipitation,64.233333,19.766667
2009-12-28,4.2,-24.2,-185.9,Krycklan,Precipitation,64.233333,19.766667
2009-12-29,5.1,-15.1,-114.0,Krycklan,Precipitation,64.233333,19.766667
2010-01-01,3.0,-21.1,-151.1,Krycklan,Precipitation,64.233333,19.766667
2010-01-04,2.8,-19.7,-137.3,Krycklan,Precipitation,64.233333,19.766667
2010-01-18,2.5,-13.9,-93.9,Krycklan,Precipitation,64.233333,19.766667
2010-01-19,3.0,-14.2,-94.6,Krycklan,Precipitation,64.233333,19.766667
2010-01-25,3.0,-16.2,-113.4,Krycklan,Precipitation,64.233333,19.766667
2010-01-28,19.0,-19.1,-143.3,Krycklan,Precipitation,64.233333,19.766667
2010-01-29,1.3,-28.7,-211.6,Krycklan,Precipitation,64.233333,19.766667
2010-02-01,3.1,-28.1,-211.8,Krycklan,Precipitation,64.233333,19.766667
2010-02-03,5.8,-29.4,-223.6,Krycklan,Precipitation,64.233333,19.766667
2010-02-08,4.2,-19.6,-141.2,Krycklan,Precipitation,64.233333,19.766667
2010-02-11,2.5,-20.0,-146.8,Krycklan,Precipitation,64.233333,19.766667
2010-02-22,2.6,-30.0,-223.9,Krycklan,Precipitation,64.233333,19.766667
2010-03-01,21.2,-19.6,-144.9,Krycklan,Precipitation,64.233333,19.766667
2010-03-02,3.2,-24.3,-184.8,Krycklan,Precipitation,64.233333,19.766667
2010-03-03,4.7,-23.1,-171.0,Krycklan,Precipitation,64.233333,19.766667
2010-03-10,2.8,-11.4,-79.4,Krycklan,Precipitation,64.233333,19.766667
2010-03-16,4.7,-17.6,-118.8,Krycklan,Precipitation,64.233333,19.766667
2010-03-19,6.5,-18.5,-138.4,Krycklan,Precipitation,64.233333,19.766667
2010-03-22,4.8,-18.5,-142.1,Krycklan,Precipitation,64.233333,19.766667
2010-03-26,5.3,-14.3,-105.8,Krycklan,Precipitation,64.233333,19.766667
2010-04-09,4.3,-15.6,-114.9,Krycklan,Precipitation,64.233333,19.766667
2010-04-19,4.4,-15.5,-117.0,Krycklan,Precipitation,64.233333,19.766667
2010-04-30,3.3,-14.1,-107.6,Krycklan,Precipitation,64.233333,19.766667
2010-05-03,8.8,-12.3,-92.5,Krycklan,Precipitation,64.233333,19.766667
2010-05-14,12.3,-7.9,-55.4,Krycklan,Precipitation,64.233333,19.766667
2010-05-17,4.3,-3.7,-39.6,Krycklan,Precipitation,64.233333,19.766667
2010-05-25,4.1,-14.9,-110.0,Krycklan,Precipitation,64.233333,19.766667
2010-05-26,3.3,-12.8,-95.6,Krycklan,Precipitation,64.233333,19.766667
2010-05-31,7.6,-11.1,-84.5,Krycklan,Precipitation,64.233333,19.766667
2010-06-03,3.3,-7.1,-56.2,Krycklan,Precipitation,64.233333,19.766667
2010-06-07,1.8,-9.5,-78.0,Krycklan,Precipitation,64.233333,19.766667
2010-06-14,2.2,-11.2,-82.9,Krycklan,Precipitation,64.233333,19.766667
2010-06-15,8.5,-15.7,-115.3,Krycklan,Precipitation,64.233333,19.766667
2010-06-16,0.9,-9.8,-67.5,Krycklan,Precipitation,64.233333,19.766667
2010-06-21,28.0,-9.7,-65.6,Krycklan,Precipitation,64.233333,19.766667
2010-06-28,1.8,-6.5,-44.5,Krycklan,Precipitation,64.233333,19.766667
2010-07-01,4.9,-9.2,-65.1,Krycklan,Precipitation,64.233333,19.766667
2010-07-02,4.2,-9.9,-74.3,Krycklan,Precipitation,64.233333,19.766667
2010-07-07,0.8,-6.2,-52.4,Krycklan,Precipitation,64.233333,19.766667
2010-07-12,4.0,-7.3,-51.3,Krycklan,Precipitation,64.233333,19.766667
2010-07-14,7.3,-6.7,-44.4,Krycklan,Precipitation,64.233333,19.766667
2010-07-15,0.5,-7.5,-54.3,Krycklan,Precipitation,64.233333,19.766667
2010-07-19,6.9,-7.5,-48.8,Krycklan,Precipitation,64.233333,19.766667
2010-07-22,6.5,-8.6,-56.0,Krycklan,Precipitation,64.233333,19.766667
2010-07-23,2.5,-7.5,-51.4,Krycklan,Precipitation,64.233333,19.766667
2010-07-26,9.2,-8.0,-48.5,Krycklan,Precipitation,64.233333,19.766667
2010-07-27,39.0,-7.2,-45.3,Krycklan,Precipitation,64.233333,19.766667
2010-07-28,5.0,-8.6,-53.9,Krycklan,Precipitation,64.233333,19.766667
2010-07-29,0.9,-7.6,-53.1,Krycklan,Precipitation,64.233333,19.766667
2010-07-30,9.8,-6.7,-42.4,Krycklan,Precipitation,64.233333,19.766667
2010-08-02,5.7,-7.4,-49.2,Krycklan,Precipitation,64.233333,19.766667
2010-08-03,4.5,-8.6,-60.4,Krycklan,Precipitation,64.233333,19.766667
2010-08-05,26.6,-13.0,-92.0,Krycklan,Precipitation,64.233333,19.766667
2010-08-09,10.4,-8.5,-56.9,Krycklan,Precipitation,64.233333,19.766667
2010-08-10,5.7,-9.7,-64.3,Krycklan,Precipitation,64.233333,19.766667
2010-08-16,1.0,-6.5,-42.5,Krycklan,Precipitation,64.233333,19.766667
2010-08-22,0.9,-9.2,-62.6,Krycklan,Precipitation,64.233333,19.766667
2010-08-24,8.8,-10.9,-73.4,Krycklan,Precipitation,64.233333,19.766667
2010-08-25,3.8,-13.4,-92.6,Krycklan,Precipitation,64.233333,19.766667
2010-08-26,3.9,-13.4,-90.9,Krycklan,Precipitation,64.233333,19.766667
2010-08-30,3.2,-14.5,-99.2,Krycklan,Precipitation,64.233333,19.766667
2010-09-02,1.3,-13.2,-97.3,Krycklan,Precipitation,64.233333,19.766667
2010-09-13,4.7,-9.5,-65.0,Krycklan,Precipitation,64.233333,19.766667
2010-09-15,2.7,-9.0,-61.7,Krycklan,Precipitation,64.233333,19.766667
2010-09-16,20.9,-14.9,-112.8,Krycklan,Precipitation,64.233333,19.766667
2010-09-17,13.8,-9.5,-60.5,Krycklan,Precipitation,64.233333,19.766667
2010-09-20,4.8,-11.5,-82.0,Krycklan,Precipitation,64.233333,19.766667
2010-09-23,6.8,-11.1,-78.6,Krycklan,Precipitation,64.233333,19.766667
2010-09-26,8.8,-17.3,-128.3,Krycklan,Precipitation,64.233333,19.766667
2010-10-14,7.6,-15.7,-111.8,Krycklan,Precipitation,64.233333,19.766667
2010-10-15,2.5,-19.7,-146.0,Krycklan,Precipitation,64.233333,19.766667
2010-10-21,13.6,-17.1,-124.0,Krycklan,Precipitation,64.233333,19.766667
2010-10-25,12.3,-18.9,-131.6,Krycklan,Precipitation,64.233333,19.766667
2010-10-26,0.2,-16.9,-122.2,Krycklan,Precipitation,64.233333,19.766667
2010-10-28,5.9,-12.1,-82.5,Krycklan,Precipitation,64.233333,19.766667
2010-11-01,4.8,-13.4,-99.5,Krycklan,Precipitation,64.233333,19.766667
2010-11-08,9.7,-14.1,-98.0,Krycklan,Precipitation,64.233333,19.766667
2010-11-10,2.5,-20.2,-144.4,Krycklan,Precipitation,64.233333,19.766667
2010-11-11,6.1,-20.8,-151.4,Krycklan,Precipitation,64.233333,19.766667
2010-11-15,1.4,-19.6,-139.8,Krycklan,Precipitation,64.233333,19.766667
2010-11-24,2.2,-14.2,-86.9,Krycklan,Precipitation,64.233333,19.766667
2010-11-26,3.3,-16.7,-98.8,Krycklan,Precipitation,64.233333,19.766667
2010-11-29,1.6,-17.2,-101.6,Krycklan,Precipitation,64.233333,19.766667
2010-12-06,3.1,-15.7,-102.6,Krycklan,Precipitation,64.233333,19.766667
2010-12-16,2.1,-22.7,-167.8,Krycklan,Precipitation,64.233333,19.766667
2010-12-17,14.7,-15.3,-108.2,Krycklan,Precipitation,64.233333,19.766667
2010-12-20,3.9,-17.2,-114.7,Krycklan,Precipitation,64.233333,19.766667
2010-12-21,1.8,-29.5,-218.5,Krycklan,Precipitation,64.233333,19.766667
2010-12-22,2.3,-31.6,-236.0,Krycklan,Precipitation,64.233333,19.766667
2010-12-31,1.3,-20.4,-142.3,Krycklan,Precipitation,64.233333,19.766667
2011-01-03,3.4,-19.1,-139.2,Krycklan,Precipitation,64.233333,19.766667
2011-01-07,6.1,-22.5,-167.2,Krycklan,Precipitation,64.233333,19.766667
2011-01-10,12.5,-16.3,-119.8,Krycklan,Precipitation,64.233333,19.766667
2011-01-11,1.5,-15.5,-113.1,Krycklan,Precipitation,64.233333,19.766667
2011-01-13,3.1,-28.1,-218.2,Krycklan,Precipitation,64.233333,19.766667
2011-01-17,8.1,-16.7,-123.2,Krycklan,Precipitation,64.233333,19.766667
2011-01-24,2.6,-18.7,-139.6,Krycklan,Precipitation,64.233333,19.766667
2011-01-25,1.5,-15.9,-122.0,Krycklan,Precipitation,64.233333,19.766667
2011-02-02,4.6,-17.6,-133.9,Krycklan,Precipitation,64.233333,19.766667
2011-02-03,3.6,-14.4,-105.0,Krycklan,Precipitation,64.233333,19.766667
2011-02-04,4.0,-20.3,-154.7,Krycklan,Precipitation,64.233333,19.766667
2011-02-07,3.6,-19.7,-144.0,Krycklan,Precipitation,64.233333,19.766667
2011-02-18,3.0,-28.4,-217.6,Krycklan,Precipitation,64.233333,19.766667
2011-02-21,1.3,-19.1,-145.0,Krycklan,Precipitation,64.233333,19.766667
2011-02-25,2.0,-17.8,-128.2,Krycklan,Precipitation,64.233333,19.766667
2011-03-10,1.8,-17.3,-129.6,Krycklan,Precipitation,64.233333,19.766667
2011-03-11,5.9,-20.7,-158.0,Krycklan,Precipitation,64.233333,19.766667
2011-03-14,1.6,-20.1,-157.0,Krycklan,Precipitation,64.233333,19.766667
2011-03-28,3.1,-20.1,-147.4,Krycklan,Precipitation,64.233333,19.766667
2011-04-04,6.4,-11.6,-80.7,Krycklan,Precipitation,64.233333,19.766667
2011-04-11,3.3,-5.7,-37.1,Krycklan,Precipitation,64.233333,19.766667
2011-05-09,2.5,-14.3,-116.0,Krycklan,Precipitation,64.233333,19.766667
2011-05-11,4.8,-5.5,-49.5,Krycklan,Precipitation,64.233333,19.766667
2011-05-16,8.7,-12.6,-88.4,Krycklan,Precipitation,64.233333,19.766667
2011-05-18,1.7,-10.1,-82.3,Krycklan,Precipitation,64.233333,19.766667
2011-05-19,3.5,-11.5,-85.0,Krycklan,Precipitation,64.233333,19.766667
2011-05-20,5.7,-10.9,-83.9,Krycklan,Precipitation,64.233333,19.766667
2011-05-23,3.8,-7.1,-51.2,Krycklan,Precipitation,64.233333,19.766667
2011-05-25,3.5,-8.4,-63.8,Krycklan,Precipitation,64.233333,19.766667
2011-05-27,1.7,-11.5,-90.6,Krycklan,Precipitation,64.233333,19.766667
2011-05-30,6.8,-10.8,-74.1,Krycklan,Precipitation,64.233333,19.766667
2011-06-01,7.9,-7.1,-47.5,Krycklan,Precipitation,64.233333,19.766667
2011-06-20,23.0,-15.0,-109.3,Krycklan,Precipitation,64.233333,19.766667
2011-06-22,6.9,-17.5,-137.8,Krycklan,Precipitation,64.233333,19.766667
2011-06-27,49.7,-11.6,-84.7,Krycklan,Precipitation,64.233333,19.766667
2011-07-04,0.3,-2.4,-31.5,Krycklan,Precipitation,64.233333,19.766667
2011-07-13,20.2,-11.3,-82.1,Krycklan,Precipitation,64.233333,19.766667
2011-07-18,4.5,-7.8,-67.1,Krycklan,Precipitation,64.233333,19.766667
2011-07-19,3.3,-5.6,-36.1,Krycklan,Precipitation,64.233333,19.766667
2011-07-25,13.9,-6.4,-39.6,Krycklan,Precipitation,64.233333,19.766667
2011-07-26,9.2,-8.7,-55.2,Krycklan,Precipitation,64.233333,19.766667
2011-07-27,0.2,-6.4,-48.2,Krycklan,Precipitation,64.233333,19.766667
2011-08-08,29.6,-11.8,-83.6,Krycklan,Precipitation,64.233333,19.766667
2011-08-09,1.5,-10.3,-71.8,Krycklan,Precipitation,64.233333,19.766667
2011-08-17,11.3,-10.7,-72.5,Krycklan,Precipitation,64.233333,19.766667
2011-08-20,6.2,-13.2,-101.7,Krycklan,Precipitation,64.233333,19.766667
2011-08-23,20.8,-8.9,-60.1,Krycklan,Precipitation,64.233333,19.766667
2011-08-26,2.1,-11.6,-80.1,Krycklan,Precipitation,64.233333,19.766667
2011-09-03,1.3,-11.7,-80.3,Krycklan,Precipitation,64.233333,19.766667
2011-09-05,1.3,-9.7,-66.7,Krycklan,Precipitation,64.233333,19.766667
2011-09-07,23.1,-9.4,-63.4,Krycklan,Precipitation,64.233333,19.766667
2011-09-08,22.5,-9.4,-65.7,Krycklan,Precipitation,64.233333,19.766667
2011-09-09,7.2,-10.9,-76.0,Krycklan,Precipitation,64.233333,19.766667
2011-09-13,5.0,-8.0,-54.4,Krycklan,Precipitation,64.233333,19.766667
2011-09-15,32.4,-10.0,-77.0,Krycklan,Precipitation,64.233333,19.766667
2011-09-20,7.8,-10.3,-67.1,Krycklan,Precipitation,64.233333,19.766667
2011-09-23,12.5,-15.0,-112.2,Krycklan,Precipitation,64.233333,19.766667
2011-09-28,10.9,-10.6,-79.9,Krycklan,Precipitation,64.233333,19.766667
2011-09-29,4.5,-10.3,-86.4,Krycklan,Precipitation,64.233333,19.766667
2011-10-07,15.3,-11.2,-82.8,Krycklan,Precipitation,64.233333,19.766667
2011-10-10,6.4,-16.6,-125.8,Krycklan,Precipitation,64.233333,19.766667
2011-10-19,20.9,-13.9,-105.6,Krycklan,Precipitation,64.233333,19.766667
2011-10-31,7.5,-11.5,-80.0,Krycklan,Precipitation,64.233333,19.766667
2011-11-07,5.1,-9.5,-63.2,Krycklan,Precipitation,64.233333,19.766667
2011-11-21,4.3,-16.9,-123.1,Krycklan,Precipitation,64.233333,19.766667
2011-11-24,1.7,-7.7,-48.0,Krycklan,Precipitation,64.233333,19.766667
2011-11-28,1.9,-11.8,-85.4,Krycklan,Precipitation,64.233333,19.766667
2011-11-30,10.5,-11.3,-80.6,Krycklan,Precipitation,64.233333,19.766667
2011-12-05,28.0,-15.1,-109.0,Krycklan,Precipitation,64.233333,19.766667
2011-12-12,22.7,-18.6,-137.1,Krycklan,Precipitation,64.233333,19.766667
2011-12-13,10.0,-16.7,-123.2,Krycklan,Precipitation,64.233333,19.766667
2011-12-15,10.0,-11.8,-82.9,Krycklan,Precipitation,64.233333,19.766667
2011-12-16,2.2,-13.9,-100.3,Krycklan,Precipitation,64.233333,19.766667
2011-12-19,12.0,-19.2,-146.6,Krycklan,Precipitation,64.233333,19.766667
2011-12-21,1.5,-17.8,-130.6,Krycklan,Precipitation,64.233333,19.766667
2011-12-26,7.4,-12.3,-92.3,Krycklan,Precipitation,64.233333,19.766667
2011-12-30,9.5,-14.8,-109.7,Krycklan,Precipitation,64.233333,19.766667
2012-01-03,21.3,-16.7,-130.0,Krycklan,Precipitation,64.233333,19.766667
2012-01-05,14.8,-14.7,-115.0,Krycklan,Precipitation,64.233333,19.766667
2012-01-09,5.1,-24.4,-185.6,Krycklan,Precipitation,64.233333,19.766667
2012-01-11,2.1,-18.6,-133.6,Krycklan,Precipitation,64.233333,19.766667
2012-01-16,2.7,-14.6,-107.7,Krycklan,Precipitation,64.233333,19.766667
2012-01-19,4.5,-17.8,-131.2,Krycklan,Precipitation,64.233333,19.766667
2012-01-20,2.8,-17.9,-131.4,Krycklan,Precipitation,64.233333,19.766667
2012-01-24,3.3,-17.2,-120.2,Krycklan,Precipitation,64.233333,19.766667
2012-02-01,1.5,-14.0,-86.9,Krycklan,Precipitation,64.233333,19.766667
2012-02-06,1.5,-23.1,-158.3,Krycklan,Precipitation,64.233333,19.766667
2012-02-07,6.9,-18.0,-134.3,Krycklan,Precipitation,64.233333,19.766667
2012-02-13,2.2,-15.3,-109.7,Krycklan,Precipitation,64.233333,19.766667
2012-02-14,2.3,-15.4,-113.6,Krycklan,Precipitation,64.233333,19.766667
2012-02-15,9.9,-22.8,-174.7,Krycklan,Precipitation,64.233333,19.766667
2012-02-17,4.3,-14.8,-109.2,Krycklan,Precipitation,64.233333,19.766667
2012-02-20,12.2,-12.2,-89.0,Krycklan,Precipitation,64.233333,19.766667
2012-02-23,9.7,-21.3,-162.0,Krycklan,Precipitation,64.233333,19.766667
2012-02-27,5.1,-13.6,-99.2,Krycklan,Precipitation,64.233333,19.766667
2012-02-28,7.1,-16.8,-129.0,Krycklan,Precipitation,64.233333,19.766667
2012-03-19,4.4,-11.7,-86.7,Krycklan,Precipitation,64.233333,19.766667
2012-03-21,3.9,-13.5,-98.3,Krycklan,Precipitation,64.233333,19.766667
2012-03-26,10.6,-15.7,-122.4,Krycklan,Precipitation,64.233333,19.766667
2012-04-11,8.5,-12.9,-95.0,Krycklan,Precipitation,64.233333,19.766667
2012-04-12,5.9,-9.7,-66.2,Krycklan,Precipitation,64.233333,19.766667
2012-04-18,9.6,-22.4,-167.7,Krycklan,Precipitation,64.233333,19.766667
2012-04-23,12.7,-16.2,-117.4,Krycklan,Precipitation,64.233333,19.766667
2012-04-24,7.5,-13.9,-103.0,Krycklan,Precipitation,64.233333,19.766667
2012-04-27,7.5,-14.9,-110.6,Krycklan,Precipitation,64.233333,19.766667
2012-05-07,22.0,-14.5,-105.0,Krycklan,Precipitation,64.233333,19.766667
2012-05-14,7.1,-12.1,-90.9,Krycklan,Precipitation,64.233333,19.766667
2012-05-18,1.7,-9.0,-61.6,Krycklan,Precipitation,64.233333,19.766667
2012-05-21,4.4,-8.7,-65.0,Krycklan,Precipitation,64.233333,19.766667
2012-06-04,20.5,-12.3,-86.4,Krycklan,Precipitation,64.233333,19.766667
2012-06-07,14.0,-17.0,-127.3,Krycklan,Precipitation,64.233333,19.766667
2012-06-11,15.9,-10.2,-72.6,Krycklan,Precipitation,64.233333,19.766667
2012-06-12,1.1,-8.6,-63.7,Krycklan,Precipitation,64.233333,19.766667
2012-06-18,3.6,-8.0,-62.3,Krycklan,Precipitation,64.233333,19.766667
2012-06-20,16.1,-12.9,-97.8,Krycklan,Precipitation,64.233333,19.766667
2012-06-27,8.3,-10.5,-78.0,Krycklan,Precipitation,64.233333,19.766667
2012-06-29,0.3,-7.2,-57.5,Krycklan,Precipitation,64.233333,19.766667
2012-07-02,21.7,-7.7,-53.0,Krycklan,Precipitation,64.233333,19.766667
2012-07-03,0.9,-6.9,-73.3,Krycklan,Precipitation,64.233333,19.766667
2012-07-09,8.6,-5.4,-39.4,Krycklan,Precipitation,64.233333,19.766667
2012-07-11,1.8,-9.6,-68.5,Krycklan,Precipitation,64.233333,19.766667
2012-07-13,7.5,-12.5,-92.2,Krycklan,Precipitation,64.233333,19.766667
2012-07-16,16.0,-11.2,-82.9,Krycklan,Precipitation,64.233333,19.766667
2012-07-20,2.9,-8.7,-69.5,Krycklan,Precipitation,64.233333,19.766667
2012-07-23,2.6,-11.2,-90.0,Krycklan,Precipitation,64.233333,19.766667
2012-08-01,2.1,-8.5,-60.5,Krycklan,Precipitation,64.233333,19.766667
2012-08-02,17.6,-11.9,-83.5,Krycklan,Precipitation,64.233333,19.766667
2012-08-03,6.3,-11.6,-76.2,Krycklan,Precipitation,64.233333,19.766667
2012-08-06,3.8,-6.2,-48.8,Krycklan,Precipitation,64.233333,19.766667
2012-08-10,11.8,-12.1,-82.8,Krycklan,Precipitation,64.233333,19.766667
2012-08-20,1.5,-4.8,-40.7,Krycklan,Precipitation,64.233333,19.766667
2012-08-24,1.2,-8.8,-61.2,Krycklan,Precipitation,64.233333,19.766667
2012-08-27,31.1,-13.1,-93.4,Krycklan,Precipitation,64.233333,19.766667
2012-08-28,29.1,-14.1,-100.2,Krycklan,Precipitation,64.233333,19.766667
2012-08-31,4.3,-7.9,-49.8,Krycklan,Precipitation,64.233333,19.766667
2012-09-02,8.7,-10.7,-73.0,Krycklan,Precipitation,64.233333,19.766667
2012-09-03,1.7,-10.8,-70.0,Krycklan,Precipitation,64.233333,19.766667
2012-09-06,7.0,-7.9,-63.2,Krycklan,Precipitation,64.233333,19.766667
2012-09-10,0.2,-10.2,-88.1,Krycklan,Precipitation,64.233333,19.766667
2012-09-12,5.0,-6.9,-45.7,Krycklan,Precipitation,64.233333,19.766667
2012-09-14,2.0,-11.1,-80.7,Krycklan,Precipitation,64.233333,19.766667
2012-09-17,4.1,-8.7,-64.5,Krycklan,Precipitation,64.233333,19.766667
2012-09-18,9.9,-10.3,-73.1,Krycklan,Precipitation,64.233333,19.766667
2012-09-20,0.4,-9.0,-61.2,Krycklan,Precipitation,64.233333,19.766667
2012-09-21,1.4,-11.9,-88.4,Krycklan,Precipitation,64.233333,19.766667
2012-09-27,20.8,-16.0,-117.4,Krycklan,Precipitation,64.233333,19.766667
2012-10-01,5.0,-10.8,-74.8,Krycklan,Precipitation,64.233333,19.766667
2012-10-02,4.4,-8.5,-58.3,Krycklan,Precipitation,64.233333,19.766667
2012-10-04,9.9,-7.4,-47.5,Krycklan,Precipitation,64.233333,19.766667
2012-10-08,38.4,-18.5,-139.0,Krycklan,Precipitation,64.233333,19.766667
2012-10-09,1.2,-17.6,-130.9,Krycklan,Precipitation,64.233333,19.766667
2012-10-12,0.7,-15.8,-118.0,Krycklan,Precipitation,64.233333,19.766667
2012-10-15,9.2,-16.4,-120.0,Krycklan,Precipitation,64.233333,19.766667
2012-10-16,7.3,-21.1,-157.3,Krycklan,Precipitation,64.233333,19.766667
2012-10-17,1.7,-16.6,-120.0,Krycklan,Precipitation,64.233333,19.766667
2012-10-18,5.3,-13.7,-93.3,Krycklan,Precipitation,64.233333,19.766667
2012-10-19,5.0,-13.8,-99.1,Krycklan,Precipitation,64.233333,19.766667
2012-10-26,0.9,-15.1,-110.1,Krycklan,Precipitation,64.233333,19.766667
2012-10-29,2.6,-18.3,-128.0,Krycklan,Precipitation,64.233333,19.766667
2012-10-30,8.5,-21.4,-158.2,Krycklan,Precipitation,64.233333,19.766667
2012-10-31,11.6,-14.8,-102.8,Krycklan,Precipitation,64.233333,19.766667
2012-11-05,8.2,-13.5,-92.9,Krycklan,Precipitation,64.233333,19.766667
2012-11-07,1.7,-17.1,-119.3,Krycklan,Precipitation,64.233333,19.766667
2012-11-12,19.3,-13.5,-103.2,Krycklan,Precipitation,64.233333,19.766667
2012-11-14,0.7,-10.0,-86.7,Krycklan,Precipitation,64.233333,19.766667
2012-11-19,2.5,-10.7,-75.4,Krycklan,Precipitation,64.233333,19.766667
2012-11-22,1.3,-8.2,-61.2,Krycklan,Precipitation,64.233333,19.766667
2012-11-26,5.2,-11.7,-93.7,Krycklan,Precipitation,64.233333,19.766667
2012-11-29,0.1,-12.3,-82.3,Krycklan,Precipitation,64.233333,19.766667
2012-12-03,7.8,-22.2,-154.2,Krycklan,Precipitation,64.233333,19.766667
2012-12-05,1.1,-25.5,-181.5,Krycklan,Precipitation,64.233333,19.766667
2012-12-06,0.6,-21.1,-149.3,Krycklan,Precipitation,64.233333,19.766667
2012-12-07,0.5,-21.1,-150.8,Krycklan,Precipitation,64.233333,19.766667
2012-12-10,10.8,-22.5,-171.4,Krycklan,Precipitation,64.233333,19.766667
2012-12-12,3.6,-28.3,-209.8,Krycklan,Precipitation,64.233333,19.766667
2012-12-13,1.5,-19.7,-138.9,Krycklan,Precipitation,64.233333,19.766667
2012-12-14,8.1,-23.0,-168.4,Krycklan,Precipitation,64.233333,19.766667
2012-12-17,9.0,-24.5,-178.9,Krycklan,Precipitation,64.233333,19.766667
2012-12-18,0.6,-24.6,-183.9,Krycklan,Precipitation,64.233333,19.766667
2012-12-19,0.6,-20.1,-138.3,Krycklan,Precipitation,64.233333,19.766667
2012-12-20,1.5,-19.2,-134.6,Krycklan,Precipitation,64.233333,19.766667
2012-12-23,3.8,-18.5,-126.3,Krycklan,Precipitation,64.233333,19.766667
2012-12-27,9.8,-17.6,-127.7,Krycklan,Precipitation,64.233333,19.766667
2012-12-31,17.6,-12.3,-90.3,Krycklan,Precipitation,64.233333,19.766667
2013-01-02,3.6,-12.65703112,-101.3957009,Krycklan,Precipitation,64.233333,19.766667
2013-01-07,5.0,-14.51989662,-108.0140548,Krycklan,Precipitation,64.233333,19.766667
2013-01-08,4.7,-14.71955224,-114.8309706,Krycklan,Precipitation,64.233333,19.766667
2013-01-10,0.7,-14.12605439,-103.8259277,Krycklan,Precipitation,64.233333,19.766667
2013-01-11,0.4,-14.26175998,-104.158611,Krycklan,Precipitation,64.233333,19.766667
2013-01-21,1.8,-15.94492828,-112.7628735,Krycklan,Precipitation,64.233333,19.766667
2013-01-23,0.3,-11.71660045,-67.26346397,Krycklan,Precipitation,64.233333,19.766667
2013-01-28,2.5,-14.77994521,-110.4688826,Krycklan,Precipitation,64.233333,19.766667
2013-01-29,2.5,-16.85524177,-124.4683141,Krycklan,Precipitation,64.233333,19.766667
2013-01-30,1.5,-9.864130233,-70.97055351,Krycklan,Precipitation,64.233333,19.766667
2013-01-31,8.7,-17.50530504,-139.1024457,Krycklan,Precipitation,64.233333,19.766667
2013-02-01,2.1,-18.01107288,-138.9939899,Krycklan,Precipitation,64.233333,19.766667
2013-02-04,1.3,-14.7339681,-107.7413983,Krycklan,Precipitation,64.233333,19.766667
2013-02-05,9.0,-12.51203356,-92.49092617,Krycklan,Precipitation,64.233333,19.766667
2013-02-06,1.7,-13.65920105,-100.7832272,Krycklan,Precipitation,64.233333,19.766667
2013-02-11,1.7,-16.69674414,-122.0792402,Krycklan,Precipitation,64.233333,19.766667
2013-02-13,0.5,-16.1218522,-115.8737075,Krycklan,Precipitation,64.233333,19.766667
2013-02-14,1.7,-14.36478005,-105.104,Krycklan,Precipitation,64.233333,19.766667
2013-02-15,0.7,-11.94763091,-87.85848801,Krycklan,Precipitation,64.233333,19.766667
2013-02-18,2.1,-17.4716836,-134.2278317,Krycklan,Precipitation,64.233333,19.766667
2013-02-20,0.5,-17.44175738,-123.8208151,Krycklan,Precipitation,64.233333,19.766667
2013-03-01,3.8,-13.86836113,-107.0369769,Krycklan,Precipitation,64.233333,19.766667
2013-03-04,13.5,-19.26992171,-147.2347441,Krycklan,Precipitation,64.233333,19.766667
2013-03-05,0.4,-17.01153217,-122.6203491,Krycklan,Precipitation,64.233333,19.766667
2013-04-19,3.4,-12.226054,-93.01872841,Krycklan,Precipitation,64.233333,19.766667
2013-04-22,0.5,-8.927696883,-62.58306164,Krycklan,Precipitation,64.233333,19.766667
2013-04-24,0.8,-7.590897097,-54.22590975,Krycklan,Precipitation,64.233333,19.766667
2013-04-25,0.8,-12.6508197,-94.70919108,Krycklan,Precipitation,64.233333,19.766667
2013-04-29,8.6,-12.87228438,-96.89492458,Krycklan,Precipitation,64.233333,19.766667
2013-05-02,3.7,-10.64327876,-84.61821735,Krycklan,Precipitation,64.233333,19.766667
2013-05-03,0.5,-11.46732396,-88.72826926,Krycklan,Precipitation,64.233333,19.766667
2013-05-10,14.6,-10.28896975,-77.2083637,Krycklan,Precipitation,64.233333,19.766667
2013-05-12,5.3,-9.28153821,-68.53373147,Krycklan,Precipitation,64.233333,19.766667
2013-05-15,6.6,-12.23889821,-94.33959774,Krycklan,Precipitation,64.233333,19.766667
2013-06-03,2.2,-7.172621362,-48.90326528,Krycklan,Precipitation,64.233333,19.766667
2013-06-11,6.1,-8.932147836,-69.46536885,Krycklan,Precipitation,64.233333,19.766667
2013-06-13,12.7,-10.09123473,-68.17888553,Krycklan,Precipitation,64.233333,19.766667
2013-06-14,10.8,-12.22945838,-89.48578702,Krycklan,Precipitation,64.233333,19.766667
2013-06-16,5.8,-10.38972213,-85.81057724,Krycklan,Precipitation,64.233333,19.766667
2013-06-17,2.7,-8.167371902,-69.70637724,Krycklan,Precipitation,64.233333,19.766667
2013-06-18,3.3,-10.81754088,-81.70591927,Krycklan,Precipitation,64.233333,19.766667
2013-06-20,4.2,-8.675907078,-67.40510216,Krycklan,Precipitation,64.233333,19.766667
2013-06-23,6.1,-6.141862924,-42.44225781,Krycklan,Precipitation,64.233333,19.766667
2013-06-27,5.8,-7.055670465,-51.63730444,Krycklan,Precipitation,64.233333,19.766667
2013-06-27,16.8,-6.772319398,-49.73593756,Krycklan,Precipitation,64.233333,19.766667
2013-07-02,34.3,-14.74097203,-110.8809331,Krycklan,Precipitation,64.233333,19.766667
2013-07-03,21.6,-16.4559938,-127.5363846,Krycklan,Precipitation,64.233333,19.766667
2013-07-08,5.1,-4.494572196,-46.06959788,Krycklan,Precipitation,64.233333,19.766667
2013-07-10,2.0,-8.020717105,-66.34072841,Krycklan,Precipitation,64.233333,19.766667
2013-07-11,1.2,-9.918876348,-83.47417523,Krycklan,Precipitation,64.233333,19.766667
2013-07-15,4.2,-8.620350163,-72.02602382,Krycklan,Precipitation,64.233333,19.766667
2013-07-16,8.0,-15.39276207,-118.2567726,Krycklan,Precipitation,64.233333,19.766667
2013-07-17,1.0,-9.756603556,-88.92555514,Krycklan,Precipitation,64.233333,19.766667
2013-07-22,4.0,-7.389969713,-72.67588616,Krycklan,Precipitation,64.233333,19.766667
2013-07-29,5.0,-8.555222591,-63.57566266,Krycklan,Precipitation,64.233333,19.766667
2013-07-30,0.4,-6.681129269,-46.69506261,Krycklan,Precipitation,64.233333,19.766667
2013-07-31,27.1,-7.129473934,-44.82627968,Krycklan,Precipitation,64.233333,19.766667
2013-08-07,1.0,-6.589039696,-42.40196914,Krycklan,Precipitation,64.233333,19.766667
2013-08-09,4.6,-1.629788596,-32.05985714,Krycklan,Precipitation,64.233333,19.766667
2013-08-12,6.2,-9.143055354,-71.88713454,Krycklan,Precipitation,64.233333,19.766667
2013-08-13,5.2,-12.00451641,-86.87478293,Krycklan,Precipitation,64.233333,19.766667
2013-08-15,1.1,-10.87927425,-85.31441356,Krycklan,Precipitation,64.233333,19.766667
2013-08-19,17.0,-8.89287827,-68.30008301,Krycklan,Precipitation,64.233333,19.766667
2013-09-02,44.3,-10.19337701,-70.820802,Krycklan,Precipitation,64.233333,19.766667
2013-09-17,3.0,-9.834173088,-65.52205544,Krycklan,Precipitation,64.233333,19.766667
2013-09-19,17.4,-10.61045716,-75.03889857,Krycklan,Precipitation,64.233333,19.766667
2013-09-20,11.2,-12.12682297,-84.14057366,Krycklan,Precipitation,64.233333,19.766667
2013-09-22,14.6,-12.07048238,-86.50018434,Krycklan,Precipitation,64.233333,19.766667
2013-09-23,4.1,-15.8620978,-118.826848,Krycklan,Precipitation,64.233333,19.766667
2013-09-24,1.2,-11.77279463,-82.54048294,Krycklan,Precipitation,64.233333,19.766667
2013-09-26,0.6,-14.32227733,-100.8200102,Krycklan,Precipitation,64.233333,19.766667
2013-09-27,12.5,-19.18013237,-145.628837,Krycklan,Precipitation,64.233333,19.766667
2013-09-30,0.6,-14.43702171,-108.4713194,Krycklan,Precipitation,64.233333,19.766667
2013-10-07,0.5,-9.451298917,-70.86895631,Krycklan,Precipitation,64.233333,19.766667
2013-10-09,6.2,-9.77813934,-73.12622999,Krycklan,Precipitation,64.233333,19.766667
2013-10-10,0.4,-12.00079283,-84.52310797,Krycklan,Precipitation,64.233333,19.766667
2013-10-23,13.7,-14.03591093,-106.6848565,Krycklan,Precipitation,64.233333,19.766667
2013-10-24,12.0,-8.913301308,-67.29449144,Krycklan,Precipitation,64.233333,19.766667
2013-10-25,5.8,-11.02463801,-85.03153765,Krycklan,Precipitation,64.233333,19.766667
2013-10-28,12.0,-8.805543652,-64.93864893,Krycklan,Precipitation,64.233333,19.766667
2013-11-04,11.4,-13.32787144,-99.49148503,Krycklan,Precipitation,64.233333,19.766667
2013-11-06,2.7,-23.97973801,-186.5065033,Krycklan,Precipitation,64.233333,19.766667
2013-11-08,1.1,-13.38479941,-93.12924078,Krycklan,Precipitation,64.233333,19.766667
2013-11-11,6.6,-13.91723669,-100.4191621,Krycklan,Precipitation,64.233333,19.766667
2013-11-12,0.9,-16.33830023,-118.5358498,Krycklan,Precipitation,64.233333,19.766667
2013-11-14,0.4,-12.24270552,-76.13297811,Krycklan,Precipitation,64.233333,19.766667
2013-11-15,2.5,-15.3117709,-113.5615284,Krycklan,Precipitation,64.233333,19.766667
2013-11-18,2.0,-15.2161609,-122.4967048,Krycklan,Precipitation,64.233333,19.766667
2013-11-19,2.0,-17.09058365,-131.1317383,Krycklan,Precipitation,64.233333,19.766667
2013-11-25,1.9,-10.64907256,-62.29415093,Krycklan,Precipitation,64.233333,19.766667
2013-11-27,2.9,-13.93640196,-104.9025767,Krycklan,Precipitation,64.233333,19.766667
2013-12-02,6.9,-15.87274296,-120.0846789,Krycklan,Precipitation,64.233333,19.766667
2013-12-02,3.0,-12.6569844,-93.5973728,Krycklan,Precipitation,64.233333,19.766667
2013-12-05,1.1,-21.04374884,-154.113359,Krycklan,Precipitation,64.233333,19.766667
2013-12-10,2.8,-22.90483878,-178.3909953,Krycklan,Precipitation,64.233333,19.766667
2013-12-11,1.9,-14.71787851,-114.8520722,Krycklan,Precipitation,64.233333,19.766667
2013-12-13,9.1,-12.98189486,-104.1841504,Krycklan,Precipitation,64.233333,19.766667
2013-12-16,7.8,-13.66984062,-102.6622346,Krycklan,Precipitation,64.233333,19.766667
2013-12-17,1.3,-11.87943843,-88.37867148,Krycklan,Precipitation,64.233333,19.766667
2013-12-20,7.0,-14.78519518,-114.0709003,Krycklan,Precipitation,64.233333,19.766667
2013-12-23,8.8,-14.85816386,-119.0195083,Krycklan,Precipitation,64.233333,19.766667
2013-12-27,12.9,-17.80722514,-141.373002,Krycklan,Precipitation,64.233333,19.766667
2013-12-30,5.0,-13.0014784,-108.9009997,Krycklan,Precipitation,64.233333,19.766667
2014-01-02,5.6,-12.7181686,-95.34422857,Krycklan,Precipitation,64.233333,19.766667
2014-01-03,4.4,-9.639661908,-70.03251956,Krycklan,Precipitation,64.233333,19.766667
2014-01-07,12.9,-11.0507541,-81.25292806,Krycklan,Precipitation,64.233333,19.766667
2014-01-08,1.6,-8.930356801,-65.29132941,Krycklan,Precipitation,64.233333,19.766667
2014-01-10,1.2,-15.42708571,-117.2585267,Krycklan,Precipitation,64.233333,19.766667
2014-01-13,2.3,-22.03758044,-166.0242503,Krycklan,Precipitation,64.233333,19.766667
2014-01-17,0.6,-19.70000589,-129.317031,Krycklan,Precipitation,64.233333,19.766667
2014-01-20,1.1,-17.5338618,-114.462075,Krycklan,Precipitation,64.233333,19.766667
2014-01-27,0.1,-15.63467541,-95.23629075,Krycklan,Precipitation,64.233333,19.766667
2014-01-28,0.6,-16.88333473,-103.3791321,Krycklan,Precipitation,64.233333,19.766667
2014-01-31,0.9,-13.05940579,-77.30078491,Krycklan,Precipitation,64.233333,19.766667
2014-02-03,9.8,-16.4587808,-121.1689884,Krycklan,Precipitation,64.233333,19.766667
2014-02-04,0.1,-12.31794668,-82.36616925,Krycklan,Precipitation,64.233333,19.766667
2014-02-06,3.5,-10.03498238,-67.45095467,Krycklan,Precipitation,64.233333,19.766667
2014-02-07,0.5,-13.09595804,-89.6400263,Krycklan,Precipitation,64.233333,19.766667
2014-02-10,13.4,-13.77240066,-105.6541287,Krycklan,Precipitation,64.233333,19.766667
2014-02-12,5.2,-9.607081269,-68.59637905,Krycklan,Precipitation,64.233333,19.766667
2014-02-13,2.6,-18.55912509,-141.9801191,Krycklan,Precipitation,64.233333,19.766667
2014-02-17,17.1,-11.89681863,-87.13268914,Krycklan,Precipitation,64.233333,19.766667
2014-02-18,0.4,-11.16448115,-85.44497004,Krycklan,Precipitation,64.233333,19.766667
2014-02-20,0.8,-14.16705257,-105.7928377,Krycklan,Precipitation,64.233333,19.766667
2014-02-21,0.7,-19.13243969,-143.6661476,Krycklan,Precipitation,64.233333,19.766667
2014-02-24,8.6,-17.83075243,-140.4664222,Krycklan,Precipitation,64.233333,19.766667
2014-02-27,1.5,-10.26459251,-72.03104423,Krycklan,Precipitation,64.233333,19.766667
2014-03-03,5.3,-12.15285111,-86.46618174,Krycklan,Precipitation,64.233333,19.766667
2014-03-05,1.3,-9.72808903,-72.83427542,Krycklan,Precipitation,64.233333,19.766667
2014-03-07,0.3,-12.74917259,-97.35339867,Krycklan,Precipitation,64.233333,19.766667
2014-03-10,5.4,-8.505339917,-65.72182852,Krycklan,Precipitation,64.233333,19.766667
2014-03-13,1.0,-8.20261359,-68.45786843,Krycklan,Precipitation,64.233333,19.766667
2014-03-17,0.4,-13.8628493,-94.33926694,Krycklan,Precipitation,64.233333,19.766667
2014-03-18,1.1,-12.02221351,-70.59524205,Krycklan,Precipitation,64.233333,19.766667
2014-03-20,0.4,-25.12004177,-192.0578023,Krycklan,Precipitation,64.233333,19.766667
2014-03-21,10.2,-17.51946841,-136.1824821,Krycklan,Precipitation,64.233333,19.766667
2014-03-24,0.8,-11.85314127,-87.8305568,Krycklan,Precipitation,64.233333,19.766667
2014-04-11,1.8,-17.58541527,-134.7434607,Krycklan,Precipitation,64.233333,19.766667
2014-04-14,1.8,-15.83403542,-125.7972936,Krycklan,Precipitation,64.233333,19.766667
2014-04-15,0.2,-11.74826812,-104.5501302,Krycklan,Precipitation,64.233333,19.766667
2014-04-22,1.0,-3.455066576,-45.42045504,Krycklan,Precipitation,64.233333,19.766667
2014-05-02,1.2,-13.66726621,-106.1322617,Krycklan,Precipitation,64.233333,19.766667
2014-05-12,9.5,-14.88475585,-118.0408121,Krycklan,Precipitation,64.233333,19.766667
2014-05-14,0.3,-8.252549233,-85.58443108,Krycklan,Precipitation,64.233333,19.766667
2014-05-22,2.4,-2.358925144,-27.52626675,Krycklan,Precipitation,64.233333,19.766667
2014-05-23,0.5,-3.442497737,-31.27405816,Krycklan,Precipitation,64.233333,19.766667
2014-05-26,27.3,-5.79290501,-38.62137296,Krycklan,Precipitation,64.233333,19.766667
2014-05-27,4.3,-8.71967308,-58.86565434,Krycklan,Precipitation,64.233333,19.766667
2014-05-30,1.0,-12.92605128,-97.76940926,Krycklan,Precipitation,64.233333,19.766667
2014-06-02,9.5,-10.51560884,-84.10815866,Krycklan,Precipitation,64.233333,19.766667
2014-06-09,5.1,-6.242483107,-48.02503896,Krycklan,Precipitation,64.233333,19.766667
2014-06-11,1.1,-6.176814534,-44.61845388,Krycklan,Precipitation,64.233333,19.766667
2014-06-12,5.1,-5.661516167,-35.7648762,Krycklan,Precipitation,64.233333,19.766667
2014-06-13,0.6,-6.335228582,-53.83443117,Krycklan,Precipitation,64.233333,19.766667
2014-06-17,1.5,-13.30869226,-104.5225738,Krycklan,Precipitation,64.233333,19.766667
2014-06-18,0.9,-11.85650458,-100.1071717,Krycklan,Precipitation,64.233333,19.766667
2014-06-19,2.0,-9.757372892,-79.8768751,Krycklan,Precipitation,64.233333,19.766667
2014-06-23,25.5,-12.62415994,-94.7719746,Krycklan,Precipitation,64.233333,19.766667
2014-06-24,0.2,-8.808215262,-80.17219098,Krycklan,Precipitation,64.233333,19.766667
2014-07-03,9.1,-14.05545956,-106.5216717,Krycklan,Precipitation,64.233333,19.766667
2014-07-09,0.6,-9.957974163,-81.19352106,Krycklan,Precipitation,64.233333,19.766667
2014-07-15,5.0,-5.748902907,-39.2489798,Krycklan,Precipitation,64.233333,19.766667
2014-07-17,26.6,-11.91846169,-87.11921453,Krycklan,Precipitation,64.233333,19.766667
2014-07-20,20.2,-9.045899536,-67.92011744,Krycklan,Precipitation,64.233333,19.766667
2014-07-29,0.1,-5.187598944,-42.94728597,Krycklan,Precipitation,64.233333,19.766667
2014-08-04,20.0,-9.686612178,-75.78871353,Krycklan,Precipitation,64.233333,19.766667
2014-08-08,0.7,-5.539651477,-43.86009229,Krycklan,Precipitation,64.233333,19.766667
2014-08-11,12.2,-9.77221024,-77.7039896,Krycklan,Precipitation,64.233333,19.766667
2014-08-12,7.6,-9.482889457,-65.00558854,Krycklan,Precipitation,64.233333,19.766667
2014-08-18,1.1,-9.467867675,-62.30663134,Krycklan,Precipitation,64.233333,19.766667
2014-08-19,48.0,-14.21600619,-100.62783,Krycklan,Precipitation,64.233333,19.766667
2014-08-20,6.5,-13.48553925,-96.04160587,Krycklan,Precipitation,64.233333,19.766667
2014-08-21,8.9,-14.4137528,-104.4627787,Krycklan,Precipitation,64.233333,19.766667
2014-08-22,1.7,-14.29789258,-105.4970507,Krycklan,Precipitation,64.233333,19.766667
2014-08-25,26.0,-13.2236031,-93.56784575,Krycklan,Precipitation,64.233333,19.766667
2014-08-26,0.8,-10.48653218,-70.61053796,Krycklan,Precipitation,64.233333,19.766667
2014-08-28,1.6,-11.32417463,-82.35332083,Krycklan,Precipitation,64.233333,19.766667
2014-09-12,0.6,-7.079473309,-59.30515617,Krycklan,Precipitation,64.233333,19.766667
2014-09-22,1.0,-10.08270328,-73.86051361,Krycklan,Precipitation,64.233333,19.766667
2014-09-29,7.9,-9.3452469,-72.1705737,Krycklan,Precipitation,64.233333,19.766667
2014-10-02,0.7,-8.284948312,-64.3681994,Krycklan,Precipitation,64.233333,19.766667
2014-10-06,1.2,-7.359885499,-48.37321958,Krycklan,Precipitation,64.233333,19.766667
2014-10-08,2.7,-15.12824291,-106.4337085,Krycklan,Precipitation,64.233333,19.766667
2014-10-09,21.0,-15.17208082,-107.3856552,Krycklan,Precipitation,64.233333,19.766667
2014-10-10,16.1,-14.61565614,-105.1342414,Krycklan,Precipitation,64.233333,19.766667
2014-10-14,1.3,-13.57969505,-97.43852197,Krycklan,Precipitation,64.233333,19.766667
2014-10-20,10.4,-16.00021094,-114.7444605,Krycklan,Precipitation,64.233333,19.766667
2014-10-24,14.2,-15.74797705,-106.7009324,Krycklan,Precipitation,64.233333,19.766667
2014-10-27,15.7,-10.45759596,-74.46159576,Krycklan,Precipitation,64.233333,19.766667
2014-11-03,16.8,-11.37080822,-78.27985551,Krycklan,Precipitation,64.233333,19.766667
2014-11-05,1.0,-21.50615513,-165.5988411,Krycklan,Precipitation,64.233333,19.766667
2014-11-10,0.3,-12.73039711,-88.15368863,Krycklan,Precipitation,64.233333,19.766667
2014-11-11,3.3,-15.37164718,-114.993159,Krycklan,Precipitation,64.233333,19.766667
2014-11-24,8.7,-15.81553872,-114.9315184,Krycklan,Precipitation,64.233333,19.766667
2014-11-25,7.5,-12.6367438,-88.29234345,Krycklan,Precipitation,64.233333,19.766667
2014-12-05,0.5,-10.83796033,-73.06470163,Krycklan,Precipitation,64.233333,19.766667
2014-12-08,2.7,-13.69693545,-92.71881811,Krycklan,Precipitation,64.233333,19.766667
2014-12-10,7.0,-15.63902669,-115.0340988,Krycklan,Precipitation,64.233333,19.766667
2014-12-11,10.8,-10.99822884,-76.86057306,Krycklan,Precipitation,64.233333,19.766667
2014-12-12,2.1,-8.162415728,-47.31677267,Krycklan,Precipitation,64.233333,19.766667
2014-12-15,11.1,-13.3035663,-91.43097352,Krycklan,Precipitation,64.233333,19.766667
2014-12-16,3.2,-14.98703935,-110.5909316,Krycklan,Precipitation,64.233333,19.766667
2014-12-19,4.6,-13.80084756,-95.12274971,Krycklan,Precipitation,64.233333,19.766667
2014-12-22,1.4,-15.6435118,-106.6886442,Krycklan,Precipitation,64.233333,19.766667
2014-12-29,2.8,-17.4166086,-115.4835386,Krycklan,Precipitation,64.233333,19.766667
2014-12-30,3.0,-22.62468926,-175.8792247,Krycklan,Precipitation,64.233333,19.766667
2014-12-31,3.0,-11.94345702,-91.64243473,Krycklan,Precipitation,64.233333,19.766667
2015-01-02,3.2,-18.80318151,-143.5982014,Krycklan,Precipitation,64.233333,19.766667
2015-01-07,16.1,-18.2296513,-136.8457465,Krycklan,Precipitation,64.233333,19.766667
2015-01-08,3.8,-19.87688506,-149.821118,Krycklan,Precipitation,64.233333,19.766667
2015-01-09,3.9,-17.85780913,-133.5853427,Krycklan,Precipitation,64.233333,19.766667
2015-01-12,3.5,-20.69700681,-147.5255342,Krycklan,Precipitation,64.233333,19.766667
2015-01-13,2.6,-27.1211569,-205.9424311,Krycklan,Precipitation,64.233333,19.766667
2015-01-14,2.6,-14.41754283,-98.4465916,Krycklan,Precipitation,64.233333,19.766667
2015-01-16,5.6,-16.73467802,-123.4954374,Krycklan,Precipitation,64.233333,19.766667
2015-01-19,1.4,-12.93238089,-91.62521342,Krycklan,Precipitation,64.233333,19.766667
2015-01-23,1.5,-19.49844727,-137.8662414,Krycklan,Precipitation,64.233333,19.766667
2015-01-26,6.8,-15.08895637,-112.0280893,Krycklan,Precipitation,64.233333,19.766667
2015-01-27,1.9,-17.27609018,-134.9345078,Krycklan,Precipitation,64.233333,19.766667
2015-01-28,2.4,-16.67782871,-130.9578317,Krycklan,Precipitation,64.233333,19.766667
2015-01-29,6.2,-17.25596437,-131.9193293,Krycklan,Precipitation,64.233333,19.766667
2015-01-30,15.5,-13.80989922,-101.283522,Krycklan,Precipitation,64.233333,19.766667
2015-02-02,15.8,-17.6356242,-131.3595695,Krycklan,Precipitation,64.233333,19.766667
2015-02-03,1.1,-20.72172347,-152.5909214,Krycklan,Precipitation,64.233333,19.766667
2015-02-04,2.2,-21.26576497,-159.6497263,Krycklan,Precipitation,64.233333,19.766667
2015-02-05,1.4,-16.82141634,-122.8906282,Krycklan,Precipitation,64.233333,19.766667
2015-02-09,2.3,-15.79771729,-115.8336677,Krycklan,Precipitation,64.233333,19.766667
2015-02-16,0.7,-21.25715851,-160.0276203,Krycklan,Precipitation,64.233333,19.766667
2015-02-19,1.4,-16.41456148,-125.555633,Krycklan,Precipitation,64.233333,19.766667
2015-02-24,6.3,-14.28071871,-107.1377837,Krycklan,Precipitation,64.233333,19.766667
2015-02-27,0.9,-10.69485894,-73.2517367,Krycklan,Precipitation,64.233333,19.766667
2015-03-02,7.6,-10.37826334,-78.49931071,Krycklan,Precipitation,64.233333,19.766667
2015-03-03,0.8,-8.436401153,-60.00525909,Krycklan,Precipitation,64.233333,19.766667
2015-03-09,0.4,-9.43110489,-74.85078043,Krycklan,Precipitation,64.233333,19.766667
2015-03-09,0.8,-14.90722227,-116.0291116,Krycklan,Precipitation,64.233333,19.766667
2015-03-10,1.4,-12.33658497,-93.04086266,Krycklan,Precipitation,64.233333,19.766667
2015-03-23,5.4,-18.0993549,-145.9350826,Krycklan,Precipitation,64.233333,19.766667
2015-03-24,1.9,-17.22759932,-135.4133205,Krycklan,Precipitation,64.233333,19.766667
2015-03-30,16.4,-17.50673237,-134.2415818,Krycklan,Precipitation,64.233333,19.766667
2015-03-31,10.3,-23.86409378,-188.7399865,Krycklan,Precipitation,64.233333,19.766667
2015-04-01,2.8,-26.34060862,-206.1839281,Krycklan,Precipitation,64.233333,19.766667
2015-04-07,1.0,-13.4818297,-106.7818559,Krycklan,Precipitation,64.233333,19.766667
2015-04-13,13.6,-11.76036318,-86.10657477,Krycklan,Precipitation,64.233333,19.766667
2015-04-14,7.7,-13.147737,-97.22567324,Krycklan,Precipitation,64.233333,19.766667
2015-04-15,0.6,-9.708047708,-64.03772466,Krycklan,Precipitation,64.233333,19.766667
2015-04-16,3.5,-17.54948568,-132.6615243,Krycklan,Precipitation,64.233333,19.766667
2015-04-17,0.1,-10.79241886,-83.67894749,Krycklan,Precipitation,64.233333,19.766667
2015-04-23,5.3,-15.99517041,-122.1754525,Krycklan,Precipitation,64.233333,19.766667
2015-04-27,5.8,-11.53588638,-84.05607541,Krycklan,Precipitation,64.233333,19.766667
2015-05-04,2.7,-6.856566886,-47.85360711,Krycklan,Precipitation,64.233333,19.766667
2015-05-05,0.4,-8.43954351,-63.57854176,Krycklan,Precipitation,64.233333,19.766667
2015-05-07,7.2,-10.6273968,-77.53266104,Krycklan,Precipitation,64.233333,19.766667
2015-05-11,0.5,-8.093829743,-73.41877684,Krycklan,Precipitation,64.233333,19.766667
2015-05-12,1.0,-5.691953979,-41.1590279,Krycklan,Precipitation,64.233333,19.766667
2015-05-13,0.6,-8.117904908,-67.97135568,Krycklan,Precipitation,64.233333,19.766667
2015-05-15,11.9,-15.10068319,-116.1823544,Krycklan,Precipitation,64.233333,19.766667
2015-05-18,0.8,-10.19286138,-73.02886082,Krycklan,Precipitation,64.233333,19.766667
2015-05-19,4.1,-17.9324066,-135.6555894,Krycklan,Precipitation,64.233333,19.766667
2015-05-21,2.6,-13.74529509,-105.4020157,Krycklan,Precipitation,64.233333,19.766667
2015-05-23,15.4,-19.64379733,-154.3587273,Krycklan,Precipitation,64.233333,19.766667
2015-05-25,1.3,-9.553936991,-81.73619434,Krycklan,Precipitation,64.233333,19.766667
2015-05-26,4.2,-8.648741771,-62.87422572,Krycklan,Precipitation,64.233333,19.766667
2015-05-27,16.0,-12.32383596,-89.40883556,Krycklan,Precipitation,64.233333,19.766667
2015-05-28,0.2,-12.79828899,-110.9672269,Krycklan,Precipitation,64.233333,19.766667
2015-05-29,2.1,-8.857755533,-63.23750744,Krycklan,Precipitation,64.233333,19.766667
2015-06-01,7.0,-11.29263369,-84.02381513,Krycklan,Precipitation,64.233333,19.766667
2015-06-02,5.0,-9.486262818,-64.2755517,Krycklan,Precipitation,64.233333,19.766667
2015-06-03,4.1,-9.127173054,-63.03292949,Krycklan,Precipitation,64.233333,19.766667
2015-06-08,14.5,-7.309630956,-55.55896461,Krycklan,Precipitation,64.233333,19.766667
2015-06-13,2.4,-9.681550625,-83.51529499,Krycklan,Precipitation,64.233333,19.766667
2015-06-15,1.2,-9.435938267,-75.4196389,Krycklan,Precipitation,64.233333,19.766667
2015-06-29,18.6,-11.87111421,-100.1240102,Krycklan,Precipitation,64.233333,19.766667
2015-06-30,8.0,-8.639985959,-69.99976744,Krycklan,Precipitation,64.233333,19.766667
2015-07-06,0.9,-3.28605563,-34.4185266,Krycklan,Precipitation,64.233333,19.766667
2015-07-07,12.9,-8.143257365,-55.42548668,Krycklan,Precipitation,64.233333,19.766667
2015-07-09,5.4,-9.747857468,-72.14811128,Krycklan,Precipitation,64.233333,19.766667
2015-07-10,9.2,-13.57325586,-101.7636651,Krycklan,Precipitation,64.233333,19.766667
2015-07-13,4.2,-8.786576115,-66.15293367,Krycklan,Precipitation,64.233333,19.766667
2015-07-15,7.1,-12.33821162,-86.27519771,Krycklan,Precipitation,64.233333,19.766667
2015-07-17,0.7,-7.229306625,-62.40783943,Krycklan,Precipitation,64.233333,19.766667
2015-07-20,4.8,-8.427139239,-64.17473483,Krycklan,Precipitation,64.233333,19.766667
2015-07-23,7.6,-10.76594568,-83.34539788,Krycklan,Precipitation,64.233333,19.766667
2015-07-27,29.8,-9.441151299,-67.36212188,Krycklan,Precipitation,64.233333,19.766667
2015-07-28,1.9,-9.730373678,-69.60218018,Krycklan,Precipitation,64.233333,19.766667
2015-07-30,28.9,-11.39710018,-84.89065657,Krycklan,Precipitation,64.233333,19.766667
2015-07-31,14.2,-11.31001749,-82.20019209,Krycklan,Precipitation,64.233333,19.766667
2015-08-03,3.3,-8.590842821,-68.22788968,Krycklan,Precipitation,64.233333,19.766667
2015-08-07,1.5,-6.250748468,-51.50416669,Krycklan,Precipitation,64.233333,19.766667
2015-08-12,0.9,-3.917628685,-32.33067609,Krycklan,Precipitation,64.233333,19.766667
2015-08-27,1.4,-7.645512873,-51.39747975,Krycklan,Precipitation,64.233333,19.766667
2015-08-28,13.1,-9.532606641,-66.95624175,Krycklan,Precipitation,64.233333,19.766667
2015-10-05,2.8,-12.91131425,-108.1301926,Krycklan,Precipitation,64.233333,19.766667
2015-10-21,1.0,-9.965457967,-69.58203351,Krycklan,Precipitation,64.233333,19.766667
2015-10-23,5.3,-10.94934591,-78.80324348,Krycklan,Precipitation,64.233333,19.766667
2015-10-26,1.7,-10.54106876,-74.01455539,Krycklan,Precipitation,64.233333,19.766667
2015-11-06,1.1,-9.930319616,-72.42105125,Krycklan,Precipitation,64.233333,19.766667
2015-11-09,10.3,-16.68611147,-125.1981675,Krycklan,Precipitation,64.233333,19.766667
2015-11-11,3.8,-16.1678659,-117.8700031,Krycklan,Precipitation,64.233333,19.766667
2015-11-13,0.5,-16.38510622,-114.4390931,Krycklan,Precipitation,64.233333,19.766667
2015-11-16,8.7,-12.5367412,-87.30033011,Krycklan,Precipitation,64.233333,19.766667
2015-11-17,6.0,-13.2624249,-94.45306246,Krycklan,Precipitation,64.233333,19.766667
2015-11-19,7.0,-14.16257132,-100.7373529,Krycklan,Precipitation,64.233333,19.766667
2015-11-20,0.4,-14.3630822,-100.9920538,Krycklan,Precipitation,64.233333,19.766667
2015-11-23,4.8,-25.18949733,-190.3741437,Krycklan,Precipitation,64.233333,19.766667
2015-11-25,2.3,-16.41182948,-121.0437187,Krycklan,Precipitation,64.233333,19.766667
2015-12-01,16.7,-14.18034639,-103.024804,Krycklan,Precipitation,64.233333,19.766667
2015-12-03,4.2,-18.92094405,-144.5276127,Krycklan,Precipitation,64.233333,19.766667
2015-12-04,3.4,-21.61256954,-163.591194,Krycklan,Precipitation,64.233333,19.766667
2015-12-07,4.7,-18.4897372,-138.5549708,Krycklan,Precipitation,64.233333,19.766667
2015-12-10,2.3,-12.03966102,-87.94706314,Krycklan,Precipitation,64.233333,19.766667
2015-12-11,8.4,-18.24452463,-136.5253334,Krycklan,Precipitation,64.233333,19.766667
2015-12-14,0.8,-14.83085643,-101.8737932,Krycklan,Precipitation,64.233333,19.766667
2015-12-17,0.6,-12.50944173,-85.66859851,Krycklan,Precipitation,64.233333,19.766667
2015-12-18,10.1,-17.67074982,-134.8359705,Krycklan,Precipitation,64.233333,19.766667
2015-12-21,5.8,-13.37326295,-103.7950715,Krycklan,Precipitation,64.233333,19.766667
2015-12-26,9.7,-12.59754327,-100.9631673,Krycklan,Precipitation,64.233333,19.766667
2016-01-04,4.0,-16.951367,-106.9619451,Krycklan,Precipitation,64.233333,19.766667
2016-01-11,1.2,-21.81280579,-146.0857641,Krycklan,Precipitation,64.233333,19.766667
2016-01-12,2.7,-20.09348154,-144.8705476,Krycklan,Precipitation,64.233333,19.766667
2016-01-13,0.3,-18.361679,-118.9944639,Krycklan,Precipitation,64.233333,19.766667
2016-01-18,3.7,-20.1937944,-139.5390393,Krycklan,Precipitation,64.233333,19.766667
2016-01-19,0.6,-22.43679178,-151.0044947,Krycklan,Precipitation,64.233333,19.766667
2016-01-25,0.3,-18.49225301,-125.8385295,Krycklan,Precipitation,64.233333,19.766667
2016-01-26,2.2,-10.96849683,-79.67748295,Krycklan,Precipitation,64.233333,19.766667
2016-01-28,1.0,-14.55945286,-105.6727311,Krycklan,Precipitation,64.233333,19.766667
2016-02-01,12.1,-15.97918161,-119.0104167,Krycklan,Precipitation,64.233333,19.766667
2016-02-02,1.7,-18.52438874,-141.9851311,Krycklan,Precipitation,64.233333,19.766667
2016-02-05,0.9,-18.91453696,-141.5069267,Krycklan,Precipitation,64.233333,19.766667
2016-02-08,13.7,-13.45545849,-105.58228,Krycklan,Precipitation,64.233333,19.766667
2016-02-09,2.8,-11.54038407,-86.25738004,Krycklan,Precipitation,64.233333,19.766667
2016-02-11,7.6,-17.25631854,-137.5873678,Krycklan,Precipitation,64.233333,19.766667
2016-02-12,4.7,-22.3554477,-173.8537234,Krycklan,Precipitation,64.233333,19.766667
2016-02-15,12.4,-19.96513796,-151.7910396,Krycklan,Precipitation,64.233333,19.766667
2016-02-19,1.2,-11.02403181,-76.47226053,Krycklan,Precipitation,64.233333,19.766667
2016-02-22,12.5,-13.02634582,-94.36286606,Krycklan,Precipitation,64.233333,19.766667
2016-02-23,1.1,-27.55404492,-211.0060723,Krycklan,Precipitation,64.233333,19.766667
2016-02-25,0.7,-17.51935523,-126.3843627,Krycklan,Precipitation,64.233333,19.766667
2016-03-01,0.7,-17.39564045,-131.3023021,Krycklan,Precipitation,64.233333,19.766667
2016-03-04,0.2,-13.29011213,-93.56282169,Krycklan,Precipitation,64.233333,19.766667
2016-03-07,3.0,-14.44923203,-104.7013657,Krycklan,Precipitation,64.233333,19.766667
2016-03-08,4.1,-18.3948688,-140.1589569,Krycklan,Precipitation,64.233333,19.766667
2016-03-09,1.1,-13.68057619,-104.5230486,Krycklan,Precipitation,64.233333,19.766667
2016-03-16,0.3,-7.415608246,-58.67706623,Krycklan,Precipitation,64.233333,19.766667
2016-03-21,1.2,-16.48271456,-113.3722752,Krycklan,Precipitation,64.233333,19.766667
2016-03-23,2.5,-15.0671504,-108.1652255,Krycklan,Precipitation,64.233333,19.766667
2016-03-29,1.4,-18.4330456,-145.9417452,Krycklan,Precipitation,64.233333,19.766667
2016-03-30,0.9,-9.752574377,-70.43389301,Krycklan,Precipitation,64.233333,19.766667
2016-04-05,0.8,-9.651992673,-70.00099881,Krycklan,Precipitation,64.233333,19.766667
2016-04-06,7.1,-16.08106715,-118.9825643,Krycklan,Precipitation,64.233333,19.766667
2016-04-07,15.2,-12.13975023,-87.02082361,Krycklan,Precipitation,64.233333,19.766667
2016-04-15,0.4,-9.310867195,-64.78891226,Krycklan,Precipitation,64.233333,19.766667
2016-04-18,5.7,-11.39917099,-80.71680397,Krycklan,Precipitation,64.233333,19.766667
2016-04-20,1.9,-18.50689581,-142.4365319,Krycklan,Precipitation,64.233333,19.766667
2016-04-21,0.5,-12.08104572,-98.48249222,Krycklan,Precipitation,64.233333,19.766667
2016-04-25,7.8,-17.00730797,-127.1901296,Krycklan,Precipitation,64.233333,19.766667
2016-04-26,8.8,-17.88845546,-133.7070966,Krycklan,Precipitation,64.233333,19.766667
2016-04-27,12.7,-14.1473602,-102.0844398,Krycklan,Precipitation,64.233333,19.766667
2016-04-29,11.1,-10.85100454,-73.8232616,Krycklan,Precipitation,64.233333,19.766667
2016-05-10,2.8,-10.15333037,-71.0991707,Krycklan,Precipitation,64.233333,19.766667
2016-05-13,1.6,-10.54542317,-82.57988429,Krycklan,Precipitation,64.233333,19.766667
2016-05-18,0.3,-8.167359164,-59.79116644,Krycklan,Precipitation,64.233333,19.766667
2016-05-19,5.1,-10.76912852,-76.9352333,Krycklan,Precipitation,64.233333,19.766667
2016-05-23,1.4,-4.988040028,-39.98682918,Krycklan,Precipitation,64.233333,19.766667
2016-05-25,4.9,-7.031986731,-53.35396773,Krycklan,Precipitation,64.233333,19.766667
2016-06-10,19.3,-12.94603585,-91.59377304,Krycklan,Precipitation,64.233333,19.766667
2016-06-20,23.7,-9.13587199,-64.91447657,Krycklan,Precipitation,64.233333,19.766667
2016-06-21,0.8,-7.171768435,-55.90564557,Krycklan,Precipitation,64.233333,19.766667
2016-06-21,1.5,-6.102875258,-51.54895659,Krycklan,Precipitation,64.233333,19.766667
2016-06-22,0.4,-6.924478847,-55.46934236,Krycklan,Precipitation,64.233333,19.766667
2016-06-26,30.5,-9.528213123,-73.30995075,Krycklan,Precipitation,64.233333,19.766667
2016-06-27,7.2,-7.613266016,-50.44496279,Krycklan,Precipitation,64.233333,19.766667
2016-06-28,0.7,-6.623538104,-45.21521462,Krycklan,Precipitation,64.233333,19.766667
2016-07-04,27.8,-6.493676023,-46.0649961,Krycklan,Precipitation,64.233333,19.766667
2016-07-11,10.9,-7.933936693,-62.35590311,Krycklan,Precipitation,64.233333,19.766667
2016-07-13,6.0,-11.40017518,-79.08796778,Krycklan,Precipitation,64.233333,19.766667
2016-07-14,12.9,-12.70164113,-88.62390294,Krycklan,Precipitation,64.233333,19.766667
2016-07-15,12.7,-8.943249475,-69.681478,Krycklan,Precipitation,64.233333,19.766667
2016-07-18,12.7,-9.244225116,-75.35201628,Krycklan,Precipitation,64.233333,19.766667
2016-07-27,12.7,-10.06686137,-73.52197859,Krycklan,Precipitation,64.233333,19.766667
2016-07-29,2.6,-8.872873433,-64.71477466,Krycklan,Precipitation,64.233333,19.766667
2016-08-01,8.0,-11.00470113,-80.17734489,Krycklan,Precipitation,64.233333,19.766667
2016-08-08,13.6,-9.90341057,-75.90193826,Krycklan,Precipitation,64.233333,19.766667
2016-08-09,25.7,-11.59635732,-82.8625299,Krycklan,Precipitation,64.233333,19.766667
2016-08-10,3.5,-14.04589178,-108.0398836,Krycklan,Precipitation,64.233333,19.766667
2016-08-11,14.1,-13.23011202,-93.21419534,Krycklan,Precipitation,64.233333,19.766667
2016-08-15,14.2,-17.05561466,-130.8330141,Krycklan,Precipitation,64.233333,19.766667
2016-08-22,10.7,-10.37897133,-71.89628034,Krycklan,Precipitation,64.233333,19.766667
2016-08-23,5.4,-12.96516428,-95.03671216,Krycklan,Precipitation,64.233333,19.766667
2016-08-25,3.6,-11.06418282,-80.93455027,Krycklan,Precipitation,64.233333,19.766667
2016-08-29,12.6,-9.78505077,-73.10693288,Krycklan,Precipitation,64.233333,19.766667
2016-09-02,6.0,-13.48377427,-107.521081,Krycklan,Precipitation,64.233333,19.766667
2016-09-05,0.4,-7.128301317,-57.51928704,Krycklan,Precipitation,64.233333,19.766667
2016-09-07,1.5,-7.008789509,-56.12938606,Krycklan,Precipitation,64.233333,19.766667
2016-09-12,2.4,-6.204142152,-41.66955366,Krycklan,Precipitation,64.233333,19.766667
2016-09-23,1.3,-8.589231151,-57.72083762,Krycklan,Precipitation,64.233333,19.766667
2016-09-24,0.3,-12.931431,-89.23248342,Krycklan,Precipitation,64.233333,19.766667
2016-09-26,0.3,-10.39317842,-73.96595374,Krycklan,Precipitation,64.233333,19.766667
2016-09-29,11.3,-8.158681505,-51.4003024,Krycklan,Precipitation,64.233333,19.766667
2016-09-30,14.1,-13.09305787,-95.78851432,Krycklan,Precipitation,64.233333,19.766667
2016-10-17,0.7,-12.70340107,-83.05855968,Krycklan,Precipitation,64.233333,19.766667
2016-10-31,0.6,-12.5112401,-77.12802118,Krycklan,Precipitation,64.233333,19.766667
2016-11-02,0.2,-14.8671193,-106.4939214,Krycklan,Precipitation,64.233333,19.766667
2016-11-16,8.2,-18.10865368,-135.2353395,Krycklan,Precipitation,64.233333,19.766667
2016-11-17,10.7,-15.77569383,-118.3385475,Krycklan,Precipitation,64.233333,19.766667
2016-11-18,4.2,-10.76858285,-73.35610536,Krycklan,Precipitation,64.233333,19.766667
2016-11-21,9.5,-12.64598338,-89.75125834,Krycklan,Precipitation,64.233333,19.766667
2016-11-22,2.8,-13.62829751,-97.77457741,Krycklan,Precipitation,64.233333,19.766667
2016-11-23,3.1,-12.69569388,-91.57630947,Krycklan,Precipitation,64.233333,19.766667
2016-11-24,3.8,-14.96924813,-110.3709185,Krycklan,Precipitation,64.233333,19.766667
2016-11-26,0.15,-14.11544213,-102.6946937,Krycklan,Precipitation,64.233333,19.766667
2016-11-28,13.7,-17.13189596,-127.8183495,Krycklan,Precipitation,64.233333,19.766667
2016-11-29,0.2,-12.63132849,-90.45234932,Krycklan,Precipitation,64.233333,19.766667
2016-12-01,2.2,-16.26282818,-121.3753097,Krycklan,Precipitation,64.233333,19.766667
2016-12-05,3.2,-11.97381803,-81.20332733,Krycklan,Precipitation,64.233333,19.766667
2016-12-09,0.2,-20.19549871,-152.6739766,Krycklan,Precipitation,64.233333,19.766667
2016-12-13,1.2,-12.24764201,-82.15389528,Krycklan,Precipitation,64.233333,19.766667
2016-12-16,0.5,-15.04912201,-114.7456003,Krycklan,Precipitation,64.233333,19.766667
2016-12-19,3.4,-9.405078531,-69.8613448,Krycklan,Precipitation,64.233333,19.766667
2016-12-21,1.1,-11.66095502,-74.73431998,Krycklan,Precipitation,64.233333,19.766667
2016-12-27,10.3,-15.77385513,-119.4510277,Krycklan,Precipitation,64.233333,19.766667
2016-12-29,0.8,-10.756665,-98.65009861,Krycklan,Precipitation,64.233333,19.766667
2016-12-31,0.4,-9.801419409,-75.87376295,Krycklan,Precipitation,64.233333,19.766667
2017-01-02,0.6,-11.99360327,-78.82490762,Krycklan,Precipitation,64.233333,19.766667
2017-01-03,0.4,-20.70853859,-148.3917501,Krycklan,Precipitation,64.233333,19.766667
2017-01-04,0.9,-16.8103012,-109.9937816,Krycklan,Precipitation,64.233333,19.766667
2017-01-09,2.5,-16.92797432,-123.453169,Krycklan,Precipitation,64.233333,19.766667
2017-01-11,1.9,-14.85290195,-113.3679183,Krycklan,Precipitation,64.233333,19.766667
2017-01-12,11.5,-14.37973337,-102.2271421,Krycklan,Precipitation,64.233333,19.766667
2017-01-13,13.1,-19.20159571,-146.2554094,Krycklan,Precipitation,64.233333,19.766667
2017-01-16,1.6,-19.34998188,-141.2281131,Krycklan,Precipitation,64.233333,19.766667
2017-01-17,0.2,-16.87055031,-124.9222722,Krycklan,Precipitation,64.233333,19.766667
2017-01-18,0.4,-18.37358544,-139.3719038,Krycklan,Precipitation,64.233333,19.766667
2017-01-19,0.8,-9.927026408,-66.14351461,Krycklan,Precipitation,64.233333,19.766667
2017-01-23,1.7,-10.02324825,-69.63609006,Krycklan,Precipitation,64.233333,19.766667
2017-01-25,0.3,-15.31761341,-116.4138797,Krycklan,Precipitation,64.233333,19.766667
2017-01-30,0.6,-18.56918972,-136.6987929,Krycklan,Precipitation,64.233333,19.766667
2017-02-02,0.7,-10.59012864,-69.60193672,Krycklan,Precipitation,64.233333,19.766667
2017-02-06,0.6,-12.27799344,-87.86931522,Krycklan,Precipitation,64.233333,19.766667
2017-02-13,0.3,-11.33175633,-76.92541349,Krycklan,Precipitation,64.233333,19.766667
2017-02-20,10.2,-21.16853751,-165.2350742,Krycklan,Precipitation,64.233333,19.766667
2017-02-22,1.3,-17.10915626,-121.9715167,Krycklan,Precipitation,64.233333,19.766667
2017-02-23,2.9,-25.33732553,-196.1047955,Krycklan,Precipitation,64.233333,19.766667
2017-02-27,4.4,-28.46260966,-220.6199732,Krycklan,Precipitation,64.233333,19.766667
2017-02-28,4.2,-13.93235971,-103.8989758,Krycklan,Precipitation,64.233333,19.766667
2017-03-01,6.7,-20.3447339,-157.9627347,Krycklan,Precipitation,64.233333,19.766667
2017-03-02,0.9,-11.50848154,-80.54246004,Krycklan,Precipitation,64.233333,19.766667
2017-03-03,0.7,-14.41312486,-108.7947337,Krycklan,Precipitation,64.233333,19.766667
2017-03-09,3.5,-18.6954435,-138.8694137,Krycklan,Precipitation,64.233333,19.766667
2017-03-14,4.1,-12.7885765,-92.81395056,Krycklan,Precipitation,64.233333,19.766667
2017-03-15,6.2,-15.48040076,-117.7787585,Krycklan,Precipitation,64.233333,19.766667
2017-03-20,0.8,-13.63040065,-106.567297,Krycklan,Precipitation,64.233333,19.766667
2017-03-21,0.5,-10.46764924,-76.7400373,Krycklan,Precipitation,64.233333,19.766667
2017-03-22,2.6,-19.68840366,-154.005857,Krycklan,Precipitation,64.233333,19.766667
2017-04-03,13.0,-22.50582748,-174.154635,Krycklan,Precipitation,64.233333,19.766667
2017-04-07,0.5,-8.383527971,-56.65792278,Krycklan,Precipitation,64.233333,19.766667
2017-04-10,2.9,-10.04734743,-73.96907027,Krycklan,Precipitation,64.233333,19.766667
2017-04-12,6.0,-13.87859225,-105.0459243,Krycklan,Precipitation,64.233333,19.766667
2017-04-13,1.6,-13.37155274,-93.31366914,Krycklan,Precipitation,64.233333,19.766667
2017-04-24,3.0,-12.94544371,-100.3415803,Krycklan,Precipitation,64.233333,19.766667
2017-04-26,0.6,-13.24571983,-96.58079171,Krycklan,Precipitation,64.233333,19.766667
2017-05-02,3.7,-14.91096309,-113.6199164,Krycklan,Precipitation,64.233333,19.766667
2017-05-08,4.0,-11.48753822,-75.3009651,Krycklan,Precipitation,64.233333,19.766667
2017-05-10,1.1,-13.36880362,-91.59321373,Krycklan,Precipitation,64.233333,19.766667
2017-05-11,0.9,-14.076314,-98.33266644,Krycklan,Precipitation,64.233333,19.766667
2017-05-12,0.2,-11.25408687,-72.26082106,Krycklan,Precipitation,64.233333,19.766667
2017-05-17,2.2,-10.27285948,-77.10954524,Krycklan,Precipitation,64.233333,19.766667
2017-05-19,41.1,-8.849711506,-62.40244825,Krycklan,Precipitation,64.233333,19.766667
2017-05-29,33.0,-6.756282995,-53.6191353,Krycklan,Precipitation,64.233333,19.766667
2017-06-01,2.5,-13.04157568,-96.35313007,Krycklan,Precipitation,64.233333,19.766667
2017-06-02,0.4,-14.15154907,-106.1698761,Krycklan,Precipitation,64.233333,19.766667
2017-06-05,2.9,-7.880863642,-60.04959049,Krycklan,Precipitation,64.233333,19.766667
2017-06-07,5.8,-11.74962689,-91.73866413,Krycklan,Precipitation,64.233333,19.766667
2017-06-09,0.2,-9.052547242,-70.72115853,Krycklan,Precipitation,64.233333,19.766667
2017-06-19,4.0,-4.190334664,-49.17649053,Krycklan,Precipitation,64.233333,19.766667
2017-06-20,3.5,-10.46753927,-78.44273632,Krycklan,Precipitation,64.233333,19.766667
2017-06-21,1.4,-13.38135637,-103.8215475,Krycklan,Precipitation,64.233333,19.766667
2017-06-22,7.5,-10.30816668,-81.45294067,Krycklan,Precipitation,64.233333,19.766667
2017-06-26,20.7,-13.35812535,-99.22604684,Krycklan,Precipitation,64.233333,19.766667
2017-06-27,6.6,-10.62268108,-82.26161532,Krycklan,Precipitation,64.233333,19.766667
2017-07-04,19.3,-12.71854398,-93.12070179,Krycklan,Precipitation,64.233333,19.766667
2017-07-05,5.3,-14.12614651,-111.4379063,Krycklan,Precipitation,64.233333,19.766667
2017-07-13,8.3,-10.04905653,-69.58983139,Krycklan,Precipitation,64.233333,19.766667
2017-07-14,1.2,-11.64290502,-87.51059554,Krycklan,Precipitation,64.233333,19.766667
2017-07-17,8.3,-10.33324414,-79.70615279,Krycklan,Precipitation,64.233333,19.766667
2017-07-19,6.7,-9.583152211,-77.68284063,Krycklan,Precipitation,64.233333,19.766667
2017-07-20,0.6,-8.280526574,-69.97470521,Krycklan,Precipitation,64.233333,19.766667
2017-07-21,0.9,-9.31207736,-73.14712177,Krycklan,Precipitation,64.233333,19.766667
2017-07-21,0.1,-6.733307722,-64.65317797,Krycklan,Precipitation,64.233333,19.766667
2017-07-24,3.6,-8.365286908,-70.93315722,Krycklan,Precipitation,64.233333,19.766667
2017-07-25,1.0,-7.81803538,-62.31185604,Krycklan,Precipitation,64.233333,19.766667
2017-07-31,3.8,-7.422368281,-62.61005656,Krycklan,Precipitation,64.233333,19.766667
2017-08-02,13.9,-14.83326719,-110.3777986,Krycklan,Precipitation,64.233333,19.766667
2017-08-03,0.5,-10.48481997,-89.46781564,Krycklan,Precipitation,64.233333,19.766667
2017-08-11,14.0,-7.634970678,-50.96189815,Krycklan,Precipitation,64.233333,19.766667
2017-08-14,0.2,-5.842581704,-53.52689186,Krycklan,Precipitation,64.233333,19.766667
2017-08-17,3.2,-7.508108049,-49.25457606,Krycklan,Precipitation,64.233333,19.766667
2017-08-21,16.1,-10.02789593,-73.01376223,Krycklan,Precipitation,64.233333,19.766667
2017-08-22,1.3,-12.57229832,-99.23228522,Krycklan,Precipitation,64.233333,19.766667
2017-08-28,4.7,-12.36599185,-96.03738002,Krycklan,Precipitation,64.233333,19.766667
2017-08-30,4.3,-7.764173303,-56.22591435,Krycklan,Precipitation,64.233333,19.766667
2017-09-01,3.3,-8.832622435,-74.50896065,Krycklan,Precipitation,64.233333,19.766667
2017-09-08,8.2,-11.60122847,-81.42251187,Krycklan,Precipitation,64.233333,19.766667
2017-09-11,57.3,-13.93504893,-102.2445279,Krycklan,Precipitation,64.233333,19.766667
2017-09-12,1.2,-9.483395941,-66.01058463,Krycklan,Precipitation,64.233333,19.766667
2017-09-13,23.7,-11.57714548,-82.46752905,Krycklan,Precipitation,64.233333,19.766667
2017-09-18,4.5,-15.74774521,-119.0919018,Krycklan,Precipitation,64.233333,19.766667
2017-09-20,4.4,-11.91400469,-83.71360479,Krycklan,Precipitation,64.233333,19.766667
2017-09-21,4.1,-12.98466141,-89.04893595,Krycklan,Precipitation,64.233333,19.766667
2017-09-25,0.3,-9.349569962,-62.88455538,Krycklan,Precipitation,64.233333,19.766667
2017-10-02,2.9,-10.04991235,-64.14502135,Krycklan,Precipitation,64.233333,19.766667
2017-10-03,24.2,-13.3425133,-93.68785755,Krycklan,Precipitation,64.233333,19.766667
2017-10-04,10.6,-11.80853507,-84.50011404,Krycklan,Precipitation,64.233333,19.766667
2017-10-05,8.7,-12.88157527,-95.12724219,Krycklan,Precipitation,64.233333,19.766667
2017-10-06,3.7,-18.53599695,-143.6122559,Krycklan,Precipitation,64.233333,19.766667
2017-10-09,8.7,-16.51366321,-122.9958672,Krycklan,Precipitation,64.233333,19.766667
2017-10-10,3.9,-14.61623628,-105.9540835,Krycklan,Precipitation,64.233333,19.766667
2017-10-11,2.9,-13.58296791,-95.26333241,Krycklan,Precipitation,64.233333,19.766667
2017-10-12,1.3,-14.93793934,-106.0860833,Krycklan,Precipitation,64.233333,19.766667
2017-10-13,1.1,-15.21163343,-106.6583216,Krycklan,Precipitation,64.233333,19.766667
2017-10-16,8.6,-12.75734195,-90.71900453,Krycklan,Precipitation,64.233333,19.766667
2017-10-25,3.7,-12.20160515,-74.51610119,Krycklan,Precipitation,64.233333,19.766667
2017-10-26,8.9,-24.48335072,-186.2981841,Krycklan,Precipitation,64.233333,19.766667
2017-10-30,2.6,-21.2198999,-160.4454075,Krycklan,Precipitation,64.233333,19.766667
2017-11-02,6.0,-15.19639411,-109.2312825,Krycklan,Precipitation,64.233333,19.766667
2017-11-03,0.9,-19.98511773,-144.3322782,Krycklan,Precipitation,64.233333,19.766667
2017-11-06,6.9,-10.0254999,-69.39184759,Krycklan,Precipitation,64.233333,19.766667
2017-11-08,0.3,-9.939044204,-56.46682432,Krycklan,Precipitation,64.233333,19.766667
2017-11-10,5.8,-14.40655411,-104.0011473,Krycklan,Precipitation,64.233333,19.766667
2017-11-13,6.6,-19.390144,-146.25996,Krycklan,Precipitation,64.233333,19.766667
2017-11-17,7.3,-15.70874617,-117.6182065,Krycklan,Precipitation,64.233333,19.766667
2017-11-20,3.4,-17.83993524,-130.5648416,Krycklan,Precipitation,64.233333,19.766667
2017-11-23,8.1,-19.08310562,-137.1587743,Krycklan,Precipitation,64.233333,19.766667
2017-11-24,13.9,-13.25087052,-96.80300905,Krycklan,Precipitation,64.233333,19.766667
2017-11-27,4.9,-11.03524509,-73.68180226,Krycklan,Precipitation,64.233333,19.766667
2017-11-29,0.3,-14.5062512,-94.62779153,Krycklan,Precipitation,64.233333,19.766667
2017-12-04,7.0,-16.84900097,-121.5898201,Krycklan,Precipitation,64.233333,19.766667
2017-12-06,2.2,-16.23268143,-115.5296853,Krycklan,Precipitation,64.233333,19.766667
2017-12-08,10.7,-16.04974524,-118.8856717,Krycklan,Precipitation,64.233333,19.766667
2017-12-11,30.1,-13.50510616,-94.91533095,Krycklan,Precipitation,64.233333,19.766667
2017-12-12,5.1,-15.92157486,-112.1644814,Krycklan,Precipitation,64.233333,19.766667
2017-12-15,5.3,-18.04217581,-132.0799967,Krycklan,Precipitation,64.233333,19.766667
2017-12-18,0.4,-16.71180435,-117.9522463,Krycklan,Precipitation,64.233333,19.766667
2017-12-19,0.6,-17.52571846,-130.8223315,Krycklan,Precipitation,64.233333,19.766667
2017-12-20,9.6,-11.15340262,-80.30763307,Krycklan,Precipitation,64.233333,19.766667
2017-12-27,4.9,-18.37891751,-133.7667911,Krycklan,Precipitation,64.233333,19.766667
2017-12-28,2.1,-15.80233092,-110.7400844,Krycklan,Precipitation,64.233333,19.766667
2017-12-29,10.9,-19.70060944,-150.9057873,Krycklan,Precipitation,64.233333,19.766667
2017-12-31,0.4,-14.99066925,-104.5222218,Krycklan,Precipitation,64.233333,19.766667
2018-01-02,6.3,-12.13554863,-82.83139783,Krycklan,Precipitation,64.233333,19.766667
2018-01-03,4.0,-17.01262172,-127.6795984,Krycklan,Precipitation,64.233333,19.766667
2018-01-08,13.4,-23.91262314,-181.2413122,Krycklan,Precipitation,64.233333,19.766667
2018-01-16,4.4,-11.97684721,-72.00858972,Krycklan,Precipitation,64.233333,19.766667
2018-01-18,1.0,-18.94252361,-127.3703313,Krycklan,Precipitation,64.233333,19.766667
2018-01-19,2.7,-25.16962406,-187.5495685,Krycklan,Precipitation,64.233333,19.766667
2018-01-22,3.3,-18.49566722,-129.2155324,Krycklan,Precipitation,64.233333,19.766667
2018-01-23,0.2,-17.79147159,-120.4647465,Krycklan,Precipitation,64.233333,19.766667
2018-01-24,6.8,-17.88895693,-135.664351,Krycklan,Precipitation,64.233333,19.766667
2018-01-25,6.3,-13.85008443,-111.2706734,Krycklan,Precipitation,64.233333,19.766667
2018-01-29,1.8,-14.11693676,-104.8213837,Krycklan,Precipitation,64.233333,19.766667
2018-01-29,1.8,-15.36624068,-112.2172608,Krycklan,Precipitation,64.233333,19.766667
2018-02-02,0.7,-20.33103274,-146.5698852,Krycklan,Precipitation,64.233333,19.766667
2018-02-05,1.2,-16.20901501,-109.142069,Krycklan,Precipitation,64.233333,19.766667
2018-02-07,3.3,-24.39994407,-184.3847752,Krycklan,Precipitation,64.233333,19.766667
2018-02-09,0.2,-11.90404723,-80.11782137,Krycklan,Precipitation,64.233333,19.766667
2018-02-12,1.9,-13.17699551,-87.66976546,Krycklan,Precipitation,64.233333,19.766667
2018-02-13,3.4,-17.01021504,-123.9095312,Krycklan,Precipitation,64.233333,19.766667
2018-02-14,3.9,-16.14211749,-122.1798638,Krycklan,Precipitation,64.233333,19.766667
2018-02-19,0.9,-13.65008712,-92.69985023,Krycklan,Precipitation,64.233333,19.766667
2018-02-23,0.1,-17.27579097,-119.8412138,Krycklan,Precipitation,64.233333,19.766667
2018-02-26,0.2,-12.93758818,-81.68693057,Krycklan,Precipitation,64.233333,19.766667
2018-03-05,1.3,-17.32459317,-123.0972621,Krycklan,Precipitation,64.233333,19.766667
2018-03-06,1.0,-27.31311741,-214.7388334,Krycklan,Precipitation,64.233333,19.766667
2018-03-07,2.2,-22.98606624,-170.9606193,Krycklan,Precipitation,64.233333,19.766667
2018-03-09,2.6,-20.33793315,-154.0808389,Krycklan,Precipitation,64.233333,19.766667
2018-03-12,4.0,-18.60058472,-143.0482559,Krycklan,Precipitation,64.233333,19.766667
2018-03-13,3.8,-21.92092004,-168.9701126,Krycklan,Precipitation,64.233333,19.766667
2018-03-21,1.7,-17.99618503,-135.2702218,Krycklan,Precipitation,64.233333,19.766667
2018-03-26,9.5,-18.76948228,-140.9681365,Krycklan,Precipitation,64.233333,19.766667
2018-04-05,8.4,-16.05206407,-118.4134041,Krycklan,Precipitation,64.233333,19.766667
2018-04-06,6.6,-18.10133641,-137.1355359,Krycklan,Precipitation,64.233333,19.766667
2018-04-09,1.3,-16.99604017,-130.3145724,Krycklan,Precipitation,64.233333,19.766667
2018-04-20,0.5,-3.510509103,-38.06065577,Krycklan,Precipitation,64.233333,19.766667
2018-04-24,1.3,-10.5648094,-79.94153331,Krycklan,Precipitation,64.233333,19.766667
2018-04-25,1.3,-10.82544296,-79.07665393,Krycklan,Precipitation,64.233333,19.766667
2018-05-02,5.8,-11.13695473,-80.19836574,Krycklan,Precipitation,64.233333,19.766667
2018-05-03,1.0,-10.44215704,-76.29702973,Krycklan,Precipitation,64.233333,19.766667
2018-05-04,5.3,-12.3052252,-87.77909595,Krycklan,Precipitation,64.233333,19.766667
2018-05-07,1.1,-4.645537411,-41.59507927,Krycklan,Precipitation,64.233333,19.766667
2018-05-15,34.3,-6.787765463,-49.79110064,Krycklan,Precipitation,64.233333,19.766667
2018-06-01,1.4,-7.540211203,-51.82247907,Krycklan,Precipitation,64.233333,19.766667
2018-06-08,1.4,-3.562056805,-37.7833316,Krycklan,Precipitation,64.233333,19.766667
2018-06-13,1.2,-4.936021616,-49.08485318,Krycklan,Precipitation,64.233333,19.766667
2018-06-18,11.1,-7.799731674,-58.0668392,Krycklan,Precipitation,64.233333,19.766667
2018-06-20,8.8,-9.657991645,-73.81598864,Krycklan,Precipitation,64.233333,19.766667
2018-06-25,22.1,-11.90213272,-105.0428123,Krycklan,Precipitation,64.233333,19.766667
2018-06-29,7.0,-9.897374166,-75.47020806,Krycklan,Precipitation,64.233333,19.766667
2018-07-05,0.5,-5.514179687,-48.40753803,Krycklan,Precipitation,64.233333,19.766667
2018-07-13,2.5,-12.65896597,-90.54622236,Krycklan,Precipitation,64.233333,19.766667
2018-07-24,35.1,-9.233876748,-65.50274582,Krycklan,Precipitation,64.233333,19.766667
2018-07-26,15.6,-7.519389273,-53.09748687,Krycklan,Precipitation,64.233333,19.766667
2018-07-30,29.9,-6.971921967,-43.8906614,Krycklan,Precipitation,64.233333,19.766667
2018-08-03,12.8,-7.159730724,-49.68361393,Krycklan,Precipitation,64.233333,19.766667
2018-08-06,4.6,-15.16178607,-115.2734566,Krycklan,Precipitation,64.233333,19.766667
2018-08-07,1.0,-9.572475017,-78.69179816,Krycklan,Precipitation,64.233333,19.766667
2018-08-09,0.8,-7.497939334,-55.75377051,Krycklan,Precipitation,64.233333,19.766667
2018-08-13,0.7,-4.925481814,-50.06917557,Krycklan,Precipitation,64.233333,19.766667
2018-08-17,0.6,-6.155004902,-44.76266676,Krycklan,Precipitation,64.233333,19.766667
2018-08-20,2.7,-6.21622596,-51.01323591,Krycklan,Precipitation,64.233333,19.766667
2018-08-23,3.5,-8.835243854,-63.44144268,Krycklan,Precipitation,64.233333,19.766667
2018-08-24,3.2,-9.242230929,-69.20920852,Krycklan,Precipitation,64.233333,19.766667
2018-08-27,12.1,-13.0562153,-94.36053991,Krycklan,Precipitation,64.233333,19.766667
2018-08-31,5.6,-10.46416181,-71.58393348,Krycklan,Precipitation,64.233333,19.766667
2018-09-10,0.2,-7.872457556,-50.03044283,Krycklan,Precipitation,64.233333,19.766667
2018-09-11,5.1,-12.90508903,-90.77242295,Krycklan,Precipitation,64.233333,19.766667
2018-09-12,1.4,-9.825648849,-68.77553091,Krycklan,Precipitation,64.233333,19.766667
2018-09-13,1.4,-17.52207474,-132.0085616,Krycklan,Precipitation,64.233333,19.766667
2018-09-17,2.5,-9.632243522,-74.67838651,Krycklan,Precipitation,64.233333,19.766667
2018-09-20,12.5,-9.976008499,-73.9515654,Krycklan,Precipitation,64.233333,19.766667
2018-09-21,1.3,-9.410612903,-71.68450996,Krycklan,Precipitation,64.233333,19.766667
2018-09-24,9.7,-7.054674171,-50.70561233,Krycklan,Precipitation,64.233333,19.766667
2018-09-26,3.5,-15.73247795,-120.4474548,Krycklan,Precipitation,64.233333,19.766667
2018-10-01,2.2,-14.57785632,-110.1535275,Krycklan,Precipitation,64.233333,19.766667
2018-10-03,0.9,-18.75422968,-137.3313804,Krycklan,Precipitation,64.233333,19.766667
2018-10-05,6.6,-13.50860838,-96.82358004,Krycklan,Precipitation,64.233333,19.766667
2018-10-08,1.7,-15.27177484,-113.0184643,Krycklan,Precipitation,64.233333,19.766667
2018-10-16,2.7,-10.23555107,-85.28722507,Krycklan,Precipitation,64.233333,19.766667
2018-10-17,0.6,-9.799132422,-70.10380315,Krycklan,Precipitation,64.233333,19.766667
2018-10-22,9.7,-12.64287533,-93.42095507,Krycklan,Precipitation,64.233333,19.766667
2018-10-29,0.2,-13.66914213,-88.89475133,Krycklan,Precipitation,64.233333,19.766667
2018-10-31,13.9,-12.75290448,-86.66127513,Krycklan,Precipitation,64.233333,19.766667
2018-11-01,2.0,-11.11632518,-76.41685741,Krycklan,Precipitation,64.233333,19.766667
2018-11-02,0.4,-10.14624927,-67.79132032,Krycklan,Precipitation,64.233333,19.766667
2018-11-05,6.3,-9.132751017,-58.66031785,Krycklan,Precipitation,64.233333,19.766667
2018-11-07,1.1,-8.779871884,-59.64860069,Krycklan,Precipitation,64.233333,19.766667
2018-11-09,0.9,-9.696335454,-65.5564063,Krycklan,Precipitation,64.233333,19.766667
2018-11-12,11.2,-9.954135017,-64.85359217,Krycklan,Precipitation,64.233333,19.766667
2018-11-13,2.5,-10.47864995,-69.14131553,Krycklan,Precipitation,64.233333,19.766667
2018-11-16,1.2,-10.23387172,-70.21280328,Krycklan,Precipitation,64.233333,19.766667
2018-12-03,5.8,-9.574364248,-61.29019275,Krycklan,Precipitation,64.233333,19.766667
2018-12-05,16.6,-17.91316475,-134.2262268,Krycklan,Precipitation,64.233333,19.766667
2018-12-06,0.3,-18.59889657,-129.7953285,Krycklan,Precipitation,64.233333,19.766667
2018-12-10,30.0,-17.81085202,-135.4455159,Krycklan,Precipitation,64.233333,19.766667
2018-12-11,2.8,-20.55568658,-159.6218573,Krycklan,Precipitation,64.233333,19.766667
2018-12-17,1.2,-23.90368546,-178.6123702,Krycklan,Precipitation,64.233333,19.766667
2018-12-18,9.1,-18.05806718,-127.8388699,Krycklan,Precipitation,64.233333,19.766667
2018-12-19,1.2,-17.42153829,-123.8101488,Krycklan,Precipitation,64.233333,19.766667
2018-12-21,1.2,-15.80429404,-109.1746004,Krycklan,Precipitation,64.233333,19.766667
2018-12-27,3.6,-18.48352695,-131.0984496,Krycklan,Precipitation,64.233333,19.766667
2019-01-02,8.9,-16.29575106,-122.0561664,Krycklan,Precipitation,64.233333,19.766667
2019-01-07,3.2,-14.18955611,-104.1555643,Krycklan,Precipitation,64.233333,19.766667
2019-01-08,0.2,-11.36130348,-71.57758866,Krycklan,Precipitation,64.233333,19.766667
2019-01-14,6.6,-17.58491175,-130.231479,Krycklan,Precipitation,64.233333,19.766667
2019-01-15,7.6,-23.04014813,-172.5478888,Krycklan,Precipitation,64.233333,19.766667
2019-01-21,0.4,-24.06118624,-173.0330695,Krycklan,Precipitation,64.233333,19.766667
2019-01-24,0.3,-16.50718419,-108.6394329,Krycklan,Precipitation,64.233333,19.766667
2019-01-25,1.4,-16.22028411,-110.8811839,Krycklan,Precipitation,64.233333,19.766667
2019-01-28,4.2,-19.11083219,-137.4317644,Krycklan,Precipitation,64.233333,19.766667
2019-01-29,0.7,-21.35582973,-164.3551861,Krycklan,Precipitation,64.233333,19.766667
2019-01-30,1.1,-23.45909162,-180.0836719,Krycklan,Precipitation,64.233333,19.766667
2019-02-01,0.3,-18.52862113,-127.7883775,Krycklan,Precipitation,64.233333,19.766667
2019-02-04,8.0,-25.45446793,-193.7285403,Krycklan,Precipitation,64.233333,19.766667
2019-02-06,0.5,-25.90459264,-194.7958597,Krycklan,Precipitation,64.233333,19.766667
2019-02-07,3.7,-20.47338169,-155.5401011,Krycklan,Precipitation,64.233333,19.766667
2019-02-08,1.9,-21.3714998,-163.9055297,Krycklan,Precipitation,64.233333,19.766667
2019-02-10,16.4,-20.75002657,-159.8397323,Krycklan,Precipitation,64.233333,19.766667
2019-02-13,2.6,-17.03950275,-129.327451,Krycklan,Precipitation,64.233333,19.766667
2019-02-14,4.0,-14.10162654,-108.3621796,Krycklan,Precipitation,64.233333,19.766667
2019-02-18,1.1,-16.10073804,-120.6330686,Krycklan,Precipitation,64.233333,19.766667
2019-02-22,0.2,-14.9039461,-111.0890384,Krycklan,Precipitation,64.233333,19.766667
2019-02-25,0.1,-8.418765288,-69.49130285,Krycklan,Precipitation,64.233333,19.766667
2019-02-26,2.2,-15.85605939,-120.8170611,Krycklan,Precipitation,64.233333,19.766667
2019-02-28,1.6,-16.11441144,-127.7433655,Krycklan,Precipitation,64.233333,19.766667
2019-03-04,1.2,-15.92528305,-116.2917073,Krycklan,Precipitation,64.233333,19.766667
2019-03-08,15.4,-22.40012696,-171.8364163,Krycklan,Precipitation,64.233333,19.766667
2019-03-11,9.6,-22.24410394,-165.3544374,Krycklan,Precipitation,64.233333,19.766667
2019-03-14,5.2,-13.19155988,-94.74315248,Krycklan,Precipitation,64.233333,19.766667
2019-03-15,4.7,-15.45551268,-119.3969856,Krycklan,Precipitation,64.233333,19.766667
2019-03-18,23.2,-21.32721404,-164.5563712,Krycklan,Precipitation,64.233333,19.766667
2019-03-19,1.2,-18.89445985,-146.3611312,Krycklan,Precipitation,64.233333,19.766667
2019-03-20,2.4,-20.0160831,-156.4877074,Krycklan,Precipitation,64.233333,19.766667
2019-03-25,0.6,-9.202565145,-72.97122798,Krycklan,Precipitation,64.233333,19.766667
2019-03-27,0.3,-11.0561525,-85.88953292,Krycklan,Precipitation,64.233333,19.766667
2019-04-01,1.8,-16.99380537,-128.4781384,Krycklan,Precipitation,64.233333,19.766667
2019-04-08,0.6,-14.16812523,-99.42888075,Krycklan,Precipitation,64.233333,19.766667
2019-04-30,2.0,-2.231868103,-41.73194547,Krycklan,Precipitation,64.233333,19.766667
2019-05-02,5.8,-12.86522285,-95.94681929,Krycklan,Precipitation,64.233333,19.766667
2019-05-06,2.1,-12.65004897,-88.0298191,Krycklan,Precipitation,64.233333,19.766667
2019-05-07,6.1,-9.692036468,-58.934345,Krycklan,Precipitation,64.233333,19.766667
2019-05-08,12.6,-14.41126168,-96.0711633,Krycklan,Precipitation,64.233333,19.766667
2019-05-13,24.3,-12.85613793,-91.60302344,Krycklan,Precipitation,64.233333,19.766667
2019-05-24,27.5,-9.585552692,-64.50625074,Krycklan,Precipitation,64.233333,19.766667
2019-05-27,0.9,-9.37444328,-70.03703034,Krycklan,Precipitation,64.233333,19.766667
2019-05-29,3.4,-9.869506443,-70.38106361,Krycklan,Precipitation,64.233333,19.766667
2019-05-31,16.5,-13.29269872,-97.98794291,Krycklan,Precipitation,64.233333,19.766667
2019-06-04,13.1,-7.994582961,-60.09027464,Krycklan,Precipitation,64.233333,19.766667
2019-06-05,0.2,-3.195692062,-33.4928771,Krycklan,Precipitation,64.233333,19.766667
2019-06-11,0.1,-9.399073588,-76.55317429,Krycklan,Precipitation,64.233333,19.766667
2019-06-18,3.0,-4.303105292,-29.55326235,Krycklan,Precipitation,64.233333,19.766667
2019-06-19,0.5,-3.734700252,-40.32915678,Krycklan,Precipitation,64.233333,19.766667
2019-06-20,21.0,-4.443281276,-35.79785644,Krycklan,Precipitation,64.233333,19.766667
2019-06-24,8.6,-8.822089224,-73.44477307,Krycklan,Precipitation,64.233333,19.766667
2019-06-27,0.6,-5.844110744,-61.60411517,Krycklan,Precipitation,64.233333,19.766667
2019-07-01,12.8,-8.400270648,-54.41973746,Krycklan,Precipitation,64.233333,19.766667
2019-07-05,0.6,-9.686672764,-78.99256847,Krycklan,Precipitation,64.233333,19.766667
2019-07-08,17.7,-12.63637167,-97.67058801,Krycklan,Precipitation,64.233333,19.766667
2019-07-15,9.6,-10.38598186,-72.01993444,Krycklan,Precipitation,64.233333,19.766667
2019-07-17,1.3,-8.263535707,-70.85932605,Krycklan,Precipitation,64.233333,19.766667
2019-08-06,4.5,-10.51357091,-77.10441835,Krycklan,Precipitation,64.233333,19.766667
2019-08-12,13.8,-9.174952695,-67.78447248,Krycklan,Precipitation,64.233333,19.766667
2019-08-13,2.4,-6.475808326,-48.15924464,Krycklan,Precipitation,64.233333,19.766667
2019-08-14,0.2,-7.865574971,-62.16340656,Krycklan,Precipitation,64.233333,19.766667
2019-08-20,45.9,-12.60052786,-91.80909253,Krycklan,Precipitation,64.233333,19.766667
2019-08-23,1.7,-9.092184434,-66.27808903,Krycklan,Precipitation,64.233333,19.766667
2019-08-26,5.5,-10.93941937,-87.4212047,Krycklan,Precipitation,64.233333,19.766667
2019-08-30,1.1,-6.289531092,-43.85313969,Krycklan,Precipitation,64.233333,19.766667
2019-09-02,5.5,-6.94475824,-45.23231204,Krycklan,Precipitation,64.233333,19.766667
2019-09-03,1.6,-7.594539543,-49.98385268,Krycklan,Precipitation,64.233333,19.766667
2019-09-04,1.0,-8.321732745,-68.9169652,Krycklan,Precipitation,64.233333,19.766667
2019-09-06,8.3,-8.776773129,-59.23675355,Krycklan,Precipitation,64.233333,19.766667
2019-09-09,5.7,-13.81662099,-102.6892988,Krycklan,Precipitation,64.233333,19.766667
2019-09-12,2.8,-10.24790046,-72.16027514,Krycklan,Precipitation,64.233333,19.766667
2019-09-13,0.3,-5.969736106,-56.10060446,Krycklan,Precipitation,64.233333,19.766667
2019-09-16,15.2,-15.58195632,-114.4821607,Krycklan,Precipitation,64.233333,19.766667
2019-09-23,3.7,-18.58705649,-145.0336718,Krycklan,Precipitation,64.233333,19.766667
2019-09-30,4.0,-10.93988203,-75.41634874,Krycklan,Precipitation,64.233333,19.766667
2019-10-01,8.0,-14.8070683,-109.836869,Krycklan,Precipitation,64.233333,19.766667
2019-10-02,7.9,-12.37562548,-90.06918826,Krycklan,Precipitation,64.233333,19.766667
2019-10-10,0.6,-13.09063933,-90.63129411,Krycklan,Precipitation,64.233333,19.766667
2019-10-11,3.1,-11.27807067,-74.28631238,Krycklan,Precipitation,64.233333,19.766667
2019-10-14,3.3,-20.84506248,-157.0985643,Krycklan,Precipitation,64.233333,19.766667
2019-10-17,0.3,-13.42659079,-90.85560482,Krycklan,Precipitation,64.233333,19.766667
2019-10-18,0.4,-13.30794065,-92.21311378,Krycklan,Precipitation,64.233333,19.766667
2019-10-21,2.6,-17.78412681,-129.3459992,Krycklan,Precipitation,64.233333,19.766667
2019-10-24,1.0,-17.88623819,-136.2300176,Krycklan,Precipitation,64.233333,19.766667
2019-10-25,2.4,-7.128411672,-51.95164904,Krycklan,Precipitation,64.233333,19.766667
2019-10-28,10.4,-17.97607293,-132.8195408,Krycklan,Precipitation,64.233333,19.766667
2019-10-31,1.8,-14.50769944,-96.80648211,Krycklan,Precipitation,64.233333,19.766667
2019-11-04,1.2,-13.30017811,-86.56554012,Krycklan,Precipitation,64.233333,19.766667
2019-11-11,8.0,-23.26876933,-172.8494913,Krycklan,Precipitation,64.233333,19.766667
2019-11-12,1.3,-19.27479395,-139.7775658,Krycklan,Precipitation,64.233333,19.766667
2019-11-13,10.2,-17.96628865,-128.9883907,Krycklan,Precipitation,64.233333,19.766667
2019-11-18,5.1,-19.5758609,-145.6173296,Krycklan,Precipitation,64.233333,19.766667
2019-11-20,10.5,-14.41651573,-103.1932133,Krycklan,Precipitation,64.233333,19.766667
2019-11-21,0.5,-14.54538978,-104.190271,Krycklan,Precipitation,64.233333,19.766667
2019-11-22,0.9,-11.46810487,-78.80194241,Krycklan,Precipitation,64.233333,19.766667
2019-11-25,2.1,-10.71250022,-65.95167154,Krycklan,Precipitation,64.233333,19.766667
2019-11-27,3.3,-20.37398948,-151.2975329,Krycklan,Precipitation,64.233333,19.766667
2019-11-29,8.0,-23.3576477,-176.5344585,Krycklan,Precipitation,64.233333,19.766667
2019-12-04,3.0,-17.59982151,-133.3670066,Krycklan,Precipitation,64.233333,19.766667
2019-12-09,5.7,-22.57604066,-168.6629856,Krycklan,Precipitation,64.233333,19.766667
2019-12-11,8.4,-18.22557403,-135.9229477,Krycklan,Precipitation,64.233333,19.766667
2019-12-16,14.2,-17.10320758,-129.261156,Krycklan,Precipitation,64.233333,19.766667
2019-12-19,1.2,-18.15731651,-129.3024749,Krycklan,Precipitation,64.233333,19.766667
2019-12-23,12.0,-12.06294014,-90.59626699,Krycklan,Precipitation,64.233333,19.766667
2019-12-27,2.9,-22.85507603,-176.2539404,Krycklan,Precipitation,64.233333,19.766667
2019-12-30,9.2,-16.72471273,-129.7288408,Krycklan,Precipitation,64.233333,19.766667
2020-01-02,4.1,-15.51683235,-116.809834,Krycklan,Precipitation,64.233333,19.766667
2020-01-07,2.2,-15.06071869,-117.6205198,Krycklan,Precipitation,64.233333,19.766667
2020-01-13,0.2,-10.9695963,-65.86199992,Krycklan,Precipitation,64.233333,19.766667
2020-01-15,2.5,-14.5660489,-112.403299,Krycklan,Precipitation,64.233333,19.766667
2020-01-16,5.2,-21.037486,-163.9889588,Krycklan,Precipitation,64.233333,19.766667
2020-01-20,16.7,-10.55611027,-75.0632238,Krycklan,Precipitation,64.233333,19.766667
2020-01-23,7.3,-14.69780115,-111.5256776,Krycklan,Precipitation,64.233333,19.766667
2020-01-27,6.2,-17.2756199,-131.777611,Krycklan,Precipitation,64.233333,19.766667
2020-01-28,6.3,-12.82337747,-93.49026915,Krycklan,Precipitation,64.233333,19.766667
2020-01-29,2.4,-16.5236094,-123.3980933,Krycklan,Precipitation,64.233333,19.766667
2020-01-30,3.0,-18.00166697,-135.5878605,Krycklan,Precipitation,64.233333,19.766667
2020-02-03,13.1,-14.50132893,-110.826986,Krycklan,Precipitation,64.233333,19.766667
2020-02-06,2.8,-12.49196579,-88.76366618,Krycklan,Precipitation,64.233333,19.766667
2020-02-10,14.6,-16.04582339,-127.4460338,Krycklan,Precipitation,64.233333,19.766667
2020-02-11,0.2,-10.72218371,-83.32850604,Krycklan,Precipitation,64.233333,19.766667
2020-02-17,20.1,-14.99939531,-120.948317,Krycklan,Precipitation,64.233333,19.766667
2020-02-24,10.3,-13.0706345,-101.6084856,Krycklan,Precipitation,64.233333,19.766667
2020-03-02,1.7,-14.54224849,-98.23433252,Krycklan,Precipitation,64.233333,19.766667
2020-03-03,1.5,-21.58396709,-165.4095281,Krycklan,Precipitation,64.233333,19.766667
2020-03-05,5.5,-20.74969076,-160.347608,Krycklan,Precipitation,64.233333,19.766667
2020-03-09,8.1,-18.3457436,-141.8121524,Krycklan,Precipitation,64.233333,19.766667
2020-03-12,8.1,-11.90729244,-89.84126072,Krycklan,Precipitation,64.233333,19.766667
2020-03-18,0.2,-14.17637107,-119.3882772,Krycklan,Precipitation,64.233333,19.766667
2020-03-30,0.1,-12.16702258,-75.72136174,Krycklan,Precipitation,64.233333,19.766667
2020-03-31,1.6,-23.35996853,-181.8537966,Krycklan,Precipitation,64.233333,19.766667
2020-04-02,3.6,-11.43927776,-83.58142256,Krycklan,Precipitation,64.233333,19.766667
2020-04-06,0.1,-20.3259496,-157.5328323,Krycklan,Precipitation,64.233333,19.766667
2020-04-14,11.0,-20.43826614,-157.706876,Krycklan,Precipitation,64.233333,19.766667
2020-04-15,4.2,-15.70244959,-121.8683515,Krycklan,Precipitation,64.233333,19.766667
2020-04-27,3.2,-8.222285839,-64.32371641,Krycklan,Precipitation,64.233333,19.766667
2020-05-04,10.1,-17.27898532,-130.8691104,Krycklan,Precipitation,64.233333,19.766667
2020-05-11,4.9,-10.87395089,-74.76708374,Krycklan,Precipitation,64.233333,19.766667
2020-05-20,3.6,-15.98825408,-118.197534,Krycklan,Precipitation,64.233333,19.766667
2020-05-25,0.3,-9.106551555,-74.87279874,Krycklan,Precipitation,64.233333,19.766667
2020-05-27,0.2,-5.898940668,-60.4873309,Krycklan,Precipitation,64.233333,19.766667
2020-06-08,22.6,-13.35433135,-102.7894473,Krycklan,Precipitation,64.233333,19.766667
2020-06-18,1.2,-2.832809123,-35.51288094,Krycklan,Precipitation,64.233333,19.766667
2020-06-26,0.4,-2.209419207,-38.04133908,Krycklan,Precipitation,64.233333,19.766667
2020-06-29,0.2,-2.531175665,-40.03461501,Krycklan,Precipitation,64.233333,19.766667
2020-06-30,6.0,-6.977430455,-43.03906827,Krycklan,Precipitation,64.233333,19.766667
2020-07-01,0.5,-7.529316256,-66.06463699,Krycklan,Precipitation,64.233333,19.766667
2020-07-03,12.0,-12.46290706,-91.7096795,Krycklan,Precipitation,64.233333,19.766667
2020-07-06,13.0,-13.16839646,-100.1137504,Krycklan,Precipitation,64.233333,19.766667
2020-07-07,3.5,-13.98396018,-102.6204366,Krycklan,Precipitation,64.233333,19.766667
2020-07-08,1.9,-12.14948465,-99.6447765,Krycklan,Precipitation,64.233333,19.766667
2020-07-09,13.1,-12.76091398,-91.51987988,Krycklan,Precipitation,64.233333,19.766667
2020-07-10,3.9,-12.47023083,-95.5203076,Krycklan,Precipitation,64.233333,19.766667
2020-07-13,7.9,-12.72871707,-110.7277746,Krycklan,Precipitation,64.233333,19.766667
2020-07-14,0.3,-12.62662736,-108.5658343,Krycklan,Precipitation,64.233333,19.766667
2020-07-21,2.7,-9.924479233,-72.24495502,Krycklan,Precipitation,64.233333,19.766667
2020-07-23,17.9,-16.14286196,-122.1014735,Krycklan,Precipitation,64.233333,19.766667
2020-07-24,4.5,-11.28356279,-81.83389792,Krycklan,Precipitation,64.233333,19.766667
2020-07-27,9.6,-13.90578297,-110.6477334,Krycklan,Precipitation,64.233333,19.766667
2020-07-28,3.2,-7.552680171,-51.54983257,Krycklan,Precipitation,64.233333,19.766667
2020-07-29,0.3,-7.615079272,-56.8562218,Krycklan,Precipitation,64.233333,19.766667
2020-07-30,10.3,-10.8862659,-75.91633232,Krycklan,Precipitation,64.233333,19.766667
2020-07-31,0.6,-9.051078367,-66.61802556,Krycklan,Precipitation,64.233333,19.766667
2020-08-04,0.3,-7.855452946,-66.30991605,Krycklan,Precipitation,64.233333,19.766667
2020-08-12,5.5,-10.41261544,-72.708032,Krycklan,Precipitation,64.233333,19.766667
2020-08-24,14.0,-10.89829113,-78.94005024,Krycklan,Precipitation,64.233333,19.766667
2020-08-26,1.9,-11.63421233,-92.18807347,Krycklan,Precipitation,64.233333,19.766667
2020-08-27,0.9,-12.25346295,-92.96182021,Krycklan,Precipitation,64.233333,19.766667
2020-08-31,1.3,-10.52415224,-75.37402133,Krycklan,Precipitation,64.233333,19.766667
2020-09-04,6.5,-9.518898489,-64.94514131,Krycklan,Precipitation,64.233333,19.766667
2020-09-07,7.5,-9.312369356,-67.03146516,Krycklan,Precipitation,64.233333,19.766667
2020-09-09,1.4,-10.73607899,-83.4338857,Krycklan,Precipitation,64.233333,19.766667
2020-09-10,1.0,-10.18074808,-88.591986,Krycklan,Precipitation,64.233333,19.766667
2020-09-14,2.3,-8.976442539,-68.01024808,Krycklan,Precipitation,64.233333,19.766667
2020-09-17,35.1,-15.73552285,-115.9660644,Krycklan,Precipitation,64.233333,19.766667
2020-09-21,3.6,-10.88897482,-90.76350785,Krycklan,Precipitation,64.233333,19.766667
2020-09-24,6.2,-8.225191453,-59.02460293,Krycklan,Precipitation,64.233333,19.766667
2020-10-02,0.9,-9.337589089,-62.51436965,Krycklan,Precipitation,64.233333,19.766667
2020-10-05,0.8,-8.620156906,-56.8518045,Krycklan,Precipitation,64.233333,19.766667
2020-10-07,38.6,-11.1546248,-75.62714186,Krycklan,Precipitation,64.233333,19.766667
2020-10-08,3.4,-11.59497488,-81.37083113,Krycklan,Precipitation,64.233333,19.766667
2020-10-09,0.7,-9.439237907,-66.01481424,Krycklan,Precipitation,64.233333,19.766667
2020-10-12,31.4,-16.91268161,-128.3683762,Krycklan,Precipitation,64.233333,19.766667
2020-10-14,0.2,-12.34071295,-90.35393692,Krycklan,Precipitation,64.233333,19.766667
2020-10-16,3.1,-12.7026555,-90.91049517,Krycklan,Precipitation,64.233333,19.766667
2020-10-19,17.4,-23.63261456,-177.6940718,Krycklan,Precipitation,64.233333,19.766667
2020-10-20,0.3,-17.24211178,-120.3816269,Krycklan,Precipitation,64.233333,19.766667
2020-10-22,10.9,-21.72678526,-160.4315789,Krycklan,Precipitation,64.233333,19.766667
2020-10-23,2.6,-18.27894786,-133.4974371,Krycklan,Precipitation,64.233333,19.766667
2020-10-26,7.8,-12.26427832,-84.30403236,Krycklan,Precipitation,64.233333,19.766667
2020-10-27,15.9,-17.54140532,-131.0600597,Krycklan,Precipitation,64.233333,19.766667
2020-10-30,2.2,-11.39911856,-81.13426133,Krycklan,Precipitation,64.233333,19.766667
2020-11-02,35.4,-11.16207151,-79.32548281,Krycklan,Precipitation,64.233333,19.766667
2020-11-03,18.7,-10.23927238,-74.97213999,Krycklan,Precipitation,64.233333,19.766667
2020-11-06,3.5,-10.78258363,-78.27817444,Krycklan,Precipitation,64.233333,19.766667
2020-11-12,1.4,-9.941048322,-64.25599599,Krycklan,Precipitation,64.233333,19.766667
2020-11-16,9.0,-9.19401102,-60.53341199,Krycklan,Precipitation,64.233333,19.766667
2020-11-23,29.4,-12.9124127,-96.13958889,Krycklan,Precipitation,64.233333,19.766667
2020-11-26,6.7,-14.45533404,-103.6840424,Krycklan,Precipitation,64.233333,19.766667
2020-11-30,1.4,-13.89697374,-95.81533111,Krycklan,Precipitation,64.233333,19.766667
2020-12-02,1.7,-16.4536738,-115.6376082,Krycklan,Precipitation,64.233333,19.766667
2020-12-03,1.9,-12.55942817,-80.63450771,Krycklan,Precipitation,64.233333,19.766667
2020-12-04,1.7,-11.93195498,-76.65515436,Krycklan,Precipitation,64.233333,19.766667
2020-12-07,14.6,-12.59806365,-88.60326791,Krycklan,Precipitation,64.233333,19.766667
2020-12-09,5.2,-10.32823776,-62.35765024,Krycklan,Precipitation,64.233333,19.766667
2020-12-11,0.2,-10.56576478,-63.78236487,Krycklan,Precipitation,64.233333,19.766667
2020-12-14,5.6,-12.59886802,-81.91248003,Krycklan,Precipitation,64.233333,19.766667
2020-12-16,6.5,-15.49103712,-113.7764926,Krycklan,Precipitation,64.233333,19.766667
2021-01-04,8.1,-18.17189725,-131.6905653,Krycklan,Precipitation,64.233333,19.766667
2021-01-08,2.8,-19.14022213,-133.9043713,Krycklan,Precipitation,64.233333,19.766667
2021-01-11,7.5,-18.1622645,-129.7897358,Krycklan,Precipitation,64.233333,19.766667
2021-01-14,29.8,-24.27491558,-183.5536455,Krycklan,Precipitation,64.233333,19.766667
2021-01-19,0.4,-21.79802023,-151.5356149,Krycklan,Precipitation,64.233333,19.766667
2021-01-21,6.8,-22.04346585,-166.786933,Krycklan,Precipitation,64.233333,19.766667
2021-01-25,29.0,-18.00913897,-134.6639727,Krycklan,Precipitation,64.233333,19.766667
2021-01-29,0.6,-19.9176058,-145.7969405,Krycklan,Precipitation,64.233333,19.766667
2021-02-01,2.2,-28.42049917,-212.9348022,Krycklan,Precipitation,64.233333,19.766667
2021-02-05,4.2,-15.06120769,-101.4711389,Krycklan,Precipitation,64.233333,19.766667
2021-02-08,0.9,-13.48397044,-86.0612188,Krycklan,Precipitation,64.233333,19.766667
2021-02-22,18.4,-15.24438033,-112.6704425,Krycklan,Precipitation,64.233333,19.766667
2021-02-25,12.4,-13.04363269,-94.9471631,Krycklan,Precipitation,64.233333,19.766667
2021-03-01,1.1,-11.01457829,-80.70148172,Krycklan,Precipitation,64.233333,19.766667
2021-03-04,0.2,-8.214040142,-54.3775978,Krycklan,Precipitation,64.233333,19.766667
2021-03-08,1.8,-16.70117266,-125.8426958,Krycklan,Precipitation,64.233333,19.766667
2021-03-09,3.3,-19.68508207,-143.1195833,Krycklan,Precipitation,64.233333,19.766667
2021-03-15,5.1,-13.55243002,-92.91777646,Krycklan,Precipitation,64.233333,19.766667
2021-03-18,0.2,-13.87257888,-106.9201389,Krycklan,Precipitation,64.233333,19.766667
2021-03-22,0.1,-10.42755968,-81.90690137,Krycklan,Precipitation,64.233333,19.766667
2021-03-29,1.4,-7.424136982,-50.02875638,Krycklan,Precipitation,64.233333,19.766667
2021-04-06,0.9,-17.3507563,-140.9024209,Krycklan,Precipitation,64.233333,19.766667
2021-04-12,5.2,-14.89078628,-116.6905708,Krycklan,Precipitation,64.233333,19.766667
2021-04-14,15.4,-14.36483654,-103.2511629,Krycklan,Precipitation,64.233333,19.766667
2021-04-26,3.3,-19.61153005,-150.0110953,Krycklan,Precipitation,64.233333,19.766667
2021-05-07,0.3,-10.14776255,-77.4328323,Krycklan,Precipitation,64.233333,19.766667
2021-05-11,3.7,-10.52202665,-76.07449349,Krycklan,Precipitation,64.233333,19.766667
2021-05-17,0.4,-6.291536431,-47.55121032,Krycklan,Precipitation,64.233333,19.766667
2021-05-18,11.6,-12.13457038,-88.14600179,Krycklan,Precipitation,64.233333,19.766667
2021-05-24,19.9,-14.06661382,-103.3714251,Krycklan,Precipitation,64.233333,19.766667
2021-06-07,6.2,-2.868016875,-38.33586607,Krycklan,Precipitation,64.233333,19.766667
2021-06-11,0.3,0.057701023,-34.40228752,Krycklan,Precipitation,64.233333,19.766667
2021-06-14,13.2,-8.367444708,-67.36436578,Krycklan,Precipitation,64.233333,19.766667
2021-06-15,21.6,-13.87433081,-106.6492672,Krycklan,Precipitation,64.233333,19.766667
2021-06-18,1.9,-3.391021325,-31.0565732,Krycklan,Precipitation,64.233333,19.766667
2021-06-21,25.8,-5.614423068,-35.09377809,Krycklan,Precipitation,64.233333,19.766667
2021-06-22,9.9,-7.436381424,-49.47026034,Krycklan,Precipitation,64.233333,19.766667
2021-06-28,0.3,-1.88534727,-32.52736325,Krycklan,Precipitation,64.233333,19.766667
2021-07-08,0.3,-6.211720881,-51.05107123,Krycklan,Precipitation,64.233333,19.766667
2021-07-12,20.8,-7.52278726,-49.38279977,Krycklan,Precipitation,64.233333,19.766667
2021-07-15,3.5,-6.409340523,-45.81146984,Krycklan,Precipitation,64.233333,19.766667
2021-07-16,0.5,-4.066169756,-34.37972389,Krycklan,Precipitation,64.233333,19.766667
2021-07-19,20.3,-9.419980339,-66.77232442,Krycklan,Precipitation,64.233333,19.766667
2021-07-30,5.5,-10.37586775,-73.11670515,Krycklan,Precipitation,64.233333,19.766667
2021-08-02,17.9,-9.694230912,-72.39335527,Krycklan,Precipitation,64.233333,19.766667
2021-08-09,17.6,-11.41916399,-82.48788155,Krycklan,Precipitation,64.233333,19.766667
2021-08-10,0.5,-7.925834558,-59.78237916,Krycklan,Precipitation,64.233333,19.766667
2021-08-11,7.0,-9.687440938,-74.67254679,Krycklan,Precipitation,64.233333,19.766667
2021-08-13,0.4,-8.232192462,-70.32013603,Krycklan,Precipitation,64.233333,19.766667
2021-08-16,19.6,-9.539840341,-70.81108965,Krycklan,Precipitation,64.233333,19.766667
2021-08-18,27.0,-10.77833944,-75.07737616,Krycklan,Precipitation,64.233333,19.766667
2021-08-19,3.2,-11.81936346,-81.8517772,Krycklan,Precipitation,64.233333,19.766667
2021-08-20,2.9,-14.71715547,-109.4059569,Krycklan,Precipitation,64.233333,19.766667
2021-08-23,4.4,-14.78794833,-117.1377228,Krycklan,Precipitation,64.233333,19.766667
2021-08-24,0.4,-8.712518408,-73.39858937,Krycklan,Precipitation,64.233333,19.766667
2021-08-26,35.2,-16.5669743,-120.2853203,Krycklan,Precipitation,64.233333,19.766667
2021-09-06,5.3,-12.90159955,-103.3666482,Krycklan,Precipitation,64.233333,19.766667
2021-09-07,1.1,-7.803837431,-63.80538657,Krycklan,Precipitation,64.233333,19.766667
2021-09-13,11.3,-11.21366444,-81.72065212,Krycklan,Precipitation,64.233333,19.766667
2021-09-14,0.2,-8.195865427,-61.98459078,Krycklan,Precipitation,64.233333,19.766667
2021-09-17,0.5,-12.3517028,-88.35216613,Krycklan,Precipitation,64.233333,19.766667
2021-09-20,0.7,-12.89865833,-89.99411814,Krycklan,Precipitation,64.233333,19.766667
2021-09-21,1.5,-11.08234358,-72.65311308,Krycklan,Precipitation,64.233333,19.766667
2021-09-23,17.9,-9.952566841,-68.53544155,Krycklan,Precipitation,64.233333,19.766667
2021-09-24,23.3,-12.78978125,-89.20904009,Krycklan,Precipitation,64.233333,19.766667
2021-09-27,7.8,-16.6885892,-125.0517666,Krycklan,Precipitation,64.233333,19.766667
2021-10-01,3.7,-9.617785203,-61.85920724,Krycklan,Precipitation,64.233333,19.766667
2021-10-04,10.8,-7.803259329,-50.84519656,Krycklan,Precipitation,64.233333,19.766667
2021-10-08,31.1,-11.22886009,-76.51288064,Krycklan,Precipitation,64.233333,19.766667
2021-10-11,2.1,-9.85501056,-69.10668708,Krycklan,Precipitation,64.233333,19.766667
2021-10-18,33.6,-17.13196163,-129.1330661,Krycklan,Precipitation,64.233333,19.766667
2021-10-21,24.6,-17.64919457,-129.8636559,Krycklan,Precipitation,64.233333,19.766667
2021-10-22,6.7,-19.15283452,-143.3868617,Krycklan,Precipitation,64.233333,19.766667
2021-10-25,8.2,-18.82784729,-138.8306405,Krycklan,Precipitation,64.233333,19.766667
2021-10-27,2.0,-14.05572535,-103.5939819,Krycklan,Precipitation,64.233333,19.766667
2021-10-28,4.2,-17.22495823,-129.5979342,Krycklan,Precipitation,64.233333,19.766667
2021-11-01,7.3,-10.95398849,-76.51529476,Krycklan,Precipitation,64.233333,19.766667
2021-11-03,3.9,-8.535448448,-55.32447538,Krycklan,Precipitation,64.233333,19.766667
2021-11-04,6.5,-12.63522296,-86.81398112,Krycklan,Precipitation,64.233333,19.766667
2021-11-08,5.4,-14.63821754,-101.5616215,Krycklan,Precipitation,64.233333,19.766667
2021-11-09,4.5,-22.11048862,-165.9629062,Krycklan,Precipitation,64.233333,19.766667
2021-11-12,0.9,-12.50835886,-85.61716833,Krycklan,Precipitation,64.233333,19.766667
2021-11-17,0.5,-10.71496603,-78.10407822,Krycklan,Precipitation,64.233333,19.766667
2021-11-19,3.5,-14.12559158,-99.34735694,Krycklan,Precipitation,64.233333,19.766667
2021-11-25,13.2,-19.57453195,-147.6294001,Krycklan,Precipitation,64.233333,19.766667
2021-11-26,5.3,-21.64320708,-158.2770669,Krycklan,Precipitation,64.233333,19.766667
2021-11-29,2.4,-20.17864055,-138.3331492,Krycklan,Precipitation,64.233333,19.766667
2021-12-03,2.1,-21.00648079,-143.0776904,Krycklan,Precipitation,64.233333,19.766667
2021-12-06,1.1,-18.00827234,-112.5156046,Krycklan,Precipitation,64.233333,19.766667
2021-12-09,1.3,-17.7486814,-113.2150344,Krycklan,Precipitation,64.233333,19.766667
2021-12-10,1.5,-19.07747593,-129.7918177,Krycklan,Precipitation,64.233333,19.766667
2021-12-13,8.1,-12.35493401,-81.14085726,Krycklan,Precipitation,64.233333,19.766667
2021-12-17,0.9,-11.82599469,-78.21261598,Krycklan,Precipitation,64.233333,19.766667
2021-12-20,1.4,-14.46022418,-104.9862545,Krycklan,Precipitation,64.233333,19.766667
2022-01-03,15.4,-18.51210739,-137.1240966,Krycklan,Precipitation,64.233333,19.766667
2022-01-04,1.8,-15.99757017,-116.8268282,Krycklan,Precipitation,64.233333,19.766667
2022-01-10,2.4,-15.77786023,-108.2099409,Krycklan,Precipitation,64.233333,19.766667
2022-01-14,7.5,-13.41975891,-99.86930017,Krycklan,Precipitation,64.233333,19.766667
2022-01-17,1.2,-13.99065156,-101.7405226,Krycklan,Precipitation,64.233333,19.766667
2022-01-21,1.3,-19.07366574,-145.3370422,Krycklan,Precipitation,64.233333,19.766667
2022-01-24,1.6,-12.23157482,-88.18553856,Krycklan,Precipitation,64.233333,19.766667
2022-01-27,0.6,-11.14823736,-71.13571531,Krycklan,Precipitation,64.233333,19.766667
2022-01-31,1.7,-13.87198025,-97.02517795,Krycklan,Precipitation,64.233333,19.766667
2022-02-02,1.1,-21.26301543,-155.8025727,Krycklan,Precipitation,64.233333,19.766667
2022-02-04,5.6,-21.73257763,-162.4993491,Krycklan,Precipitation,64.233333,19.766667
2022-02-07,13.7,-17.34802459,-131.0081047,Krycklan,Precipitation,64.233333,19.766667
2022-02-09,2.4,-15.28958058,-108.8992847,Krycklan,Precipitation,64.233333,19.766667
2022-02-14,2.5,-16.7079319,-124.9825738,Krycklan,Precipitation,64.233333,19.766667
2022-02-16,2.6,-18.11742838,-134.8637851,Krycklan,Precipitation,64.233333,19.766667
2022-02-17,5.2,-17.10892302,-126.6206514,Krycklan,Precipitation,64.233333,19.766667
2022-02-18,0.2,-23.14326091,-174.7770263,Krycklan,Precipitation,64.233333,19.766667
2022-02-21,0.5,-17.45563161,-129.3972318,Krycklan,Precipitation,64.233333,19.766667
2022-02-24,5.4,-16.87133307,-126.8998013,Krycklan,Precipitation,64.233333,19.766667
2022-02-25,4.2,-18.68300186,-143.0466328,Krycklan,Precipitation,64.233333,19.766667
2022-03-02,0.1,-12.25890535,-92.79871264,Krycklan,Precipitation,64.233333,19.766667
2022-03-07,0.1,-10.37069673,-75.46783437,Krycklan,Precipitation,64.233333,19.766667
2022-03-08,1.7,-17.05922186,-129.035805,Krycklan,Precipitation,64.233333,19.766667
2022-03-10,0.3,-8.96900858,-63.08659237,Krycklan,Precipitation,64.233333,19.766667
2022-03-18,0.5,-11.40048714,-82.85260137,Krycklan,Precipitation,64.233333,19.766667
2022-03-25,3.8,-14.24682333,-108.0946843,Krycklan,Precipitation,64.233333,19.766667
2022-03-28,14.5,-19.61391003,-149.9903537,Krycklan,Precipitation,64.233333,19.766667
2022-03-29,0.2,-16.60854548,-127.7204344,Krycklan,Precipitation,64.233333,19.766667
2022-04-04,0.5,-13.87905587,-97.92696891,Krycklan,Precipitation,64.233333,19.766667
2022-04-05,1.7,-25.01155327,-186.5420445,Krycklan,Precipitation,64.233333,19.766667
2022-04-06,2.2,-26.75672207,-205.9871088,Krycklan,Precipitation,64.233333,19.766667
2022-04-07,14.0,-21.97767031,-167.3271365,Krycklan,Precipitation,64.233333,19.766667
2022-04-11,18.0,-19.2877199,-145.9956399,Krycklan,Precipitation,64.233333,19.766667
2022-04-27,0.1,-10.95819712,-90.97937334,Krycklan,Precipitation,64.233333,19.766667
2022-05-02,0.4,-8.218411641,-60.90306133,Krycklan,Precipitation,64.233333,19.766667
2022-05-03,0.3,-10.04317084,-80.72438178,Krycklan,Precipitation,64.233333,19.766667
2022-05-11,3.8,-8.64979467,-64.24820216,Krycklan,Precipitation,64.233333,19.766667
2022-05-13,7.0,-11.43439679,-88.45425971,Krycklan,Precipitation,64.233333,19.766667
2022-05-16,0.1,-10.52773868,-93.35652315,Krycklan,Precipitation,64.233333,19.766667
2022-05-19,0.1,-1.828133324,-52.00071216,Krycklan,Precipitation,64.233333,19.766667
2022-05-30,9.4,-9.89605545,-74.56439685,Krycklan,Precipitation,64.233333,19.766667
2022-06-01,7.2,-11.18536548,-81.65126609,Krycklan,Precipitation,64.233333,19.766667
2022-06-02,1.9,-10.60335745,-76.68995189,Krycklan,Precipitation,64.233333,19.766667
2022-06-03,4.2,-10.78453313,-78.96272879,Krycklan,Precipitation,64.233333,19.766667
2022-06-07,7.1,-12.70487126,-110.8014259,Krycklan,Precipitation,64.233333,19.766667
2022-06-09,8.6,-7.566330585,-53.18999551,Krycklan,Precipitation,64.233333,19.766667
2022-06-13,2.9,-4.682903955,-41.84912999,Krycklan,Precipitation,64.233333,19.766667
2022-06-20,48.9,-16.74450096,-126.7912252,Krycklan,Precipitation,64.233333,19.766667
2022-06-22,0.4,-5.694004989,-62.47597241,Krycklan,Precipitation,64.233333,19.766667
2022-06-23,3.5,-11.17930959,-85.74790082,Krycklan,Precipitation,64.233333,19.766667
2022-07-05,27.3,-10.99007854,-75.03008958,Krycklan,Precipitation,64.233333,19.766667
2022-07-07,2.3,-10.52089266,-80.16764128,Krycklan,Precipitation,64.233333,19.766667
2022-07-11,28.6,-12.63734337,-95.53251107,Krycklan,Precipitation,64.233333,19.766667
2022-07-14,15.5,-10.81234681,-76.07807767,Krycklan,Precipitation,64.233333,19.766667
2022-07-15,10.0,-10.71116149,-74.40879028,Krycklan,Precipitation,64.233333,19.766667
2022-07-18,8.6,-11.43947188,-86.93581802,Krycklan,Precipitation,64.233333,19.766667
2022-07-22,0.4,-3.714710256,-32.86113674,Krycklan,Precipitation,64.233333,19.766667
2022-07-25,0.6,-7.30399558,-50.94429772,Krycklan,Precipitation,64.233333,19.766667
2022-07-26,5.9,-8.511993007,-61.45278247,Krycklan,Precipitation,64.233333,19.766667
2022-07-27,2.1,-13.43956616,-101.3413265,Krycklan,Precipitation,64.233333,19.766667
2022-07-29,0.9,-7.623484595,-65.45157472,Krycklan,Precipitation,64.233333,19.766667
2022-08-01,0.2,-7.076182436,-55.24810612,Krycklan,Precipitation,64.233333,19.766667
2022-08-02,9.5,-13.52789718,-94.98180412,Krycklan,Precipitation,64.233333,19.766667
2022-08-08,21.2,-10.84670022,-81.728065,Krycklan,Precipitation,64.233333,19.766667
2022-08-12,4.5,-5.622791987,-52.30724796,Krycklan,Precipitation,64.233333,19.766667
2022-08-15,4.2,-7.494728345,-57.50284837,Krycklan,Precipitation,64.233333,19.766667
2022-08-18,6.4,-8.649689284,-59.01552079,Krycklan,Precipitation,64.233333,19.766667
2022-08-22,17.1,-6.301573966,-43.09912803,Krycklan,Precipitation,64.233333,19.766667
2022-08-29,1.6,-5.958276735,-41.75031145,Krycklan,Precipitation,64.233333,19.766667
2022-09-02,0.9,-8.828535691,-73.18904341,Krycklan,Precipitation,64.233333,19.766667
2022-09-13,1.2,-8.53751105,-57.14122902,Krycklan,Precipitation,64.233333,19.766667
2022-09-14,5.2,-13.24532148,-91.84013439,Krycklan,Precipitation,64.233333,19.766667
2022-09-15,10.0,-12.59874453,-87.57289342,Krycklan,Precipitation,64.233333,19.766667
2022-09-16,9.7,-14.15235063,-101.1720122,Krycklan,Precipitation,64.233333,19.766667
2022-09-19,29.8,-13.18571276,-94.95268732,Krycklan,Precipitation,64.233333,19.766667
2022-09-20,0.3,-10.99172723,-78.69608504,Krycklan,Precipitation,64.233333,19.766667
2022-09-26,8.5,-7.67173177,-48.31529406,Krycklan,Precipitation,64.233333,19.766667
2022-09-30,0.4,-11.06060926,-78.55401239,Krycklan,Precipitation,64.233333,19.766667
2022-10-03,0.2,-9.454883267,-61.74695991,Krycklan,Precipitation,64.233333,19.766667
2022-10-05,12.5,-14.57375237,-105.9709607,Krycklan,Precipitation,64.233333,19.766667
2022-10-06,8.6,-10.10317446,-74.15150343,Krycklan,Precipitation,64.233333,19.766667
2022-10-10,6.7,-10.762303,-81.67767668,Krycklan,Precipitation,64.233333,19.766667
2022-10-11,3.4,-9.19723675,-61.29549549,Krycklan,Precipitation,64.233333,19.766667
2022-10-17,10.7,-12.09692407,-86.3658136,Krycklan,Precipitation,64.233333,19.766667
2022-10-25,2.7,-10.89736164,-63.55311066,Krycklan,Precipitation,64.233333,19.766667
2022-10-26,1.4,-11.5531048,-72.98840052,Krycklan,Precipitation,64.233333,19.766667
2022-10-28,5.0,-12.21190015,-88.60149509,Krycklan,Precipitation,64.233333,19.766667
2022-10-29,0.9,-9.566260009,-67.80340313,Krycklan,Precipitation,64.233333,19.766667
2022-11-03,4.6,-9.493214866,-65.00864836,Krycklan,Precipitation,64.233333,19.766667
2022-11-07,5.7,-11.95578301,-79.9962359,Krycklan,Precipitation,64.233333,19.766667
2022-11-10,1.7,-15.26248159,-107.6871782,Krycklan,Precipitation,64.233333,19.766667
2022-11-15,5.2,-11.02589163,-80.50549786,Krycklan,Precipitation,64.233333,19.766667
2022-11-24,1.2,-13.51903337,-89.5821835,Krycklan,Precipitation,64.233333,19.766667
2022-11-28,2.0,-12.02652611,-78.81041103,Krycklan,Precipitation,64.233333,19.766667
2022-11-29,0.9,-12.24708599,-79.8178939,Krycklan,Precipitation,64.233333,19.766667
2022-11-30,1.2,-12.65639662,-86.3600204,Krycklan,Precipitation,64.233333,19.766667
2022-12-01,0.7,-17.96352845,-126.1648626,Krycklan,Precipitation,64.233333,19.766667
2022-12-05,1.5,-17.10842294,-121.4707628,Krycklan,Precipitation,64.233333,19.766667
2022-12-09,7.1,-22.97212303,-164.0336762,Krycklan,Precipitation,64.233333,19.766667
2022-12-12,14.8,-23.0254413,-162.6267212,Krycklan,Precipitation,64.233333,19.766667
2022-12-14,2.1,-28.18383316,-206.5365864,Krycklan,Precipitation,64.233333,19.766667
2022-12-19,1.5,-16.92784763,-111.4148213,Krycklan,Precipitation,64.233333,19.766667
2022-12-21,9.6,-16.27640386,-118.9262553,Krycklan,Precipitation,64.233333,19.766667
2022-12-27,4.0,-13.19246672,-89.75370481,Krycklan,Precipitation,64.233333,19.766667
2022-12-29,5.2,-23.25983309,-174.4136449,Krycklan,Precipitation,64.233333,19.766667
2016-06-21,,-11.59,-83.56,Pallas,Rainfall,67.98713,24.24374
2016-07-05,,-9.4,-64.38,Pallas,Rainfall,67.98713,24.24374
2016-07-19,,-9.89,-68.71,Pallas,Rainfall,67.98713,24.24374
2016-08-02,,-10.96,-77.22,Pallas,Rainfall,67.98713,24.24374
2016-08-15,,-13.67,-98.09,Pallas,Rainfall,67.98713,24.24374
2016-08-17,,-14.55,-106.55,Pallas,Rainfall,67.98713,24.24374
2016-08-30,,-14.42,-103.89,Pallas,Rainfall,67.98713,24.24374
2016-09-13,,-11.66,-85.59,Pallas,Rainfall,67.98713,24.24374
2016-10-04,,-12.49,-88.71,Pallas,Rainfall,67.98713,24.24374
2017-07-04,,-12.5,-94.6,Pallas,Rainfall,67.98713,24.24374
2017-07-18,,-13.1,-93.3,Pallas,Rainfall,67.98713,24.24374
2017-08-01,,-11.1,-82.5,Pallas,Rainfall,67.98713,24.24374
2017-08-10,,-11.7,-87.9,Pallas,Rainfall,67.98713,24.24374
2017-08-16,,-8.96,-66.3,Pallas,Rainfall,67.98713,24.24374
2017-09-12,,-12.83,-93.77,Pallas,Rainfall,67.98713,24.24374
2017-10-11,,-15.98,-117.17,Pallas,Rainfall,67.98713,24.24374
2017-11-02,,-20.3,-151.1,Pallas,Snowfall,67.98713,24.24374
2017-12-08,,-19.7,-143.7,Pallas,Snowfall,67.98713,24.24374
2017-12-09,,-22.3,-168.3,Pallas,Snowfall,67.98713,24.24374
2018-01-20,,-23.7,-179.5,Pallas,Snowfall,67.98713,24.24374
2018-02-03,,-14.1,-102.5,Pallas,Snowfall,67.98713,24.24374
2018-02-23,,-14.1,-90.7,Pallas,Snowfall,67.98713,24.24374
2018-02-28,,-16.5,-110.9,Pallas,Snowfall,67.98713,24.24374
2018-03-09,,-20.4,-147.1,Pallas,Snowfall,67.98713,24.24374
2018-03-11,,-22.7,-169.0,Pallas,Snowfall,67.98713,24.24374
2018-03-21,,-16.8,-120.1,Pallas,Snowfall,67.98713,24.24374
2018-04-06,,-22.95,-179.29,Pallas,Snowfall,67.98713,24.24374
2018-04-09,,-17.4,-125.37,Pallas,Snowfall,67.98713,24.24374
2018-06-18,,-7.3,-60.2,Pallas,Rainfall,67.98713,24.24374
2018-06-19,,-9.82,-71.74,Pallas,Rainfall,67.98713,24.24374
2018-06-20,,-13.7,-107.42,Pallas,Rainfall,67.98713,24.24374
2018-06-25,,-15.4,-119.01,Pallas,Rainfall,67.98713,24.24374
2018-07-04,,-8.48,-64.28,Pallas,Rainfall,67.98713,24.24374
2018-08-01,,-7.43,-57.22,Pallas,Rainfall,67.98713,24.24374
2018-08-03,,-8.36,-53.2,Pallas,Rainfall,67.98713,24.24374
2018-08-07,,-9.12,-61.26,Pallas,Rainfall,67.98713,24.24374
2018-10-05,,-24.41,-183.95,Pallas,Snowfall,67.98713,24.24374
2018-12-17,,-19.39,-145.11,Pallas,Snowfall,67.98713,24.24374
2018-12-17,,-18.85,-139.28,Pallas,Snowfall,67.98713,24.24374
2018-12-20,,-18.3,-131.22,Pallas,Snowfall,67.98713,24.24374
2018-12-21,,-22.11,-165.4,Pallas,Snowfall,67.98713,24.24374
2019-01-03,,-18.79,-143.4,Pallas,Snowfall,67.98713,24.24374
2019-01-03,,-19.85,-149.39,Pallas,Snowfall,67.98713,24.24374
2019-01-11,,-12.4,-83.12,Pallas,Snowfall,67.98713,24.24374
2019-01-14,,-29.63,-227.59,Pallas,Snowfall,67.98713,24.24374
2019-01-15,,-22.88,-172.57,Pallas,Snowfall,67.98713,24.24374
2019-01-17,,-23.34,-177.73,Pallas,Snowfall,67.98713,24.24374
2019-01-22,,-28.93,-218.4,Pallas,Snowfall,67.98713,24.24374
2019-01-25,,-22.84,-157.99,Pallas,Snowfall,67.98713,24.24374
2019-01-31,,-25.11,-190.55,Pallas,Snowfall,67.98713,24.24374
2019-02-11,,-24.57,-182.42,Pallas,Snowfall,67.98713,24.24374
2019-02-15,,-17.51,-135.13,Pallas,Snowfall,67.98713,24.24374
2019-02-18,,-15.13,-113.31,Pallas,Snowfall,67.98713,24.24374
2019-05-03,,-17.48,-130.4,Pallas,Rainfall,67.98713,24.24374
2019-05-08,,-20.39,-151.65,Pallas,Rainfall,67.98713,24.24374
2019-05-09,,-16.02,-131.64,Pallas,Rainfall,67.98713,24.24374
2019-05-12,,-8.86,-60.05,Pallas,Rainfall,67.98713,24.24374
2019-05-12,,-17.0,-123.83,Pallas,Rainfall,67.98713,24.24374
2019-05-13,,-10.03,-70.31,Pallas,Rainfall,67.98713,24.24374
2019-05-13,,-11.09,-80.08,Pallas,Rainfall,67.98713,24.24374
2019-05-14,,-10.2,-74.14,Pallas,Rainfall,67.98713,24.24374
2019-05-27,,-10.58,-79.99,Pallas,Rainfall,67.98713,24.24374
2019-07-19,,-17.17,-132.11,Pallas,Rainfall,67.98713,24.24374
2019-07-21,,-10.21,-70.58,Pallas,Rainfall,67.98713,24.24374
2019-09-03,,-9.62,-65.35,Pallas,Rainfall,67.98713,24.24374
2019-09-06,,-12.91,-93.1,Pallas,Rainfall,67.98713,24.24374
2019-09-10,,-7.94,-56.7,Pallas,Snowfall,67.98713,24.24374
2019-09-13,,-12.85,-92.92,Pallas,Rainfall,67.98713,24.24374
2019-09-16,,-11.62,-87.73,Pallas,Rainfall,67.98713,24.24374
2019-09-17,,-11.77,-81.71,Pallas,Rainfall,67.98713,24.24374
2019-09-20,,-12.95,-88.95,Pallas,Rainfall,67.98713,24.24374
2019-09-24,,-11.66,-81.65,Pallas,Snowfall,67.98713,24.24374
2019-09-25,,-7.89,-54.34,Pallas,Rainfall,67.98713,24.24374
2019-09-30,,-18.6,-136.84,Pallas,Snowfall,67.98713,24.24374
2019-09-30,,-12.91,-91.98,Pallas,Rainfall,67.98713,24.24374
2019-10-01,,-16.32,-120.11,Pallas,Rainfall,67.98713,24.24374
2019-10-02,,-12.52,-90.87,Pallas,Rainfall,67.98713,24.24374
2019-10-08,,-16.85,-123.96,Pallas,Snowfall,67.98713,24.24374
2019-10-08,,-8.38,-54.49,Pallas,Rainfall,67.98713,24.24374
2019-10-09,,-10.32,-68.95,Pallas,Rainfall,67.98713,24.24374
2019-10-10,,-9.29,-59.65,Pallas,Rainfall,67.98713,24.24374
2019-10-15,,-13.09,-88.41,Pallas,Rainfall,67.98713,24.24374
2019-10-21,,-15.48,-109.6,Pallas,Rainfall,67.98713,24.24374
2019-10-23,,-18.15,-133.52,Pallas,Snowfall,67.98713,24.24374
2019-10-25,,-20.7,-155.12,Pallas,Snowfall,67.98713,24.24374
2019-10-28,,-15.84,-114.73,Pallas,Snowfall,67.98713,24.24374
2019-11-12,,-28.44,-211.4,Pallas,Snowfall,67.98713,24.24374
2019-12-04,,-22.82,-174.6,Pallas,Snowfall,67.98713,24.24374
2019-12-04,,-22.03,-171.06,Pallas,Snowfall,67.98713,24.24374
2019-12-09,,-12.96,-90.15,Pallas,Snowfall,67.98713,24.24374
2019-12-12,,-20.39,-152.51,Pallas,Snowfall,67.98713,24.24374
2019-12-13,,-12.77,-94.61,Pallas,Snowfall,67.98713,24.24374
2019-12-13,,-22.8,-176.1,Pallas,Snowfall,67.98713,24.24374
2019-12-16,,-18.08,-131.02,Pallas,Snowfall,67.98713,24.24374
2019-12-16,,-24.11,-179.47,Pallas,Snowfall,67.98713,24.24374
2019-12-17,,-23.49,-173.23,Pallas,Snowfall,67.98713,24.24374
2019-12-17,,-30.62,-233.84,Pallas,Snowfall,67.98713,24.24374
2019-12-18,,-24.37,-181.47,Pallas,Snowfall,67.98713,24.24374
2019-12-18,,-25.59,-194.75,Pallas,Snowfall,67.98713,24.24374
2019-12-23,,-18.19,-134.02,Pallas,Snowfall,67.98713,24.24374
2019-12-23,,-17.63,-129.96,Pallas,Snowfall,67.98713,24.24374
2019-12-30,,-21.74,-167.65,Pallas,Snowfall,67.98713,24.24374
2019-12-31,,-20.75,-159.41,Pallas,Snowfall,67.98713,24.24374
2020-01-02,,-20.3,-154.82,Pallas,Snowfall,67.98713,24.24374
2020-01-07,,-15.8,-117.87,Pallas,Snowfall,67.98713,24.24374
2020-01-08,,-16.5,-126.18,Pallas,Snowfall,67.98713,24.24374
2020-01-09,,-15.91,-124.78,Pallas,Snowfall,67.98713,24.24374
2020-01-13,,-23.76,-186.96,Pallas,Snowfall,67.98713,24.24374
2020-01-15,,-19.7,-150.55,Pallas,Snowfall,67.98713,24.24374
2020-01-16,,-17.36,-129.02,Pallas,Snowfall,67.98713,24.24374
2020-01-17,,-16.77,-122.69,Pallas,Snowfall,67.98713,24.24374
2020-01-20,,-19.35,-146.29,Pallas,Snowfall,67.98713,24.24374
2020-01-20,,-17.45,-132.7,Pallas,Snowfall,67.98713,24.24374
2020-01-21,,-17.25,-135.29,Pallas,Snowfall,67.98713,24.24374
2020-01-24,,-19.32,-147.64,Pallas,Snowfall,67.98713,24.24374
2020-01-27,,-13.57,-82.63,Pallas,Snowfall,67.98713,24.24374
2020-01-28,,-19.94,-139.41,Pallas,Snowfall,67.98713,24.24374
2020-01-29,,-19.02,-139.52,Pallas,Snowfall,67.98713,24.24374
2020-01-30,,-18.14,-131.86,Pallas,Snowfall,67.98713,24.24374
2020-01-31,,-18.53,-135.5,Pallas,Snowfall,67.98713,24.24374
2020-01-31,,-19.54,-144.93,Pallas,Snowfall,67.98713,24.24374
2020-02-03,,-21.02,-159.52,Pallas,Snowfall,67.98713,24.24374
2020-02-07,,-16.87,-129.32,Pallas,Snowfall,67.98713,24.24374
2020-02-10,,-19.39,-154.92,Pallas,Snowfall,67.98713,24.24374
2020-02-11,,-14.74,-117.37,Pallas,Snowfall,67.98713,24.24374
2020-02-13,,-14.08,-104.51,Pallas,Snowfall,67.98713,24.24374
2020-02-17,,-17.74,-136.36,Pallas,Snowfall,67.98713,24.24374
2020-02-19,,-17.52,-133.64,Pallas,Snowfall,67.98713,24.24374
2020-02-21,,-14.19,-105.64,Pallas,Snowfall,67.98713,24.24374
2020-02-24,,-15.36,-121.08,Pallas,Snowfall,67.98713,24.24374
2020-03-09,,-14.78,-112.55,Pallas,Snowfall,67.98713,24.24374
2020-03-11,,-10.65,-78.17,Pallas,Snowfall,67.98713,24.24374
2020-03-12,,-12.12,-91.97,Pallas,Snowfall,67.98713,24.24374
2020-03-13,,-15.55,-119.25,Pallas,Snowfall,67.98713,24.24374
2020-03-16,,-20.67,-157.43,Pallas,Snowfall,67.98713,24.24374
2020-03-18,,-15.86,-123.32,Pallas,Snowfall,67.98713,24.24374
2020-03-30,,-8.7,-76.17,Pallas,Snowfall,67.98713,24.24374
2020-04-01,,-23.87,-189.46,Pallas,Snowfall,67.98713,24.24374
2020-04-28,,-7.72,-59.94,Pallas,Snowfall,67.98713,24.24374
2020-05-04,,-8.59,-66.01,Pallas,Rainfall,67.98713,24.24374
2020-06-06,,-9.91,-73.75,Pallas,RainFall,67.98713,24.24374
2020-06-07,,-15.12,-112.02,Pallas,RainFall,67.98713,24.24374
2020-06-16,,-4.53,-50.31,Pallas,RainFall,67.98713,24.24374
2020-06-30,,-14.54,-103.89,Pallas,Rainfall,67.98713,24.24374
2020-07-02,,-14.85,-111.49,Pallas,Rainfall,67.98713,24.24374
2020-07-03,,-12.23,-107.96,Pallas,Rainfall,67.98713,24.24374
2020-07-06,,-17.27,-126.43,Pallas,Rainfall,67.98713,24.24374
2020-07-07,,-10.16,-80.53,Pallas,Rainfall,67.98713,24.24374
2020-07-08,,-15.02,-111.09,Pallas,Rainfall,67.98713,24.24374
2020-07-09,,-15.46,-118.47,Pallas,Rainfall,67.98713,24.24374
2020-07-10,,-12.99,-99.82,Pallas,Rainfall,67.98713,24.24374
2020-07-13,,-12.73,-98.56,Pallas,Rainfall,67.98713,24.24374
2020-07-15,,-9.93,-77.32,Pallas,Rainfall,67.98713,24.24374
2020-07-17,,-11.34,-93.58,Pallas,Rainfall,67.98713,24.24374
2020-07-20,,-6.05,-40.04,Pallas,RainFall,67.98713,24.24374
2020-07-21,,-7.0,-51.5,Pallas,Rainfall,67.98713,24.24374
2020-07-22,,-9.91,-69.81,Pallas,Rainfall,67.98713,24.24374
2020-07-23,,-8.69,-57.37,Pallas,Rainfall,67.98713,24.24374
2020-07-24,,-9.76,-68.78,Pallas,Rainfall,67.98713,24.24374
2020-07-27,,-13.01,-93.88,Pallas,Rainfall,67.98713,24.24374
2020-08-06,,-11.21,-89.64,Pallas,Rainfall,67.98713,24.24374
2020-08-10,,-9.46,-67.3,Pallas,Rainfall,67.98713,24.24374
2020-08-11,,-7.25,-60.73,Pallas,Rainfall,67.98713,24.24374
2020-08-17,,-8.79,-66.21,Pallas,Rainfall,67.98713,24.24374
2020-08-18,,-8.77,-70.92,Pallas,Rainfall,67.98713,24.24374
2020-08-20,,-10.73,-81.34,Pallas,Rainfall,67.98713,24.24374
2020-08-21,,-8.23,-56.92,Pallas,Rainfall,67.98713,24.24374
2020-08-24,,-8.85,-68.14,Pallas,Rainfall,67.98713,24.24374
2020-08-25,,-13.86,-106.33,Pallas,Rainfall,67.98713,24.24374
2020-08-26,,-12.56,-91.82,Pallas,Rainfall,67.98713,24.24374
2020-08-27,,-13.12,-95.98,Pallas,Rainfall,67.98713,24.24374
2020-08-28,,-8.06,-61.54,Pallas,Rainfall,67.98713,24.24374
2020-08-31,,-10.89,-71.99,Pallas,Rainfall,67.98713,24.24374
2020-09-08,,-11.07,-79.64,Pallas,Rainfall,67.98713,24.24374
2020-09-09,,-11.14,-85.37,Pallas,Rainfall,67.98713,24.24374
2020-09-10,,-9.86,-77.53,Pallas,Rainfall,67.98713,24.24374
2020-09-15,,-13.26,-96.8,Pallas,Rainfall,67.98713,24.24374
2020-09-22,,-16.49,-123.83,Pallas,Rainfall,67.98713,24.24374
2020-09-25,,-7.62,-49.73,Pallas,Rainfall,67.98713,24.24374
2020-09-29,,-10.47,-69.63,Pallas,Rainfall,67.98713,24.24374
2020-10-01,,-8.4,-56.26,Pallas,Rainfall,67.98713,24.24374
2020-10-06,,-11.54,-76.4,Pallas,Rainfall,67.98713,24.24374
2020-10-09,,-10.76,-71.4,Pallas,Rainfall,67.98713,24.24374
2020-10-12,,-13.85,-100.49,Pallas,Rainfall,67.98713,24.24374
2020-10-13,,-20.81,-157.82,Pallas,Rainfall,67.98713,24.24374
2020-10-14,,-14.22,-99.53,Pallas,Rainfall,67.98713,24.24374
2020-10-15,,-10.83,-75.58,Pallas,Rainfall,67.98713,24.24374
2020-10-21,,-14.01,-97.41,Pallas,Snowfall,67.98713,24.24374
2020-10-22,,-22.87,-166.94,Pallas,Snowfall,67.98713,24.24374
2020-10-23,,-19.29,-139.51,Pallas,Snowfall,67.98713,24.24374
2020-10-26,,-17.11,-126.92,Pallas,Rainfall,67.98713,24.24374
2020-11-02,,-18.08,-132.65,Pallas,Rainfall,67.98713,24.24374
2020-11-03,,-12.86,-97.38,Pallas,Rainfall,67.98713,24.24374
2020-11-04,,-13.21,-93.7,Pallas,Rainfall,67.98713,24.24374
2020-11-05,,-12.7,-102.0,Pallas,Rainfall,67.98713,24.24374
2020-11-05,,-19.49,-147.8,Pallas,Snowfall,67.98713,24.24374
2020-11-13,,-8.46,-55.6,Pallas,Rainfall,67.98713,24.24374
2020-11-13,,-14.02,-105.56,Pallas,Rainfall,67.98713,24.24374
2020-11-15,,-9.4,-61.32,Pallas,Rainfall,67.98713,24.24374
2020-11-17,,-10.35,-74.0,Pallas,Rainfall,67.98713,24.24374
2020-11-18,,-10.32,-73.3,Pallas,Rainfall,67.98713,24.24374
2020-11-19,,-6.4,-58.22,Pallas,Rainfall,67.98713,24.24374
2020-11-19,,-13.59,-104.55,Pallas,Rainfall,67.98713,24.24374
2020-11-19,,-13.3,-96.84,Pallas,Rainfall,67.98713,24.24374
2020-11-21,,-15.56,-113.4,Pallas,Rainfall,67.98713,24.24374
2020-11-22,,-15.57,-113.62,Pallas,Rainfall,67.98713,24.24374
2020-11-23,,-15.57,-113.69,Pallas,Rainfall,67.98713,24.24374
2020-11-23,,-15.17,-109.35,Pallas,Snowfall,67.98713,24.24374
2020-11-25,,-13.83,-96.29,Pallas,Snowfall,67.98713,24.24374
2020-11-26,,-15.65,-117.35,Pallas,Rainfall,67.98713,24.24374
2020-11-26,,-20.84,-158.42,Pallas,Snowfall,67.98713,24.24374
2020-11-30,,-11.62,-80.17,Pallas,Snowfall,67.98713,24.24374
2020-12-01,,-15.24,-106.77,Pallas,Rainfall,67.98713,24.24374
2020-12-01,,-18.61,-135.93,Pallas,Snowfall,67.98713,24.24374
2020-12-02,,-13.02,-92.85,Pallas,Rainfall,67.98713,24.24374
2020-12-02,,-11.13,-76.55,Pallas,Snowfall,67.98713,24.24374
2020-12-03,,-11.26,-77.98,Pallas,Snowfall,67.98713,24.24374
2020-12-04,,-15.24,-106.7,Pallas,Snowfall,67.98713,24.24374
2020-12-04,,-10.87,-75.01,Pallas,Snowfall,67.98713,24.24374
2020-12-06,,-9.51,-62.95,Pallas,Snowfall,67.98713,24.24374
2020-12-07,,-20.99,-154.16,Pallas,Snowfall,67.98713,24.24374
2020-12-08,,-13.49,-92.03,Pallas,Snowfall,67.98713,24.24374
2020-12-09,,-11.72,-75.47,Pallas,Snowfall,67.98713,24.24374
2020-12-10,,-11.59,-72.88,Pallas,Snowfall,67.98713,24.24374
2020-12-11,,-12.25,-79.53,Pallas,Snowfall,67.98713,24.24374
2020-12-14,,-14.43,-104.04,Pallas,Snowfall,67.98713,24.24374
2020-12-14,,-12.46,-77.5,Pallas,Snowfall,67.98713,24.24374
2020-12-15,,-14.77,-104.76,Pallas,Snowfall,67.98713,24.24374
2020-12-15,,-18.06,-126.39,Pallas,Snowfall,67.98713,24.24374
2020-12-16,,-14.69,-105.03,Pallas,Snowfall,67.98713,24.24374
2020-12-16,,-21.87,-161.83,Pallas,Snowfall,67.98713,24.24374
2020-12-17,,-11.53,-67.41,Pallas,Snowfall,67.98713,24.24374
2020-12-18,,-12.84,-97.73,Pallas,Snowfall,67.98713,24.24374
2020-12-18,,-15.89,-114.51,Pallas,Snowfall,67.98713,24.24374
2020-12-19,,-13.42,-102.73,Pallas,Snowfall,67.98713,24.24374
2020-12-21,,-7.76,-52.68,Pallas,Snowfall,67.98713,24.24374
2020-12-21,,-20.03,-149.12,Pallas,Snowfall,67.98713,24.24374
2020-12-22,,-7.77,-52.46,Pallas,Snowfall,67.98713,24.24374
2020-12-22,,-11.79,-82.16,Pallas,Snowfall,67.98713,24.24374
2020-12-23,,-10.51,-72.36,Pallas,Snowfall,67.98713,24.24374
2020-12-25,,-17.13,-136.08,Pallas,Snowfall,67.98713,24.24374
2020-12-26,,-17.23,-136.75,Pallas,Snowfall,67.98713,24.24374
2020-12-28,,-14.88,-105.23,Pallas,Snowfall,67.98713,24.24374
2020-12-28,,-20.61,-151.27,Pallas,Snowfall,67.98713,24.24374
2020-12-29,,-14.87,-105.2,Pallas,Snowfall,67.98713,24.24374
2020-12-29,,-16.02,-114.75,Pallas,Snowfall,67.98713,24.24374
2020-12-30,,-13.92,-95.11,Pallas,Snowfall,67.98713,24.24374
2020-12-31,,-18.48,-143.7,Pallas,Snowfall,67.98713,24.24374
2020-12-31,,-15.13,-103.87,Pallas,Snowfall,67.98713,24.24374
2021-01-04,,-17.95,-127.91,Pallas,Snowfall,67.98713,24.24374
2021-01-07,,-16.53,-114.6,Pallas,Snowfall,67.98713,24.24374
2021-01-08,,-19.5,-138.04,Pallas,Snowfall,67.98713,24.24374
2021-01-11,,-20.8,-145.21,Pallas,Snowfall,67.98713,24.24374
2021-01-12,,-19.84,-138.34,Pallas,Snowfall,67.98713,24.24374
2021-01-15,,-18.93,-133.85,Pallas,Snowfall,67.98713,24.24374
2021-01-18,,-11.98,-79.99,Pallas,Snowfall,67.98713,24.24374
2021-01-21,,-16.3,-115.3,Pallas,Snowfall,67.98713,24.24374
2021-01-21,,-15.54,-97.83,Pallas,Snowfall,67.98713,24.24374
2021-01-23,,-23.75,-181.17,Pallas,Snowfall,67.98713,24.24374
2021-01-25,,-17.5,-131.77,Pallas,Snowfall,67.98713,24.24374
2021-01-25,,-25.79,-193.28,Pallas,Snowfall,67.98713,24.24374
2021-01-26,,-14.86,-111.04,Pallas,Snowfall,67.98713,24.24374
2021-01-26,,-18.99,-143.01,Pallas,Snowfall,67.98713,24.24374
2021-01-27,,-21.47,-163.19,Pallas,Snowfall,67.98713,24.24374
2021-01-27,,-23.08,-173.15,Pallas,Snowfall,67.98713,24.24374
2021-01-28,,-22.81,-172.35,Pallas,Snowfall,67.98713,24.24374
2021-01-28,,-26.12,-196.08,Pallas,Snowfall,67.98713,24.24374
2021-01-29,,-20.43,-148.86,Pallas,Snowfall,67.98713,24.24374
2021-02-01,,-27.53,-208.42,Pallas,Snowfall,67.98713,24.24374
2021-02-01,,-25.13,-186.52,Pallas,Snowfall,67.98713,24.24374
2021-02-03,,-17.52,-121.55,Pallas,Snowfall,67.98713,24.24374
2021-02-04,,-15.65,-108.4,Pallas,Snowfall,67.98713,24.24374
2021-02-05,,-11.89,-74.13,Pallas,Snowfall,67.98713,24.24374
2021-02-08,,-9.55,-53.9,Pallas,Snowfall,67.98713,24.24374
2021-02-11,,-20.75,-143.24,Pallas,Snowfall,67.98713,24.24374
2021-02-12,,-13.96,-91.2,Pallas,Snowfall,67.98713,24.24374
2021-02-15,,-13.56,-97.45,Pallas,Snowfall,67.98713,24.24374
2021-02-18,,-16.96,-118.64,Pallas,Snowfall,67.98713,24.24374
2021-02-19,,-14.71,-94.21,Pallas,Snowfall,67.98713,24.24374
2021-02-22,,-21.55,-164.0,Pallas,Snowfall,67.98713,24.24374
2021-02-22,,-21.69,-159.04,Pallas,Snowfall,67.98713,24.24374
2021-02-23,,-19.57,-146.91,Pallas,Snowfall,67.98713,24.24374
2021-02-24,,-14.75,-108.18,Pallas,Snowfall,67.98713,24.24374
2021-02-24,,-14.01,-105.8,Pallas,Snowfall,67.98713,24.24374
2021-02-24,,-17.62,-130.95,Pallas,Snowfall,67.98713,24.24374
2021-02-25,,-18.41,-140.37,Pallas,Snowfall,67.98713,24.24374
2021-03-01,,-12.56,-97.79,Pallas,Snowfall,67.98713,24.24374
2021-03-08,,-20.6,-155.77,Pallas,Snowfall,67.98713,24.24374
2021-03-10,,-15.45,-96.83,Pallas,Snowfall,67.98713,24.24374
2021-03-11,,-12.32,-85.03,Pallas,Snowfall,67.98713,24.24374
2021-03-12,,-14.1,-92.01,Pallas,Snowfall,67.98713,24.24374
2021-03-15,,-15.04,-110.92,Pallas,Snowfall,67.98713,24.24374
2021-03-16,,-15.55,-115.1,Pallas,Snowfall,67.98713,24.24374
2021-03-18,,-11.63,-84.44,Pallas,Snowfall,67.98713,24.24374
2021-03-22,,-13.8,-106.12,Pallas,Snowfall,67.98713,24.24374
2021-03-23,,-14.05,-107.95,Pallas,Snowfall,67.98713,24.24374
2021-03-29,,-6.47,-50.16,Pallas,Snowfall,67.98713,24.24374
2021-03-30,,-12.51,-95.24,Pallas,Snowfall,67.98713,24.24374
2021-03-30,,-15.95,-123.23,Pallas,Snowfall,67.98713,24.24374
2021-04-06,,-11.17,-81.5,Pallas,Snowfall,67.98713,24.24374
2021-04-06,,-19.2,-151.21,Pallas,Snowfall,67.98713,24.24374
2021-04-07,,-13.04,-92.87,Pallas,Snowfall,67.98713,24.24374
2021-04-07,,-21.12,-165.3,Pallas,Snowfall,67.98713,24.24374
2021-04-12,,-15.95,-120.2,Pallas,Snowfall,67.98713,24.24374
2021-04-13,,-8.75,-50.66,Pallas,Snowfall,67.98713,24.24374
2021-04-14,,-15.47,-111.88,Pallas,Snowfall,67.98713,24.24374
2021-04-20,,-12.19,-92.08,Pallas,Snowfall,67.98713,24.24374
2021-04-22,,-7.65,-48.35,Pallas,Snowfall,67.98713,24.24374
2021-04-23,,-14.58,-106.08,Pallas,Snowfall,67.98713,24.24374
2021-04-23,,-12.21,-80.55,Pallas,Snowfall,67.98713,24.24374
2021-04-26,,-13.47,-96.16,Pallas,Snowfall,67.98713,24.24374
2021-05-11,,-11.62,-85.3,Pallas,Rainfall,67.98713,24.24374
2021-05-13,,-8.36,-53.25,Pallas,Rainfall,67.98713,24.24374
2021-05-13,,-8.4,-54.13,Pallas,Rainfall,67.98713,24.24374
2021-05-13,,-8.75,-52.03,Pallas,Rainfall,67.98713,24.24374
2021-05-13,,-10.62,-71.42,Pallas,Rainfall,67.98713,24.24374
2021-05-14,,-9.3,-59.24,Pallas,Rainfall,67.98713,24.24374
2021-05-14,,-9.18,-60.75,Pallas,Rainfall,67.98713,24.24374
2021-05-15,,-6.96,-46.07,Pallas,Rainfall,67.98713,24.24374
2021-05-15,,-7.35,-46.66,Pallas,Rainfall,67.98713,24.24374
2021-05-16,,-9.35,-61.66,Pallas,Rainfall,67.98713,24.24374
2021-05-16,,-9.65,-63.35,Pallas,Rainfall,67.98713,24.24374
2021-05-17,,-8.78,-58.71,Pallas,Rainfall,67.98713,24.24374
2021-05-17,,-10.15,-65.67,Pallas,Rainfall,67.98713,24.24374
2021-05-18,,-9.89,-67.1,Pallas,Rainfall,67.98713,24.24374
2021-05-18,,-10.02,-68.88,Pallas,Rainfall,67.98713,24.24374
2021-05-20,,-13.29,-99.24,Pallas,Rainfall,67.98713,24.24374
2021-05-21,,-14.11,-103.27,Pallas,Rainfall,67.98713,24.24374
2021-05-24,,-10.45,-76.29,Pallas,Rainfall,67.98713,24.24374
2021-05-31,,-11.63,-93.65,Pallas,Rainfall,67.98713,24.24374
2021-06-10,,-8.64,-65.63,Pallas,Rainfall,67.98713,24.24374
2021-06-14,,-10.97,-87.35,Pallas,Rainfall,67.98713,24.24374
2021-06-15,,-14.28,-110.37,Pallas,Rainfall,67.98713,24.24374
2021-06-16,,-10.63,-80.46,Pallas,Rainfall,67.98713,24.24374
2021-07-09,,-14.14,-104.97,Pallas,Rainfall,67.98713,24.24374
2021-07-13,,-7.9,-57.15,Pallas,Rainfall,67.98713,24.24374
2021-07-14,,-8.72,-67.15,Pallas,Rainfall,67.98713,24.24374
2021-07-16,,-11.16,-86.42,Pallas,Rainfall,67.98713,24.24374
2021-07-19,,-12.21,-96.26,Pallas,Rainfall,67.98713,24.24374
2021-07-20,,-10.6,-82.2,Pallas,Rainfall,67.98713,24.24374
2021-07-21,,-12.92,-106.88,Pallas,Rainfall,67.98713,24.24374
2021-07-22,,-12.71,-106.01,Pallas,Rainfall,67.98713,24.24374
2021-12-30,,-17.59,-124.83,Pallas,Snowfall,67.98713,24.24374
2022-01-03,,-19.42,-139.15,Pallas,Snowfall,67.98713,24.24374
2022-01-04,,-17.5,-123.89,Pallas,Snowfall,67.98713,24.24374
2022-01-07,,-21.89,-163.31,Pallas_A,Snowfall,67.98713,24.24374
2022-01-07,,-18.53,-132.36,Pallas_B,Snowfall,67.98713,24.24374
2022-01-11,,-17.46,-119.12,Pallas,Snowfall,67.98713,24.24374
2022-01-17,,-14.83,-113.61,Pallas,Snowfall,67.98713,24.24374
2022-01-18,,-25.61,-192.06,Pallas,Snowfall,67.98713,24.24374
2022-01-31,,-14.59,-98.19,Pallas,Snowfall,67.98713,24.24374
2022-02-02,,-15.04,-101.72,Pallas,Snowfall,67.98713,24.24374
2022-02-03,,-23.61,-171.37,Pallas,Snowfall,67.98713,24.24374
2022-02-03,,-23.9,-174.52,Pallas,Snowfall,67.98713,24.24374
2022-02-07,,-22.97,-173.25,Pallas,Snowfall,67.98713,24.24374
2022-02-08,,-14.19,-101.12,Pallas,Snowfall,67.98713,24.24374
2022-02-09,,-17.33,-126.93,Pallas,Snowfall,67.98713,24.24374
2022-02-10,,-12.1,-82.81,Pallas,Snowfall,67.98713,24.24374
2022-02-14,,-18.14,-132.0,Pallas,Snowfall,67.98713,24.24374
2022-02-15,,-13.71,-96.67,Pallas,Snowfall,67.98713,24.24374
2022-02-21,,-15.81,-113.28,Pallas,Snowfall,67.98713,24.24374
2022-02-25,,-16.01,-114.44,Pallas,Snowfall,67.98713,24.24374
2022-03-02,,-18.87,-149.65,Pallas,Snowfall,67.98713,24.24374
2022-03-07,,-20.48,-164.25,Pallas,Snowfall,67.98713,24.24374
2022-03-08,,-21.58,-168.71,Pallas,Snowfall,67.98713,24.24374
2022-04-05,,-17.82,-136.71,Pallas,Snowfall,67.98713,24.24374
2022-04-06,,-22.93,-173.93,Pallas,Snowfall,67.98713,24.24374
2022-04-12,,-17.63,-134.52,Pallas,Snowfall,67.98713,24.24374
2022-05-03,,-13.97,-106.28,Pallas,Snowfall,67.98713,24.24374
2022-05-11,,-19.83,-143.29,Pallas,Rainfall,67.98713,24.24374
2022-05-11,,-10.09,-71.73,Pallas,Rainfall,67.98713,24.24374
2022-05-16,,-15.71,-122.46,Pallas,Rainfall,67.98713,24.24374
2022-05-19,,-17.54,-130.69,Pallas,Rainfall,67.98713,24.24374
2022-05-23,,-8.07,-67.71,Pallas,Rainfall,67.98713,24.24374
2022-05-27,,-10.29,-64.96,Pallas,Rainfall,67.98713,24.24374
2022-05-30,,-11.01,-75.83,Pallas,Rainfall,67.98713,24.24374
2022-06-02,,-10.5,-75.54,Pallas,Rainfall,67.98713,24.24374
2022-06-03,,-9.11,-63.71,Pallas,Rainfall,67.98713,24.24374
2022-06-04,,-6.95,-50.36,Pallas,Rainfall,67.98713,24.24374
2022-06-06,,-9.37,-68.62,Pallas,Rainfall,67.98713,24.24374
2022-06-07,,-14.67,-107.97,Pallas,Rainfall,67.98713,24.24374
2022-06-13,,-5.33,-43.68,Pallas,Rainfall,67.98713,24.24374
2022-06-14,,-10.52,-80.5,Pallas,Rainfall,67.98713,24.24374
2022-06-15,,-11.43,-95.45,Pallas,Rainfall,67.98713,24.24374
2022-06-17,,-7.56,-59.09,Pallas,Rainfall,67.98713,24.24374
2022-06-22,,-11.92,-86.04,Pallas,Rainfall,67.98713,24.24374
2022-06-23,,-9.25,-85.49,Pallas,Rainfall,67.98713,24.24374
2022-06-27,,-5.78,-44.03,Pallas,Rainfall,67.98713,24.24374
2022-06-28,,-6.0,-41.11,Pallas,Rainfall,67.98713,24.24374
2022-07-05,,-4.08,-33.08,Pallas,Rainfall,67.98713,24.24374
2022-07-06,,-7.83,-52.9,Pallas,Rainfall,67.98713,24.24374
2022-07-11,,-12.19,-88.4,Pallas,Rainfall,67.98713,24.24374
2022-07-12,,-9.03,-69.99,Pallas,Rainfall,67.98713,24.24374
2022-07-18,,-14.43,-107.46,Pallas,Rainfall,67.98713,24.24374
2022-07-19,,-1.06,-60.42,Pallas,Rainfall,67.98713,24.24374
2022-07-22,,-8.01,-53.99,Pallas,Rainfall,67.98713,24.24374
2022-07-25,,-8.12,-67.44,Pallas,Rainfall,67.98713,24.24374
2022-07-26,,-8.13,-65.79,Pallas,Rainfall,67.98713,24.24374
2022-07-27,,-13.12,-94.25,Pallas,Rainfall,67.98713,24.24374
2022-07-29,,-11.24,-81.41,Pallas,Rainfall,67.98713,24.24374
2022-08-02,,-7.31,-52.73,Pallas,Rainfall,67.98713,24.24374
2022-08-03,,-7.65,-50.65,Pallas,Rainfall,67.98713,24.24374
2022-08-04,,-7.14,-48.83,Pallas,Rainfall,67.98713,24.24374
2022-08-08,,-13.81,-110.63,Pallas,Rainfall,67.98713,24.24374
2022-08-10,,-8.49,-67.14,Pallas,Rainfall,67.98713,24.24374
2022-08-15,,-7.5,-57.66,Pallas,Rainfall,67.98713,24.24374
2022-08-19,,-10.43,-70.43,Pallas,Rainfall,67.98713,24.24374
2022-08-22,,-8.36,-52.83,Pallas,Rainfall,67.98713,24.24374
2022-08-29,,-10.05,-63.58,Pallas_A,Rainfall,67.98713,24.24374
2022-08-29,,-8.69,-62.7,Pallas_B,Rainfall,67.98713,24.24374
2022-09-01,,-8.7,-63.36,Pallas,Rainfall,67.98713,24.24374
2022-09-12,,-8.85,-67.49,Pallas,Rainfall,67.98713,24.24374
2022-09-14,,-11.59,-80.21,Pallas,Rainfall,67.98713,24.24374
2022-09-15,,-12.9,-87.98,Pallas,Rainfall,67.98713,24.24374
2022-09-15,,-13.44,-90.96,Pallas,Rainfall,67.98713,24.24374
2022-09-19,,-11.16,-77.3,Pallas,Rainfall,67.98713,24.24374
2022-09-27,,-9.29,-60.61,Pallas,Rainfall,67.98713,24.24374
2022-09-28,,-10.09,-63.25,Pallas,Rainfall,67.98713,24.24374
2022-10-03,,-13.75,-92.19,Pallas,Rainfall,67.98713,24.24374
2022-10-04,,-13.42,-89.44,Pallas,Rainfall,67.98713,24.24374
2022-11-28,,-14.01,-96.71,Pallas,Snowfall,67.98713,24.24374
2022-11-29,,-12.66,-86.34,Pallas,Snowfall,67.98713,24.24374
2022-11-30,,-12.87,-88.71,Pallas,Snowfall,67.98713,24.24374
2022-12-01,,-13.74,-95.37,Pallas,Snowfall,67.98713,24.24374
2022-12-05,,-20.26,-150.15,Pallas,Snowfall,67.98713,24.24374
2022-12-07,,-19.75,-149.0,Pallas,Snowfall,67.98713,24.24374
2022-12-08,,-17.2,-120.78,Pallas,Snowfall,67.98713,24.24374
2022-12-09,,-14.37,-99.15,Pallas,Snowfall,67.98713,24.24374
2022-12-12,,-20.97,-147.51,Pallas,Snowfall,67.98713,24.24374
2022-12-14,,-27.46,-206.82,Pallas,Snowfall,67.98713,24.24374
2022-12-14,,-24.7,-181.23,Pallas,Snowfall,67.98713,24.24374
2022-12-15,,-24.14,-181.09,Pallas,Snowfall,67.98713,24.24374
2022-12-16,,-18.66,-132.52,Pallas,Snowfall,67.98713,24.24374
2022-12-21,,-16.44,-117.16,Pallas,Snowfall,67.98713,24.24374
2022-12-22,,-20.72,-151.02,Pallas,Snowfall,67.98713,24.24374
2022-12-27,,-15.9,-112.87,Pallas,Snowfall,67.98713,24.24374
2022-12-28,,-16.68,-116.51,Pallas,Snowfall,67.98713,24.24374
2022-12-29,,-27.0,-205.83,Pallas,Snowfall,67.98713,24.24374
2022-12-30,,-20.49,-152.99,Pallas,Snowfall,67.98713,24.24374
2023-01-03,,-18.97,-142.21,Pallas,Snowfall,67.98713,24.24374
2023-01-05,,-12.02,-76.7,Pallas,Snowfall,67.98713,24.24374
2023-01-10,,-17.15,-121.67,Pallas,Snowfall,67.98713,24.24374
2023-01-10,,-20.62,-151.45,Pallas,Snowfall,67.98713,24.24374
2023-01-11,,-28.15,-213.32,Pallas,Snowfall,67.98713,24.24374
2023-01-12,,-19.58,-149.01,Pallas,Snowfall,67.98713,24.24374
2023-01-16,,-18.38,-137.24,Pallas,Snowfall,67.98713,24.24374
2023-01-17,,-17.17,-127.1,Pallas,Snowfall,67.98713,24.24374
2023-01-18,,-21.96,-164.05,Pallas,Snowfall,67.98713,24.24374
2023-01-19,,-18.73,-137.71,Pallas,Snowfall,67.98713,24.24374
2023-01-23,,-14.83,-109.64,Pallas,Snowfall,67.98713,24.24374
2023-01-25,,-18.86,-145.41,Pallas,Snowfall,67.98713,24.24374
2023-01-25,,-17.17,-129.01,Pallas,Snowfall,67.98713,24.24374
2023-02-01,,-21.77,-168.42,Pallas,Snowfall,67.98713,24.24374
2023-02-06,,-11.96,-87.83,Pallas,Snowfall,67.98713,24.24374
2023-05-14,,-9.77,-73.13,Pallas,Rainfall,67.98713,24.24374
2023-05-16,,-1.32,-20.8,Pallas,Rainfall,67.98713,24.24374
2023-05-17,,-8.59,-62.87,Pallas,Rainfall,67.98713,24.24374
2023-05-22,,-17.35,-132.53,Pallas,Rainfall,67.98713,24.24374
2023-05-29,,-11.23,-84.9,Pallas,Rainfall,67.98713,24.24374
2023-05-31,,-10.67,-80.84,Pallas,Rainfall,67.98713,24.24374
2023-06-01,,-7.55,-66.85,Pallas,Rainfall,67.98713,24.24374
2023-06-02,,-15.55,-113.01,Pallas,Rainfall,67.98713,24.24374
2023-06-06,,-8.89,-74.08,Pallas,Rainfall,67.98713,24.24374
2023-06-07,,-10.25,-72.91,Pallas,Rainfall,67.98713,24.24374
2023-06-09,,-14.3,-103.22,Pallas,Rainfall,67.98713,24.24374
2023-06-19,,-1.67,-45.47,Pallas,Rainfall,67.98713,24.24374
2023-06-20,,-5.75,-52.17,Pallas,Rainfall,67.98713,24.24374
2023-06-22,,-8.81,-69.09,Pallas,Rainfall,67.98713,24.24374
2023-06-27,,-8.73,-62.5,Pallas,Rainfall,67.98713,24.24374
2023-06-29,,-2.72,-45.66,Pallas,Rainfall,67.98713,24.24374
2023-07-03,,-9.0,-62.55,Pallas,Rainfall,67.98713,24.24374
2023-07-06,,-14.48,-105.72,Pallas,Rainfall,67.98713,24.24374
2023-07-10,,-0.91,,Pallas,Rainfall,67.98713,24.24374
2023-07-14,,-8.5,-56.71,Pallas,Rainfall,67.98713,24.24374
2023-07-17,,-9.78,-72.81,Pallas,Rainfall,67.98713,24.24374
2023-07-18,,-7.84,-59.7,Pallas,Rainfall,67.98713,24.24374
2023-07-19,,-11.11,-80.42,Pallas,Rainfall,67.98713,24.24374
2023-07-20,,-10.25,-75.27,Pallas,Rainfall,67.98713,24.24374
2023-07-21,,-9.48,-62.88,Pallas,Rainfall,67.98713,24.24374
2023-07-24,,-8.21,-52.36,Pallas,Rainfall,67.98713,24.24374
2023-07-26,,-7.38,-51.61,Pallas,Rainfall,67.98713,24.24374
2023-07-27,,-7.95,-61.1,Pallas,Rainfall,67.98713,24.24374
2023-07-28,,-10.05,-77.48,Pallas,Rainfall,67.98713,24.24374
2023-08-01,,-11.97,-85.17,Pallas,Rainfall,67.98713,24.24374
2023-08-02,,-11.89,-82.72,Pallas,Rainfall,67.98713,24.24374
2023-08-03,,-8.17,-58.42,Pallas,Rainfall,67.98713,24.24374
2023-08-07,,-13.46,-101.55,Pallas,Rainfall,67.98713,24.24374
2023-08-08,,-8.92,-58.42,Pallas,Rainfall,67.98713,24.24374
2023-08-11,,-11.42,-82.87,Pallas,Rainfall,67.98713,24.24374
2023-08-14,,-7.94,-51.59,Pallas,Rainfall,67.98713,24.24374
2023-08-16,,-10.06,-73.72,Pallas,Rainfall,67.98713,24.24374
2023-08-17,,-10.84,-75.11,Pallas,Rainfall,67.98713,24.24374
2023-08-24,,-13.22,-91.47,Pallas,Rainfall,67.98713,24.24374
2023-08-25,,-13.38,-93.99,Pallas,Rainfall,67.98713,24.24374
2023-08-28,,-0.74,0.85,Pallas,Rainfall,67.98713,24.24374
2023-08-29,,-10.97,-78.08,Pallas,Rainfall,67.98713,24.24374
2023-09-01,,-13.65,-99.68,Pallas,Rainfall,67.98713,24.24374
2023-09-04,,-17.28,-130.2,Pallas,Rainfall,67.98713,24.24374
2023-09-06,,-9.94,-76.23,Pallas,Rainfall,67.98713,24.24374
2023-09-11,,-5.95,-43.78,Pallas,Rainfall,67.98713,24.24374
2023-09-14,,-13.2,-92.54,Pallas,Rainfall,67.98713,24.24374
2023-09-18,,-12.26,-80.24,Pallas,Rainfall,67.98713,24.24374
2023-09-25,,-11.54,-82.72,Pallas,Rainfall,67.98713,24.24374
2023-09-28,,-9.22,-63.82,Pallas,Rainfall,67.98713,24.24374
2023-09-29,,-7.49,-50.45,Pallas,Rainfall,67.98713,24.24374
2023-10-03,,-10.43,-71.74,Pallas,Rainfall,67.98713,24.24374
2023-10-11,,-17.1,-116.6,Pallas,Rainfall,67.98713,24.24374
2023-10-12,,-17.05,-122.0,Pallas,Rainfall,67.98713,24.24374
2023-10-26,,-20.92,-154.21,Pallas,Snowfall,67.98713,24.24374
2023-10-27,,-19.46,-141.74,Pallas,Snowfall,67.98713,24.24374
2023-11-01,,-15.99,-108.1,Pallas,Snowfall,67.98713,24.24374
2023-11-07,,-15.84,-113.4,Pallas,Snowfall,67.98713,24.24374
2023-11-08,,-21.46,-158.06,Pallas,Snowfall,67.98713,24.24374
2023-11-15,,-17.63,-126.02,Pallas,Snowfall,67.98713,24.24374
2023-11-23,,-28.97,-214.97,Pallas,Snowfall,67.98713,24.24374
2023-11-24,,-31.72,-235.49,Pallas,Snowfall,67.98713,24.24374
2023-11-27,,-16.48,-112.71,Pallas,Snowfall,67.98713,24.24374
2023-12-01,,-19.6,-140.47,Pallas,Snowfall,67.98713,24.24374
2023-12-04,,-14.71,-101.23,Pallas,Snowfall,67.98713,24.24374
2023-12-05,,-15.54,-107.56,Pallas,Snowfall,67.98713,24.24374
2023-12-06,,-15.42,-108.05,Pallas,Snowfall,67.98713,24.24374
2023-12-07,,-22.29,-162.88,Pallas,Snowfall,67.98713,24.24374
2023-12-08,,-25.82,-186.82,Pallas,Snowfall,67.98713,24.24374
2023-12-15,,-23.86,-170.35,Pallas,Snowfall,67.98713,24.24374
2023-12-18,,-22.36,-155.73,Pallas,Snowfall,67.98713,24.24374
2023-12-19,,-19.53,-144.04,Pallas,Snowfall,67.98713,24.24374
2023-12-27,,-18.1,-134.03,Pallas,Snowfall,67.98713,24.24374
2023-12-29,,-21.51,-160.3,Pallas,Snowfall,67.98713,24.24374
2024-01-02,,-21.16,-151.43,Pallas,Snowfall,67.98713,24.24374
2024-01-08,,-21.79,-159.66,Pallas,Snowfall,67.98713,24.24374
2024-01-11,,-27.42,-208.98,Pallas,Snowfall,67.98713,24.24374
2024-01-17,,-18.35,-137.68,Pallas,Snowfall,67.98713,24.24374
2024-01-22,,-22.29,-165.53,Pallas,Snowfall,67.98713,24.24374
2024-01-23,,-16.56,-121.69,Pallas,Snowfall,67.98713,24.24374
2024-01-25,,-17.26,-128.66,Pallas,Snowfall,67.98713,24.24374
2024-01-29,,-24.89,-195.44,Pallas,Snowfall,67.98713,24.24374
2024-02-01,,-19.95,-150.51,Pallas,Snowfall,67.98713,24.24374
2024-02-05,,-19.62,-137.22,Pallas,Snowfall,67.98713,24.24374
2024-02-07,,-22.59,-158.97,Pallas,Snowfall,67.98713,24.24374
2024-02-12,,-16.63,-99.45,Pallas,Snowfall,67.98713,24.24374
2024-02-13,,-19.48,-143.48,Pallas,Snowfall,67.98713,24.24374
2024-02-19,,-18.19,-133.11,Pallas,Snowfall,67.98713,24.24374
2024-02-21,,-14.98,-110.43,Pallas,Snowfall,67.98713,24.24374
2024-02-22,,-18.37,-142.04,Pallas,Snowfall,67.98713,24.24374
2024-02-23,,-8.37,-65.5,Pallas,Snowfall,67.98713,24.24374
2024-02-28,,-7.94,-58.24,Pallas,Snowfall,67.98713,24.24374
2024-02-29,,-13.39,-96.66,Pallas,Snowfall,67.98713,24.24374
2024-02-29,,-23.3,-178.99,Pallas,Snowfall,67.98713,24.24374
2024-03-04,,-17.95,-142.62,Pallas,Snowfall,67.98713,24.24374
2024-03-14,,-17.67,-131.85,Pallas,Snowfall,67.98713,24.24374
2024-03-18,,-14.85,-109.62,Pallas,Snowfall,67.98713,24.24374
2024-03-22,,-17.77,-130.57,Pallas,Snowfall,67.98713,24.24374
2024-03-25,,-18.07,-133.62,Pallas,Snowfall,67.98713,24.24374
