Lat,Lon,Alt,Date,H2,O18,geometry,t2m,tp
-78.58333056,-85.41666667,3687.0,1989-12-31 23:00:00+00:00,-314.6,-40.09,POINT (-85.41666667 -78.58333056),254.0520782470703,1.7960865079658106e-05
-75.58333333,-20.56666667,30.0,1965-07-14 22:00:00+00:00,-188.8,-22.12,POINT (-20.56666667 -75.58333333),240.15625,1.1305014595563989e-05
-75.58333333,-20.56666667,30.0,1965-08-14 22:00:00+00:00,-195.7,-24.31,POINT (-20.56666667 -75.58333333),238.91665649414062,8.642672923997452e-07
-75.58333333,-20.56666667,30.0,1965-09-14 22:00:00+00:00,-155.7,-19.11,POINT (-20.56666667 -75.58333333),242.25,2.5828680350059585e-07
-75.58333333,-20.56666667,30.0,1965-10-14 22:00:00+00:00,-166.7,-19.7,POINT (-20.56666667 -75.58333333),240.92709350585938,0.0
-75.58333333,-20.56666667,30.0,1966-01-14 23:00:00+00:00,-99.2,-10.58,POINT (-20.56666667 -75.58333333),262.09375,0.0
-75.58333333,-20.56666667,30.0,1966-02-14 23:00:00+00:00,-117.8,-13.8,POINT (-20.56666667 -75.58333333),259.86456298828125,2.0464260160224512e-05
-75.58333333,-20.56666667,30.0,1966-03-14 23:00:00+00:00,-93.0,-11.8,POINT (-20.56666667 -75.58333333),259.15625,0.00011997421825071797
-75.58333333,-20.56666667,30.0,1966-04-14 22:00:00+00:00,-144.7,-18.75,POINT (-20.56666667 -75.58333333),262.5104064941406,6.409485649783164e-05
-75.58333333,-20.56666667,30.0,1966-05-14 22:00:00+00:00,-170.9,-21.41,POINT (-20.56666667 -75.58333333),243.10415649414062,6.377696990966797e-06
-75.58333333,-20.56666667,30.0,1966-06-14 22:00:00+00:00,-206.1,-26.96,POINT (-20.56666667 -75.58333333),251.578125,1.659989356994629e-05
-75.58333333,-20.56666667,30.0,1966-07-14 22:00:00+00:00,-208.8,-26.53,POINT (-20.56666667 -75.58333333),253.296875,3.2385191843786743e-06
-75.58333333,-20.56666667,30.0,1966-08-14 22:00:00+00:00,-215.0,-27.95,POINT (-20.56666667 -75.58333333),246.46353149414062,0.0
-75.58333333,-20.56666667,30.0,1966-09-14 22:00:00+00:00,-169.5,-22.24,POINT (-20.56666667 -75.58333333),255.31771850585938,3.0001006052771118e-06
-75.58333333,-20.56666667,30.0,1966-10-14 22:00:00+00:00,-142.7,-17.42,POINT (-20.56666667 -75.58333333),253.36459350585938,0.00013996164489071816
-75.58333333,-20.56666667,30.0,1966-11-14 23:00:00+00:00,-137.1,-16.94,POINT (-20.56666667 -75.58333333),256.65106201171875,0.0
-75.58333333,-20.56666667,30.0,1966-12-14 23:00:00+00:00,-62.0,-5.66,POINT (-20.56666667 -75.58333333),262.65625,0.0
-75.58333333,-20.56666667,30.0,1967-01-14 23:00:00+00:00,-67.9,-9.58,POINT (-20.56666667 -75.58333333),263.73956298828125,0.0
-75.58333333,-20.56666667,30.0,1967-02-14 23:00:00+00:00,-98.9,-13.82,POINT (-20.56666667 -75.58333333),264.9479064941406,0.00016431014228146523
-75.58333333,-20.56666667,30.0,1967-03-14 23:00:00+00:00,-127.4,-17.27,POINT (-20.56666667 -75.58333333),250.2447967529297,1.5020370483398438e-05
-75.58333333,-20.56666667,30.0,1967-04-14 22:00:00+00:00,-120.1,-15.83,POINT (-20.56666667 -75.58333333),245.96353149414062,4.629293925972888e-06
-75.58333333,-20.56666667,30.0,1967-05-14 22:00:00+00:00,-184.1,-24.0,POINT (-20.56666667 -75.58333333),258.30206298828125,6.136298179626465e-05
-75.58333333,-20.56666667,30.0,1967-06-14 22:00:00+00:00,-170.2,-21.75,POINT (-20.56666667 -75.58333333),257.984375,3.667672353913076e-05
-75.58333333,-20.56666667,30.0,1967-07-14 22:00:00+00:00,-197.4,-25.19,POINT (-20.56666667 -75.58333333),240.0833282470703,3.2484529128851136e-06
-75.58333333,-20.56666667,30.0,1967-08-14 22:00:00+00:00,-198.1,-24.83,POINT (-20.56666667 -75.58333333),236.9010467529297,1.986821445143505e-07
-75.58333333,-20.56666667,30.0,1967-09-14 22:00:00+00:00,-196.1,-24.6,POINT (-20.56666667 -75.58333333),245.828125,9.934107225717526e-08
-75.58333333,-20.56666667,30.0,1967-10-14 22:00:00+00:00,-204.6,-25.44,POINT (-20.56666667 -75.58333333),252.2291717529297,1.5894570992713852e-07
-75.58333333,-20.56666667,30.0,1967-12-14 23:00:00+00:00,-68.6,-7.94,POINT (-20.56666667 -75.58333333),265.7916564941406,8.801619514997583e-06
-75.58333333,-20.56666667,30.0,1969-01-14 23:00:00+00:00,-92.8,-12.45,POINT (-20.56666667 -75.58333333),264.14581298828125,0.0
-75.58333333,-20.56666667,30.0,1969-02-14 23:00:00+00:00,-106.0,-14.05,POINT (-20.56666667 -75.58333333),262.8125,1.5000503026385559e-06
-75.58333333,-20.56666667,30.0,1969-03-14 23:00:00+00:00,-157.5,-20.8,POINT (-20.56666667 -75.58333333),250.86978149414062,1.9868215872520523e-07
-75.58333333,-20.56666667,30.0,1969-04-14 22:00:00+00:00,-131.1,-16.97,POINT (-20.56666667 -75.58333333),253.9635467529297,9.735425692269928e-07
-75.58333333,-20.56666667,30.0,1969-05-14 22:00:00+00:00,-189.0,-24.56,POINT (-20.56666667 -75.58333333),247.4010467529297,2.662340875758673e-06
-75.58333333,-20.56666667,30.0,1969-06-14 22:00:00+00:00,-180.2,-23.38,POINT (-20.56666667 -75.58333333),264.2395935058594,7.883708167355508e-05
-75.58333333,-20.56666667,30.0,1969-07-14 22:00:00+00:00,-230.5,-30.84,POINT (-20.56666667 -75.58333333),237.96875,0.0
-75.58333333,-20.56666667,30.0,1969-08-14 22:00:00+00:00,-221.1,-28.83,POINT (-20.56666667 -75.58333333),240.203125,1.4483928680419922e-05
-75.58333333,-20.56666667,30.0,1969-09-14 22:00:00+00:00,-185.8,-23.97,POINT (-20.56666667 -75.58333333),241.125,0.0
-75.58333333,-20.56666667,30.0,1969-10-14 22:00:00+00:00,-153.1,-18.46,POINT (-20.56666667 -75.58333333),263.4270935058594,7.541974628111348e-05
-75.58333333,-20.56666667,30.0,1969-11-14 23:00:00+00:00,-180.2,-23.73,POINT (-20.56666667 -75.58333333),265.875,0.00020074844360351562
-75.58333333,-20.56666667,30.0,1969-12-14 23:00:00+00:00,-64.4,-9.25,POINT (-20.56666667 -75.58333333),267.27081298828125,4.021326458314434e-05
-75.58333333,-20.56666667,30.0,1970-01-14 23:00:00+00:00,-83.8,-10.27,POINT (-20.56666667 -75.58333333),267.0520935058594,1.3967354789201636e-05
-75.58333333,-20.56666667,30.0,1970-02-14 23:00:00+00:00,-112.1,-15.83,POINT (-20.56666667 -75.58333333),258.0625,1.4841555639577564e-05
-75.58333333,-20.56666667,30.0,1970-03-14 23:00:00+00:00,-145.5,-19.7,POINT (-20.56666667 -75.58333333),251.84375,5.165736070011917e-07
-75.58333333,-20.56666667,30.0,1970-04-14 22:00:00+00:00,-148.1,-20.31,POINT (-20.56666667 -75.58333333),257.9583435058594,5.980332844046643e-06
-75.58333333,-20.56666667,30.0,1970-05-14 22:00:00+00:00,-208.8,-28.6,POINT (-20.56666667 -75.58333333),245.6666717529297,4.172325134277344e-07
-75.58333333,-20.56666667,30.0,1970-06-14 22:00:00+00:00,-206.6,-27.74,POINT (-20.56666667 -75.58333333),242.9270782470703,7.947286206899662e-08
-75.58333333,-20.56666667,30.0,1970-09-14 22:00:00+00:00,-209.3,-27.39,POINT (-20.56666667 -75.58333333),257.84893798828125,0.00012131532275816426
-75.58333333,-20.56666667,30.0,1970-10-14 22:00:00+00:00,-100.7,-14.71,POINT (-20.56666667 -75.58333333),247.10415649414062,3.0994415283203125e-06
-75.58333333,-20.56666667,30.0,1970-12-14 23:00:00+00:00,-146.5,-19.51,POINT (-20.56666667 -75.58333333),266.125,0.0
-75.58333333,-20.56666667,30.0,1972-01-14 23:00:00+00:00,-74.4,-9.76,POINT (-20.56666667 -75.58333333),264.84375,1.2914340459246887e-06
-75.58333333,-20.56666667,30.0,1972-02-14 23:00:00+00:00,-73.7,-11.05,POINT (-20.56666667 -75.58333333),257.6354064941406,1.8537044525146484e-05
-75.58333333,-20.56666667,30.0,1972-03-14 23:00:00+00:00,-92.2,-12.67,POINT (-20.56666667 -75.58333333),253.1510467529297,2.5033950805664062e-06
-75.58333333,-20.56666667,30.0,1972-04-14 22:00:00+00:00,-110.8,-13.84,POINT (-20.56666667 -75.58333333),246.125,1.7881393432617188e-07
-75.58333333,-20.56666667,30.0,1972-05-14 22:00:00+00:00,-171.2,-21.18,POINT (-20.56666667 -75.58333333),252.74478149414062,5.165735501577728e-07
-75.58333333,-20.56666667,30.0,1972-06-14 22:00:00+00:00,-162.5,-21.38,POINT (-20.56666667 -75.58333333),255.4270782470703,3.427267074584961e-05
-75.58333333,-20.56666667,30.0,1972-07-14 22:00:00+00:00,-184.1,-24.3,POINT (-20.56666667 -75.58333333),236.80209350585938,0.0
-75.58333333,-20.56666667,30.0,1972-08-14 22:00:00+00:00,-201.6,-25.02,POINT (-20.56666667 -75.58333333),239.61978149414062,0.0
-75.58333333,-20.56666667,30.0,1972-09-14 22:00:00+00:00,-196.6,-24.82,POINT (-20.56666667 -75.58333333),244.53646850585938,0.0
-75.58333333,-20.56666667,30.0,1972-11-14 23:00:00+00:00,-139.3,-18.82,POINT (-20.56666667 -75.58333333),259.84375,8.400282240472734e-05
-75.58333333,-20.56666667,30.0,1972-12-14 23:00:00+00:00,-75.7,-10.76,POINT (-20.56666667 -75.58333333),263.3958435058594,0.0
-75.58333333,-20.56666667,30.0,1973-01-14 23:00:00+00:00,-83.0,-11.13,POINT (-20.56666667 -75.58333333),268.85418701171875,0.0
-75.58333333,-20.56666667,30.0,1973-02-14 23:00:00+00:00,-86.2,-11.96,POINT (-20.56666667 -75.58333333),257.39581298828125,0.0
-75.58333333,-20.56666667,30.0,1973-03-14 23:00:00+00:00,-116.8,-15.49,POINT (-20.56666667 -75.58333333),260.08856201171875,0.00025725364685058594
-75.58333333,-20.56666667,30.0,1973-04-14 22:00:00+00:00,-141.7,-16.89,POINT (-20.56666667 -75.58333333),257.40625,0.0001318852009717375
-75.58333333,-20.56666667,30.0,1973-05-14 22:00:00+00:00,-185.8,-24.09,POINT (-20.56666667 -75.58333333),246.40625,1.9868215517249155e-08
-75.58333333,-20.56666667,30.0,1973-06-14 22:00:00+00:00,-223.0,-28.84,POINT (-20.56666667 -75.58333333),239.8229217529297,6.562471389770508e-05
-75.58333333,-20.56666667,30.0,1973-07-14 22:00:00+00:00,-134.1,-16.7,POINT (-20.56666667 -75.58333333),239.0989532470703,0.0
-75.58333333,-20.56666667,30.0,1973-08-14 22:00:00+00:00,-189.4,-25.73,POINT (-20.56666667 -75.58333333),240.046875,0.0
-75.58333333,-20.56666667,30.0,1973-09-14 22:00:00+00:00,-185.0,-24.98,POINT (-20.56666667 -75.58333333),247.890625,0.0
-75.58333333,-20.56666667,30.0,1973-10-14 22:00:00+00:00,-155.0,-19.59,POINT (-20.56666667 -75.58333333),256.7708435058594,3.159046173095703e-06
-75.58333333,-20.56666667,30.0,1973-11-14 23:00:00+00:00,-131.0,-17.82,POINT (-20.56666667 -75.58333333),256.4270935058594,1.9868215517249155e-08
-75.58333333,-20.56666667,30.0,1973-12-14 23:00:00+00:00,-113.7,-13.47,POINT (-20.56666667 -75.58333333),259.41668701171875,0.0
-75.58333333,-20.56666667,30.0,1974-01-14 23:00:00+00:00,-95.0,-9.62,POINT (-20.56666667 -75.58333333),269.7291564941406,3.629922866821289e-05
-75.58333333,-20.56666667,30.0,1974-02-14 23:00:00+00:00,-78.3,-12.46,POINT (-20.56666667 -75.58333333),258.15625,2.553065769461682e-06
-75.58333333,-20.56666667,30.0,1974-03-14 23:00:00+00:00,-140.0,-18.59,POINT (-20.56666667 -75.58333333),245.39584350585938,0.0
-75.58333333,-20.56666667,30.0,1974-04-14 22:00:00+00:00,-178.2,-22.97,POINT (-20.56666667 -75.58333333),260.91668701171875,0.0002100467827403918
-75.58333333,-20.56666667,30.0,1974-05-14 22:00:00+00:00,-162.1,-21.63,POINT (-20.56666667 -75.58333333),260.66668701171875,1.2159347534179688e-05
-75.58333333,-20.56666667,30.0,1974-06-14 22:00:00+00:00,-167.9,-23.71,POINT (-20.56666667 -75.58333333),254.078125,9.904304897645488e-05
-75.58333333,-20.56666667,30.0,1974-07-14 22:00:00+00:00,-127.2,-17.26,POINT (-20.56666667 -75.58333333),253.13540649414062,4.7882399485388305e-06
-75.58333333,-20.56666667,30.0,1974-08-14 22:00:00+00:00,-181.4,-23.78,POINT (-20.56666667 -75.58333333),246.4270782470703,0.0
-75.58333333,-20.56666667,30.0,1974-09-14 22:00:00+00:00,-210.8,-25.1,POINT (-20.56666667 -75.58333333),256.03125,0.0002502600254956633
-75.58333333,-20.56666667,30.0,1974-10-14 22:00:00+00:00,-156.6,-21.16,POINT (-20.56666667 -75.58333333),249.06771850585938,0.0
-75.58333333,-20.56666667,30.0,1974-11-14 23:00:00+00:00,-114.5,-15.65,POINT (-20.56666667 -75.58333333),251.484375,8.245309004450974e-07
-75.58333333,-20.56666667,30.0,1974-12-14 23:00:00+00:00,-104.9,-14.37,POINT (-20.56666667 -75.58333333),262.52081298828125,1.9868215517249155e-08
-75.58333333,-20.56666667,30.0,1975-01-14 23:00:00+00:00,-108.9,-15.27,POINT (-20.56666667 -75.58333333),264.9895935058594,0.0
-75.58333333,-20.56666667,30.0,1975-02-14 23:00:00+00:00,-77.4,-11.61,POINT (-20.56666667 -75.58333333),259.69793701171875,9.735425692269928e-07
-75.58333333,-20.56666667,30.0,1975-03-14 23:00:00+00:00,-161.2,-21.44,POINT (-20.56666667 -75.58333333),259.84375,2.4358432710869238e-05
-75.58333333,-20.56666667,30.0,1975-04-14 22:00:00+00:00,-137.2,-18.07,POINT (-20.56666667 -75.58333333),251.55728149414062,5.344549663277576e-06
-75.58333333,-20.56666667,30.0,1975-05-14 22:00:00+00:00,-133.4,-17.24,POINT (-20.56666667 -75.58333333),262.94793701171875,6.65287152514793e-05
-75.58333333,-20.56666667,30.0,1975-07-14 22:00:00+00:00,-173.0,-22.7,POINT (-20.56666667 -75.58333333),242.953125,1.3907749689678894e-06
-75.58333333,-20.56666667,30.0,1975-09-14 22:00:00+00:00,-210.0,-25.84,POINT (-20.56666667 -75.58333333),241.265625,2.086162567138672e-06
-75.58333333,-20.56666667,30.0,1975-10-14 22:00:00+00:00,-200.6,-24.99,POINT (-20.56666667 -75.58333333),259.484375,0.00010029474651673809
-75.58333333,-20.56666667,30.0,1975-11-14 23:00:00+00:00,-136.7,-17.18,POINT (-20.56666667 -75.58333333),256.140625,2.5828680350059585e-07
-75.58333333,-20.56666667,30.0,1975-12-14 23:00:00+00:00,-90.2,-12.07,POINT (-20.56666667 -75.58333333),263.22918701171875,0.0
-75.58333333,-20.56666667,30.0,1976-01-14 23:00:00+00:00,-88.2,-12.39,POINT (-20.56666667 -75.58333333),264.4895935058594,0.0
-75.58333333,-20.56666667,30.0,1976-02-14 23:00:00+00:00,-114.2,-15.44,POINT (-20.56666667 -75.58333333),258.3854064941406,1.5894570992713852e-07
-75.58333333,-20.56666667,30.0,1976-03-14 23:00:00+00:00,-200.7,-25.5,POINT (-20.56666667 -75.58333333),251.1875,9.715557098388672e-06
-75.58333333,-20.56666667,30.0,1976-04-14 22:00:00+00:00,-223.1,-30.18,POINT (-20.56666667 -75.58333333),245.58334350585938,1.390775139498146e-07
-75.58333333,-20.56666667,30.0,1976-05-14 22:00:00+00:00,-151.8,-17.44,POINT (-20.56666667 -75.58333333),259.6979064941406,0.0001518726348876953
-75.58333333,-20.56666667,30.0,1976-06-14 22:00:00+00:00,-174.3,-22.12,POINT (-20.56666667 -75.58333333),243.921875,5.761782517765823e-07
-75.58333333,-20.56666667,30.0,1976-07-14 22:00:00+00:00,-141.7,-18.75,POINT (-20.56666667 -75.58333333),248.19790649414062,1.7881393432617188e-07
-75.58333333,-20.56666667,30.0,1976-08-14 22:00:00+00:00,-205.0,-27.18,POINT (-20.56666667 -75.58333333),258.04168701171875,3.47892455465626e-05
-75.58333333,-20.56666667,30.0,1976-09-14 22:00:00+00:00,-141.1,-19.17,POINT (-20.56666667 -75.58333333),250.67709350585938,0.00019234418869018555
-75.58333333,-20.56666667,30.0,1976-10-14 22:00:00+00:00,-177.8,-23.31,POINT (-20.56666667 -75.58333333),247.03125,6.4373016357421875e-06
-75.58333333,-20.56666667,30.0,1976-11-14 23:00:00+00:00,-153.4,-19.95,POINT (-20.56666667 -75.58333333),253.125,0.0
-75.58333333,-20.56666667,30.0,1976-12-14 23:00:00+00:00,-133.2,-17.03,POINT (-20.56666667 -75.58333333),266.30206298828125,0.0
-75.58333333,-20.56666667,30.0,1977-01-14 23:00:00+00:00,-78.2,-10.16,POINT (-20.56666667 -75.58333333),272.3020935058594,0.00011914968490600586
-75.58333333,-20.56666667,30.0,1977-02-14 23:00:00+00:00,-115.7,-16.1,POINT (-20.56666667 -75.58333333),262.5208435058594,0.0
-75.58333333,-20.56666667,30.0,1977-03-14 23:00:00+00:00,-108.1,-15.32,POINT (-20.56666667 -75.58333333),260.4583435058594,0.00010323524475097656
-75.58333333,-20.56666667,30.0,1977-04-14 22:00:00+00:00,-115.0,-15.61,POINT (-20.56666667 -75.58333333),254.0364532470703,3.178914482759865e-07
-75.58333333,-20.56666667,30.0,1977-05-14 22:00:00+00:00,-141.3,-18.76,POINT (-20.56666667 -75.58333333),265.57293701171875,0.0004839301109313965
-75.58333333,-20.56666667,30.0,1977-06-14 22:00:00+00:00,-158.7,-21.17,POINT (-20.56666667 -75.58333333),254.65625,0.0
-75.58333333,-20.56666667,30.0,1977-07-14 22:00:00+00:00,-212.7,-28.42,POINT (-20.56666667 -75.58333333),241.1041717529297,0.0
-75.58333333,-20.56666667,30.0,1977-08-14 22:00:00+00:00,-214.2,-28.55,POINT (-20.56666667 -75.58333333),240.86978149414062,0.0
-75.58333333,-20.56666667,30.0,1977-09-14 22:00:00+00:00,-234.0,-31.22,POINT (-20.56666667 -75.58333333),249.8541717529297,0.0
-75.58333333,-20.56666667,30.0,1977-10-14 22:00:00+00:00,-188.2,-25.41,POINT (-20.56666667 -75.58333333),245.71875,4.55776862509083e-05
-75.58333333,-20.56666667,30.0,1977-11-14 23:00:00+00:00,-168.7,-22.13,POINT (-20.56666667 -75.58333333),259.734375,1.3033549294050317e-05
-75.58333333,-20.56666667,30.0,1977-12-14 23:00:00+00:00,-139.2,-18.57,POINT (-20.56666667 -75.58333333),260.0,0.0
-75.58333333,-20.56666667,30.0,1978-01-14 23:00:00+00:00,-100.0,-14.02,POINT (-20.56666667 -75.58333333),264.8125,5.682309165422339e-06
-75.58333333,-20.56666667,30.0,1978-02-14 23:00:00+00:00,-109.6,-13.78,POINT (-20.56666667 -75.58333333),262.11456298828125,0.0
-75.58333333,-20.56666667,30.0,1978-03-14 23:00:00+00:00,-163.8,-21.49,POINT (-20.56666667 -75.58333333),253.578125,0.0
-75.58333333,-20.56666667,30.0,1978-04-14 22:00:00+00:00,-164.9,-21.41,POINT (-20.56666667 -75.58333333),252.11978149414062,6.74128532409668e-05
-75.58333333,-20.56666667,30.0,1978-07-14 22:00:00+00:00,-195.7,-22.64,POINT (-20.56666667 -75.58333333),237.4375,1.9868215517249155e-08
-75.58333333,-20.56666667,30.0,1978-09-14 22:00:00+00:00,-185.9,-25.69,POINT (-20.56666667 -75.58333333),249.91146850585938,2.125898845406482e-06
-75.58333333,-20.56666667,30.0,1978-10-14 22:00:00+00:00,-177.2,-22.26,POINT (-20.56666667 -75.58333333),258.953125,2.7815499947791977e-07
-75.58333333,-20.56666667,30.0,1978-11-14 23:00:00+00:00,-149.2,-20.34,POINT (-20.56666667 -75.58333333),255.40625,0.0
-75.58333333,-20.56666667,30.0,1978-12-14 23:00:00+00:00,-169.8,-21.71,POINT (-20.56666667 -75.58333333),264.02081298828125,0.0
-75.58333333,-20.56666667,30.0,1979-01-14 23:00:00+00:00,-80.3,-10.31,POINT (-20.56666667 -75.58333333),262.25,5.960464477539063e-08
-75.58333333,-20.56666667,30.0,1979-02-14 23:00:00+00:00,-94.9,-12.95,POINT (-20.56666667 -75.58333333),258.5,9.73542455540155e-07
-75.58333333,-20.56666667,30.0,1979-03-14 23:00:00+00:00,-138.4,-18.8,POINT (-20.56666667 -75.58333333),252.578125,9.735425692269928e-07
-75.58333333,-20.56666667,30.0,1979-04-14 22:00:00+00:00,-176.2,-22.92,POINT (-20.56666667 -75.58333333),259.1458435058594,6.556510925292969e-07
-75.58333333,-20.56666667,30.0,1979-05-14 22:00:00+00:00,-166.8,-21.18,POINT (-20.56666667 -75.58333333),238.20834350585938,0.0
-75.58333333,-20.56666667,30.0,1979-06-14 22:00:00+00:00,-193.8,-25.31,POINT (-20.56666667 -75.58333333),258.26043701171875,6.677707278868183e-05
-75.58333333,-20.56666667,30.0,1979-07-14 22:00:00+00:00,-206.7,-26.87,POINT (-20.56666667 -75.58333333),239.78646850585938,0.0
-75.58333333,-20.56666667,30.0,1979-08-14 22:00:00+00:00,-195.9,-24.98,POINT (-20.56666667 -75.58333333),241.640625,0.0
-75.58333333,-20.56666667,30.0,1979-09-14 22:00:00+00:00,-201.5,-26.22,POINT (-20.56666667 -75.58333333),243.8854217529297,1.5298526705009863e-05
-75.58333333,-20.56666667,30.0,1979-10-14 22:00:00+00:00,-169.2,-20.61,POINT (-20.56666667 -75.58333333),259.73956298828125,5.265076651994605e-06
-75.58333333,-20.56666667,30.0,1979-11-14 23:00:00+00:00,-174.2,-23.38,POINT (-20.56666667 -75.58333333),254.5104217529297,1.013278847494803e-06
-75.58333333,-20.56666667,30.0,1979-12-14 23:00:00+00:00,-92.2,-12.19,POINT (-20.56666667 -75.58333333),261.71875,0.0
-75.58333333,-20.56666667,30.0,1980-01-14 23:00:00+00:00,-90.6,-13.35,POINT (-20.56666667 -75.58333333),263.76043701171875,3.4769374224197236e-07
-75.58333333,-20.56666667,30.0,1980-02-14 23:00:00+00:00,-118.6,-16.19,POINT (-20.56666667 -75.58333333),262.9375,2.0662942915805615e-05
-75.58333333,-20.56666667,30.0,1980-03-14 23:00:00+00:00,-85.0,-13.07,POINT (-20.56666667 -75.58333333),253.21875,0.0
-75.58333333,-20.56666667,30.0,1980-04-14 22:00:00+00:00,-131.8,-18.23,POINT (-20.56666667 -75.58333333),247.77084350585938,0.0
-75.58333333,-20.56666667,30.0,1980-05-14 22:00:00+00:00,-149.3,-19.91,POINT (-20.56666667 -75.58333333),257.97918701171875,0.0
-75.58333333,-20.56666667,30.0,1980-06-14 22:00:00+00:00,-188.5,-24.57,POINT (-20.56666667 -75.58333333),247.80209350585938,0.0001470645220251754
-75.58333333,-20.56666667,30.0,1980-07-14 22:00:00+00:00,-210.4,-28.97,POINT (-20.56666667 -75.58333333),238.546875,2.7040641725761816e-05
-75.58333333,-20.56666667,30.0,1980-08-14 22:00:00+00:00,-181.6,-25.08,POINT (-20.56666667 -75.58333333),243.5208282470703,0.0
-75.58333333,-20.56666667,30.0,1980-09-14 22:00:00+00:00,-211.8,-28.33,POINT (-20.56666667 -75.58333333),248.15103149414062,0.0
-75.58333333,-20.56666667,30.0,1980-10-14 22:00:00+00:00,-174.1,-23.64,POINT (-20.56666667 -75.58333333),248.125,5.580981815000996e-05
-75.58333333,-20.56666667,30.0,1980-11-14 23:00:00+00:00,-134.1,-18.41,POINT (-20.56666667 -75.58333333),265.19793701171875,0.0001819332392187789
-75.58333333,-20.56666667,30.0,1980-12-14 23:00:00+00:00,-96.6,-13.57,POINT (-20.56666667 -75.58333333),265.14581298828125,1.2119611483285553e-06
-75.58333333,-20.56666667,30.0,1982-02-14 23:00:00+00:00,-97.1,-13.28,POINT (-20.56666667 -75.58333333),263.11456298828125,0.00024065375328063965
-75.58333333,-20.56666667,30.0,1982-03-14 23:00:00+00:00,-147.4,-19.74,POINT (-20.56666667 -75.58333333),251.16665649414062,9.5367431640625e-07
-75.58333333,-20.56666667,30.0,1982-04-14 22:00:00+00:00,-148.2,-19.68,POINT (-20.56666667 -75.58333333),265.6145935058594,2.3027261704555713e-05
-75.58333333,-20.56666667,30.0,1983-01-14 23:00:00+00:00,-121.4,-15.26,POINT (-20.56666667 -75.58333333),263.5,0.0
-75.58333333,-20.56666667,30.0,1983-02-14 23:00:00+00:00,-103.9,-13.4,POINT (-20.56666667 -75.58333333),262.125,4.947185516357422e-06
-75.58333333,-20.56666667,30.0,1983-03-14 23:00:00+00:00,-119.6,-15.2,POINT (-20.56666667 -75.58333333),255.859375,9.040037184604444e-06
-75.58333333,-20.56666667,30.0,1983-04-14 22:00:00+00:00,-138.2,-18.06,POINT (-20.56666667 -75.58333333),245.875,1.3411043937594513e-06
-75.58333333,-20.56666667,30.0,1983-05-14 22:00:00+00:00,-177.3,-21.97,POINT (-20.56666667 -75.58333333),257.67706298828125,0.0003788371686823666
-75.58333333,-20.56666667,30.0,1983-06-14 22:00:00+00:00,-210.0,-26.03,POINT (-20.56666667 -75.58333333),249.63021850585938,3.7550926208496094e-06
-75.58333333,-20.56666667,30.0,1983-07-14 22:00:00+00:00,-241.4,-30.0,POINT (-20.56666667 -75.58333333),246.38021850585938,0.0
-75.58333333,-20.56666667,30.0,1983-08-14 22:00:00+00:00,-198.8,-24.73,POINT (-20.56666667 -75.58333333),255.14584350585938,0.00011366606486262754
-75.58333333,-20.56666667,30.0,1983-09-14 22:00:00+00:00,-210.1,-25.91,POINT (-20.56666667 -75.58333333),244.9114532470703,0.0
-75.58333333,-20.56666667,30.0,1983-10-14 22:00:00+00:00,-211.2,-25.68,POINT (-20.56666667 -75.58333333),255.78125,7.709861529292539e-05
-75.58333333,-20.56666667,30.0,1983-11-14 23:00:00+00:00,-173.6,-21.4,POINT (-20.56666667 -75.58333333),260.28125,0.0
-75.58333333,-20.56666667,30.0,1983-12-14 23:00:00+00:00,-128.3,-16.01,POINT (-20.56666667 -75.58333333),261.36456298828125,1.1920928955078125e-07
-75.58333333,-20.56666667,30.0,1984-01-14 23:00:00+00:00,-185.5,-23.13,POINT (-20.56666667 -75.58333333),273.75,0.0004887878894805908
-75.58333333,-20.56666667,30.0,1984-02-14 23:00:00+00:00,-186.2,-23.23,POINT (-20.56666667 -75.58333333),265.52081298828125,0.00015248855925165117
-75.58333333,-20.56666667,30.0,1984-03-14 23:00:00+00:00,-131.4,-17.33,POINT (-20.56666667 -75.58333333),253.140625,6.238619334908435e-06
-75.58333333,-20.56666667,30.0,1984-04-14 22:00:00+00:00,-172.9,-21.98,POINT (-20.56666667 -75.58333333),259.46875,2.8014183044433594e-06
-75.58333333,-20.56666667,30.0,1984-05-14 22:00:00+00:00,-207.3,-26.17,POINT (-20.56666667 -75.58333333),246.9947967529297,0.0
-75.58333333,-20.56666667,30.0,1984-06-14 22:00:00+00:00,-218.2,-27.97,POINT (-20.56666667 -75.58333333),236.22396850585938,0.0
-75.58333333,-20.56666667,30.0,1984-07-14 22:00:00+00:00,-207.7,-26.38,POINT (-20.56666667 -75.58333333),252.9739532470703,0.00030266246176324785
-75.58333333,-20.56666667,30.0,1984-08-14 22:00:00+00:00,-232.3,-29.3,POINT (-20.56666667 -75.58333333),243.11459350585938,1.1781851753767114e-05
-75.58333333,-20.56666667,30.0,1984-09-14 22:00:00+00:00,-223.9,-28.06,POINT (-20.56666667 -75.58333333),243.015625,3.973643103449831e-08
-75.58333333,-20.56666667,30.0,1984-10-14 22:00:00+00:00,-236.1,-29.95,POINT (-20.56666667 -75.58333333),253.83334350585938,0.0
-75.58333333,-20.56666667,30.0,1984-11-14 23:00:00+00:00,-188.6,-23.85,POINT (-20.56666667 -75.58333333),265.1041564941406,5.563100330618909e-06
-75.58333333,-20.56666667,30.0,1984-12-14 23:00:00+00:00,-141.2,-17.62,POINT (-20.56666667 -75.58333333),261.6875,0.0
-75.58333333,-20.56666667,30.0,1985-01-14 23:00:00+00:00,-116.0,-15.17,POINT (-20.56666667 -75.58333333),263.4791564941406,5.960464477539063e-08
-75.58333333,-20.56666667,30.0,1985-02-14 23:00:00+00:00,-112.9,-14.54,POINT (-20.56666667 -75.58333333),259.0416564941406,2.761681798801874e-06
-75.58333333,-20.56666667,30.0,1985-03-14 23:00:00+00:00,-133.6,-17.07,POINT (-20.56666667 -75.58333333),262.125,0.0001150965690612793
-75.58333333,-20.56666667,30.0,1985-04-14 22:00:00+00:00,-81.1,-12.51,POINT (-20.56666667 -75.58333333),241.828125,0.0
-75.58333333,-20.56666667,30.0,1985-05-14 22:00:00+00:00,-179.0,-23.08,POINT (-20.56666667 -75.58333333),243.94790649414062,1.5834966688998975e-05
-75.58333333,-20.56666667,30.0,1985-06-14 22:00:00+00:00,-195.8,-24.93,POINT (-20.56666667 -75.58333333),249.953125,2.7398267775424756e-05
-75.58333333,-20.56666667,30.0,1985-07-14 22:00:00+00:00,-238.0,-30.3,POINT (-20.56666667 -75.58333333),241.21353149414062,0.0
-75.58333333,-20.56666667,30.0,1985-08-14 22:00:00+00:00,-173.1,-22.29,POINT (-20.56666667 -75.58333333),239.296875,7.549921292593353e-07
-75.58333333,-20.56666667,30.0,1985-09-14 22:00:00+00:00,-204.7,-26.41,POINT (-20.56666667 -75.58333333),241.4739532470703,1.3907749973895989e-07
-75.58333333,-20.56666667,30.0,1985-10-14 22:00:00+00:00,-212.2,-27.45,POINT (-20.56666667 -75.58333333),242.19271850585938,1.8080074823956238e-06
-75.58333333,-20.56666667,30.0,1985-11-14 23:00:00+00:00,-199.8,-25.41,POINT (-20.56666667 -75.58333333),251.42709350585938,1.986821445143505e-07
-75.58333333,-20.56666667,30.0,1985-12-14 23:00:00+00:00,-193.5,-25.07,POINT (-20.56666667 -75.58333333),266.875,1.0132789611816406e-06
-75.58333333,-20.56666667,30.0,1986-01-14 23:00:00+00:00,-100.6,-13.63,POINT (-20.56666667 -75.58333333),262.3541564941406,0.0
-75.58333333,-20.56666667,30.0,1986-02-14 23:00:00+00:00,-112.3,-15.13,POINT (-20.56666667 -75.58333333),258.546875,0.0
-75.58333333,-20.56666667,30.0,1986-03-14 23:00:00+00:00,-129.1,-17.93,POINT (-20.56666667 -75.58333333),266.73956298828125,0.00013840198516845703
-75.58333333,-20.56666667,30.0,1986-04-14 22:00:00+00:00,-159.5,-21.59,POINT (-20.56666667 -75.58333333),245.27603149414062,0.0
-75.58333333,-20.56666667,30.0,1986-05-14 22:00:00+00:00,-156.3,-21.31,POINT (-20.56666667 -75.58333333),243.3489532470703,0.0
-75.58333333,-20.56666667,30.0,1986-06-14 22:00:00+00:00,-197.4,-25.81,POINT (-20.56666667 -75.58333333),253.77084350585938,0.0
-75.58333333,-20.56666667,30.0,1986-07-14 22:00:00+00:00,-179.6,-23.52,POINT (-20.56666667 -75.58333333),264.4583435058594,0.0007243752479553223
-75.58333333,-20.56666667,30.0,1986-08-14 22:00:00+00:00,-216.0,-28.52,POINT (-20.56666667 -75.58333333),253.40625,2.8808912247768603e-05
-75.58333333,-20.56666667,30.0,1986-09-14 22:00:00+00:00,-255.7,-33.96,POINT (-20.56666667 -75.58333333),251.109375,3.631909567047842e-05
-75.58333333,-20.56666667,30.0,1986-10-14 22:00:00+00:00,-276.0,-35.53,POINT (-20.56666667 -75.58333333),247.6875,0.0
-75.58333333,-20.56666667,30.0,1986-11-14 23:00:00+00:00,-191.2,-25.26,POINT (-20.56666667 -75.58333333),253.8541717529297,2.225239995823358e-06
-75.58333333,-20.56666667,30.0,1986-12-14 23:00:00+00:00,-152.2,-19.26,POINT (-20.56666667 -75.58333333),261.0104064941406,0.0
-75.58333333,-20.56666667,30.0,1987-01-14 23:00:00+00:00,-128.1,-16.99,POINT (-20.56666667 -75.58333333),271.64581298828125,7.668137550354004e-05
-75.58333333,-20.56666667,30.0,1987-03-14 23:00:00+00:00,-128.5,-18.14,POINT (-20.56666667 -75.58333333),254.71353149414062,1.3530254364013672e-05
-75.58333333,-20.56666667,30.0,1987-04-14 22:00:00+00:00,-119.4,-16.79,POINT (-20.56666667 -75.58333333),255.84375,0.0001398324966430664
-75.58333333,-20.56666667,30.0,1987-05-14 22:00:00+00:00,-187.2,-25.38,POINT (-20.56666667 -75.58333333),235.53646850585938,0.0
-75.58333333,-20.56666667,30.0,1987-06-14 22:00:00+00:00,-200.5,-27.89,POINT (-20.56666667 -75.58333333),240.671875,1.1523565035531647e-06
-75.58333333,-20.56666667,30.0,1987-07-14 22:00:00+00:00,-197.6,-27.3,POINT (-20.56666667 -75.58333333),239.05728149414062,5.960464477539063e-08
-75.58333333,-20.56666667,30.0,1987-08-14 22:00:00+00:00,-272.9,-36.38,POINT (-20.56666667 -75.58333333),235.9322967529297,1.9868215517249155e-08
-75.58333333,-20.56666667,30.0,1987-09-14 22:00:00+00:00,-254.6,-32.95,POINT (-20.56666667 -75.58333333),254.69790649414062,1.9868215517249155e-08
-75.58333333,-20.56666667,30.0,1987-10-14 22:00:00+00:00,-243.3,-30.68,POINT (-20.56666667 -75.58333333),246.8958282470703,9.099641829379834e-06
-75.58333333,-20.56666667,30.0,1987-11-14 23:00:00+00:00,-169.1,-22.31,POINT (-20.56666667 -75.58333333),261.4895935058594,0.0
-75.58333333,-20.56666667,30.0,1987-12-14 23:00:00+00:00,-138.6,-17.76,POINT (-20.56666667 -75.58333333),270.88543701171875,0.00033416348742321134
-75.58333333,-20.56666667,30.0,1988-01-14 23:00:00+00:00,-131.0,-16.44,POINT (-20.56666667 -75.58333333),268.44793701171875,1.1920928955078125e-07
-75.58333333,-20.56666667,30.0,1988-02-14 23:00:00+00:00,-136.3,-18.08,POINT (-20.56666667 -75.58333333),254.65625,1.1126201115985168e-06
-75.58333333,-20.56666667,30.0,1988-03-14 23:00:00+00:00,-131.4,-17.17,POINT (-20.56666667 -75.58333333),261.9791564941406,2.086162567138672e-07
-75.58333333,-20.56666667,30.0,1988-04-14 22:00:00+00:00,-152.1,-19.74,POINT (-20.56666667 -75.58333333),251.28646850585938,1.5894572413799324e-07
-75.58333333,-20.56666667,30.0,1988-05-14 22:00:00+00:00,-195.5,-25.12,POINT (-20.56666667 -75.58333333),252.265625,0.0
-75.58333333,-20.56666667,30.0,1988-06-14 22:00:00+00:00,-192.1,-24.77,POINT (-20.56666667 -75.58333333),250.375,0.0
-75.58333333,-20.56666667,30.0,1988-07-14 22:00:00+00:00,-216.6,-27.83,POINT (-20.56666667 -75.58333333),248.02084350585938,0.0
-75.58333333,-20.56666667,30.0,1988-08-14 22:00:00+00:00,-242.1,-30.72,POINT (-20.56666667 -75.58333333),234.38021850585938,0.0
-75.58333333,-20.56666667,30.0,1988-09-14 22:00:00+00:00,-212.3,-27.28,POINT (-20.56666667 -75.58333333),241.28646850585938,8.781751603237353e-06
-75.58333333,-20.56666667,30.0,1988-10-14 22:00:00+00:00,-192.4,-24.55,POINT (-20.56666667 -75.58333333),249.38540649414062,0.0
-75.58333333,-20.56666667,30.0,1988-11-14 23:00:00+00:00,-170.9,-21.99,POINT (-20.56666667 -75.58333333),256.5989685058594,2.284844640598749e-06
-75.58333333,-20.56666667,30.0,1988-12-14 23:00:00+00:00,-135.4,-17.79,POINT (-20.56666667 -75.58333333),269.875,0.0002904136781580746
-75.58333333,-20.56666667,30.0,1989-01-14 23:00:00+00:00,-135.9,-16.98,POINT (-20.56666667 -75.58333333),270.75,2.582867750788864e-07
-75.58333333,-20.56666667,30.0,1989-02-14 23:00:00+00:00,-110.2,-14.65,POINT (-20.56666667 -75.58333333),269.44793701171875,3.165006637573242e-05
-75.58333333,-20.56666667,30.0,1989-03-14 23:00:00+00:00,-123.0,-16.29,POINT (-20.56666667 -75.58333333),266.6875,0.00013993182801641524
-75.58333333,-20.56666667,30.0,1989-04-14 22:00:00+00:00,-120.1,-15.07,POINT (-20.56666667 -75.58333333),258.61456298828125,3.317991649964824e-05
-75.58333333,-20.56666667,30.0,1989-05-14 22:00:00+00:00,-185.3,-24.02,POINT (-20.56666667 -75.58333333),245.2291717529297,5.761782517765823e-07
-75.58333333,-20.56666667,30.0,1989-06-14 22:00:00+00:00,-212.8,-27.27,POINT (-20.56666667 -75.58333333),240.3854217529297,4.172325134277344e-07
-75.58333333,-20.56666667,30.0,1989-07-14 22:00:00+00:00,-236.2,-29.92,POINT (-20.56666667 -75.58333333),251.91665649414062,2.0881492673652247e-05
-75.58333333,-20.56666667,30.0,1989-08-14 22:00:00+00:00,-231.4,-29.39,POINT (-20.56666667 -75.58333333),237.65625,9.934107225717526e-08
-75.58333333,-20.56666667,30.0,1989-09-14 22:00:00+00:00,-156.4,-18.99,POINT (-20.56666667 -75.58333333),260.8229064941406,0.0009267727145925164
-75.58333333,-20.56666667,30.0,1989-10-14 22:00:00+00:00,-149.6,-17.43,POINT (-20.56666667 -75.58333333),251.0625,5.960464477539063e-08
-75.58333333,-20.56666667,30.0,1989-11-14 23:00:00+00:00,-153.8,-19.12,POINT (-20.56666667 -75.58333333),264.4479064941406,5.1279861509101465e-05
-75.58333333,-20.56666667,30.0,1989-12-14 23:00:00+00:00,-158.2,-19.95,POINT (-20.56666667 -75.58333333),262.6770935058594,1.3510385770132416e-06
-75.58333333,-20.56666667,30.0,1990-01-14 23:00:00+00:00,-129.9,-16.6,POINT (-20.56666667 -75.58333333),266.96875,1.7344951629638672e-05
-75.58333333,-20.56666667,30.0,1990-02-14 23:00:00+00:00,-96.4,-12.76,POINT (-20.56666667 -75.58333333),253.984375,0.0
-75.58333333,-20.56666667,30.0,1990-03-14 23:00:00+00:00,-129.6,-16.81,POINT (-20.56666667 -75.58333333),259.90625,1.5894572413799324e-07
-75.58333333,-20.56666667,30.0,1990-04-14 22:00:00+00:00,-139.6,-17.74,POINT (-20.56666667 -75.58333333),260.5625,4.410743713378906e-05
-75.58333333,-20.56666667,30.0,1990-05-14 22:00:00+00:00,-151.3,-18.43,POINT (-20.56666667 -75.58333333),250.796875,4.967054110238678e-07
-75.58333333,-20.56666667,30.0,1990-06-14 22:00:00+00:00,-149.2,-18.73,POINT (-20.56666667 -75.58333333),241.296875,1.4781951904296875e-05
-75.58333333,-20.56666667,30.0,1990-07-14 22:00:00+00:00,-182.3,-22.92,POINT (-20.56666667 -75.58333333),248.546875,0.0
-75.58333333,-20.56666667,30.0,1990-08-14 22:00:00+00:00,-193.0,-24.34,POINT (-20.56666667 -75.58333333),257.703125,0.00017293295240961015
-75.58333333,-20.56666667,30.0,1990-09-14 22:00:00+00:00,-217.4,-27.2,POINT (-20.56666667 -75.58333333),246.13021850585938,1.1146067663503345e-05
-75.58333333,-20.56666667,30.0,1990-10-14 22:00:00+00:00,-182.4,-21.96,POINT (-20.56666667 -75.58333333),263.06768798828125,0.0001741647720336914
-75.58333333,-20.56666667,30.0,1990-11-14 23:00:00+00:00,-158.7,-20.56,POINT (-20.56666667 -75.58333333),268.9895935058594,0.00013933578156866133
-75.58333333,-20.56666667,30.0,1990-12-14 23:00:00+00:00,-140.3,-18.09,POINT (-20.56666667 -75.58333333),270.67706298828125,1.3212363228376489e-05
-75.58333333,-20.56666667,30.0,1991-01-14 23:00:00+00:00,-125.9,-15.93,POINT (-20.56666667 -75.58333333),270.15625,5.821386821480701e-06
-75.58333333,-20.56666667,30.0,1991-02-14 23:00:00+00:00,-117.4,-15.48,POINT (-20.56666667 -75.58333333),263.02081298828125,5.211433017393574e-05
-75.58333333,-20.56666667,30.0,1991-03-14 23:00:00+00:00,-145.6,-19.23,POINT (-20.56666667 -75.58333333),258.8958435058594,1.6609828890068457e-05
-75.58333333,-20.56666667,30.0,1991-04-14 22:00:00+00:00,-170.7,-22.3,POINT (-20.56666667 -75.58333333),238.60415649414062,3.8146970382513246e-06
-75.58333333,-20.56666667,30.0,1991-05-14 22:00:00+00:00,-198.6,-25.8,POINT (-20.56666667 -75.58333333),244.59896850585938,5.761782517765823e-07
-75.58333333,-20.56666667,30.0,1991-06-14 22:00:00+00:00,-195.6,-24.83,POINT (-20.56666667 -75.58333333),255.984375,2.517302709748037e-05
-75.58333333,-20.56666667,30.0,1991-07-14 22:00:00+00:00,-225.4,-28.61,POINT (-20.56666667 -75.58333333),246.40103149414062,0.0
-75.58333333,-20.56666667,30.0,1991-08-14 22:00:00+00:00,-227.5,-28.97,POINT (-20.56666667 -75.58333333),247.984375,0.00011018911754945293
-75.58333333,-20.56666667,30.0,1991-09-14 22:00:00+00:00,-184.3,-23.71,POINT (-20.56666667 -75.58333333),257.94793701171875,0.00015081962919794023
-75.58333333,-20.56666667,30.0,1991-10-14 22:00:00+00:00,-188.5,-24.39,POINT (-20.56666667 -75.58333333),248.875,1.112619997911679e-06
-75.58333333,-20.56666667,30.0,1991-11-14 23:00:00+00:00,-137.9,-17.71,POINT (-20.56666667 -75.58333333),261.2604064941406,6.192922592163086e-05
-75.58333333,-20.56666667,30.0,1991-12-14 23:00:00+00:00,-160.0,-20.85,POINT (-20.56666667 -75.58333333),265.8958435058594,3.973643103449831e-08
-75.58333333,-20.56666667,30.0,1992-01-14 23:00:00+00:00,-122.7,-15.26,POINT (-20.56666667 -75.58333333),268.6666564941406,3.178914482759865e-07
-75.58333333,-20.56666667,30.0,1992-02-14 23:00:00+00:00,-138.8,-17.52,POINT (-20.56666667 -75.58333333),264.92706298828125,7.947286206899662e-08
-75.58333333,-20.56666667,30.0,1992-03-14 23:00:00+00:00,-146.1,-18.76,POINT (-20.56666667 -75.58333333),256.171875,4.710754001280293e-05
-75.58333333,-20.56666667,30.0,1992-04-14 22:00:00+00:00,-125.2,-16.51,POINT (-20.56666667 -75.58333333),248.61459350585938,0.0
-75.58333333,-20.56666667,30.0,1992-05-14 22:00:00+00:00,-151.1,-18.83,POINT (-20.56666667 -75.58333333),242.35415649414062,0.0
-75.58333333,-20.56666667,30.0,1992-06-14 22:00:00+00:00,-204.2,-25.1,POINT (-20.56666667 -75.58333333),250.203125,0.0
-75.58333333,-20.56666667,30.0,1992-07-14 22:00:00+00:00,-179.5,-22.9,POINT (-20.56666667 -75.58333333),247.765625,1.0192394256591797e-05
-75.58333333,-20.56666667,30.0,1992-08-14 22:00:00+00:00,-250.8,-31.79,POINT (-20.56666667 -75.58333333),245.3125,0.0
-75.58333333,-20.56666667,30.0,1992-09-14 22:00:00+00:00,-232.6,-29.41,POINT (-20.56666667 -75.58333333),251.375,0.00017064809799194336
-75.58333333,-20.56666667,30.0,1992-10-14 22:00:00+00:00,-219.3,-27.87,POINT (-20.56666667 -75.58333333),260.35418701171875,0.00010126828419743106
-75.58333333,-20.56666667,30.0,1992-11-14 23:00:00+00:00,-167.0,-21.32,POINT (-20.56666667 -75.58333333),262.9895935058594,0.0004084309039171785
-75.58333333,-20.56666667,30.0,1992-12-14 23:00:00+00:00,-141.5,-17.94,POINT (-20.56666667 -75.58333333),263.65625,9.934107936260261e-08
-75.58333333,-20.56666667,30.0,1993-01-14 23:00:00+00:00,-96.8,-12.72,POINT (-20.56666667 -75.58333333),264.05206298828125,0.0
-75.58333333,-20.56666667,30.0,1993-02-14 23:00:00+00:00,-121.9,-15.87,POINT (-20.56666667 -75.58333333),254.40625,0.0
-75.58333333,-20.56666667,30.0,1993-03-14 23:00:00+00:00,-124.9,-16.68,POINT (-20.56666667 -75.58333333),261.28125,0.00015570719551760703
-75.58333333,-20.56666667,30.0,1993-04-14 22:00:00+00:00,-140.2,-17.46,POINT (-20.56666667 -75.58333333),243.59375,0.0
-75.58333333,-20.56666667,30.0,1993-05-14 22:00:00+00:00,-184.7,-23.93,POINT (-20.56666667 -75.58333333),250.5572967529297,0.0
-75.58333333,-20.56666667,30.0,1993-06-14 22:00:00+00:00,-205.8,-25.94,POINT (-20.56666667 -75.58333333),245.30209350585938,0.0
-75.58333333,-20.56666667,30.0,1993-07-14 22:00:00+00:00,-208.1,-27.15,POINT (-20.56666667 -75.58333333),239.66665649414062,5.761782517765823e-07
-75.58333333,-20.56666667,30.0,1993-08-14 22:00:00+00:00,-216.8,-27.85,POINT (-20.56666667 -75.58333333),236.9375,0.0
-75.58333333,-20.56666667,30.0,1993-09-14 22:00:00+00:00,-218.6,-28.15,POINT (-20.56666667 -75.58333333),235.9583282470703,0.0
-75.58333333,-20.56666667,30.0,1993-10-14 22:00:00+00:00,-185.3,-23.29,POINT (-20.56666667 -75.58333333),245.96353149414062,0.0
-75.58333333,-20.56666667,30.0,1993-11-14 23:00:00+00:00,-179.1,-23.06,POINT (-20.56666667 -75.58333333),264.04168701171875,1.583496850798838e-05
-75.58333333,-20.56666667,30.0,1993-12-14 23:00:00+00:00,-122.5,-15.72,POINT (-20.56666667 -75.58333333),264.8125,5.364418029785156e-07
-75.58333333,-20.56666667,30.0,1994-01-14 23:00:00+00:00,-111.1,-13.53,POINT (-20.56666667 -75.58333333),262.3229064941406,0.0
-75.58333333,-20.56666667,30.0,1994-02-14 23:00:00+00:00,-145.8,-18.95,POINT (-20.56666667 -75.58333333),258.8645935058594,2.980232238769531e-07
-75.58333333,-20.56666667,30.0,1994-03-14 23:00:00+00:00,-171.1,-21.86,POINT (-20.56666667 -75.58333333),252.5833282470703,0.0
-75.58333333,-20.56666667,30.0,1994-04-14 22:00:00+00:00,-187.7,-24.1,POINT (-20.56666667 -75.58333333),243.671875,0.0
-75.58333333,-20.56666667,30.0,1994-05-14 22:00:00+00:00,-185.8,-24.49,POINT (-20.56666667 -75.58333333),249.4322967529297,0.0
-75.58333333,-20.56666667,30.0,1994-06-14 22:00:00+00:00,-184.4,-23.59,POINT (-20.56666667 -75.58333333),247.2135467529297,3.4570693969726562e-06
-75.58333333,-20.56666667,30.0,1994-07-14 22:00:00+00:00,-216.2,-27.2,POINT (-20.56666667 -75.58333333),250.14584350585938,9.874503120954614e-06
-75.58333333,-20.56666667,30.0,1994-08-14 22:00:00+00:00,-222.5,-25.97,POINT (-20.56666667 -75.58333333),240.63540649414062,1.9868215517249155e-08
-75.58333333,-20.56666667,30.0,1994-09-14 22:00:00+00:00,-205.2,-25.66,POINT (-20.56666667 -75.58333333),248.64584350585938,7.748603820800781e-07
-75.58333333,-20.56666667,30.0,1994-10-14 22:00:00+00:00,-188.6,-24.34,POINT (-20.56666667 -75.58333333),246.765625,7.947286206899662e-08
-75.58333333,-20.56666667,30.0,1994-11-14 23:00:00+00:00,-183.3,-22.91,POINT (-20.56666667 -75.58333333),260.6354064941406,1.1324882507324219e-06
-75.58333333,-20.56666667,30.0,1994-12-14 23:00:00+00:00,-150.8,-18.85,POINT (-20.56666667 -75.58333333),262.0625,1.9868215872520523e-07
-75.58333333,-20.56666667,30.0,1995-01-14 23:00:00+00:00,-126.0,-16.3,POINT (-20.56666667 -75.58333333),262.28125,3.059705022678827e-06
-75.58333333,-20.56666667,30.0,1995-02-14 23:00:00+00:00,-131.2,-16.84,POINT (-20.56666667 -75.58333333),260.75,0.0
-75.58333333,-20.56666667,30.0,1995-03-14 23:00:00+00:00,-123.0,-15.53,POINT (-20.56666667 -75.58333333),267.47918701171875,0.00030940771102905273
-75.58333333,-20.56666667,30.0,1995-04-14 22:00:00+00:00,-181.6,-23.68,POINT (-20.56666667 -75.58333333),247.9375,0.00017627081251703203
-75.58333333,-20.56666667,30.0,1995-05-14 22:00:00+00:00,-211.6,-27.61,POINT (-20.56666667 -75.58333333),228.734375,0.0
-75.58333333,-20.56666667,30.0,1995-06-14 22:00:00+00:00,-166.7,-18.6,POINT (-20.56666667 -75.58333333),262.4791564941406,2.6285648345947266e-05
-75.58333333,-20.56666667,30.0,1995-07-14 22:00:00+00:00,-201.9,-26.05,POINT (-20.56666667 -75.58333333),242.04165649414062,4.247824108460918e-05
-75.58333333,-20.56666667,30.0,1995-08-14 22:00:00+00:00,-231.2,-29.8,POINT (-20.56666667 -75.58333333),245.875,0.0
-75.58333333,-20.56666667,30.0,1995-09-14 22:00:00+00:00,-190.2,-24.7,POINT (-20.56666667 -75.58333333),234.984375,2.0444393157958984e-05
-75.58333333,-20.56666667,30.0,1995-10-14 22:00:00+00:00,-186.2,-24.06,POINT (-20.56666667 -75.58333333),248.24478149414062,3.7153563425817993e-06
-75.58333333,-20.56666667,30.0,1995-12-14 23:00:00+00:00,-164.6,-20.53,POINT (-20.56666667 -75.58333333),266.40625,4.303455352783203e-05
-75.58333333,-20.56666667,30.0,1996-01-14 23:00:00+00:00,-127.2,-15.83,POINT (-20.56666667 -75.58333333),267.73956298828125,5.602836154139368e-06
-75.58333333,-20.56666667,30.0,1996-02-14 23:00:00+00:00,-119.8,-15.32,POINT (-20.56666667 -75.58333333),264.15625,4.363059997558594e-05
-75.58333333,-20.56666667,30.0,1996-03-14 23:00:00+00:00,-148.0,-19.46,POINT (-20.56666667 -75.58333333),257.57293701171875,1.1305014595563989e-05
-75.58333333,-20.56666667,30.0,1996-04-14 22:00:00+00:00,-138.8,-18.38,POINT (-20.56666667 -75.58333333),244.84375,3.178914482759865e-07
-75.58333333,-20.56666667,30.0,1996-05-14 22:00:00+00:00,-238.0,-30.73,POINT (-20.56666667 -75.58333333),250.63021850585938,0.0
-75.58333333,-20.56666667,30.0,1996-06-14 22:00:00+00:00,-208.4,-27.04,POINT (-20.56666667 -75.58333333),242.50521850585938,0.0
-75.58333333,-20.56666667,30.0,1996-07-14 22:00:00+00:00,-251.0,-32.27,POINT (-20.56666667 -75.58333333),241.625,0.0
-75.58333333,-20.56666667,30.0,1996-08-14 22:00:00+00:00,-200.6,-26.37,POINT (-20.56666667 -75.58333333),246.22915649414062,2.481540104781743e-05
-75.58333333,-20.56666667,30.0,1996-09-14 22:00:00+00:00,-217.3,-28.28,POINT (-20.56666667 -75.58333333),249.68228149414062,0.0
-75.58333333,-20.56666667,30.0,1996-10-14 22:00:00+00:00,-213.9,-27.41,POINT (-20.56666667 -75.58333333),254.40625,0.0
-75.58333333,-20.56666667,30.0,1996-11-14 23:00:00+00:00,-160.3,-20.75,POINT (-20.56666667 -75.58333333),267.91668701171875,0.0
-75.58333333,-20.56666667,30.0,1996-12-14 23:00:00+00:00,-136.3,-17.25,POINT (-20.56666667 -75.58333333),266.2395935058594,0.0
-75.58333333,-20.56666667,30.0,1997-01-14 23:00:00+00:00,-111.2,-14.05,POINT (-20.56666667 -75.58333333),268.88543701171875,0.000498354434967041
-75.58333333,-20.56666667,30.0,1997-02-14 23:00:00+00:00,-131.7,-17.49,POINT (-20.56666667 -75.58333333),258.22918701171875,0.0
-75.58333333,-20.56666667,30.0,1997-03-14 23:00:00+00:00,-178.6,-23.39,POINT (-20.56666667 -75.58333333),256.66668701171875,1.9868215872520523e-07
-75.58333333,-20.56666667,30.0,1997-04-14 22:00:00+00:00,-187.2,-24.55,POINT (-20.56666667 -75.58333333),244.578125,7.947286206899662e-08
-75.58333333,-20.56666667,30.0,1997-05-14 22:00:00+00:00,-202.9,-26.8,POINT (-20.56666667 -75.58333333),258.2604064941406,0.00019091367721557617
-75.58333333,-20.56666667,30.0,1997-06-14 22:00:00+00:00,-233.7,-30.43,POINT (-20.56666667 -75.58333333),238.34896850585938,2.781550278996292e-07
-75.58333333,-20.56666667,30.0,1997-07-14 22:00:00+00:00,-215.6,-28.35,POINT (-20.56666667 -75.58333333),248.0104217529297,0.0
-75.58333333,-20.56666667,30.0,1997-08-14 22:00:00+00:00,-234.3,-30.73,POINT (-20.56666667 -75.58333333),243.27603149414062,0.0
-75.58333333,-20.56666667,30.0,1997-09-14 22:00:00+00:00,-211.2,-27.81,POINT (-20.56666667 -75.58333333),239.0572967529297,0.0
-75.58333333,-20.56666667,30.0,1997-10-14 22:00:00+00:00,-213.8,-28.33,POINT (-20.56666667 -75.58333333),254.81771850585938,6.675720669591101e-06
-75.58333333,-20.56666667,30.0,1997-11-14 23:00:00+00:00,-180.1,-23.38,POINT (-20.56666667 -75.58333333),261.29168701171875,3.973643103449831e-08
-75.58333333,-20.56666667,30.0,1997-12-14 23:00:00+00:00,-140.3,-17.71,POINT (-20.56666667 -75.58333333),262.72918701171875,0.0
-75.58333333,-20.56666667,30.0,1998-01-14 23:00:00+00:00,-118.9,-15.73,POINT (-20.56666667 -75.58333333),266.0,0.0
-75.58333333,-20.56666667,30.0,1998-02-14 23:00:00+00:00,-122.9,-16.13,POINT (-20.56666667 -75.58333333),264.3020935058594,3.973643103449831e-08
-75.58333333,-20.56666667,30.0,1998-03-14 23:00:00+00:00,-154.1,-20.1,POINT (-20.56666667 -75.58333333),255.88540649414062,2.006689783229376e-06
-75.58333333,-20.56666667,30.0,1998-04-14 22:00:00+00:00,-192.9,-24.93,POINT (-20.56666667 -75.58333333),242.5364532470703,2.205371856689453e-06
-75.58333333,-20.56666667,30.0,1998-05-14 22:00:00+00:00,-214.4,-27.96,POINT (-20.56666667 -75.58333333),250.15625,3.3100444852607325e-05
-75.58333333,-20.56666667,30.0,1998-06-14 22:00:00+00:00,-232.9,-30.29,POINT (-20.56666667 -75.58333333),256.08331298828125,3.1789145396032836e-06
-75.58333333,-20.56666667,30.0,1998-07-14 22:00:00+00:00,-202.9,-26.41,POINT (-20.56666667 -75.58333333),251.5989532470703,6.765127182006836e-05
-75.58333333,-20.56666667,30.0,1998-08-14 22:00:00+00:00,-233.8,-30.08,POINT (-20.56666667 -75.58333333),250.9739532470703,9.45727060752688e-06
-75.58333333,-20.56666667,30.0,1998-09-14 22:00:00+00:00,-241.4,-31.07,POINT (-20.56666667 -75.58333333),251.25521850585938,0.0
-75.58333333,-20.56666667,30.0,1998-10-14 22:00:00+00:00,-195.9,-25.7,POINT (-20.56666667 -75.58333333),250.5208282470703,0.0
-75.58333333,-20.56666667,30.0,1998-11-14 23:00:00+00:00,-177.5,-22.8,POINT (-20.56666667 -75.58333333),261.67706298828125,6.238618880161084e-06
-75.58333333,-20.56666667,30.0,1998-12-14 23:00:00+00:00,-149.0,-18.67,POINT (-20.56666667 -75.58333333),264.70831298828125,9.5367431640625e-07
-75.58333333,-20.56666667,30.0,1999-01-14 23:00:00+00:00,-114.7,-14.93,POINT (-20.56666667 -75.58333333),269.1875,7.446607196470723e-05
-75.58333333,-20.56666667,30.0,1999-02-14 23:00:00+00:00,-101.55,-13.65,POINT (-20.56666667 -75.58333333),261.85418701171875,1.986821445143505e-07
-75.58333333,-20.56666667,30.0,1999-03-14 23:00:00+00:00,-140.95,-18.595,POINT (-20.56666667 -75.58333333),246.4270782470703,0.0
-75.58333333,-20.56666667,30.0,1999-04-14 22:00:00+00:00,-168.2,-22.075,POINT (-20.56666667 -75.58333333),264.14581298828125,0.00036664807703346014
-75.58333333,-20.56666667,30.0,1999-05-14 22:00:00+00:00,-201.15,-25.985,POINT (-20.56666667 -75.58333333),243.8020782470703,4.035234451293945e-05
-75.58333333,-20.56666667,30.0,1999-06-14 22:00:00+00:00,-199.0,-25.7,POINT (-20.56666667 -75.58333333),253.7760467529297,6.020069122314453e-06
-75.58333333,-20.56666667,30.0,1999-07-14 22:00:00+00:00,-201.7,-25.835,POINT (-20.56666667 -75.58333333),247.140625,1.1841455489047803e-05
-75.58333333,-20.56666667,30.0,1999-08-14 22:00:00+00:00,-167.85,-21.93,POINT (-20.56666667 -75.58333333),241.31771850585938,0.0
-75.58333333,-20.56666667,30.0,1999-09-14 22:00:00+00:00,-197.7,-25.845,POINT (-20.56666667 -75.58333333),246.41146850585938,0.0
-75.58333333,-20.56666667,30.0,1999-10-14 22:00:00+00:00,-170.55,-21.695,POINT (-20.56666667 -75.58333333),258.4583435058594,6.719429802615196e-05
-75.58333333,-20.56666667,30.0,1999-11-14 23:00:00+00:00,-186.7,-24.235,POINT (-20.56666667 -75.58333333),256.99481201171875,0.0
-75.58333333,-20.56666667,30.0,1999-12-14 23:00:00+00:00,-141.1,-18.025,POINT (-20.56666667 -75.58333333),265.0104064941406,0.0
-75.58333333,-20.56666667,30.0,2000-01-14 23:00:00+00:00,-124.45,-15.79,POINT (-20.56666667 -75.58333333),268.2708435058594,9.5367431640625e-07
-75.58333333,-20.56666667,30.0,2000-02-14 23:00:00+00:00,-109.7,-14.82,POINT (-20.56666667 -75.58333333),257.9166564941406,3.159046173095703e-06
-75.58333333,-20.56666667,30.0,2000-03-14 23:00:00+00:00,-132.6,-17.3,POINT (-20.56666667 -75.58333333),254.89584350585938,0.0
-75.58333333,-20.56666667,30.0,2000-04-14 22:00:00+00:00,-156.35,-20.31,POINT (-20.56666667 -75.58333333),249.8541717529297,0.0
-75.58333333,-20.56666667,30.0,2000-05-14 22:00:00+00:00,-195.45,-24.97,POINT (-20.56666667 -75.58333333),240.609375,0.0
-75.58333333,-20.56666667,30.0,2000-06-14 22:00:00+00:00,-183.15,-23.58,POINT (-20.56666667 -75.58333333),250.0677032470703,1.3490517630998511e-05
-75.58333333,-20.56666667,30.0,2000-07-14 22:00:00+00:00,-176.5,-22.44,POINT (-20.56666667 -75.58333333),244.125,0.0
-75.58333333,-20.56666667,30.0,2000-08-14 22:00:00+00:00,-213.35,-27.52,POINT (-20.56666667 -75.58333333),234.19790649414062,0.0
-75.58333333,-20.56666667,30.0,2000-09-14 22:00:00+00:00,-224.35,-28.57,POINT (-20.56666667 -75.58333333),262.3229064941406,0.00010210275650024414
-75.58333333,-20.56666667,30.0,2000-10-14 22:00:00+00:00,-187.75,-24.08,POINT (-20.56666667 -75.58333333),248.9270782470703,0.0
-75.58333333,-20.56666667,30.0,2000-11-14 23:00:00+00:00,-175.6,-22.69,POINT (-20.56666667 -75.58333333),254.390625,1.9868215517249155e-08
-75.58333333,-20.56666667,30.0,2000-12-14 23:00:00+00:00,-115.5,-14.87,POINT (-20.56666667 -75.58333333),268.3541564941406,2.173582834075205e-05
-75.58333333,-20.56666667,30.0,2001-01-14 23:00:00+00:00,-122.3,-15.09,POINT (-20.56666667 -75.58333333),264.32293701171875,1.3311703241924988e-06
-75.58333333,-20.56666667,30.0,2001-02-14 23:00:00+00:00,-138.5,-17.53,POINT (-20.56666667 -75.58333333),258.09893798828125,0.0
-75.58333333,-20.56666667,30.0,2001-03-14 23:00:00+00:00,-134.2,-18.91,POINT (-20.56666667 -75.58333333),246.30209350585938,6.993611805228284e-06
-75.58333333,-20.56666667,30.0,2001-04-14 22:00:00+00:00,-195.9,-25.41,POINT (-20.56666667 -75.58333333),255.15623474121094,3.961722177336924e-05
-75.58333333,-20.56666667,30.0,2001-05-14 22:00:00+00:00,-180.7,-23.59,POINT (-20.56666667 -75.58333333),251.77084350585938,0.0001450379641028121
-75.58333333,-20.56666667,30.0,2001-06-14 22:00:00+00:00,-207.6,-26.48,POINT (-20.56666667 -75.58333333),261.66668701171875,9.570519614499062e-05
-75.58333333,-20.56666667,30.0,2001-07-14 22:00:00+00:00,-261.8,-33.12,POINT (-20.56666667 -75.58333333),252.3385467529297,2.5033950805664062e-06
-75.58333333,-20.56666667,30.0,2001-08-14 22:00:00+00:00,-255.3,-32.17,POINT (-20.56666667 -75.58333333),255.66143798828125,0.0001614093780517578
-75.58333333,-20.56666667,30.0,2001-09-14 22:00:00+00:00,-171.3,-22.56,POINT (-20.56666667 -75.58333333),249.90103149414062,0.0
-75.58333333,-20.56666667,30.0,2001-10-14 22:00:00+00:00,-185.1,-24.01,POINT (-20.56666667 -75.58333333),257.7552185058594,4.599491512635723e-05
-75.58333333,-20.56666667,30.0,2001-11-14 23:00:00+00:00,-154.0,-19.68,POINT (-20.56666667 -75.58333333),266.3541564941406,0.0004660089616663754
-75.58333333,-20.56666667,30.0,2001-12-14 23:00:00+00:00,-133.8,-16.96,POINT (-20.56666667 -75.58333333),264.8333435058594,0.0
-75.58333333,-20.56666667,30.0,2002-01-14 23:00:00+00:00,-128.6,-16.32,POINT (-20.56666667 -75.58333333),268.5,3.178914482759865e-07
-75.58333333,-20.56666667,30.0,2002-02-14 23:00:00+00:00,-140.5,-18.08,POINT (-20.56666667 -75.58333333),268.14581298828125,0.0006736516952514648
-75.58333333,-20.56666667,30.0,2002-03-14 23:00:00+00:00,-167.7,-21.58,POINT (-20.56666667 -75.58333333),254.390625,6.934006523806602e-05
-75.58333333,-20.56666667,30.0,2002-04-14 22:00:00+00:00,-160.2,-20.53,POINT (-20.56666667 -75.58333333),265.9375,7.740656292298809e-05
-75.58333333,-20.56666667,30.0,2002-05-14 22:00:00+00:00,-207.4,-26.82,POINT (-20.56666667 -75.58333333),247.6666717529297,0.0
-75.58333333,-20.56666667,30.0,2002-06-14 22:00:00+00:00,-237.9,-30.03,POINT (-20.56666667 -75.58333333),253.4583282470703,4.907448783342261e-06
-75.58333333,-20.56666667,30.0,2002-07-14 22:00:00+00:00,-235.7,-29.85,POINT (-20.56666667 -75.58333333),249.25,0.0
-75.58333333,-20.56666667,30.0,2002-08-14 22:00:00+00:00,-200.3,-25.4,POINT (-20.56666667 -75.58333333),264.79168701171875,0.0005348126287572086
-75.58333333,-20.56666667,30.0,2002-09-14 22:00:00+00:00,-196.8,-25.75,POINT (-20.56666667 -75.58333333),246.83853149414062,0.0
-75.58333333,-20.56666667,30.0,2002-10-14 22:00:00+00:00,-200.7,-26.23,POINT (-20.56666667 -75.58333333),245.52603149414062,1.0589758858259302e-05
-75.58333333,-20.56666667,30.0,2002-11-14 23:00:00+00:00,-157.6,-21.39,POINT (-20.56666667 -75.58333333),255.4114532470703,0.0
-75.58333333,-20.56666667,30.0,2002-12-14 23:00:00+00:00,-143.6,-18.37,POINT (-20.56666667 -75.58333333),260.1979064941406,9.338060635855072e-07
-75.58333333,-20.56666667,30.0,2003-01-14 23:00:00+00:00,-107.9,-13.8,POINT (-20.56666667 -75.58333333),264.40625,1.271565793103946e-06
-75.58333333,-20.56666667,30.0,2003-02-14 23:00:00+00:00,-136.4,-17.73,POINT (-20.56666667 -75.58333333),262.30206298828125,3.9736431745041045e-07
-75.58333333,-20.56666667,30.0,2003-03-14 23:00:00+00:00,-135.2,-24.37,POINT (-20.56666667 -75.58333333),248.9791717529297,5.761781949331635e-07
-75.58333333,-20.56666667,30.0,2003-04-14 22:00:00+00:00,-184.0,-24.41,POINT (-20.56666667 -75.58333333),247.88021850585938,0.0
-75.58333333,-20.56666667,30.0,2003-05-14 22:00:00+00:00,-205.0,-26.51,POINT (-20.56666667 -75.58333333),255.953125,0.00023885566042736173
-75.58333333,-20.56666667,30.0,2003-06-14 22:00:00+00:00,-270.2,-34.87,POINT (-20.56666667 -75.58333333),240.36978149414062,8.50359629112063e-06
-75.58333333,-20.56666667,30.0,2003-07-14 22:00:00+00:00,-252.4,-32.56,POINT (-20.56666667 -75.58333333),229.4739532470703,1.0212262168352026e-05
-75.58333333,-20.56666667,30.0,2003-08-14 22:00:00+00:00,-211.0,-27.25,POINT (-20.56666667 -75.58333333),242.4427032470703,5.145867817191174e-06
-75.58333333,-20.56666667,30.0,2003-09-14 22:00:00+00:00,-185.6,-24.02,POINT (-20.56666667 -75.58333333),244.734375,2.5828680350059585e-07
-75.58333333,-20.56666667,30.0,2003-10-14 22:00:00+00:00,-172.8,-22.12,POINT (-20.56666667 -75.58333333),252.68228149414062,0.0
-75.58333333,-20.56666667,30.0,2003-11-14 23:00:00+00:00,-189.1,-24.05,POINT (-20.56666667 -75.58333333),258.1041564941406,0.0
-75.58333333,-20.56666667,30.0,2003-12-14 23:00:00+00:00,-145.5,-18.16,POINT (-20.56666667 -75.58333333),264.8958435058594,0.0
-75.58333333,-20.56666667,30.0,2004-01-14 23:00:00+00:00,-165.15,-20.74,POINT (-20.56666667 -75.58333333),263.34375,0.0
-75.58333333,-20.56666667,30.0,2004-02-14 23:00:00+00:00,-119.8,-15.61,POINT (-20.56666667 -75.58333333),257.80731201171875,0.0
-75.58333333,-20.56666667,30.0,2004-03-14 23:00:00+00:00,-136.58,-18.8,POINT (-20.56666667 -75.58333333),257.9010314941406,4.402796184876934e-05
-75.58333333,-20.56666667,30.0,2004-04-14 22:00:00+00:00,-173.72,-23.05,POINT (-20.56666667 -75.58333333),250.9739532470703,0.0
-75.58333333,-20.56666667,30.0,2004-05-14 22:00:00+00:00,-204.64,-26.72,POINT (-20.56666667 -75.58333333),261.40625,1.5099842585186707e-06
-75.58333333,-20.56666667,30.0,2004-06-14 22:00:00+00:00,-221.93,-28.72,POINT (-20.56666667 -75.58333333),244.4427032470703,0.0
-75.58333333,-20.56666667,30.0,2004-07-14 22:00:00+00:00,-248.61,-31.92,POINT (-20.56666667 -75.58333333),246.7083282470703,1.1781850844272412e-05
-75.58333333,-20.56666667,30.0,2004-08-14 22:00:00+00:00,-265.11,-33.78,POINT (-20.56666667 -75.58333333),239.9375,2.2232534320210107e-05
-75.58333333,-20.56666667,30.0,2004-09-14 22:00:00+00:00,-204.18,-26.35,POINT (-20.56666667 -75.58333333),243.2552032470703,0.0
-75.58333333,-20.56666667,30.0,2004-10-14 22:00:00+00:00,-183.74,-23.21,POINT (-20.56666667 -75.58333333),255.91146850585938,6.556510925292969e-07
-75.58333333,-20.56666667,30.0,2004-11-14 23:00:00+00:00,-185.18,-23.76,POINT (-20.56666667 -75.58333333),254.45831298828125,0.0
-75.58333333,-20.56666667,30.0,2004-12-14 23:00:00+00:00,-165.47,-20.99,POINT (-20.56666667 -75.58333333),265.6458435058594,0.0
-75.58333333,-20.56666667,30.0,2005-01-14 23:00:00+00:00,-137.53,-17.31,POINT (-20.56666667 -75.58333333),268.72918701171875,0.0
-75.58333333,-20.56666667,30.0,2005-02-14 23:00:00+00:00,-110.66,-14.53,POINT (-20.56666667 -75.58333333),263.65625,4.6869121433701366e-05
-75.58333333,-20.56666667,30.0,2005-03-14 23:00:00+00:00,-126.06,-16.58,POINT (-20.56666667 -75.58333333),252.078125,0.0
-75.58333333,-20.56666667,30.0,2005-04-14 22:00:00+00:00,-175.51,-23.42,POINT (-20.56666667 -75.58333333),252.1197967529297,5.602836154139368e-06
-75.58333333,-20.56666667,30.0,2005-05-14 22:00:00+00:00,-174.15,-22.82,POINT (-20.56666667 -75.58333333),245.1041717529297,0.0
-75.58333333,-20.56666667,30.0,2005-06-14 22:00:00+00:00,-228.0,-29.59,POINT (-20.56666667 -75.58333333),242.8125,6.71545640216209e-05
-75.58333333,-20.56666667,30.0,2005-07-14 22:00:00+00:00,-224.98,-29.72,POINT (-20.56666667 -75.58333333),239.984375,1.8358230590820312e-05
-75.58333333,-20.56666667,30.0,2005-08-14 22:00:00+00:00,-213.65,-27.56,POINT (-20.56666667 -75.58333333),259.79168701171875,0.0003796616801992059
-75.58333333,-20.56666667,30.0,2005-09-14 22:00:00+00:00,-222.54,-28.46,POINT (-20.56666667 -75.58333333),243.0572967529297,0.0
-75.58333333,-20.56666667,30.0,2005-10-14 22:00:00+00:00,-170.26,-21.95,POINT (-20.56666667 -75.58333333),252.0572967529297,2.980232238769531e-07
-75.58333333,-20.56666667,30.0,2005-11-14 23:00:00+00:00,-164.79,-21.66,POINT (-20.56666667 -75.58333333),261.46875,5.7776767789619043e-05
-75.58333333,-20.56666667,30.0,2005-12-14 23:00:00+00:00,-158.72,-20.39,POINT (-20.56666667 -75.58333333),266.6354064941406,0.0
-75.58333333,-20.56666667,30.0,2006-01-14 23:00:00+00:00,-142.04,-18.29,POINT (-20.56666667 -75.58333333),266.42706298828125,8.106231689453125e-06
-75.58333333,-20.56666667,30.0,2006-02-14 23:00:00+00:00,-139.14,-18.65,POINT (-20.56666667 -75.58333333),258.953125,0.0
-75.58333333,-20.56666667,30.0,2006-03-14 23:00:00+00:00,-141.02,-18.82,POINT (-20.56666667 -75.58333333),254.0208282470703,0.0
-75.58333333,-20.56666667,30.0,2006-04-14 22:00:00+00:00,-144.78,-18.88,POINT (-20.56666667 -75.58333333),241.625,1.271565793103946e-06
-75.58333333,-20.56666667,30.0,2006-05-14 22:00:00+00:00,-169.21,-21.95,POINT (-20.56666667 -75.58333333),260.875,0.0006300210952758789
-75.58333333,-20.56666667,30.0,2006-06-14 22:00:00+00:00,-194.12,-25.24,POINT (-20.56666667 -75.58333333),259.3645935058594,2.6106834411621094e-05
-75.58333333,-20.56666667,30.0,2006-07-14 22:00:00+00:00,-216.77,-27.87,POINT (-20.56666667 -75.58333333),255.73959350585938,1.0530153531362885e-06
-75.58333333,-20.56666667,30.0,2006-08-14 22:00:00+00:00,-244.48,-31.37,POINT (-20.56666667 -75.58333333),254.36459350585938,1.1324882507324219e-06
-75.58333333,-20.56666667,30.0,2006-09-14 22:00:00+00:00,-235.38,-30.12,POINT (-20.56666667 -75.58333333),244.2395782470703,8.086363777692895e-06
-75.58333333,-20.56666667,30.0,2006-10-14 22:00:00+00:00,-233.38,-30.44,POINT (-20.56666667 -75.58333333),246.22915649414062,4.510084636422107e-06
-75.58333333,-20.56666667,30.0,2006-11-14 23:00:00+00:00,-174.18,-22.49,POINT (-20.56666667 -75.58333333),265.375,5.781650543212891e-06
-75.58333333,-20.56666667,30.0,2006-12-14 23:00:00+00:00,-144.79,-18.67,POINT (-20.56666667 -75.58333333),262.86456298828125,0.0
-75.58333333,-20.56666667,30.0,2007-01-14 23:00:00+00:00,-114.52,-15.17,POINT (-20.56666667 -75.58333333),266.2083435058594,0.0
-75.58333333,-20.56666667,30.0,2007-02-14 23:00:00+00:00,-116.89,-15.79,POINT (-20.56666667 -75.58333333),259.7395935058594,4.371007094050583e-07
-75.58333333,-20.56666667,30.0,2007-03-14 23:00:00+00:00,-122.08,-16.42,POINT (-20.56666667 -75.58333333),260.61456298828125,7.947286206899662e-08
-75.58333333,-20.56666667,30.0,2007-05-14 22:00:00+00:00,-209.72,-26.93,POINT (-20.56666667 -75.58333333),254.67709350585938,4.003445428679697e-05
-75.58333333,-20.56666667,30.0,2007-06-14 22:00:00+00:00,-185.7,-23.4,POINT (-20.56666667 -75.58333333),243.765625,0.0
-75.58333333,-20.56666667,30.0,2007-07-14 22:00:00+00:00,-257.17,-32.66,POINT (-20.56666667 -75.58333333),244.68228149414062,0.0
-75.58333333,-20.56666667,30.0,2007-08-14 22:00:00+00:00,-222.92,-28.78,POINT (-20.56666667 -75.58333333),250.6458282470703,8.43207017169334e-05
-75.58333333,-20.56666667,30.0,2007-09-14 22:00:00+00:00,-222.89,-28.21,POINT (-20.56666667 -75.58333333),245.67709350585938,0.0
-75.58333333,-20.56666667,30.0,2007-10-14 22:00:00+00:00,-197.44,-24.95,POINT (-20.56666667 -75.58333333),254.11459350585938,2.980232238769531e-07
-75.58333333,-20.56666667,30.0,2007-11-14 23:00:00+00:00,-183.24,-23.19,POINT (-20.56666667 -75.58333333),255.15103149414062,4.013379566458752e-06
-75.58333333,-20.56666667,30.0,2007-12-14 23:00:00+00:00,-142.64,-18.66,POINT (-20.56666667 -75.58333333),269.0625,0.0
-75.58333333,-20.56666667,30.0,2008-01-14 23:00:00+00:00,-124.96,-15.85,POINT (-20.56666667 -75.58333333),264.77081298828125,0.0
-75.58333333,-20.56666667,30.0,2008-02-14 23:00:00+00:00,-154.67,-19.43,POINT (-20.56666667 -75.58333333),256.90625,6.576379291800549e-06
-75.58333333,-20.56666667,30.0,2008-03-14 23:00:00+00:00,-135.69,-17.97,POINT (-20.56666667 -75.58333333),252.83853149414062,5.960464477539063e-08
-75.58333333,-20.56666667,30.0,2008-04-14 22:00:00+00:00,-187.29,-24.5,POINT (-20.56666667 -75.58333333),246.21353149414062,1.6887983065316803e-06
-75.58333333,-20.56666667,30.0,2008-05-14 22:00:00+00:00,-187.62,-24.27,POINT (-20.56666667 -75.58333333),257.03125,3.2027561246650293e-05
-75.58333333,-20.56666667,30.0,2008-06-14 22:00:00+00:00,-237.96,-30.38,POINT (-20.56666667 -75.58333333),242.91146850585938,1.6510486602783203e-05
-75.58333333,-20.56666667,30.0,2008-07-14 22:00:00+00:00,-188.59,-24.58,POINT (-20.56666667 -75.58333333),248.05728149414062,2.384185791015625e-07
-75.58333333,-20.56666667,30.0,2008-08-14 22:00:00+00:00,-188.33,-24.54,POINT (-20.56666667 -75.58333333),257.2291564941406,9.620189666748047e-05
-75.58333333,-20.56666667,30.0,2008-09-14 22:00:00+00:00,-205.32,-26.31,POINT (-20.56666667 -75.58333333),245.625,1.3589859918283764e-05
-75.58333333,-20.56666667,30.0,2008-10-14 22:00:00+00:00,-221.85,-28.78,POINT (-20.56666667 -75.58333333),253.703125,1.986821644095471e-06
-75.58333333,-20.56666667,30.0,2008-11-14 23:00:00+00:00,-172.63,-22.24,POINT (-20.56666667 -75.58333333),253.265625,0.0
-75.58333333,-20.56666667,30.0,2008-12-14 23:00:00+00:00,-152.25,-19.07,POINT (-20.56666667 -75.58333333),265.02081298828125,9.139379244516022e-07
-75.58333333,-20.56666667,30.0,2009-01-14 23:00:00+00:00,-133.07,-16.43,POINT (-20.56666667 -75.58333333),265.89581298828125,0.00019820532179437578
-75.58333333,-20.56666667,30.0,2009-02-14 23:00:00+00:00,-132.8,-16.81,POINT (-20.56666667 -75.58333333),256.57293701171875,0.0
-75.58333333,-20.56666667,30.0,2009-03-14 23:00:00+00:00,-161.8,-21.13,POINT (-20.56666667 -75.58333333),256.734375,0.00014696519065182656
-75.58333333,-20.56666667,30.0,2009-04-14 22:00:00+00:00,-174.2,-22.93,POINT (-20.56666667 -75.58333333),244.1510467529297,5.424023129307898e-06
-75.58333333,-20.56666667,30.0,2009-05-14 22:00:00+00:00,-168.6,-22.4,POINT (-20.56666667 -75.58333333),243.125,1.3907749973895989e-07
-75.58333333,-20.56666667,30.0,2009-06-14 22:00:00+00:00,-195.0,-25.01,POINT (-20.56666667 -75.58333333),242.75521850585938,4.172325134277344e-07
-75.58333333,-20.56666667,30.0,2009-07-14 22:00:00+00:00,-214.6,-27.61,POINT (-20.56666667 -75.58333333),253.3177032470703,8.449952292721719e-05
-75.58333333,-20.56666667,30.0,2009-08-14 22:00:00+00:00,-216.2,-28.02,POINT (-20.56666667 -75.58333333),237.765625,1.2020270332868677e-05
-75.58333333,-20.56666667,30.0,2009-09-14 22:00:00+00:00,-193.8,-25.1,POINT (-20.56666667 -75.58333333),244.46875,0.0
-75.58333333,-20.56666667,30.0,2009-10-14 22:00:00+00:00,-199.4,-25.4,POINT (-20.56666667 -75.58333333),264.51043701171875,6.119410682003945e-05
-75.58333333,-20.56666667,30.0,2009-11-14 23:00:00+00:00,-151.9,-19.38,POINT (-20.56666667 -75.58333333),265.10418701171875,1.1523565035531647e-06
-75.58333333,-20.56666667,30.0,2009-12-14 23:00:00+00:00,-126.7,-16.16,POINT (-20.56666667 -75.58333333),266.03125,0.0
-75.58333333,-20.56666667,30.0,2010-01-14 23:00:00+00:00,-119.9786471,-14.90885025,POINT (-20.56666667 -75.58333333),267.5416564941406,9.934107936260261e-08
-75.58333333,-20.56666667,30.0,2010-02-14 23:00:00+00:00,-98.1,-12.75,POINT (-20.56666667 -75.58333333),262.57293701171875,1.4702479347761255e-05
-75.58333333,-20.56666667,30.0,2010-03-14 23:00:00+00:00,-185.6,-24.01,POINT (-20.56666667 -75.58333333),256.21875,9.735425692269928e-07
-75.58333333,-20.56666667,30.0,2010-04-14 22:00:00+00:00,-173.2,-22.47,POINT (-20.56666667 -75.58333333),242.94790649414062,0.0
-75.58333333,-20.56666667,30.0,2010-05-14 22:00:00+00:00,-188.2,-24.19,POINT (-20.56666667 -75.58333333),248.0104217529297,3.973643103449831e-08
-75.58333333,-20.56666667,30.0,2010-06-14 22:00:00+00:00,-215.0,-27.56,POINT (-20.56666667 -75.58333333),258.90625,0.0006530085811391473
-75.58333333,-20.56666667,30.0,2010-07-14 22:00:00+00:00,-231.6,-29.82,POINT (-20.56666667 -75.58333333),245.5677032470703,4.976987838745117e-05
-75.58333333,-20.56666667,30.0,2010-08-14 22:00:00+00:00,-231.1,-29.53,POINT (-20.56666667 -75.58333333),246.9479217529297,0.0
-75.58333333,-20.56666667,30.0,2010-09-14 22:00:00+00:00,-210.1,-26.82,POINT (-20.56666667 -75.58333333),253.375,0.00021787485457025468
-75.58333333,-20.56666667,30.0,2010-10-14 22:00:00+00:00,-191.1,-24.48,POINT (-20.56666667 -75.58333333),261.6145935058594,5.801518909720471e-06
-75.58333333,-20.56666667,30.0,2010-11-14 23:00:00+00:00,-120.1,-15.66,POINT (-20.56666667 -75.58333333),260.7916564941406,1.3113021850585938e-06
-75.58333333,-20.56666667,30.0,2010-12-14 23:00:00+00:00,-133.6,-17.14,POINT (-20.56666667 -75.58333333),267.6770935058594,0.0
-75.58333333,-20.56666667,30.0,2011-01-14 23:00:00+00:00,-114.1,-14.47,POINT (-20.56666667 -75.58333333),269.04168701171875,1.4503797274301178e-06
-75.58333333,-20.56666667,30.0,2011-02-14 23:00:00+00:00,-118.0834124,-14.32331435,POINT (-20.56666667 -75.58333333),262.8958435058594,5.960464477539063e-08
-75.58333333,-20.56666667,30.0,2011-03-14 23:00:00+00:00,-145.4,-18.49,POINT (-20.56666667 -75.58333333),255.55209350585938,5.64257334190188e-06
-75.58333333,-20.56666667,30.0,2011-04-14 22:00:00+00:00,-152.6,-19.14,POINT (-20.56666667 -75.58333333),250.63021850585938,4.112720489501953e-06
-75.58333333,-20.56666667,30.0,2011-05-14 22:00:00+00:00,-198.6,-25.57,POINT (-20.56666667 -75.58333333),253.45834350585938,0.0
-75.58333333,-20.56666667,30.0,2011-06-14 22:00:00+00:00,-214.7,-28.0,POINT (-20.56666667 -75.58333333),240.59375,0.0
-75.58333333,-20.56666667,30.0,2011-07-14 22:00:00+00:00,-234.1,-29.74,POINT (-20.56666667 -75.58333333),250.0364532470703,2.980232011395856e-06
-75.58333333,-20.56666667,30.0,2011-08-14 22:00:00+00:00,-232.9,-30.5,POINT (-20.56666667 -75.58333333),243.265625,0.0
-75.58333333,-20.56666667,30.0,2011-09-14 22:00:00+00:00,-215.1,-27.95,POINT (-20.56666667 -75.58333333),247.77084350585938,0.00012367963790893555
-75.58333333,-20.56666667,30.0,2011-10-14 22:00:00+00:00,-197.8,-25.82,POINT (-20.56666667 -75.58333333),247.2447967529297,0.0
-75.58333333,-20.56666667,30.0,2011-11-14 23:00:00+00:00,-170.3,-21.66,POINT (-20.56666667 -75.58333333),259.41143798828125,0.0
-75.58333333,-20.56666667,30.0,2011-12-14 23:00:00+00:00,-141.9,-17.91,POINT (-20.56666667 -75.58333333),264.375,0.0
-75.58333333,-20.56666667,30.0,2012-01-14 23:00:00+00:00,-130.8,-17.01,POINT (-20.56666667 -75.58333333),262.875,2.9802325229866256e-07
-75.58333333,-20.56666667,30.0,2012-02-14 23:00:00+00:00,-142.1,-18.43,POINT (-20.56666667 -75.58333333),264.6458435058594,0.0
-75.58333333,-20.56666667,30.0,2012-03-14 23:00:00+00:00,-146.4,-19.08,POINT (-20.56666667 -75.58333333),246.0260467529297,0.0
-75.58333333,-20.56666667,30.0,2012-04-14 22:00:00+00:00,-183.8,-23.21,POINT (-20.56666667 -75.58333333),253.9479217529297,0.0001114209444494918
-75.58333333,-20.56666667,30.0,2012-05-14 22:00:00+00:00,-190.4,-24.35,POINT (-20.56666667 -75.58333333),253.6614532470703,0.0
-75.58333333,-20.56666667,30.0,2012-06-14 22:00:00+00:00,-213.4,-27.33,POINT (-20.56666667 -75.58333333),248.22915649414062,0.0
-75.58333333,-20.56666667,30.0,2012-07-14 22:00:00+00:00,-226.0,-28.97,POINT (-20.56666667 -75.58333333),242.375,0.00022508701658807695
-75.58333333,-20.56666667,30.0,2012-08-14 22:00:00+00:00,-246.1,-31.62,POINT (-20.56666667 -75.58333333),231.8385467529297,1.045068165694829e-05
-75.58333333,-20.56666667,30.0,2012-09-14 22:00:00+00:00,-239.6,-30.76,POINT (-20.56666667 -75.58333333),250.0416717529297,1.0967254638671875e-05
-75.58333333,-20.56666667,30.0,2012-10-14 22:00:00+00:00,-211.3,-27.24,POINT (-20.56666667 -75.58333333),259.13543701171875,1.905361750687007e-05
-75.58333333,-20.56666667,30.0,2012-11-14 23:00:00+00:00,-170.7,-22.02,POINT (-20.56666667 -75.58333333),261.4166564941406,0.0
-75.58333333,-20.56666667,30.0,2013-01-14 23:00:00+00:00,-145.82,-17.59,POINT (-20.56666667 -75.58333333),271.3229064941406,0.0
-75.58333333,-20.56666667,30.0,2013-02-14 23:00:00+00:00,-119.27,-13.49,POINT (-20.56666667 -75.58333333),259.8333435058594,0.0
-75.58333333,-20.56666667,30.0,2013-03-14 23:00:00+00:00,-126.7,-16.65,POINT (-20.56666667 -75.58333333),249.515625,0.0
-75.58333333,-20.56666667,30.0,2013-04-14 22:00:00+00:00,-179.6,-23.09,POINT (-20.56666667 -75.58333333),258.09893798828125,4.9233436584472656e-05
-75.58333333,-20.56666667,30.0,2013-05-14 22:00:00+00:00,-203.65,-25.19,POINT (-20.56666667 -75.58333333),248.6041717529297,2.5828680350059585e-07
-75.58333333,-20.56666667,30.0,2013-06-14 22:00:00+00:00,-171.6,-22.18,POINT (-20.56666667 -75.58333333),262.59375,2.1100046069477685e-05
-75.58333333,-20.56666667,30.0,2013-07-14 22:00:00+00:00,-202.5,-25.52,POINT (-20.56666667 -75.58333333),246.13540649414062,3.635883331298828e-05
-75.58333333,-20.56666667,30.0,2013-08-14 22:00:00+00:00,-200.4,-25.86,POINT (-20.56666667 -75.58333333),246.16146850585938,0.0
-75.58333333,-20.56666667,30.0,2013-09-14 22:00:00+00:00,-173.72,-21.11,POINT (-20.56666667 -75.58333333),253.140625,0.0
-75.58333333,-20.56666667,30.0,2013-10-14 22:00:00+00:00,-183.3,-23.8,POINT (-20.56666667 -75.58333333),250.4583282470703,7.947286206899662e-08
-75.58333333,-20.56666667,30.0,2013-11-14 23:00:00+00:00,-223.0,-28.72,POINT (-20.56666667 -75.58333333),260.26043701171875,0.0
-75.58333333,-20.56666667,30.0,2013-12-14 23:00:00+00:00,-141.4,-17.94,POINT (-20.56666667 -75.58333333),267.63543701171875,1.9868215517249155e-08
-75.58333333,-20.56666667,30.0,2014-01-14 23:00:00+00:00,-128.3,-16.45,POINT (-20.56666667 -75.58333333),268.64581298828125,0.0
-75.58333333,-20.56666667,30.0,2014-02-14 23:00:00+00:00,-145.5,-19.29,POINT (-20.56666667 -75.58333333),260.9375,1.8278757352163666e-06
-75.58333333,-20.56666667,30.0,2014-03-14 23:00:00+00:00,-144.9,-18.99,POINT (-20.56666667 -75.58333333),265.8541564941406,0.0002600153093226254
-75.58333333,-20.56666667,30.0,2014-04-14 22:00:00+00:00,-183.2,-24.04,POINT (-20.56666667 -75.58333333),258.02081298828125,0.0
-75.58333333,-20.56666667,30.0,2014-05-14 22:00:00+00:00,-253.2,-32.28,POINT (-20.56666667 -75.58333333),256.671875,6.600221240660176e-05
-75.58333333,-20.56666667,30.0,2014-06-14 22:00:00+00:00,-225.7,-28.92,POINT (-20.56666667 -75.58333333),244.1979217529297,0.0
-75.58333333,-20.56666667,30.0,2014-07-14 22:00:00+00:00,-239.2,-30.7,POINT (-20.56666667 -75.58333333),256.453125,0.0007304350147023797
-75.58333333,-20.56666667,30.0,2014-08-14 22:00:00+00:00,-233.5,-30.12,POINT (-20.56666667 -75.58333333),236.5,0.0
-75.58333333,-20.56666667,30.0,2014-09-14 22:00:00+00:00,-197.8,-25.52,POINT (-20.56666667 -75.58333333),249.44271850585938,2.944469451904297e-05
-75.58333333,-20.56666667,30.0,2014-10-14 22:00:00+00:00,-210.7,-27.41,POINT (-20.56666667 -75.58333333),244.578125,1.9868215872520523e-07
-75.58333333,-20.56666667,30.0,2014-11-14 23:00:00+00:00,-204.7,-26.35,POINT (-20.56666667 -75.58333333),257.4479064941406,0.0
-75.58333333,-20.56666667,30.0,2014-12-14 23:00:00+00:00,-159.0,-20.42,POINT (-20.56666667 -75.58333333),267.94793701171875,9.934107936260261e-08
-75.58333333,-20.56666667,30.0,2015-01-14 23:00:00+00:00,-131.8,-16.74,POINT (-20.56666667 -75.58333333),268.34375,4.291534423828125e-06
-75.58333333,-20.56666667,30.0,2015-02-14 23:00:00+00:00,-147.4,-19.17,POINT (-20.56666667 -75.58333333),265.5,0.0003655155305750668
-75.58333333,-20.56666667,30.0,2015-03-14 23:00:00+00:00,-145.2,-18.93,POINT (-20.56666667 -75.58333333),248.84375,0.0
-75.58333333,-20.56666667,30.0,2015-04-14 22:00:00+00:00,-181.4,-23.43,POINT (-20.56666667 -75.58333333),259.78125,0.00022957722831051797
-75.58333333,-20.56666667,30.0,2015-05-14 22:00:00+00:00,-224.0,-29.11,POINT (-20.56666667 -75.58333333),244.53646850585938,1.1920928955078125e-06
-75.58333333,-20.56666667,30.0,2015-06-14 22:00:00+00:00,-219.0,-28.5,POINT (-20.56666667 -75.58333333),253.81771850585938,0.0
-75.58333333,-20.56666667,30.0,2015-07-14 22:00:00+00:00,-211.9,-27.19,POINT (-20.56666667 -75.58333333),250.7239532470703,3.119309894827893e-06
-75.58333333,-20.56666667,30.0,2015-08-14 22:00:00+00:00,-224.7,-28.48,POINT (-20.56666667 -75.58333333),256.0,0.00019450983381830156
-75.58333333,-20.56666667,30.0,2015-09-14 22:00:00+00:00,-270.2,-34.37,POINT (-20.56666667 -75.58333333),235.0989532470703,1.5894572413799324e-07
-75.58333333,-20.56666667,30.0,2015-10-14 22:00:00+00:00,-183.0,-23.87,POINT (-20.56666667 -75.58333333),245.546875,0.0
-75.58333333,-20.56666667,30.0,2015-11-14 23:00:00+00:00,-164.7,-21.36,POINT (-20.56666667 -75.58333333),267.02081298828125,0.00014189879584591836
-75.58333333,-20.56666667,30.0,2015-12-14 23:00:00+00:00,-134.5,-17.14,POINT (-20.56666667 -75.58333333),263.4166564941406,0.0
-75.58333333,-20.56666667,30.0,2016-01-14 23:00:00+00:00,-111.6,-14.46,POINT (-20.56666667 -75.58333333),267.42706298828125,0.0
-75.58333333,-20.56666667,30.0,2016-02-14 23:00:00+00:00,-101.5,-14.03,POINT (-20.56666667 -75.58333333),270.5104064941406,0.0002146164479199797
-75.58333333,-20.56666667,30.0,2016-03-14 23:00:00+00:00,-161.9,-20.8,POINT (-20.56666667 -75.58333333),262.65625,6.159146437312302e-07
-75.58333333,-20.56666667,30.0,2016-04-14 22:00:00+00:00,-214.8,-27.86,POINT (-20.56666667 -75.58333333),257.65106201171875,0.00012381872511468828
-75.58333333,-20.56666667,30.0,2016-05-14 22:00:00+00:00,-235.2,-30.3,POINT (-20.56666667 -75.58333333),248.56771850585938,0.0
-75.58333333,-20.56666667,30.0,2016-06-14 22:00:00+00:00,-248.0,-31.15,POINT (-20.56666667 -75.58333333),236.46875,0.0
-75.58333333,-20.56666667,30.0,2016-07-14 22:00:00+00:00,-244.3,-31.35,POINT (-20.56666667 -75.58333333),242.4270782470703,5.761781949331635e-07
-75.58333333,-20.56666667,30.0,2016-08-14 22:00:00+00:00,-238.3,-30.36,POINT (-20.56666667 -75.58333333),259.8125,0.0
-75.58333333,-20.56666667,30.0,2016-09-14 22:00:00+00:00,-242.1,-30.65,POINT (-20.56666667 -75.58333333),243.421875,0.0
-75.58333333,-20.56666667,30.0,2016-10-14 22:00:00+00:00,-160.7,-20.72,POINT (-20.56666667 -75.58333333),254.64584350585938,1.6689301673977752e-06
-75.58333333,-20.56666667,30.0,2016-11-14 23:00:00+00:00,-141.4,-17.77,POINT (-20.56666667 -75.58333333),266.91668701171875,0.0
-75.58333333,-20.56666667,30.0,2016-12-14 23:00:00+00:00,-126.5,-16.01,POINT (-20.56666667 -75.58333333),269.02081298828125,3.832578659057617e-05
-75.58333333,-20.56666667,30.0,2017-06-30 22:00:00+00:00,-182.85,-23.607,POINT (-20.56666667 -75.58333333),240.65625,0.0
-75.58333333,-20.56666667,30.0,2017-10-31 23:00:00+00:00,-176.27,-22.543,POINT (-20.56666667 -75.58333333),258.67706298828125,1.3192494407121558e-05
-75.58333333,-20.56666667,30.0,2018-01-14 23:00:00+00:00,-109.2,-14.35,POINT (-20.56666667 -75.58333333),264.9375,0.0
-75.58333333,-20.56666667,30.0,2018-07-31 22:00:00+00:00,-156.73,-20.295,POINT (-20.56666667 -75.58333333),252.6354217529297,5.036592483520508e-05
-75.58333333,-20.56666667,30.0,2018-09-30 22:00:00+00:00,-198.43,-25.414,POINT (-20.56666667 -75.58333333),252.52603149414062,5.960464477539063e-08
-75.58333333,-20.56666667,30.0,2018-10-31 23:00:00+00:00,-131.02,-17.05,POINT (-20.56666667 -75.58333333),259.3958435058594,1.1662641554721631e-05
-75.58333333,-20.56666667,30.0,2018-12-14 23:00:00+00:00,-124.5,-16.27,POINT (-20.56666667 -75.58333333),266.52081298828125,0.0
-75.58333333,-20.56666667,30.0,2018-12-19 23:00:00+00:00,-124.52,-16.265,POINT (-20.56666667 -75.58333333),273.61456298828125,0.0005801518564112484
-75.58333333,-20.56666667,30.0,2019-01-14 23:00:00+00:00,-107.28,-14.613,POINT (-20.56666667 -75.58333333),265.0208435058594,0.0
-75.58333333,-20.56666667,30.0,2019-02-02 23:00:00+00:00,-162.05,-20.91,POINT (-20.56666667 -75.58333333),266.04168701171875,8.205573067243677e-06
-75.58333333,-20.56666667,30.0,2019-02-14 23:00:00+00:00,-162.1,-20.91,POINT (-20.56666667 -75.58333333),263.375,0.0
-75.58333333,-20.56666667,30.0,2019-12-30 23:00:00+00:00,-222.27,-28.398,POINT (-20.56666667 -75.58333333),267.6875,3.973643103449831e-08
-75.58333333,-20.56666667,30.0,2020-01-14 23:00:00+00:00,-122.4,-15.24,POINT (-20.56666667 -75.58333333),267.26043701171875,0.0
-75.58333333,-20.56666667,30.0,2020-01-31 23:00:00+00:00,-122.4,-15.243,POINT (-20.56666667 -75.58333333),266.53125,4.208087921142578e-05
-75.58333333,-20.56666667,30.0,2020-07-14 22:00:00+00:00,-216.5,-27.65,POINT (-20.56666667 -75.58333333),244.5,0.0
-75.58333333,-20.56666667,30.0,2020-12-30 23:00:00+00:00,-216.48,-27.645,POINT (-20.56666667 -75.58333333),264.75,3.774960930513771e-07
-75.58333333,-20.56666667,30.0,2021-11-30 23:00:00+00:00,-189.99,-24.331,POINT (-20.56666667 -75.58333333),265.6145935058594,0.0
-75.58333333,-20.56666667,30.0,2021-12-22 23:00:00+00:00,-147.62,-18.461,POINT (-20.56666667 -75.58333333),270.22918701171875,0.00023214022803585976
-75.58333333,-20.56666667,30.0,2021-12-28 23:00:00+00:00,-124.24,-15.928,POINT (-20.56666667 -75.58333333),262.45831298828125,1.7881393432617188e-07
-75.58333333,-20.56666667,30.0,2022-01-09 23:00:00+00:00,-101.43,-13.642,POINT (-20.56666667 -75.58333333),267.38543701171875,2.5331974029541016e-05
-75.58333333,-20.56666667,30.0,2022-02-02 23:00:00+00:00,-86.71,-12.318,POINT (-20.56666667 -75.58333333),268.0416564941406,0.00012987852096557617
-75.58,-20.57,30.0,1999-12-31 23:00:00+00:00,-156.4,-20.75,POINT (-20.57 -75.58),270.13543701171875,0.00034072002745233476
-65.25,-64.27,10.0,1999-12-31 23:00:00+00:00,-81.7,-10.42,POINT (-64.27 -65.25),271.96875,1.2000402421108447e-05
-65.07944444,-63.9775,20.0,1965-10-14 22:00:00+00:00,-69.3,-10.6,POINT (-63.9775 -65.07944444),271.42706298828125,0.0004387895460240543
-65.07944444,-63.9775,20.0,1966-01-14 23:00:00+00:00,-58.7,-7.0,POINT (-63.9775 -65.07944444),272.63543701171875,1.1801719665527344e-05
-65.07944444,-63.9775,20.0,1966-02-14 23:00:00+00:00,-65.3,-8.4,POINT (-63.9775 -65.07944444),273.5729064941406,3.1570591090712696e-05
-65.07944444,-63.9775,20.0,1966-03-14 23:00:00+00:00,-56.5,-7.3,POINT (-63.9775 -65.07944444),270.54168701171875,0.00020007291459478438
-65.07944444,-63.9775,20.0,1966-04-14 22:00:00+00:00,-62.6,-6.6,POINT (-63.9775 -65.07944444),262.7916564941406,8.797646296443418e-05
-65.07944444,-63.9775,20.0,1966-05-14 22:00:00+00:00,-51.8,-5.2,POINT (-63.9775 -65.07944444),261.7083435058594,1.7086664456655853e-06
-65.07944444,-63.9775,20.0,1966-06-14 22:00:00+00:00,-88.4,-10.4,POINT (-63.9775 -65.07944444),264.6458435058594,0.00023003420210443437
-65.07944444,-63.9775,20.0,1966-08-14 22:00:00+00:00,-98.9,-13.0,POINT (-63.9775 -65.07944444),264.47918701171875,0.0006665388937108219
-65.07944444,-63.9775,20.0,1966-09-14 22:00:00+00:00,-95.8,-12.8,POINT (-63.9775 -65.07944444),255.71353149414062,1.1940797776333056e-05
-65.07944444,-63.9775,20.0,1966-10-14 22:00:00+00:00,-79.8,-10.8,POINT (-63.9775 -65.07944444),265.75,2.4845201551215723e-05
-65.07944444,-63.9775,20.0,1966-11-14 23:00:00+00:00,-86.4,-10.3,POINT (-63.9775 -65.07944444),268.51043701171875,2.8073787689208984e-05
-65.07944444,-63.9775,20.0,1966-12-14 23:00:00+00:00,-79.8,-10.7,POINT (-63.9775 -65.07944444),271.55206298828125,2.5351842850795947e-05
-65.07944444,-63.9775,20.0,1967-01-14 23:00:00+00:00,-121.4,-15.5,POINT (-63.9775 -65.07944444),272.02081298828125,5.960464477539062e-07
-65.07944444,-63.9775,20.0,1967-02-14 23:00:00+00:00,-63.3,-8.2,POINT (-63.9775 -65.07944444),271.39581298828125,0.00017535686492919922
-65.07944444,-63.9775,20.0,1967-04-14 22:00:00+00:00,-75.8,-10.39,POINT (-63.9775 -65.07944444),272.40625,9.071826934814453e-05
-65.07944444,-63.9775,20.0,1967-05-14 22:00:00+00:00,-99.6,-14.88,POINT (-63.9775 -65.07944444),263.9583435058594,2.4080276489257812e-05
-65.07944444,-63.9775,20.0,1967-06-14 22:00:00+00:00,-79.8,-12.26,POINT (-63.9775 -65.07944444),261.34375,0.00014418363571166992
-65.07944444,-63.9775,20.0,1967-07-14 22:00:00+00:00,-91.7,-11.58,POINT (-63.9775 -65.07944444),264.77081298828125,3.653764724731445e-05
-65.07944444,-63.9775,20.0,1967-08-14 22:00:00+00:00,-81.8,-10.75,POINT (-63.9775 -65.07944444),263.0520935058594,4.092852122994373e-06
-65.07944444,-63.9775,20.0,1967-10-14 22:00:00+00:00,-89.0,-12.43,POINT (-63.9775 -65.07944444),268.36456298828125,0.00011191765952389687
-65.07944444,-63.9775,20.0,1967-11-14 23:00:00+00:00,-74.0,-7.88,POINT (-63.9775 -65.07944444),264.6875,8.608897041995078e-05
-65.07944444,-63.9775,20.0,1967-12-14 23:00:00+00:00,-51.8,-4.5,POINT (-63.9775 -65.07944444),272.82293701171875,0.00010432799172122031
-65.07944444,-63.9775,20.0,1969-01-14 23:00:00+00:00,-99.9,-11.02,POINT (-63.9775 -65.07944444),273.0520935058594,2.5828680350059585e-07
-65.07944444,-63.9775,20.0,1969-02-14 23:00:00+00:00,-63.7,-7.56,POINT (-63.9775 -65.07944444),272.69793701171875,1.4901161193847656e-07
-65.07944444,-63.9775,20.0,1969-03-14 23:00:00+00:00,-86.1,-11.76,POINT (-63.9775 -65.07944444),268.48956298828125,0.00010987122368533164
-65.07944444,-63.9775,20.0,1969-04-14 22:00:00+00:00,-73.4,-9.66,POINT (-63.9775 -65.07944444),267.65625,1.043081283569336e-05
-65.07944444,-63.9775,20.0,1969-05-14 22:00:00+00:00,-83.1,-11.86,POINT (-63.9775 -65.07944444),268.3020935058594,0.0002326369285583496
-65.07944444,-63.9775,20.0,1969-06-14 22:00:00+00:00,-115.1,-15.0,POINT (-63.9775 -65.07944444),254.55728149414062,1.911322215164546e-05
-65.07944444,-63.9775,20.0,1969-07-14 22:00:00+00:00,-106.7,-14.47,POINT (-63.9775 -65.07944444),263.6666564941406,3.655751470432733e-06
-65.07944444,-63.9775,20.0,1969-08-14 22:00:00+00:00,-107.9,-14.0,POINT (-63.9775 -65.07944444),262.40625,9.775161743164062e-06
-65.07944444,-63.9775,20.0,1969-09-14 22:00:00+00:00,-101.2,-13.35,POINT (-63.9775 -65.07944444),272.08331298828125,0.0003390113706700504
-65.07944444,-63.9775,20.0,1969-10-14 22:00:00+00:00,-106.7,-13.29,POINT (-63.9775 -65.07944444),268.20831298828125,4.863739013671875e-05
-65.07944444,-63.9775,20.0,1969-11-14 23:00:00+00:00,-69.1,-8.42,POINT (-63.9775 -65.07944444),271.57293701171875,0.00040495392750017345
-65.07944444,-63.9775,20.0,1969-12-14 23:00:00+00:00,-64.9,-7.71,POINT (-63.9775 -65.07944444),272.66668701171875,0.00012778243399225175
-65.07944444,-63.9775,20.0,1970-01-14 23:00:00+00:00,-60.0,-7.29,POINT (-63.9775 -65.07944444),271.375,9.616216630092822e-06
-65.07944444,-63.9775,20.0,1970-02-14 23:00:00+00:00,-96.9,-12.59,POINT (-63.9775 -65.07944444),274.10418701171875,0.0004878441395703703
-65.07944444,-63.9775,20.0,1970-03-14 23:00:00+00:00,-92.2,-11.76,POINT (-63.9775 -65.07944444),272.36456298828125,0.0002200007438659668
-65.07944444,-63.9775,20.0,1970-04-14 22:00:00+00:00,-58.1,-8.22,POINT (-63.9775 -65.07944444),265.0833435058594,2.5232632197003113e-06
-65.07944444,-63.9775,20.0,1970-05-14 22:00:00+00:00,-73.7,-11.29,POINT (-63.9775 -65.07944444),266.8854064941406,1.2834867447963916e-05
-65.07944444,-63.9775,20.0,1970-06-14 22:00:00+00:00,-78.9,-11.19,POINT (-63.9775 -65.07944444),262.86456298828125,3.178914312229608e-06
-65.07944444,-63.9775,20.0,1970-07-14 22:00:00+00:00,-82.5,-11.38,POINT (-63.9775 -65.07944444),271.875,0.00020470222807489336
-65.07944444,-63.9775,20.0,1970-08-14 22:00:00+00:00,-94.4,-13.56,POINT (-63.9775 -65.07944444),258.3125,2.453724664519541e-05
-65.07944444,-63.9775,20.0,1970-09-14 22:00:00+00:00,-47.5,-6.2,POINT (-63.9775 -65.07944444),266.33331298828125,2.171595951949712e-05
-65.07944444,-63.9775,20.0,1970-10-14 22:00:00+00:00,-65.4,-8.59,POINT (-63.9775 -65.07944444),270.71875,0.000230650111916475
-65.07944444,-63.9775,20.0,1970-11-14 23:00:00+00:00,-55.5,-7.09,POINT (-63.9775 -65.07944444),271.4791564941406,2.942482751677744e-05
-65.07944444,-63.9775,20.0,1970-12-14 23:00:00+00:00,-65.0,-8.47,POINT (-63.9775 -65.07944444),271.58331298828125,3.2206375180976465e-05
-65.07944444,-63.9775,20.0,1971-02-14 23:00:00+00:00,-60.9,-7.35,POINT (-63.9775 -65.07944444),272.1770935058594,5.106131538923364e-06
-65.07944444,-63.9775,20.0,1971-03-14 23:00:00+00:00,-81.9,-9.98,POINT (-63.9775 -65.07944444),272.3125,0.0001955628249561414
-65.07944444,-63.9775,20.0,1971-04-14 22:00:00+00:00,-76.9,-9.02,POINT (-63.9775 -65.07944444),271.34375,0.0001933276653289795
-65.07944444,-63.9775,20.0,1971-05-14 22:00:00+00:00,-106.9,-13.86,POINT (-63.9775 -65.07944444),267.20831298828125,1.4086564078752417e-05
-65.07944444,-63.9775,20.0,1971-06-14 22:00:00+00:00,-83.6,-10.56,POINT (-63.9775 -65.07944444),266.26043701171875,4.192193500784924e-06
-65.07944444,-63.9775,20.0,1971-07-14 22:00:00+00:00,-73.7,-9.15,POINT (-63.9775 -65.07944444),262.3541564941406,8.630751835880801e-05
-65.07944444,-63.9775,20.0,1971-08-14 22:00:00+00:00,-63.9,-7.81,POINT (-63.9775 -65.07944444),261.9479064941406,2.915660479629878e-05
-65.07944444,-63.9775,20.0,1971-09-14 22:00:00+00:00,-70.1,-8.58,POINT (-63.9775 -65.07944444),264.5104064941406,9.864568710327148e-06
-65.07944444,-63.9775,20.0,1971-10-14 22:00:00+00:00,-77.7,-8.76,POINT (-63.9775 -65.07944444),271.6354064941406,0.0004345377383287996
-65.07944444,-63.9775,20.0,1971-11-14 23:00:00+00:00,-61.0,-6.66,POINT (-63.9775 -65.07944444),273.1145935058594,0.0002091328497044742
-65.07944444,-63.9775,20.0,1971-12-14 23:00:00+00:00,-38.6,-3.13,POINT (-63.9775 -65.07944444),270.9375,5.6624407989147585e-06
-65.07944444,-63.9775,20.0,1972-03-14 23:00:00+00:00,-79.1,-10.43,POINT (-63.9775 -65.07944444),270.9166564941406,7.092953455867246e-05
-65.07944444,-63.9775,20.0,1972-04-14 22:00:00+00:00,-72.6,-9.76,POINT (-63.9775 -65.07944444),268.5520935058594,0.0
-65.07944444,-63.9775,20.0,1972-05-14 22:00:00+00:00,-91.1,-12.21,POINT (-63.9775 -65.07944444),264.61456298828125,1.5497207641601562e-05
-65.07944444,-63.9775,20.0,1972-06-14 22:00:00+00:00,-103.5,-13.86,POINT (-63.9775 -65.07944444),268.97918701171875,1.5914440155029297e-05
-65.07944444,-63.9775,20.0,1972-07-14 22:00:00+00:00,-73.7,-9.85,POINT (-63.9775 -65.07944444),262.15625,2.179543298552744e-05
-65.07944444,-63.9775,20.0,1972-08-14 22:00:00+00:00,-101.9,-14.33,POINT (-63.9775 -65.07944444),271.78125,0.0001072684972314164
-65.07944444,-63.9775,20.0,1972-09-14 22:00:00+00:00,-88.8,-11.2,POINT (-63.9775 -65.07944444),268.07293701171875,0.00023821991635486484
-65.07944444,-63.9775,20.0,1972-10-14 22:00:00+00:00,-140.1,-17.69,POINT (-63.9775 -65.07944444),273.58331298828125,9.294351184507832e-05
-65.07944444,-63.9775,20.0,1972-11-14 23:00:00+00:00,-86.5,-10.37,POINT (-63.9775 -65.07944444),270.82293701171875,0.0001177390367956832
-65.07944444,-63.9775,20.0,1972-12-14 23:00:00+00:00,-48.9,-7.67,POINT (-63.9775 -65.07944444),273.13543701171875,0.000126967832329683
-65.07944444,-63.9775,20.0,1973-01-14 23:00:00+00:00,-49.4,-6.29,POINT (-63.9775 -65.07944444),272.10418701171875,3.774960930513771e-07
-65.07944444,-63.9775,20.0,1973-02-14 23:00:00+00:00,-80.0,-9.57,POINT (-63.9775 -65.07944444),271.91668701171875,0.00015137593436520547
-65.07944444,-63.9775,20.0,1973-03-14 23:00:00+00:00,-88.3,-11.32,POINT (-63.9775 -65.07944444),269.34375,9.183089423459023e-05
-65.07944444,-63.9775,20.0,1973-04-14 22:00:00+00:00,-89.5,-11.94,POINT (-63.9775 -65.07944444),269.72918701171875,1.768271090440976e-06
-65.07944444,-63.9775,20.0,1973-05-14 22:00:00+00:00,-127.3,-16.29,POINT (-63.9775 -65.07944444),267.34375,4.5498210965888575e-05
-65.07944444,-63.9775,20.0,1973-06-14 22:00:00+00:00,-91.6,-12.02,POINT (-63.9775 -65.07944444),262.6041564941406,9.993712410505395e-06
-65.07944444,-63.9775,20.0,1973-07-14 22:00:00+00:00,-84.7,-11.35,POINT (-63.9775 -65.07944444),261.70831298828125,0.00010824202763615176
-65.07944444,-63.9775,20.0,1973-08-14 22:00:00+00:00,-82.4,-10.08,POINT (-63.9775 -65.07944444),269.88543701171875,0.0003274679183959961
-65.07944444,-63.9775,20.0,1973-09-14 22:00:00+00:00,-102.8,-12.34,POINT (-63.9775 -65.07944444),259.80206298828125,1.7364820450893603e-05
-65.07944444,-63.9775,20.0,1973-10-14 22:00:00+00:00,-72.2,-9.3,POINT (-63.9775 -65.07944444),270.41668701171875,0.000397006660932675
-65.07944444,-63.9775,20.0,1973-11-14 23:00:00+00:00,-86.3,-10.27,POINT (-63.9775 -65.07944444),273.5,0.00047612193156965077
-65.07944444,-63.9775,20.0,1973-12-14 23:00:00+00:00,-90.7,-11.37,POINT (-63.9775 -65.07944444),272.08331298828125,1.351038554275874e-05
-65.07944444,-63.9775,20.0,1974-01-14 23:00:00+00:00,-61.2,-4.33,POINT (-63.9775 -65.07944444),273.40625,1.583496850798838e-05
-65.07944444,-63.9775,20.0,1974-02-14 23:00:00+00:00,-46.9,-5.42,POINT (-63.9775 -65.07944444),274.39581298828125,8.797644841251895e-05
-65.07944444,-63.9775,20.0,1974-03-14 23:00:00+00:00,-78.1,-8.45,POINT (-63.9775 -65.07944444),272.7604064941406,1.1920928955078125e-07
-65.07944444,-63.9775,20.0,1974-04-14 22:00:00+00:00,-146.2,-18.0,POINT (-63.9775 -65.07944444),270.3125,2.6206176698906347e-05
-65.07944444,-63.9775,20.0,1974-05-14 22:00:00+00:00,-47.8,-6.38,POINT (-63.9775 -65.07944444),267.5,0.00012302398681640625
-65.07944444,-63.9775,20.0,1974-06-14 22:00:00+00:00,-86.8,-11.64,POINT (-63.9775 -65.07944444),269.34375,6.159146778372815e-06
-65.07944444,-63.9775,20.0,1974-07-14 22:00:00+00:00,-77.7,-9.88,POINT (-63.9775 -65.07944444),265.71875,0.0001922150404425338
-65.07944444,-63.9775,20.0,1974-08-14 22:00:00+00:00,-80.4,-10.62,POINT (-63.9775 -65.07944444),262.9479064941406,5.284945018502185e-06
-65.07944444,-63.9775,20.0,1974-09-14 22:00:00+00:00,-86.9,-11.33,POINT (-63.9775 -65.07944444),264.28125,5.799531936645508e-05
-65.07944444,-63.9775,20.0,1974-10-14 22:00:00+00:00,-80.3,-9.64,POINT (-63.9775 -65.07944444),267.11456298828125,0.00015153488493524492
-65.07944444,-63.9775,20.0,1974-11-14 23:00:00+00:00,-78.0,-8.69,POINT (-63.9775 -65.07944444),274.3125,2.9355287551879883e-05
-65.07944444,-63.9775,20.0,1974-12-14 23:00:00+00:00,-56.2,-6.67,POINT (-63.9775 -65.07944444),275.17706298828125,7.291635029105237e-06
-65.07944444,-63.9775,20.0,1975-01-14 23:00:00+00:00,-94.3,-10.99,POINT (-63.9775 -65.07944444),272.96875,0.0
-65.07944444,-63.9775,20.0,1975-02-14 23:00:00+00:00,-69.6,-7.62,POINT (-63.9775 -65.07944444),273.44793701171875,3.4173328913311707e-06
-65.07944444,-63.9775,20.0,1975-03-14 23:00:00+00:00,-67.1,-8.34,POINT (-63.9775 -65.07944444),271.0,0.00042160353041253984
-65.07944444,-63.9775,20.0,1975-04-14 22:00:00+00:00,-55.2,-6.59,POINT (-63.9775 -65.07944444),269.0104064941406,0.0001483162195654586
-65.07944444,-63.9775,20.0,1975-05-14 22:00:00+00:00,-79.8,-10.53,POINT (-63.9775 -65.07944444),268.8125,6.182988727232441e-05
-65.07944444,-63.9775,20.0,1975-07-14 22:00:00+00:00,-161.6,-20.51,POINT (-63.9775 -65.07944444),256.5625,1.0768572792585474e-05
-65.07944444,-63.9775,20.0,1975-09-14 22:00:00+00:00,-95.3,-11.73,POINT (-63.9775 -65.07944444),264.27081298828125,3.1451381801161915e-05
-65.07944444,-63.9775,20.0,1975-10-14 22:00:00+00:00,-70.3,-7.45,POINT (-63.9775 -65.07944444),269.5416564941406,0.00038433074951171875
-65.07944444,-63.9775,20.0,1975-11-14 23:00:00+00:00,-105.0,-12.32,POINT (-63.9775 -65.07944444),270.1979064941406,3.9656955777900293e-05
-65.07944444,-63.9775,20.0,1975-12-14 23:00:00+00:00,-108.1,-12.11,POINT (-63.9775 -65.07944444),274.79168701171875,0.0002870758471544832
-65.07944444,-63.9775,20.0,1976-01-14 23:00:00+00:00,-91.0,-12.0,POINT (-63.9775 -65.07944444),273.89581298828125,1.9868215517249155e-08
-65.07944444,-63.9775,20.0,1976-02-14 23:00:00+00:00,-73.2,-8.82,POINT (-63.9775 -65.07944444),273.6458435058594,1.88450012501562e-05
-65.07944444,-63.9775,20.0,1976-03-14 23:00:00+00:00,-64.3,-8.45,POINT (-63.9775 -65.07944444),272.5,5.7439010561211035e-05
-65.07944444,-63.9775,20.0,1976-04-14 22:00:00+00:00,-85.7,-10.87,POINT (-63.9775 -65.07944444),272.0625,0.00025841593742370605
-65.07944444,-63.9775,20.0,1976-05-14 22:00:00+00:00,-118.8,-15.76,POINT (-63.9775 -65.07944444),270.78125,0.00019840398454107344
-65.07944444,-63.9775,20.0,1976-06-14 22:00:00+00:00,-76.3,-10.79,POINT (-63.9775 -65.07944444),272.25,0.00031679868698120117
-65.07944444,-63.9775,20.0,1976-07-14 22:00:00+00:00,-123.6,-16.63,POINT (-63.9775 -65.07944444),259.3541564941406,0.00015189251280389726
-65.07944444,-63.9775,20.0,1976-08-14 22:00:00+00:00,-111.2,-14.73,POINT (-63.9775 -65.07944444),256.3958435058594,2.7835369110107422e-05
-65.07944444,-63.9775,20.0,1976-09-14 22:00:00+00:00,-107.9,-13.78,POINT (-63.9775 -65.07944444),270.09375,0.0002733667497523129
-65.07944444,-63.9775,20.0,1976-10-14 22:00:00+00:00,-76.4,-10.06,POINT (-63.9775 -65.07944444),272.42706298828125,0.0008484125137329102
-65.07944444,-63.9775,20.0,1976-11-14 23:00:00+00:00,-69.9,-8.79,POINT (-63.9775 -65.07944444),271.38543701171875,3.5762786865234375e-07
-65.07944444,-63.9775,20.0,1977-01-14 23:00:00+00:00,-99.2,-12.37,POINT (-63.9775 -65.07944444),275.83331298828125,0.0005547205219045281
-65.07944444,-63.9775,20.0,1977-02-14 23:00:00+00:00,-62.9,-7.61,POINT (-63.9775 -65.07944444),272.73956298828125,0.0005972584476694465
-65.07944444,-63.9775,20.0,1977-03-14 23:00:00+00:00,-56.9,-7.33,POINT (-63.9775 -65.07944444),270.1145935058594,1.2000401511613745e-05
-65.07944444,-63.9775,20.0,1977-06-14 22:00:00+00:00,-97.8,-12.41,POINT (-63.9775 -65.07944444),269.375,2.5987625122070312e-05
-65.07944444,-63.9775,20.0,1977-08-14 22:00:00+00:00,-117.4,-15.34,POINT (-63.9775 -65.07944444),267.8854064941406,0.0002447962760925293
-65.07944444,-63.9775,20.0,1977-09-14 22:00:00+00:00,-117.0,-15.32,POINT (-63.9775 -65.07944444),259.6354064941406,3.592173015931621e-05
-65.07944444,-63.9775,20.0,1977-10-14 22:00:00+00:00,-90.8,-11.17,POINT (-63.9775 -65.07944444),268.14581298828125,0.0006003975868225098
-65.07944444,-63.9775,20.0,1977-11-14 23:00:00+00:00,-88.1,-11.13,POINT (-63.9775 -65.07944444),268.85418701171875,8.046626317081973e-05
-65.07944444,-63.9775,20.0,1977-12-14 23:00:00+00:00,-78.1,-9.87,POINT (-63.9775 -65.07944444),273.51043701171875,0.0002147356717614457
-65.07944444,-63.9775,20.0,1978-01-14 23:00:00+00:00,-58.7,-8.31,POINT (-63.9775 -65.07944444),273.89581298828125,0.0002654393611010164
-65.07944444,-63.9775,20.0,1978-02-14 23:00:00+00:00,-64.3,-8.11,POINT (-63.9775 -65.07944444),272.625,4.1484832763671875e-05
-65.07944444,-63.9775,20.0,1978-03-14 23:00:00+00:00,-72.6,-9.59,POINT (-63.9775 -65.07944444),269.9375,0.00028475126600824296
-65.07944444,-63.9775,20.0,1978-04-14 22:00:00+00:00,-80.2,-10.74,POINT (-63.9775 -65.07944444),268.44793701171875,4.073977470397949e-05
-65.07944444,-63.9775,20.0,1978-05-14 22:00:00+00:00,-85.7,-11.9,POINT (-63.9775 -65.07944444),269.33331298828125,3.3487875043647364e-05
-65.07944444,-63.9775,20.0,1978-06-14 22:00:00+00:00,-73.1,-9.88,POINT (-63.9775 -65.07944444),271.04168701171875,0.0002898573875427246
-65.07944444,-63.9775,20.0,1978-07-14 22:00:00+00:00,-84.9,-11.67,POINT (-63.9775 -65.07944444),258.9270935058594,1.73648186319042e-05
-65.07944444,-63.9775,20.0,1978-08-14 22:00:00+00:00,-103.7,-13.14,POINT (-63.9775 -65.07944444),265.21875,0.0005622704629786313
-65.07944444,-63.9775,20.0,1978-09-14 22:00:00+00:00,-102.5,-14.79,POINT (-63.9775 -65.07944444),266.375,6.337960257951636e-06
-65.07944444,-63.9775,20.0,1978-10-14 22:00:00+00:00,-78.1,-9.99,POINT (-63.9775 -65.07944444),263.35418701171875,3.627936166594736e-05
-65.07944444,-63.9775,20.0,1978-11-14 23:00:00+00:00,-97.9,-13.16,POINT (-63.9775 -65.07944444),272.32293701171875,0.00047385692596435547
-65.07944444,-63.9775,20.0,1978-12-14 23:00:00+00:00,-86.6,-10.95,POINT (-63.9775 -65.07944444),273.08331298828125,1.0331472140023834e-06
-65.07944444,-63.9775,20.0,1979-01-14 23:00:00+00:00,-50.1,-6.62,POINT (-63.9775 -65.07944444),274.5729064941406,0.00018918514251708984
-65.07944444,-63.9775,20.0,1979-02-14 23:00:00+00:00,-71.2,-9.62,POINT (-63.9775 -65.07944444),273.54168701171875,0.0003118316235486418
-65.07944444,-63.9775,20.0,1979-03-14 23:00:00+00:00,-65.6,-8.96,POINT (-63.9775 -65.07944444),272.4375,3.212690353393555e-05
-65.07944444,-63.9775,20.0,1979-04-14 22:00:00+00:00,-83.2,-11.48,POINT (-63.9775 -65.07944444),271.3854064941406,0.00045478343963623047
-65.07944444,-63.9775,20.0,1979-05-14 22:00:00+00:00,-103.1,-13.83,POINT (-63.9775 -65.07944444),270.64581298828125,6.947915244381875e-05
-65.07944444,-63.9775,20.0,1979-06-14 22:00:00+00:00,-95.4,-12.21,POINT (-63.9775 -65.07944444),269.55206298828125,0.000881751358974725
-65.07944444,-63.9775,20.0,1979-07-14 22:00:00+00:00,-82.7,-11.32,POINT (-63.9775 -65.07944444),265.6875,0.00013269980263430625
-65.07944444,-63.9775,20.0,1979-08-14 22:00:00+00:00,-109.6,-14.76,POINT (-63.9775 -65.07944444),257.05731201171875,0.00012282530951779336
-65.07944444,-63.9775,20.0,1979-09-14 22:00:00+00:00,-100.7,-14.6,POINT (-63.9775 -65.07944444),260.38543701171875,0.00013462701463140547
-65.07944444,-63.9775,20.0,1979-10-14 22:00:00+00:00,-112.4,-15.01,POINT (-63.9775 -65.07944444),267.4791564941406,0.0005022883415222168
-65.07944444,-63.9775,20.0,1979-11-14 23:00:00+00:00,-91.9,-12.81,POINT (-63.9775 -65.07944444),268.2916564941406,3.7928421079413965e-05
-65.07944444,-63.9775,20.0,1979-12-14 23:00:00+00:00,-87.3,-11.1,POINT (-63.9775 -65.07944444),271.76043701171875,3.953774921683362e-06
-65.07944444,-63.9775,20.0,1980-01-14 23:00:00+00:00,-82.9,-10.36,POINT (-63.9775 -65.07944444),274.0625,0.00027777752256952226
-65.07944444,-63.9775,20.0,1980-02-14 23:00:00+00:00,-71.3,-8.42,POINT (-63.9775 -65.07944444),272.3541564941406,4.430612079886487e-06
-65.07944444,-63.9775,20.0,1980-03-14 23:00:00+00:00,-97.5,-12.35,POINT (-63.9775 -65.07944444),272.78125,0.00026015439652837813
-65.07944444,-63.9775,20.0,1980-04-14 22:00:00+00:00,-109.9,-14.44,POINT (-63.9775 -65.07944444),264.03125,5.940596565778833e-06
-65.07944444,-63.9775,20.0,1980-05-14 22:00:00+00:00,-104.8,-13.68,POINT (-63.9775 -65.07944444),266.71875,8.189678192138672e-05
-65.07944444,-63.9775,20.0,1980-06-14 22:00:00+00:00,-103.1,-13.61,POINT (-63.9775 -65.07944444),267.07293701171875,0.00014537572860717773
-65.07944444,-63.9775,20.0,1980-07-14 22:00:00+00:00,-104.5,-13.68,POINT (-63.9775 -65.07944444),261.0,0.00022695460938848555
-65.07944444,-63.9775,20.0,1980-08-14 22:00:00+00:00,-126.3,-16.39,POINT (-63.9775 -65.07944444),256.484375,1.5497207641601562e-06
-65.07944444,-63.9775,20.0,1980-09-14 22:00:00+00:00,-100.4,-12.41,POINT (-63.9775 -65.07944444),260.15625,3.816683965851553e-05
-65.07944444,-63.9775,20.0,1980-10-14 22:00:00+00:00,-103.6,-12.86,POINT (-63.9775 -65.07944444),271.21875,0.0003459056024439633
-65.07944444,-63.9775,20.0,1980-11-14 23:00:00+00:00,-156.0,-19.46,POINT (-63.9775 -65.07944444),267.89581298828125,5.452831828733906e-05
-65.07944444,-63.9775,20.0,1980-12-14 23:00:00+00:00,-97.1,-12.19,POINT (-63.9775 -65.07944444),271.9895935058594,1.5576681107631885e-05
-65.07944444,-63.9775,20.0,1982-02-14 23:00:00+00:00,-80.3,-10.16,POINT (-63.9775 -65.07944444),272.2708435058594,0.00010745723557192832
-65.07944444,-63.9775,20.0,1982-03-14 23:00:00+00:00,-63.3,-8.0,POINT (-63.9775 -65.07944444),271.5208435058594,0.0003237525525037199
-65.07944444,-63.9775,20.0,1982-04-14 22:00:00+00:00,-65.1,-8.66,POINT (-63.9775 -65.07944444),268.92706298828125,4.673003786592744e-05
-65.07944444,-63.9775,20.0,1983-01-14 23:00:00+00:00,-89.8,-11.33,POINT (-63.9775 -65.07944444),273.65625,2.791484121189569e-06
-65.07944444,-63.9775,20.0,1983-02-14 23:00:00+00:00,-49.1,-5.24,POINT (-63.9775 -65.07944444),272.23956298828125,0.0005832513561472297
-65.07944444,-63.9775,20.0,1983-03-14 23:00:00+00:00,-111.4,-13.8,POINT (-63.9775 -65.07944444),272.32293701171875,0.00021783509873785079
-65.07944444,-63.9775,20.0,1983-04-14 22:00:00+00:00,-79.0,-9.64,POINT (-63.9775 -65.07944444),269.67706298828125,1.8378099184701568e-06
-65.07944444,-63.9775,20.0,1983-05-14 22:00:00+00:00,-51.7,-6.58,POINT (-63.9775 -65.07944444),271.11456298828125,0.00035206475877203047
-65.07944444,-63.9775,20.0,1983-07-14 22:00:00+00:00,-55.4,-6.23,POINT (-63.9775 -65.07944444),262.8645935058594,1.1523565035531647e-06
-65.07944444,-63.9775,20.0,1983-08-14 22:00:00+00:00,-59.6,-7.23,POINT (-63.9775 -65.07944444),262.375,2.5272369384765625e-05
-65.07944444,-63.9775,20.0,1983-09-14 22:00:00+00:00,-75.6,-9.7,POINT (-63.9775 -65.07944444),266.5520935058594,2.1258990727801574e-06
-65.07944444,-63.9775,20.0,1983-10-14 22:00:00+00:00,-95.0,-11.4,POINT (-63.9775 -65.07944444),268.91668701171875,0.00032432875013910234
-65.07944444,-63.9775,20.0,1983-11-14 23:00:00+00:00,-94.1,-11.17,POINT (-63.9775 -65.07944444),272.0625,0.0006189048290252686
-65.07944444,-63.9775,20.0,1983-12-14 23:00:00+00:00,-49.6,-5.93,POINT (-63.9775 -65.07944444),273.25,0.0005150834913365543
-65.07944444,-63.9775,20.0,1984-01-14 23:00:00+00:00,-119.9,-13.59,POINT (-63.9775 -65.07944444),272.47918701171875,1.2914340175029793e-07
-65.07944444,-63.9775,20.0,1984-02-14 23:00:00+00:00,-68.0,-8.11,POINT (-63.9775 -65.07944444),273.8645935058594,0.00035794576979242265
-65.07944444,-63.9775,20.0,1984-03-14 23:00:00+00:00,-55.9,-7.0,POINT (-63.9775 -65.07944444),272.90625,0.00038262209272943437
-65.07944444,-63.9775,20.0,1984-04-14 22:00:00+00:00,-95.3,-11.99,POINT (-63.9775 -65.07944444),261.0520935058594,1.0530153531362885e-06
-65.07944444,-63.9775,20.0,1984-05-14 22:00:00+00:00,-78.0,-10.34,POINT (-63.9775 -65.07944444),265.30206298828125,2.9901662855991162e-05
-65.07944444,-63.9775,20.0,1984-06-14 22:00:00+00:00,-77.9,-9.54,POINT (-63.9775 -65.07944444),266.63543701171875,4.531940066954121e-05
-65.07944444,-63.9775,20.0,1984-07-14 22:00:00+00:00,-77.4,-10.21,POINT (-63.9775 -65.07944444),265.71875,0.0002865990099962801
-65.07944444,-63.9775,20.0,1984-08-14 22:00:00+00:00,-98.1,-12.34,POINT (-63.9775 -65.07944444),268.04168701171875,0.00035289922379888594
-65.07944444,-63.9775,20.0,1984-09-14 22:00:00+00:00,-54.7,-6.45,POINT (-63.9775 -65.07944444),273.59375,0.0007080137729644775
-65.07944444,-63.9775,20.0,1984-10-14 22:00:00+00:00,-80.2,-10.1,POINT (-63.9775 -65.07944444),262.53125,1.837809759308584e-05
-65.07944444,-63.9775,20.0,1984-11-14 23:00:00+00:00,-58.5,-6.94,POINT (-63.9775 -65.07944444),272.40625,0.0013515949249267578
-65.07944444,-63.9775,20.0,1984-12-14 23:00:00+00:00,-91.7,-10.95,POINT (-63.9775 -65.07944444),273.11456298828125,2.491474151611328e-05
-65.07944444,-63.9775,20.0,1985-01-14 23:00:00+00:00,-68.1,-8.14,POINT (-63.9775 -65.07944444),273.2083435058594,2.4437904357910156e-05
-65.07944444,-63.9775,20.0,1985-02-14 23:00:00+00:00,-61.1,-6.86,POINT (-63.9775 -65.07944444),272.78125,0.00020889441657345742
-65.07944444,-63.9775,20.0,1985-03-14 23:00:00+00:00,-36.3,-4.3,POINT (-63.9775 -65.07944444),270.5208435058594,0.0
-65.07944444,-63.9775,20.0,1985-04-14 22:00:00+00:00,-52.7,-6.28,POINT (-63.9775 -65.07944444),273.01043701171875,0.0011537870159372687
-65.07944444,-63.9775,20.0,1985-05-14 22:00:00+00:00,-76.2,-7.12,POINT (-63.9775 -65.07944444),271.79168701171875,0.0001866618695203215
-65.07944444,-63.9775,20.0,1985-06-14 22:00:00+00:00,-71.3,-7.82,POINT (-63.9775 -65.07944444),263.19793701171875,7.68899917602539e-06
-65.07944444,-63.9775,20.0,1985-07-14 22:00:00+00:00,-60.4,-5.91,POINT (-63.9775 -65.07944444),266.84375,9.057919669430703e-05
-65.07944444,-63.9775,20.0,1985-08-14 22:00:00+00:00,-88.9,-9.14,POINT (-63.9775 -65.07944444),269.28125,0.00014090538024902344
-65.07944444,-63.9775,20.0,1985-09-14 22:00:00+00:00,-67.5,-6.53,POINT (-63.9775 -65.07944444),271.23956298828125,0.0009189844131469727
-65.07944444,-63.9775,20.0,1985-10-14 22:00:00+00:00,-46.5,-5.25,POINT (-63.9775 -65.07944444),270.41668701171875,0.0005337397451512516
-65.07944444,-63.9775,20.0,1985-11-14 23:00:00+00:00,-71.0,-8.06,POINT (-63.9775 -65.07944444),272.1041564941406,0.00025540590286254883
-65.07944444,-63.9775,20.0,1985-12-14 23:00:00+00:00,-40.0,-2.32,POINT (-63.9775 -65.07944444),271.1979064941406,5.960464477539063e-08
-65.07944444,-63.9775,20.0,1986-01-14 23:00:00+00:00,-80.5,-9.4,POINT (-63.9775 -65.07944444),271.4375,0.0
-65.07944444,-63.9775,20.0,1986-02-14 23:00:00+00:00,-103.7,-13.04,POINT (-63.9775 -65.07944444),273.36456298828125,0.00019467869424261153
-65.07944444,-63.9775,20.0,1986-03-14 23:00:00+00:00,-81.2,-9.94,POINT (-63.9775 -65.07944444),271.4791564941406,9.153287101071328e-05
-65.07944444,-63.9775,20.0,1986-04-14 22:00:00+00:00,-84.7,-10.72,POINT (-63.9775 -65.07944444),269.46875,0.0001040498391375877
-65.07944444,-63.9775,20.0,1986-05-14 22:00:00+00:00,-64.7,-8.4,POINT (-63.9775 -65.07944444),267.33331298828125,0.00012745459389407188
-65.07944444,-63.9775,20.0,1986-06-14 22:00:00+00:00,-79.7,-11.08,POINT (-63.9775 -65.07944444),269.38543701171875,0.00017589330673217773
-65.07944444,-63.9775,20.0,1986-07-14 22:00:00+00:00,-105.3,-13.67,POINT (-63.9775 -65.07944444),264.4895935058594,1.509984394942876e-05
-65.07944444,-63.9775,20.0,1986-08-14 22:00:00+00:00,-126.3,-14.61,POINT (-63.9775 -65.07944444),256.109375,0.00017243623733520508
-65.07944444,-63.9775,20.0,1986-09-14 22:00:00+00:00,-96.3,-11.66,POINT (-63.9775 -65.07944444),254.890625,1.0251998901367188e-05
-65.07944444,-63.9775,20.0,1986-10-14 22:00:00+00:00,-90.8,-10.3,POINT (-63.9775 -65.07944444),270.9375,0.00014183919120114297
-65.07944444,-63.9775,20.0,1986-11-14 23:00:00+00:00,-83.2,-10.52,POINT (-63.9775 -65.07944444),269.46875,4.3849147914443165e-05
-65.07944444,-63.9775,20.0,1986-12-14 23:00:00+00:00,-87.1,-10.65,POINT (-63.9775 -65.07944444),273.64581298828125,6.675719760096399e-06
-65.07944444,-63.9775,20.0,1987-01-14 23:00:00+00:00,-123.3,-14.94,POINT (-63.9775 -65.07944444),273.02081298828125,7.841984188416973e-05
-65.07944444,-63.9775,20.0,1987-02-14 23:00:00+00:00,-102.1,-12.4,POINT (-63.9775 -65.07944444),273.07293701171875,2.8272470444790088e-05
-65.07944444,-63.9775,20.0,1987-03-14 23:00:00+00:00,-88.3,-10.97,POINT (-63.9775 -65.07944444),271.83331298828125,0.00019568204879760742
-65.07944444,-63.9775,20.0,1987-04-14 22:00:00+00:00,-100.1,-12.6,POINT (-63.9775 -65.07944444),270.5,0.00026400884962640703
-65.07944444,-63.9775,20.0,1987-05-14 22:00:00+00:00,-98.8,-12.02,POINT (-63.9775 -65.07944444),269.0833435058594,3.5961468256573426e-06
-65.07944444,-63.9775,20.0,1987-06-14 22:00:00+00:00,-76.7,-9.2,POINT (-63.9775 -65.07944444),264.57293701171875,2.6285648345947266e-05
-65.07944444,-63.9775,20.0,1987-07-14 22:00:00+00:00,-78.9,-11.48,POINT (-63.9775 -65.07944444),256.828125,0.0006025433540344238
-65.07944444,-63.9775,20.0,1987-08-14 22:00:00+00:00,-77.2,-8.87,POINT (-63.9775 -65.07944444),265.72918701171875,0.00017184019088745117
-65.07944444,-63.9775,20.0,1987-09-14 22:00:00+00:00,-134.3,-16.54,POINT (-63.9775 -65.07944444),261.1875,1.390775139498146e-07
-65.07944444,-63.9775,20.0,1987-10-14 22:00:00+00:00,-86.5,-10.02,POINT (-63.9775 -65.07944444),271.02081298828125,0.0008433858165517449
-65.07944444,-63.9775,20.0,1987-11-14 23:00:00+00:00,-65.5,-6.72,POINT (-63.9775 -65.07944444),271.5,0.0007586280698888004
-65.07944444,-63.9775,20.0,1987-12-14 23:00:00+00:00,-62.2,-7.75,POINT (-63.9775 -65.07944444),272.875,3.516674041748047e-06
-65.07944444,-63.9775,20.0,1988-01-14 23:00:00+00:00,-84.4,-9.29,POINT (-63.9775 -65.07944444),274.01043701171875,6.351868796627969e-05
-65.07944444,-63.9775,20.0,1988-02-14 23:00:00+00:00,-63.8,-7.45,POINT (-63.9775 -65.07944444),274.375,0.0003069440717808902
-65.07944444,-63.9775,20.0,1988-03-14 23:00:00+00:00,-61.7,-7.05,POINT (-63.9775 -65.07944444),273.6979064941406,0.000562946021091193
-65.07944444,-63.9775,20.0,1988-04-14 22:00:00+00:00,-74.3,-8.9,POINT (-63.9775 -65.07944444),270.39581298828125,1.6947586118476465e-05
-65.07944444,-63.9775,20.0,1988-05-14 22:00:00+00:00,-71.1,-9.14,POINT (-63.9775 -65.07944444),268.86456298828125,0.00013816356658935547
-65.07944444,-63.9775,20.0,1988-06-14 22:00:00+00:00,-70.8,-8.54,POINT (-63.9775 -65.07944444),271.66668701171875,0.00020243723702151328
-65.07944444,-63.9775,20.0,1988-07-14 22:00:00+00:00,-84.8,-10.11,POINT (-63.9775 -65.07944444),271.5729064941406,8.002916729310527e-05
-65.07944444,-63.9775,20.0,1988-08-14 22:00:00+00:00,-66.1,-8.92,POINT (-63.9775 -65.07944444),270.6145935058594,0.0005916754598729312
-65.07944444,-63.9775,20.0,1988-09-14 22:00:00+00:00,-98.7,-12.04,POINT (-63.9775 -65.07944444),263.94793701171875,7.967153578647412e-06
-65.07944444,-63.9775,20.0,1988-10-14 22:00:00+00:00,-52.5,-4.79,POINT (-63.9775 -65.07944444),267.53125,7.232029929582495e-06
-65.07944444,-63.9775,20.0,1989-02-14 23:00:00+00:00,-57.3,-7.12,POINT (-63.9775 -65.07944444),274.07293701171875,0.0004648367175832391
-65.07944444,-63.9775,20.0,1989-03-14 23:00:00+00:00,-62.8,-5.97,POINT (-63.9775 -65.07944444),273.17706298828125,0.0009247660636901855
-65.07944444,-63.9775,20.0,1989-04-14 22:00:00+00:00,-78.6,-9.51,POINT (-63.9775 -65.07944444),266.14581298828125,1.9868215517249155e-08
-65.07944444,-63.9775,20.0,1989-05-14 22:00:00+00:00,-59.8,-7.2,POINT (-63.9775 -65.07944444),273.53125,0.0006506641511805356
-65.07944444,-63.9775,20.0,1989-06-14 22:00:00+00:00,-69.9,-8.9,POINT (-63.9775 -65.07944444),272.29168701171875,0.00020041069365106523
-65.07944444,-63.9775,20.0,1989-07-14 22:00:00+00:00,-57.7,-7.58,POINT (-63.9775 -65.07944444),270.0,0.00018618503236211836
-65.07944444,-63.9775,20.0,1989-08-14 22:00:00+00:00,-78.8,-10.08,POINT (-63.9775 -65.07944444),271.20831298828125,0.0001499454228905961
-65.07944444,-63.9775,20.0,1989-09-14 22:00:00+00:00,-75.7,-9.24,POINT (-63.9775 -65.07944444),271.0416564941406,0.0007083812961354852
-65.07944444,-63.9775,20.0,1989-10-14 22:00:00+00:00,-88.6,-10.75,POINT (-63.9775 -65.07944444),270.3229064941406,0.00020070871687494218
-65.07944444,-63.9775,20.0,1989-11-14 23:00:00+00:00,-112.6,-13.29,POINT (-63.9775 -65.07944444),272.7395935058594,3.49879264831543e-05
-65.07944444,-63.9775,20.0,1989-12-14 23:00:00+00:00,-81.5,-8.28,POINT (-63.9775 -65.07944444),272.2291564941406,5.163748937775381e-05
-65.07944444,-63.9775,20.0,1990-01-14 23:00:00+00:00,-93.3,-11.01,POINT (-63.9775 -65.07944444),273.15625,4.569689281197498e-06
-65.07944444,-63.9775,20.0,1990-02-14 23:00:00+00:00,-59.3,-7.3,POINT (-63.9775 -65.07944444),273.89581298828125,0.0003053744731005281
-65.07944444,-63.9775,20.0,1990-03-14 23:00:00+00:00,-58.9,-7.13,POINT (-63.9775 -65.07944444),272.05206298828125,5.344550118024927e-06
-65.07944444,-63.9775,20.0,1990-04-14 22:00:00+00:00,-88.8,-11.96,POINT (-63.9775 -65.07944444),270.91668701171875,0.00011110305786132812
-65.07944444,-63.9775,20.0,1990-05-14 22:00:00+00:00,-79.4,-10.46,POINT (-63.9775 -65.07944444),269.0,1.0013580322265625e-05
-65.07944444,-63.9775,20.0,1990-06-14 22:00:00+00:00,-101.1,-13.37,POINT (-63.9775 -65.07944444),269.92706298828125,3.1193096219794825e-05
-65.07944444,-63.9775,20.0,1990-07-14 22:00:00+00:00,-87.3,-11.0,POINT (-63.9775 -65.07944444),266.8125,2.352396768401377e-05
-65.07944444,-63.9775,20.0,1990-08-14 22:00:00+00:00,-66.2,-8.89,POINT (-63.9775 -65.07944444),266.46875,0.00018845002341549844
-65.07944444,-63.9775,20.0,1990-09-14 22:00:00+00:00,-84.1,-11.47,POINT (-63.9775 -65.07944444),264.2604064941406,0.00028316181851550937
-65.07944444,-63.9775,20.0,1990-10-14 22:00:00+00:00,-97.7,-12.2,POINT (-63.9775 -65.07944444),263.27081298828125,1.539786535431631e-05
-65.07944444,-63.9775,20.0,1990-11-14 23:00:00+00:00,-76.5,-9.55,POINT (-63.9775 -65.07944444),272.96875,0.00047292312956415117
-65.07944444,-63.9775,20.0,1990-12-14 23:00:00+00:00,-78.1,-8.96,POINT (-63.9775 -65.07944444),272.04168701171875,5.0127506256103516e-05
-65.07944444,-63.9775,20.0,1991-01-14 23:00:00+00:00,-64.3,-7.96,POINT (-63.9775 -65.07944444),273.38543701171875,6.745259452145547e-05
-65.07944444,-63.9775,20.0,1991-02-14 23:00:00+00:00,-45.6,-5.96,POINT (-63.9775 -65.07944444),274.03125,0.0005964438314549625
-65.07944444,-63.9775,20.0,1991-03-14 23:00:00+00:00,-52.8,-6.65,POINT (-63.9775 -65.07944444),270.7916564941406,0.00020690758537966758
-65.07944444,-63.9775,20.0,1991-04-14 22:00:00+00:00,-79.8,-9.94,POINT (-63.9775 -65.07944444),269.2916564941406,7.38700182409957e-05
-65.07944444,-63.9775,20.0,1991-05-14 22:00:00+00:00,-83.0,-11.29,POINT (-63.9775 -65.07944444),269.7916564941406,4.335244739195332e-05
-65.07944444,-63.9775,20.0,1991-06-14 22:00:00+00:00,-99.6,-13.42,POINT (-63.9775 -65.07944444),259.5104064941406,1.0132789611816406e-06
-65.07944444,-63.9775,20.0,1991-07-14 22:00:00+00:00,-95.2,-12.68,POINT (-63.9775 -65.07944444),264.58331298828125,1.990795135498047e-05
-65.07944444,-63.9775,20.0,1991-08-14 22:00:00+00:00,-96.1,-12.39,POINT (-63.9775 -65.07944444),266.04168701171875,5.1021575927734375e-05
-65.07944444,-63.9775,20.0,1991-09-14 22:00:00+00:00,-102.5,-13.6,POINT (-63.9775 -65.07944444),270.1979064941406,0.0006353458156809211
-65.07944444,-63.9775,20.0,1991-10-14 22:00:00+00:00,-104.0,-12.93,POINT (-63.9775 -65.07944444),268.1770935058594,0.00016377371503040195
-65.07944444,-63.9775,20.0,1991-11-14 23:00:00+00:00,-71.2,-9.11,POINT (-63.9775 -65.07944444),269.65625,0.00032214325619861484
-65.07944444,-63.9775,20.0,1992-01-14 23:00:00+00:00,-78.5,-9.08,POINT (-63.9775 -65.07944444),272.90625,0.0002192258689319715
-65.07944444,-63.9775,20.0,1992-02-14 23:00:00+00:00,-74.7,-7.92,POINT (-63.9775 -65.07944444),269.4791564941406,9.139378676081833e-07
-65.07944444,-63.9775,20.0,1992-05-14 22:00:00+00:00,-94.6,-12.45,POINT (-63.9775 -65.07944444),271.8541564941406,0.0003491242532618344
-65.07944444,-63.9775,20.0,1992-06-14 22:00:00+00:00,-120.1,-15.62,POINT (-63.9775 -65.07944444),267.125,4.490216451813467e-05
-65.07944444,-63.9775,20.0,1992-07-14 22:00:00+00:00,-101.3,-12.52,POINT (-63.9775 -65.07944444),259.58331298828125,0.0001526673586340621
-65.07944444,-63.9775,20.0,1992-08-14 22:00:00+00:00,-54.9,-6.65,POINT (-63.9775 -65.07944444),273.08331298828125,0.00038733085966669023
-65.07944444,-63.9775,20.0,1992-09-14 22:00:00+00:00,-84.8,-10.89,POINT (-63.9775 -65.07944444),264.58331298828125,4.559755325317383e-05
-65.07944444,-63.9775,20.0,1992-10-14 22:00:00+00:00,-148.2,-18.33,POINT (-63.9775 -65.07944444),269.0729064941406,3.973643103449831e-08
-65.07944444,-63.9775,20.0,1992-11-14 23:00:00+00:00,-55.6,-6.77,POINT (-63.9775 -65.07944444),272.92706298828125,0.0008016625652089715
-65.07944444,-63.9775,20.0,1992-12-14 23:00:00+00:00,-60.1,-6.55,POINT (-63.9775 -65.07944444),273.11456298828125,0.0001111427991418168
-65.07944444,-63.9775,20.0,1993-01-14 23:00:00+00:00,-111.4,-13.51,POINT (-63.9775 -65.07944444),273.69793701171875,2.781549937935779e-06
-65.07944444,-63.9775,20.0,1993-02-14 23:00:00+00:00,-71.2,-7.87,POINT (-63.9775 -65.07944444),274.0729064941406,0.00015409788466058671
-65.07944444,-63.9775,20.0,1993-03-14 23:00:00+00:00,-62.2,-8.01,POINT (-63.9775 -65.07944444),271.61456298828125,0.00013587871217168868
-65.07944444,-63.9775,20.0,1993-04-14 22:00:00+00:00,-79.3,-10.01,POINT (-63.9775 -65.07944444),270.6770935058594,3.7610530853271484e-05
-65.07944444,-63.9775,20.0,1993-05-14 22:00:00+00:00,-97.1,-12.93,POINT (-63.9775 -65.07944444),268.6041564941406,7.263819134095684e-05
-65.07944444,-63.9775,20.0,1993-06-14 22:00:00+00:00,-94.9,-12.59,POINT (-63.9775 -65.07944444),271.25,0.00033018988324329257
-65.07944444,-63.9775,20.0,1993-07-14 22:00:00+00:00,-78.2,-10.45,POINT (-63.9775 -65.07944444),271.125,0.0009668270940892398
-65.07944444,-63.9775,20.0,1993-08-14 22:00:00+00:00,-83.0,-11.41,POINT (-63.9775 -65.07944444),271.34375,0.0005142688751220703
-65.07944444,-63.9775,20.0,1993-09-14 22:00:00+00:00,-133.9,-17.13,POINT (-63.9775 -65.07944444),265.1770935058594,1.0132789611816406e-06
-65.07944444,-63.9775,20.0,1993-10-14 22:00:00+00:00,-90.0,-12.29,POINT (-63.9775 -65.07944444),266.875,7.457534229615703e-05
-65.07944444,-63.9775,20.0,1993-11-14 23:00:00+00:00,-72.3,-8.97,POINT (-63.9775 -65.07944444),270.23956298828125,0.00037507215165533125
-65.07944444,-63.9775,20.0,1993-12-14 23:00:00+00:00,-66.1,-7.23,POINT (-63.9775 -65.07944444),272.58331298828125,1.3530254364013672e-05
-65.07944444,-63.9775,20.0,1994-01-14 23:00:00+00:00,-83.5,-9.42,POINT (-63.9775 -65.07944444),273.90625,0.00030996400164440274
-65.07944444,-63.9775,20.0,1994-02-14 23:00:00+00:00,-63.1,-7.06,POINT (-63.9775 -65.07944444),274.46875,0.0005228916998021305
-65.07944444,-63.9775,20.0,1994-03-14 23:00:00+00:00,-72.7,-8.96,POINT (-63.9775 -65.07944444),272.65625,0.0004937450285069644
-65.07944444,-63.9775,20.0,1994-04-14 22:00:00+00:00,-94.5,-11.55,POINT (-63.9775 -65.07944444),271.05206298828125,4.967054110238678e-07
-65.07944444,-63.9775,20.0,1994-05-14 22:00:00+00:00,-61.3,-5.79,POINT (-63.9775 -65.07944444),268.4375,1.390775139498146e-07
-65.07944444,-63.9775,20.0,1994-06-14 22:00:00+00:00,-107.2,-13.0,POINT (-63.9775 -65.07944444),267.125,1.160303690994624e-05
-65.07944444,-63.9775,20.0,1994-07-14 22:00:00+00:00,-93.3,-13.69,POINT (-63.9775 -65.07944444),257.484375,8.491675544064492e-05
-65.07944444,-63.9775,20.0,1994-08-14 22:00:00+00:00,-113.1,-14.07,POINT (-63.9775 -65.07944444),269.90625,0.0009047190542332828
-65.07944444,-63.9775,20.0,1994-09-14 22:00:00+00:00,-81.4,-9.79,POINT (-63.9775 -65.07944444),264.2395935058594,3.478924190858379e-05
-65.07944444,-63.9775,20.0,1994-10-14 22:00:00+00:00,-114.4,-13.54,POINT (-63.9775 -65.07944444),267.9270935058594,0.00034149488783441484
-65.07944444,-63.9775,20.0,1994-11-14 23:00:00+00:00,-88.6,-9.85,POINT (-63.9775 -65.07944444),272.625,1.5894572413799324e-07
-65.07944444,-63.9775,20.0,1994-12-14 23:00:00+00:00,-65.9,-7.3,POINT (-63.9775 -65.07944444),273.5208435058594,0.0005995830288156867
-65.07944444,-63.9775,20.0,1995-01-14 23:00:00+00:00,-55.0,-6.05,POINT (-63.9775 -65.07944444),273.6875,0.00021487475896719843
-65.07944444,-63.9775,20.0,1995-02-14 23:00:00+00:00,-54.4,-6.37,POINT (-63.9775 -65.07944444),273.2916564941406,0.00020645061158575118
-65.07944444,-63.9775,20.0,1995-03-14 23:00:00+00:00,-88.3,-10.65,POINT (-63.9775 -65.07944444),273.28125,0.0004537304339464754
-65.07944444,-63.9775,20.0,1995-04-14 22:00:00+00:00,-78.1,-9.62,POINT (-63.9775 -65.07944444),269.54168701171875,6.939967715879902e-05
-65.07944444,-63.9775,20.0,1995-05-14 22:00:00+00:00,-78.3,-9.11,POINT (-63.9775 -65.07944444),267.9791564941406,7.1724257395544555e-06
-65.07944444,-63.9775,20.0,1995-06-14 22:00:00+00:00,-115.4,-15.16,POINT (-63.9775 -65.07944444),266.78125,0.0
-65.07944444,-63.9775,20.0,1995-07-14 22:00:00+00:00,-123.1,-15.02,POINT (-63.9775 -65.07944444),263.11456298828125,0.00017110505723394454
-65.07944444,-63.9775,20.0,1995-08-14 22:00:00+00:00,-112.2,-14.47,POINT (-63.9775 -65.07944444),262.40625,0.0001066724507836625
-65.07944444,-63.9775,20.0,1995-09-14 22:00:00+00:00,-77.1,-9.9,POINT (-63.9775 -65.07944444),263.08331298828125,6.641944492002949e-05
-65.07944444,-63.9775,20.0,1995-10-14 22:00:00+00:00,-86.4,-10.54,POINT (-63.9775 -65.07944444),265.4166564941406,0.0
-65.07944444,-63.9775,20.0,1995-12-14 23:00:00+00:00,-71.8,-7.81,POINT (-63.9775 -65.07944444),272.21875,0.00010738770652096719
-65.07944444,-63.9775,20.0,1996-01-14 23:00:00+00:00,-78.0,-8.83,POINT (-63.9775 -65.07944444),272.05206298828125,8.781750693742651e-06
-65.07944444,-63.9775,20.0,1996-02-14 23:00:00+00:00,-77.8,-9.74,POINT (-63.9775 -65.07944444),273.54168701171875,3.103415292571299e-05
-65.07944444,-63.9775,20.0,1996-03-14 23:00:00+00:00,-62.7,-7.6,POINT (-63.9775 -65.07944444),272.8020935058594,1.0331471003155457e-06
-65.07944444,-63.9775,20.0,1996-04-14 22:00:00+00:00,-68.9,-8.45,POINT (-63.9775 -65.07944444),271.69793701171875,2.7120113372802734e-05
-65.07944444,-63.9775,20.0,1996-05-14 22:00:00+00:00,-82.2,-10.4,POINT (-63.9775 -65.07944444),270.1145935058594,7.021427154541016e-05
-65.07944444,-63.9775,20.0,1996-06-14 22:00:00+00:00,-116.6,-15.1,POINT (-63.9775 -65.07944444),265.57293701171875,1.9570192307583056e-05
-65.07944444,-63.9775,20.0,1996-07-14 22:00:00+00:00,-93.7,-12.17,POINT (-63.9775 -65.07944444),270.9895935058594,0.0009284615516662598
-65.07944444,-63.9775,20.0,1996-08-14 22:00:00+00:00,-93.5,-11.98,POINT (-63.9775 -65.07944444),267.63543701171875,0.00019685426377691329
-65.07944444,-63.9775,20.0,1996-09-14 22:00:00+00:00,-90.5,-11.45,POINT (-63.9775 -65.07944444),267.73956298828125,0.00020523865532595664
-65.07944444,-63.9775,20.0,1996-10-14 22:00:00+00:00,-58.7,-7.21,POINT (-63.9775 -65.07944444),262.15625,2.2848448679724243e-06
-65.07944444,-63.9775,20.0,1996-11-14 23:00:00+00:00,-74.5,-9.12,POINT (-63.9775 -65.07944444),266.65625,8.819500362733379e-05
-65.07944444,-63.9775,20.0,1996-12-14 23:00:00+00:00,-86.7,-9.97,POINT (-63.9775 -65.07944444),272.65625,0.0004756053094752133
-65.07944444,-63.9775,20.0,1997-01-14 23:00:00+00:00,-50.1,-5.13,POINT (-63.9775 -65.07944444),275.59375,3.45905646099709e-05
-65.07944444,-63.9775,20.0,1997-02-14 23:00:00+00:00,-72.6,-8.61,POINT (-63.9775 -65.07944444),274.8854064941406,9.848674380918965e-05
-65.07944444,-63.9775,20.0,1997-03-14 23:00:00+00:00,-73.5,-9.57,POINT (-63.9775 -65.07944444),272.59375,0.0001168648450402543
-65.07944444,-63.9775,20.0,1997-04-14 22:00:00+00:00,-86.0,-10.86,POINT (-63.9775 -65.07944444),272.1875,0.0005389650468714535
-65.07944444,-63.9775,20.0,1997-05-14 22:00:00+00:00,-87.0,-10.96,POINT (-63.9775 -65.07944444),271.21875,0.0004152655601501465
-65.07944444,-63.9775,20.0,1997-06-14 22:00:00+00:00,-90.7,-11.81,POINT (-63.9775 -65.07944444),270.96875,0.00018380084657110274
-65.07944444,-63.9775,20.0,1997-07-14 22:00:00+00:00,-108.5,-14.53,POINT (-63.9775 -65.07944444),265.125,0.000312527030473575
-65.07944444,-63.9775,20.0,1997-08-14 22:00:00+00:00,-113.3,-14.64,POINT (-63.9775 -65.07944444),267.8541564941406,0.0002866983413696289
-65.07944444,-63.9775,20.0,1997-09-14 22:00:00+00:00,-99.7,-12.69,POINT (-63.9775 -65.07944444),260.0625,0.00041937828063964844
-65.07944444,-63.9775,20.0,1997-10-14 22:00:00+00:00,-76.0,-9.3,POINT (-63.9775 -65.07944444),264.35418701171875,8.672475814819336e-05
-65.07944444,-63.9775,20.0,1997-11-14 23:00:00+00:00,-115.0,-13.85,POINT (-63.9775 -65.07944444),267.48956298828125,0.0
-65.07944444,-63.9775,20.0,1997-12-14 23:00:00+00:00,-45.3,-3.59,POINT (-63.9775 -65.07944444),272.8125,0.0001929601130541414
-65.07944444,-63.9775,20.0,1998-01-14 23:00:00+00:00,-87.4,-10.42,POINT (-63.9775 -65.07944444),277.1979064941406,0.0001869400148279965
-65.07944444,-63.9775,20.0,1998-02-14 23:00:00+00:00,-64.8,-8.48,POINT (-63.9775 -65.07944444),273.4583435058594,7.764498150208965e-05
-65.07944444,-63.9775,20.0,1998-03-14 23:00:00+00:00,-86.1,-10.88,POINT (-63.9775 -65.07944444),274.67706298828125,0.0008978446712717414
-65.07944444,-63.9775,20.0,1998-04-14 22:00:00+00:00,-64.4,-8.09,POINT (-63.9775 -65.07944444),271.65625,0.0002757509355433285
-65.07944444,-63.9775,20.0,1998-05-14 22:00:00+00:00,-79.5,-10.09,POINT (-63.9775 -65.07944444),272.86456298828125,0.0010407170047983527
-65.07944444,-63.9775,20.0,1998-06-14 22:00:00+00:00,-92.5,-11.59,POINT (-63.9775 -65.07944444),270.375,0.0001937548368005082
-65.07944444,-63.9775,20.0,1998-07-14 22:00:00+00:00,-94.1,-12.19,POINT (-63.9775 -65.07944444),269.91668701171875,0.0002522667346056551
-65.07944444,-63.9775,20.0,1998-08-14 22:00:00+00:00,-80.6,-10.07,POINT (-63.9775 -65.07944444),266.0,1.6391279132221825e-05
-65.07944444,-63.9775,20.0,1998-09-14 22:00:00+00:00,-92.4,-11.84,POINT (-63.9775 -65.07944444),256.328125,5.344549663277576e-06
-65.07944444,-63.9775,20.0,1998-10-14 22:00:00+00:00,-70.7,-7.59,POINT (-63.9775 -65.07944444),271.85418701171875,6.175041198730469e-05
-65.07944444,-63.9775,20.0,1998-11-14 23:00:00+00:00,-72.2,-8.14,POINT (-63.9775 -65.07944444),271.1354064941406,0.00025580328656360507
-65.07944444,-63.9775,20.0,1998-12-14 23:00:00+00:00,-57.2,-3.48,POINT (-63.9775 -65.07944444),272.34375,1.160303690994624e-05
-65.07944444,-63.9775,20.0,1999-01-14 23:00:00+00:00,-48.9,-5.05,POINT (-63.9775 -65.07944444),273.4895935058594,0.0013005336513742805
-65.07944444,-63.9775,20.0,1999-02-14 23:00:00+00:00,-60.8,-6.5,POINT (-63.9775 -65.07944444),272.9375,2.6603538572089747e-05
-65.07944444,-63.9775,20.0,1999-03-14 23:00:00+00:00,-73.6,-8.92,POINT (-63.9775 -65.07944444),273.4583435058594,0.0007007519598118961
-65.07944444,-63.9775,20.0,1999-04-14 22:00:00+00:00,-63.8,-7.91,POINT (-63.9775 -65.07944444),270.8229064941406,0.0004918972845189273
-65.07944444,-63.9775,20.0,1999-05-14 22:00:00+00:00,-61.6,-7.89,POINT (-63.9775 -65.07944444),270.125,0.00013802449393551797
-65.07944444,-63.9775,20.0,1999-06-14 22:00:00+00:00,-75.1,-9.89,POINT (-63.9775 -65.07944444),262.82293701171875,0.00015425682067871094
-65.07944444,-63.9775,20.0,1999-07-14 22:00:00+00:00,-77.6,-6.38,POINT (-63.9775 -65.07944444),270.5,0.00038944679545238614
-65.07944444,-63.9775,20.0,1999-08-14 22:00:00+00:00,-97.6,-12.72,POINT (-63.9775 -65.07944444),269.36456298828125,0.0007255077362060547
-65.07944444,-63.9775,20.0,1999-09-14 22:00:00+00:00,-121.1,-14.79,POINT (-63.9775 -65.07944444),269.38543701171875,0.0001357992587145418
-65.07944444,-63.9775,20.0,1999-10-14 22:00:00+00:00,-57.7,-7.05,POINT (-63.9775 -65.07944444),270.33331298828125,0.0006770690088160336
-65.07944444,-63.9775,20.0,1999-11-14 23:00:00+00:00,-50.8,-5.25,POINT (-63.9775 -65.07944444),271.57293701171875,6.872415542602539e-05
-65.07944444,-63.9775,20.0,1999-12-14 23:00:00+00:00,-58.1,-5.86,POINT (-63.9775 -65.07944444),272.5416564941406,0.0002405246050329879
-65.07944444,-63.9775,20.0,2000-01-14 23:00:00+00:00,-46.9,-4.44,POINT (-63.9775 -65.07944444),272.6875,8.559226989746094e-05
-65.07944444,-63.9775,20.0,2000-02-14 23:00:00+00:00,-47.7,-5.52,POINT (-63.9775 -65.07944444),273.10418701171875,0.00036865475703962147
-65.07944444,-63.9775,20.0,2000-03-14 23:00:00+00:00,-53.25,-6.82,POINT (-63.9775 -65.07944444),272.04168701171875,1.8080075960824615e-06
-65.07944444,-63.9775,20.0,2000-04-14 22:00:00+00:00,-67.95,-7.85,POINT (-63.9775 -65.07944444),269.79168701171875,9.040038094099145e-06
-65.07944444,-63.9775,20.0,2000-05-14 22:00:00+00:00,-71.1,-8.9,POINT (-63.9775 -65.07944444),272.23956298828125,0.0006144245271570981
-65.07944444,-63.9775,20.0,2000-06-14 22:00:00+00:00,-63.05,-9.05,POINT (-63.9775 -65.07944444),267.5416564941406,0.00015000501298345625
-65.07944444,-63.9775,20.0,2000-07-14 22:00:00+00:00,-121.5,-16.08,POINT (-63.9775 -65.07944444),270.76043701171875,0.00010689099872251973
-65.07944444,-63.9775,20.0,2000-08-14 22:00:00+00:00,-69.55,-8.96,POINT (-63.9775 -65.07944444),269.5,0.00020740428590215743
-65.07944444,-63.9775,20.0,2000-09-14 22:00:00+00:00,-77.7,-10.76,POINT (-63.9775 -65.07944444),270.10418701171875,0.000521540641784668
-65.07944444,-63.9775,20.0,2000-10-14 22:00:00+00:00,-92.35,-10.47,POINT (-63.9775 -65.07944444),269.65625,0.0002332925796508789
-65.07944444,-63.9775,20.0,2000-11-14 23:00:00+00:00,-28.7,1.88,POINT (-63.9775 -65.07944444),271.46875,0.0002595583500806242
-65.07944444,-63.9775,20.0,2000-12-14 23:00:00+00:00,-24.9,-1.47,POINT (-63.9775 -65.07944444),272.5625,8.344650268554688e-07
-65.07944444,-63.9775,20.0,2001-01-14 23:00:00+00:00,-60.7,-5.6,POINT (-63.9775 -65.07944444),274.08331298828125,0.000192662060726434
-65.07944444,-63.9775,20.0,2001-02-14 23:00:00+00:00,-76.1,-8.06,POINT (-63.9775 -65.07944444),274.73956298828125,5.165736070011917e-07
-65.07944444,-63.9775,20.0,2001-03-14 23:00:00+00:00,-51.3,-5.96,POINT (-63.9775 -65.07944444),274.10418701171875,0.00016401211905758828
-65.07944444,-63.9775,20.0,2001-04-14 22:00:00+00:00,-76.8,-9.91,POINT (-63.9775 -65.07944444),268.88543701171875,1.1841456398542505e-05
-65.07944444,-63.9775,20.0,2001-05-14 22:00:00+00:00,-43.5,-5.04,POINT (-63.9775 -65.07944444),273.0416564941406,0.000312527030473575
-65.07944444,-63.9775,20.0,2001-06-14 22:00:00+00:00,-78.0,-10.26,POINT (-63.9775 -65.07944444),270.40625,0.00010671218478819355
-65.07944444,-63.9775,20.0,2001-07-14 22:00:00+00:00,-69.7,-9.71,POINT (-63.9775 -65.07944444),265.2708435058594,1.722574234008789e-05
-65.07944444,-63.9775,20.0,2001-08-14 22:00:00+00:00,-78.9,-10.77,POINT (-63.9775 -65.07944444),263.9166564941406,0.0006698966026306152
-65.07944444,-63.9775,20.0,2001-09-14 22:00:00+00:00,-88.3,-11.37,POINT (-63.9775 -65.07944444),264.0,1.4801820725551806e-05
-65.07944444,-63.9775,20.0,2001-10-14 22:00:00+00:00,-70.7,-8.59,POINT (-63.9775 -65.07944444),268.98956298828125,0.0002462466654833406
-65.07944444,-63.9775,20.0,2001-11-14 23:00:00+00:00,-69.0,-8.28,POINT (-63.9775 -65.07944444),272.9375,0.0002615054545458406
-65.07944444,-63.9775,20.0,2001-12-14 23:00:00+00:00,-47.6,-3.87,POINT (-63.9775 -65.07944444),273.5625,0.00025665760040283203
-65.07944444,-63.9775,20.0,2004-01-14 23:00:00+00:00,-45.4,-5.12,POINT (-63.9775 -65.07944444),273.10418701171875,0.00020029146980959922
-65.07944444,-63.9775,20.0,2004-02-14 23:00:00+00:00,-48.7,-6.46,POINT (-63.9775 -65.07944444),274.1354064941406,0.0010675787925720215
-65.07944444,-63.9775,20.0,2004-03-14 23:00:00+00:00,-66.2,-8.34,POINT (-63.9775 -65.07944444),273.45831298828125,0.00026504197739996016
-65.07944444,-63.9775,20.0,2004-04-14 22:00:00+00:00,-128.1,-16.62,POINT (-63.9775 -65.07944444),271.3645935058594,8.865197014529258e-05
-65.07944444,-63.9775,20.0,2004-05-14 22:00:00+00:00,-86.2,-11.02,POINT (-63.9775 -65.07944444),270.25,0.0001069307400030084
-65.07944444,-63.9775,20.0,2004-06-14 22:00:00+00:00,-95.1,-12.56,POINT (-63.9775 -65.07944444),267.9166564941406,0.00019826491188723594
-65.07944444,-63.9775,20.0,2004-07-14 22:00:00+00:00,-73.6,-9.79,POINT (-63.9775 -65.07944444),269.28125,9.677807247499004e-05
-65.07944444,-63.9775,20.0,2004-08-14 22:00:00+00:00,-92.1,-13.32,POINT (-63.9775 -65.07944444),262.63543701171875,9.874503120954614e-06
-65.07944444,-63.9775,20.0,2004-09-14 22:00:00+00:00,-114.8,-14.75,POINT (-63.9775 -65.07944444),271.10418701171875,0.0007393359555862844
-65.07944444,-63.9775,20.0,2004-10-14 22:00:00+00:00,-91.6,-11.94,POINT (-63.9775 -65.07944444),271.19793701171875,0.0008334914455190301
-65.07944444,-63.9775,20.0,2004-11-14 23:00:00+00:00,-79.8,-9.62,POINT (-63.9775 -65.07944444),272.4270935058594,0.0005510250921361148
-65.07944444,-63.9775,20.0,2004-12-14 23:00:00+00:00,-84.5,-10.53,POINT (-63.9775 -65.07944444),272.5104064941406,4.529952548182337e-06
-65.07944444,-63.9775,20.0,2005-01-14 23:00:00+00:00,-110.43,-13.07,POINT (-63.9775 -65.07944444),273.4791564941406,1.589457156114804e-06
-65.07944444,-63.9775,20.0,2005-02-14 23:00:00+00:00,-78.98,-9.61,POINT (-63.9775 -65.07944444),273.7916564941406,0.001331110717728734
-65.07944444,-63.9775,20.0,2005-03-14 23:00:00+00:00,-85.72,-10.73,POINT (-63.9775 -65.07944444),269.6875,1.0927517905656714e-05
-65.07944444,-63.9775,20.0,2005-04-14 22:00:00+00:00,-92.52,-11.58,POINT (-63.9775 -65.07944444),270.34375,0.00010019540786743164
-65.07944444,-63.9775,20.0,2005-05-14 22:00:00+00:00,-95.19,-12.31,POINT (-63.9775 -65.07944444),269.15625,2.0444393157958984e-05
-65.07944444,-63.9775,20.0,2005-06-14 22:00:00+00:00,-83.66,-11.44,POINT (-63.9775 -65.07944444),270.1145935058594,0.0004426042432896793
-65.07944444,-63.9775,20.0,2005-07-14 22:00:00+00:00,-112.6,-15.07,POINT (-63.9775 -65.07944444),269.1666564941406,1.4642873793491162e-05
-65.07944444,-63.9775,20.0,2005-08-14 22:00:00+00:00,-75.1,-9.63,POINT (-63.9775 -65.07944444),264.9791564941406,0.0005159875145182014
-65.07944444,-63.9775,20.0,2005-09-14 22:00:00+00:00,-77.72,-9.34,POINT (-63.9775 -65.07944444),271.0104064941406,0.00023035207414068282
-65.07944444,-63.9775,20.0,2005-10-14 22:00:00+00:00,-75.76,-9.24,POINT (-63.9775 -65.07944444),263.63543701171875,4.927317604597192e-06
-65.07944444,-63.9775,20.0,2005-11-14 23:00:00+00:00,-71.26,-8.45,POINT (-63.9775 -65.07944444),271.22918701171875,0.0001197059900732711
-65.07944444,-63.9775,20.0,2005-12-14 23:00:00+00:00,-40.3,-3.42,POINT (-63.9775 -65.07944444),272.32293701171875,0.00023498135851696134
-65.07944444,-63.9775,20.0,2006-01-14 23:00:00+00:00,-39.33,-2.95,POINT (-63.9775 -65.07944444),274.3020935058594,1.0828176527866162e-05
-65.07944444,-63.9775,20.0,2006-02-14 23:00:00+00:00,-48.32,-5.93,POINT (-63.9775 -65.07944444),273.875,8.386373519897461e-05
-65.07944444,-63.9775,20.0,2006-03-14 23:00:00+00:00,-65.27,-7.86,POINT (-63.9775 -65.07944444),273.0104064941406,9.820859122555703e-05
-65.07944444,-63.9775,20.0,2006-04-14 22:00:00+00:00,-76.69,-9.2,POINT (-63.9775 -65.07944444),271.39581298828125,0.0003699262742884457
-65.07944444,-63.9775,20.0,2006-05-14 22:00:00+00:00,-59.38,-7.48,POINT (-63.9775 -65.07944444),270.60418701171875,0.000230769335757941
-65.07944444,-63.9775,20.0,2006-06-14 22:00:00+00:00,-85.25,-11.57,POINT (-63.9775 -65.07944444),267.59375,1.0530154668231262e-06
-65.07944444,-63.9775,20.0,2006-07-14 22:00:00+00:00,-76.06,-10.43,POINT (-63.9775 -65.07944444),263.20831298828125,6.399552512448281e-05
-65.07944444,-63.9775,20.0,2006-08-14 22:00:00+00:00,-89.34,-11.98,POINT (-63.9775 -65.07944444),263.82293701171875,1.0172525435336865e-05
-65.07944444,-63.9775,20.0,2006-09-14 22:00:00+00:00,-84.43,-10.8,POINT (-63.9775 -65.07944444),263.7604064941406,3.039836883544922e-05
-65.07944444,-63.9775,20.0,2006-10-14 22:00:00+00:00,-50.83,-6.29,POINT (-63.9775 -65.07944444),273.0625,0.00026416778564453125
-65.07944444,-63.9775,20.0,2006-11-14 23:00:00+00:00,-92.57,-10.54,POINT (-63.9775 -65.07944444),269.9791564941406,0.00021465618920046836
-65.07944444,-63.9775,20.0,2006-12-14 23:00:00+00:00,-75.64,-8.14,POINT (-63.9775 -65.07944444),273.8125,1.6093254089355469e-06
-65.07944444,-63.9775,20.0,2007-01-14 23:00:00+00:00,-84.36,-10.07,POINT (-63.9775 -65.07944444),273.32293701171875,7.808208465576172e-06
-65.07944444,-63.9775,20.0,2007-02-14 23:00:00+00:00,-86.03,-10.57,POINT (-63.9775 -65.07944444),273.5416564941406,0.00015803177666384727
-65.07944444,-63.9775,20.0,2007-03-14 23:00:00+00:00,-76.98,-8.39,POINT (-63.9775 -65.07944444),266.89581298828125,1.7722446500556543e-05
-65.07944444,-63.9775,20.0,2007-05-14 22:00:00+00:00,-82.69,-10.24,POINT (-63.9775 -65.07944444),272.75,0.00028220811509527266
-65.07944444,-63.9775,20.0,2007-06-14 22:00:00+00:00,-92.82,-12.02,POINT (-63.9775 -65.07944444),267.1979064941406,1.1920928955078125e-05
-65.07944444,-63.9775,20.0,2007-07-14 22:00:00+00:00,-112.8,-15.04,POINT (-63.9775 -65.07944444),258.32293701171875,8.459885430056602e-05
-65.07944444,-63.9775,20.0,2007-08-14 22:00:00+00:00,-75.05,-9.53,POINT (-63.9775 -65.07944444),259.0104064941406,1.9530456484062597e-05
-65.07944444,-63.9775,20.0,2007-09-14 22:00:00+00:00,-92.2,-11.2,POINT (-63.9775 -65.07944444),268.875,0.0002523064613342285
-65.07944444,-63.9775,20.0,2007-10-14 22:00:00+00:00,-97.69,-11.88,POINT (-63.9775 -65.07944444),262.4375,1.3907751053920947e-05
-65.07944444,-63.9775,20.0,2007-11-14 23:00:00+00:00,-100.08,-11.82,POINT (-63.9775 -65.07944444),270.73956298828125,3.9517879486083984e-05
-65.07944444,-63.9775,20.0,2007-12-14 23:00:00+00:00,-86.38,-9.6,POINT (-63.9775 -65.07944444),273.14581298828125,0.0006397366523742676
-65.07944444,-63.9775,20.0,2008-01-14 23:00:00+00:00,-89.09,-10.97,POINT (-63.9775 -65.07944444),273.1875,0.00038236379623413086
-65.07944444,-63.9775,20.0,2008-02-14 23:00:00+00:00,-22.16,-0.28,POINT (-63.9775 -65.07944444),273.05206298828125,0.0001070698126568459
-65.07944444,-63.9775,20.0,2008-03-14 23:00:00+00:00,-40.84,-1.56,POINT (-63.9775 -65.07944444),272.03125,0.00016583998512942344
-65.07944444,-63.9775,20.0,2008-04-14 22:00:00+00:00,-56.5,-5.16,POINT (-63.9775 -65.07944444),268.30206298828125,0.00015670061111450195
-65.07944444,-63.9775,20.0,2008-05-14 22:00:00+00:00,-70.55,-8.88,POINT (-63.9775 -65.07944444),270.38543701171875,8.006891221157275e-06
-65.07944444,-63.9775,20.0,2008-06-14 22:00:00+00:00,-68.97,-8.5,POINT (-63.9775 -65.07944444),268.0,0.00010889768600463867
-65.07944444,-63.9775,20.0,2008-07-14 22:00:00+00:00,-68.64,-7.49,POINT (-63.9775 -65.07944444),268.57293701171875,5.225340828474145e-06
-65.07944444,-63.9775,20.0,2008-08-14 22:00:00+00:00,-87.05,-11.79,POINT (-63.9775 -65.07944444),262.0520935058594,0.00011283159983577207
-65.07944444,-63.9775,20.0,2008-09-14 22:00:00+00:00,-69.58,-8.34,POINT (-63.9775 -65.07944444),271.15625,0.0003511508402880281
-65.07944444,-63.9775,20.0,2008-10-14 22:00:00+00:00,-87.25,-9.91,POINT (-63.9775 -65.07944444),266.89581298828125,3.5166738143743714e-06
-65.07944444,-63.9775,20.0,2008-11-14 23:00:00+00:00,-54.98,-6.43,POINT (-63.9775 -65.07944444),270.5104064941406,7.58965834393166e-05
-65.07944444,-63.9775,20.0,2008-12-14 23:00:00+00:00,-41.79,-4.25,POINT (-63.9775 -65.07944444),272.52081298828125,0.0005164345493540168
-65.07944444,-63.9775,20.0,2010-02-14 23:00:00+00:00,-53.6,-7.04,POINT (-63.9775 -65.07944444),273.375,9.338060635855072e-07
-65.07944444,-63.9775,20.0,2010-03-14 23:00:00+00:00,-77.8,-9.52,POINT (-63.9775 -65.07944444),272.70831298828125,2.8212863981025293e-05
-65.07944444,-63.9775,20.0,2010-04-14 22:00:00+00:00,-89.7,-11.0,POINT (-63.9775 -65.07944444),272.8541564941406,0.00044943889952264726
-65.07944444,-63.9775,20.0,2010-05-14 22:00:00+00:00,-53.3,-6.47,POINT (-63.9775 -65.07944444),269.59375,2.7457872420200147e-05
-65.07944444,-63.9775,20.0,2010-06-14 22:00:00+00:00,-54.6,-7.22,POINT (-63.9775 -65.07944444),269.0208435058594,0.00024370352912228554
-65.07944444,-63.9775,20.0,2010-07-14 22:00:00+00:00,-100.5,-13.03,POINT (-63.9775 -65.07944444),271.30206298828125,0.0005459189414978027
-65.07944444,-63.9775,20.0,2010-08-14 22:00:00+00:00,-91.1,-11.6,POINT (-63.9775 -65.07944444),267.51043701171875,4.812081897398457e-05
-65.07944444,-63.9775,20.0,2010-09-14 22:00:00+00:00,-82.9,-10.12,POINT (-63.9775 -65.07944444),272.10418701171875,0.0003261566162109375
-65.07944444,-63.9775,20.0,2010-10-14 22:00:00+00:00,-68.9,-8.51,POINT (-63.9775 -65.07944444),268.58331298828125,0.00010810295498231426
-65.07944444,-63.9775,20.0,2010-11-14 23:00:00+00:00,-60.7,-7.36,POINT (-63.9775 -65.07944444),272.5625,0.0010260740527883172
-65.07944444,-63.9775,20.0,2011-02-14 23:00:00+00:00,-54.11,-6.28,POINT (-63.9775 -65.07944444),274.33331298828125,0.00046016776468604803
-65.07944444,-63.9775,20.0,2011-03-14 23:00:00+00:00,-70.88,-7.61,POINT (-63.9775 -65.07944444),271.59375,2.8173128157504834e-05
-65.07944444,-63.9775,20.0,2011-04-14 22:00:00+00:00,-51.26,-7.01,POINT (-63.9775 -65.07944444),267.88543701171875,2.8034051865688525e-05
-65.07944444,-63.9775,20.0,2011-05-14 22:00:00+00:00,-97.57,-12.12,POINT (-63.9775 -65.07944444),272.48956298828125,0.0002720952033996582
-65.07944444,-63.9775,20.0,2011-06-14 22:00:00+00:00,-95.97,-12.37,POINT (-63.9775 -65.07944444),266.34375,3.39746452482359e-06
-65.07944444,-63.9775,20.0,2011-07-14 22:00:00+00:00,-123.26,-16.24,POINT (-63.9775 -65.07944444),266.8125,0.00016350547957699746
-65.07944444,-63.9775,20.0,2011-08-14 22:00:00+00:00,-61.28,-9.07,POINT (-63.9775 -65.07944444),259.54168701171875,6.814798325649463e-06
-65.07944444,-63.9775,20.0,2011-09-14 22:00:00+00:00,-89.77,-11.95,POINT (-63.9775 -65.07944444),267.61456298828125,0.00020025172852911055
-65.07944444,-63.9775,20.0,2011-10-14 22:00:00+00:00,-72.98,-9.17,POINT (-63.9775 -65.07944444),264.30206298828125,2.656380456755869e-05
-65.07944444,-63.9775,20.0,2011-11-14 23:00:00+00:00,-111.34,-13.51,POINT (-63.9775 -65.07944444),271.03125,2.656380456755869e-05
-65.07944444,-63.9775,20.0,2011-12-14 23:00:00+00:00,-73.57,-10.02,POINT (-63.9775 -65.07944444),272.88543701171875,0.0004598895611707121
-65.07944444,-63.9775,20.0,2012-01-14 23:00:00+00:00,-72.42,-9.54,POINT (-63.9775 -65.07944444),273.3020935058594,0.00031242769910022616
-65.07944444,-63.9775,20.0,2012-03-14 23:00:00+00:00,-35.13,-4.45,POINT (-63.9775 -65.07944444),273.71875,0.00040942433406598866
-65.07944444,-63.9775,20.0,2012-04-14 22:00:00+00:00,-65.63,-8.03,POINT (-63.9775 -65.07944444),268.88543701171875,0.00015368063759524375
-65.07944444,-63.9775,20.0,2012-05-14 22:00:00+00:00,-74.28,-9.47,POINT (-63.9775 -65.07944444),273.9479064941406,0.0001578529627295211
-65.07944444,-63.9775,20.0,2012-06-14 22:00:00+00:00,-103.32,-13.5,POINT (-63.9775 -65.07944444),264.6666564941406,1.994768899749033e-05
-65.07944444,-63.9775,20.0,2012-07-14 22:00:00+00:00,-128.0,-15.97,POINT (-63.9775 -65.07944444),267.84375,8.610884106019512e-05
-65.07944444,-63.9775,20.0,2012-08-14 22:00:00+00:00,-85.91,-11.35,POINT (-63.9775 -65.07944444),266.04168701171875,5.27501106262207e-05
-65.07944444,-63.9775,20.0,2012-09-14 22:00:00+00:00,-114.92,-14.14,POINT (-63.9775 -65.07944444),266.34375,6.153186404844746e-05
-65.07944444,-63.9775,20.0,2012-10-14 22:00:00+00:00,-99.13,-12.9,POINT (-63.9775 -65.07944444),268.8854064941406,0.000482022762298584
-65.07944444,-63.9775,20.0,2012-11-14 23:00:00+00:00,-75.42,-8.72,POINT (-63.9775 -65.07944444),271.02081298828125,0.00020623205637093633
-65.07944444,-63.9775,20.0,2013-01-14 23:00:00+00:00,-75.16,-9.34,POINT (-63.9775 -65.07944444),273.1145935058594,4.980961966793984e-05
-65.07944444,-63.9775,20.0,2013-02-14 23:00:00+00:00,-75.77,-9.44,POINT (-63.9775 -65.07944444),273.9895935058594,8.885064744390547e-05
-65.07944444,-63.9775,20.0,2013-03-14 23:00:00+00:00,-54.89,-6.82,POINT (-63.9775 -65.07944444),273.6770935058594,0.0007566214189864695
-65.07944444,-63.9775,20.0,2013-04-14 22:00:00+00:00,-77.6,-9.62,POINT (-63.9775 -65.07944444),273.875,0.0010112524032592773
-65.07944444,-63.9775,20.0,2013-05-14 22:00:00+00:00,-79.54,-9.74,POINT (-63.9775 -65.07944444),264.2604064941406,9.059906005859375e-06
-65.07944444,-63.9775,20.0,2013-06-14 22:00:00+00:00,-90.88,-11.75,POINT (-63.9775 -65.07944444),269.80206298828125,0.00036148232175037265
-65.07944444,-63.9775,20.0,2013-07-14 22:00:00+00:00,-100.42,-12.99,POINT (-63.9775 -65.07944444),265.20831298828125,2.0444393157958984e-05
-65.07944444,-63.9775,20.0,2013-08-14 22:00:00+00:00,-94.35,-12.25,POINT (-63.9775 -65.07944444),258.5,2.5033950805664062e-05
-65.07944444,-63.9775,20.0,2013-09-14 22:00:00+00:00,-82.58,-10.69,POINT (-63.9775 -65.07944444),258.52081298828125,5.761782517765823e-07
-65.07944444,-63.9775,20.0,2013-10-14 22:00:00+00:00,-99.37,-11.23,POINT (-63.9775 -65.07944444),267.1458435058594,0.0004450479755178094
-65.07944444,-63.9775,20.0,2013-11-14 23:00:00+00:00,-101.41,-12.41,POINT (-63.9775 -65.07944444),267.79168701171875,5.489587420015596e-05
-65.07944444,-63.9775,20.0,2013-12-14 23:00:00+00:00,-98.77,-11.15,POINT (-63.9775 -65.07944444),271.36456298828125,2.1457672119140625e-06
-65.07944444,-63.9775,20.0,2014-06-14 22:00:00+00:00,-98.0,-12.33,POINT (-63.9775 -65.07944444),267.7291564941406,5.165736183698755e-06
-65.07944444,-63.9775,20.0,2014-07-14 22:00:00+00:00,-139.2,-17.76,POINT (-63.9775 -65.07944444),267.39581298828125,0.00048557919217273593
-65.07944444,-63.9775,20.0,2014-08-14 22:00:00+00:00,-94.1,-12.0,POINT (-63.9775 -65.07944444),265.84375,3.933907009923132e-06
-65.07944444,-63.9775,20.0,2014-10-14 22:00:00+00:00,-88.4,-11.25,POINT (-63.9775 -65.07944444),259.88543701171875,2.741813887041644e-06
-65.07944444,-63.9775,20.0,2015-04-14 22:00:00+00:00,-51.2,-6.64,POINT (-63.9775 -65.07944444),269.69793701171875,6.765127182006836e-05
-65.07944444,-63.9775,20.0,2015-05-14 22:00:00+00:00,-98.5,-12.59,POINT (-63.9775 -65.07944444),271.09375,9.288389992434531e-05
-65.07944444,-63.9775,20.0,2015-06-14 22:00:00+00:00,-120.2,-15.58,POINT (-63.9775 -65.07944444),261.29168701171875,1.3709068298339844e-06
-65.07944444,-63.9775,20.0,2015-07-14 22:00:00+00:00,-112.8,-15.02,POINT (-63.9775 -65.07944444),254.921875,1.0589758858259302e-05
-65.07944444,-63.9775,20.0,2015-08-14 22:00:00+00:00,-130.4,-17.05,POINT (-63.9775 -65.07944444),262.52081298828125,0.000360508740413934
-65.07944444,-63.9775,20.0,2015-09-14 22:00:00+00:00,-118.8,-15.04,POINT (-63.9775 -65.07944444),255.984375,1.1344750419084448e-05
-65.07944444,-63.9775,20.0,2015-10-14 22:00:00+00:00,-87.6,-11.21,POINT (-63.9775 -65.07944444),260.625,1.1165936484758276e-05
-65.07944444,-63.9775,20.0,2016-01-14 23:00:00+00:00,-55.9,-6.95,POINT (-63.9775 -65.07944444),271.86456298828125,3.3577284739294555e-06
-65.07944444,-63.9775,20.0,2016-03-14 23:00:00+00:00,-62.7,-7.73,POINT (-63.9775 -65.07944444),270.1354064941406,6.570418190676719e-05
-65.07944444,-63.9775,20.0,2016-04-14 22:00:00+00:00,-85.1,-10.99,POINT (-63.9775 -65.07944444),268.625,0.0002270539553137496
-65.07944444,-63.9775,20.0,2016-06-14 22:00:00+00:00,-110.4,-13.83,POINT (-63.9775 -65.07944444),266.7604064941406,6.3975649027270265e-06
-65.07944444,-63.9775,20.0,2016-07-14 22:00:00+00:00,-72.8,-9.74,POINT (-63.9775 -65.07944444),267.30206298828125,0.0001727740018395707
-65.07944444,-63.9775,20.0,2016-08-14 22:00:00+00:00,-94.9,-12.18,POINT (-63.9775 -65.07944444),266.0625,0.0
-65.07944444,-63.9775,20.0,2016-09-14 22:00:00+00:00,-62.7,-7.76,POINT (-63.9775 -65.07944444),271.80206298828125,0.0005133748054504395
-65.07944444,-63.9775,20.0,2020-01-14 23:00:00+00:00,-78.4,-9.84,POINT (-63.9775 -65.07944444),275.4375,0.0002064506261376664
-65.07944444,-63.9775,20.0,2020-07-14 22:00:00+00:00,-45.7,-6.24,POINT (-63.9775 -65.07944444),267.375,5.980332844046643e-06
-65.07944444,-63.9775,20.0,2007-04-14 22:00:00+00:00,-28.76,-2.76,POINT (-63.9775 -65.07944444),264.2708435058594,1.1324882507324219e-06
-65.07944444,-63.9775,20.0,2012-12-14 23:00:00+00:00,-50.16,-6.25,POINT (-63.9775 -65.07944444),272.8958435058594,7.68899917602539e-06
-65.07944444,-63.9775,20.0,2017-05-14 22:00:00+00:00,-85.5,-10.3,POINT (-63.9775 -65.07944444),273.6145935058594,0.00010607639705995098
-65.07944444,-63.9775,20.0,2017-06-14 22:00:00+00:00,-85.8,-10.98,POINT (-63.9775 -65.07944444),266.6875,2.36431765188172e-06
-65.07944444,-63.9775,20.0,2017-07-14 22:00:00+00:00,-107.3,-13.77,POINT (-63.9775 -65.07944444),269.75,2.5828680350059585e-07
-65.07944444,-63.9775,20.0,2017-08-14 22:00:00+00:00,-99.6,-12.82,POINT (-63.9775 -65.07944444),270.9583435058594,8.728107059141621e-05
-65.07944444,-63.9775,20.0,2017-09-14 22:00:00+00:00,-91.5,-11.93,POINT (-63.9775 -65.07944444),254.16146850585938,2.2113323211669922e-05
-65.07944444,-63.9775,20.0,2018-05-14 22:00:00+00:00,-87.8,-11.59,POINT (-63.9775 -65.07944444),270.94793701171875,8.82546155480668e-05
-65.07944444,-63.9775,20.0,2018-06-14 22:00:00+00:00,-93.7,-11.57,POINT (-63.9775 -65.07944444),271.23956298828125,0.00035891932202503085
-65.07944444,-63.9775,20.0,2018-07-14 22:00:00+00:00,-84.1,-10.82,POINT (-63.9775 -65.07944444),262.72918701171875,2.702077154026483e-06
-65.07944444,-63.9775,20.0,2018-08-14 22:00:00+00:00,-96.4,-12.14,POINT (-63.9775 -65.07944444),270.3020935058594,0.00012691815209109336
-65.07944444,-63.9775,20.0,2018-09-14 22:00:00+00:00,-69.7,-8.57,POINT (-63.9775 -65.07944444),264.44793701171875,2.5570392608642578e-05
-65.07944444,-63.9775,20.0,2018-10-14 22:00:00+00:00,-48.9,-6.33,POINT (-63.9775 -65.07944444),267.0208435058594,1.1920928955078125e-07
-65.07944444,-63.9775,20.0,2019-05-14 22:00:00+00:00,-70.5,-8.85,POINT (-63.9775 -65.07944444),270.6145935058594,5.527337270905264e-05
-65.07944444,-63.9775,20.0,2019-06-14 22:00:00+00:00,-64.5,-9.06,POINT (-63.9775 -65.07944444),271.6041564941406,0.0008201003074645996
-65.07944444,-63.9775,20.0,2019-07-14 22:00:00+00:00,-87.1,-11.35,POINT (-63.9775 -65.07944444),269.5833435058594,2.960364099635626e-06
-65.07944444,-63.9775,20.0,2019-08-14 22:00:00+00:00,-83.9,-10.15,POINT (-63.9775 -65.07944444),269.10418701171875,0.0006670554867014289
-65.07944444,-63.9775,20.0,2019-09-14 22:00:00+00:00,-75.1,-9.76,POINT (-63.9775 -65.07944444),261.3125,6.258487701416016e-06
-65.07944444,-63.9775,20.0,2019-10-14 22:00:00+00:00,-99.8,-12.77,POINT (-63.9775 -65.07944444),270.52081298828125,0.00041943788528442383
-65.07944444,-63.9775,20.0,2019-11-14 23:00:00+00:00,-91.2,-11.44,POINT (-63.9775 -65.07944444),269.3854064941406,0.00014696519065182656
-65.07944444,-63.9775,20.0,2020-02-14 23:00:00+00:00,-65.6,-8.29,POINT (-63.9775 -65.07944444),275.1666564941406,7.657210517209023e-05
-65.07944444,-63.9775,20.0,2020-03-14 23:00:00+00:00,-66.7,-8.41,POINT (-63.9775 -65.07944444),274.58331298828125,0.00044780969619750977
-65.07944444,-63.9775,20.0,2020-04-14 22:00:00+00:00,-75.6,-9.62,POINT (-63.9775 -65.07944444),268.6875,2.596775630081538e-05
-65.07944444,-63.9775,20.0,2020-05-14 22:00:00+00:00,-110.6,-14.06,POINT (-63.9775 -65.07944444),267.57293701171875,5.066394805908203e-06
-65.07944444,-63.9775,20.0,2020-06-14 22:00:00+00:00,-38.5,-5.76,POINT (-63.9775 -65.07944444),270.625,2.191464045608882e-05
-65.07944444,-63.9775,20.0,2020-08-14 22:00:00+00:00,-45.5,-5.96,POINT (-63.9775 -65.07944444),265.0520935058594,1.9530454665073194e-05
-65.07944444,-63.9775,20.0,2021-02-14 23:00:00+00:00,-73.4,-9.17,POINT (-63.9775 -65.07944444),273.39581298828125,0.0002630154194775969
-65.07944444,-63.9775,20.0,2021-03-14 23:00:00+00:00,-137.9,-17.2,POINT (-63.9775 -65.07944444),272.07293701171875,5.344549936125986e-05
-65.07944444,-63.9775,20.0,2021-04-14 22:00:00+00:00,-68.4,-8.8,POINT (-63.9775 -65.07944444),268.9166564941406,0.00011678536247927696
-65.07944444,-63.9775,20.0,2021-05-14 22:00:00+00:00,-48.5,-6.0,POINT (-63.9775 -65.07944444),273.84375,0.0011250972747802734
-65.07944444,-63.9775,20.0,2021-06-14 22:00:00+00:00,-58.8,-7.34,POINT (-63.9775 -65.07944444),270.9375,0.00024054449750110507
-65.07944444,-63.9775,20.0,1964-01-14 23:00:00+00:00,-115.1,-14.38,POINT (-63.9775 -65.07944444),274.9166564941406,4.867712959821802e-06
-65.07944444,-63.9775,20.0,1964-02-14 23:00:00+00:00,-94.0,-11.87,POINT (-63.9775 -65.07944444),271.85418701171875,0.0
-65.07944444,-63.9775,20.0,1964-03-14 23:00:00+00:00,-76.2,-9.78,POINT (-63.9775 -65.07944444),271.6041564941406,6.020069122314453e-06
-65.07944444,-63.9775,20.0,1964-04-14 22:00:00+00:00,-87.3,-10.8,POINT (-63.9775 -65.07944444),264.1354064941406,1.0669231414794922e-05
-65.07944444,-63.9775,20.0,1964-05-14 22:00:00+00:00,-79.3,-10.9,POINT (-63.9775 -65.07944444),260.27081298828125,1.049041748046875e-05
-65.07944444,-63.9775,20.0,1964-06-14 22:00:00+00:00,-123.6,-16.2,POINT (-63.9775 -65.07944444),262.7395935058594,2.9057266146992333e-05
-65.07944444,-63.9775,20.0,1964-07-14 22:00:00+00:00,-95.9,-13.0,POINT (-63.9775 -65.07944444),264.4270935058594,7.54992197471438e-06
-65.07944444,-63.9775,20.0,1964-08-14 22:00:00+00:00,-152.0,-19.7,POINT (-63.9775 -65.07944444),252.0677032470703,3.240505975554697e-05
-65.07944444,-63.9775,20.0,1964-09-14 22:00:00+00:00,-95.9,-12.2,POINT (-63.9775 -65.07944444),269.5729064941406,4.927317149849841e-06
-65.07944444,-63.9775,20.0,1964-10-14 22:00:00+00:00,-75.0,-9.4,POINT (-63.9775 -65.07944444),267.71875,0.0003054738335777074
-65.07944444,-63.9775,20.0,1964-12-14 23:00:00+00:00,-91.0,-10.1,POINT (-63.9775 -65.07944444),272.89581298828125,9.256601333618164e-05
-65.07944444,-63.9775,20.0,1965-01-14 23:00:00+00:00,-66.4,-7.5,POINT (-63.9775 -65.07944444),272.8125,0.00022357703710440546
-65.07944444,-63.9775,20.0,1965-12-14 23:00:00+00:00,-74.6,-10.0,POINT (-63.9775 -65.07944444),271.97918701171875,2.1398067474365234e-05
-65.07944444,-63.9775,20.0,1968-01-14 23:00:00+00:00,-66.1,-7.0,POINT (-63.9775 -65.07944444),272.09375,1.5119710951694287e-05
-65.07944444,-63.9775,20.0,1968-02-14 23:00:00+00:00,-85.4,-9.48,POINT (-63.9775 -65.07944444),271.4895935058594,4.986922249372583e-06
-65.07944444,-63.9775,20.0,1968-03-14 23:00:00+00:00,-75.1,-8.66,POINT (-63.9775 -65.07944444),269.14581298828125,1.430511474609375e-06
-65.07944444,-63.9775,20.0,1968-04-14 22:00:00+00:00,-95.1,-9.54,POINT (-63.9775 -65.07944444),273.09375,0.00016162793326657265
-65.07944444,-63.9775,20.0,1968-09-14 22:00:00+00:00,-87.5,-10.32,POINT (-63.9775 -65.07944444),262.70831298828125,4.5994918764336035e-05
-65.07944444,-63.9775,20.0,1968-10-14 22:00:00+00:00,-56.5,-5.64,POINT (-63.9775 -65.07944444),271.875,0.00016727049660403281
-65.07944444,-63.9775,20.0,1968-12-14 23:00:00+00:00,-85.4,-8.71,POINT (-63.9775 -65.07944444),272.35418701171875,7.10288732079789e-05
-65.07944444,-63.9775,20.0,1975-06-14 22:00:00+00:00,-106.0,-14.0,POINT (-63.9775 -65.07944444),264.59375,9.834766387939453e-06
-65.07944444,-63.9775,20.0,1975-08-14 22:00:00+00:00,-99.0,-12.91,POINT (-63.9775 -65.07944444),258.33331298828125,9.159247383649927e-06
-65.07944444,-63.9775,20.0,1981-01-14 23:00:00+00:00,-65.3,-8.32,POINT (-63.9775 -65.07944444),273.14581298828125,0.0
-65.07944444,-63.9775,20.0,1981-02-14 23:00:00+00:00,-56.2,-7.31,POINT (-63.9775 -65.07944444),272.9895935058594,0.00022699436522088945
-65.07944444,-63.9775,20.0,1981-03-14 23:00:00+00:00,-78.0,-9.44,POINT (-63.9775 -65.07944444),271.07293701171875,0.0
-65.07944444,-63.9775,20.0,1981-04-14 22:00:00+00:00,-85.3,-10.82,POINT (-63.9775 -65.07944444),272.11456298828125,8.054574573179707e-05
-65.07944444,-63.9775,20.0,1981-05-14 22:00:00+00:00,-77.2,-10.56,POINT (-63.9775 -65.07944444),273.3958435058594,0.00020327170204836875
-65.07944444,-63.9775,20.0,1981-07-14 22:00:00+00:00,-106.8,-13.63,POINT (-63.9775 -65.07944444),257.8125,8.56320093589602e-06
-65.07944444,-63.9775,20.0,1981-08-14 22:00:00+00:00,-127.7,-16.08,POINT (-63.9775 -65.07944444),260.66668701171875,1.0102987289428711e-05
-65.07944444,-63.9775,20.0,1981-09-14 22:00:00+00:00,-127.9,-15.25,POINT (-63.9775 -65.07944444),268.10418701171875,0.00013709068298339844
-65.07944444,-63.9775,20.0,1981-10-14 22:00:00+00:00,-87.4,-10.16,POINT (-63.9775 -65.07944444),268.4895935058594,5.3346160711953416e-05
-65.07944444,-63.9775,20.0,1981-11-14 23:00:00+00:00,-84.6,-10.41,POINT (-63.9775 -65.07944444),270.1770935058594,9.556611621519551e-05
-65.07944444,-63.9775,20.0,1981-12-14 23:00:00+00:00,-57.8,-4.08,POINT (-63.9775 -65.07944444),272.1354064941406,0.0006077885627746582
-65.07944444,-63.9775,20.0,1982-01-14 23:00:00+00:00,-74.3,-8.71,POINT (-63.9775 -65.07944444),274.11456298828125,4.4008098484482616e-05
-65.07944444,-63.9775,20.0,1982-05-14 22:00:00+00:00,-78.4,-10.26,POINT (-63.9775 -65.07944444),271.47918701171875,0.0001474618911743164
-65.07944444,-63.9775,20.0,1982-06-14 22:00:00+00:00,-81.8,-10.82,POINT (-63.9775 -65.07944444),268.84375,3.480911618680693e-05
-65.07944444,-63.9775,20.0,1982-07-14 22:00:00+00:00,-122.4,-15.3,POINT (-63.9775 -65.07944444),257.17706298828125,5.1399074436631054e-05
-65.07944444,-63.9775,20.0,1982-08-14 22:00:00+00:00,-76.5,-8.52,POINT (-63.9775 -65.07944444),267.07293701171875,0.00013464689254760742
-65.07944444,-63.9775,20.0,1982-09-14 22:00:00+00:00,-88.0,-11.39,POINT (-63.9775 -65.07944444),270.1666564941406,6.709496665280312e-05
-65.07944444,-63.9775,20.0,1982-10-14 22:00:00+00:00,-98.4,-11.75,POINT (-63.9775 -65.07944444),267.2916564941406,2.1855036891338386e-07
-65.07944444,-63.9775,20.0,1982-11-14 23:00:00+00:00,-108.6,-13.28,POINT (-63.9775 -65.07944444),271.97918701171875,0.0009206334361806512
-65.07944444,-63.9775,20.0,1982-12-14 23:00:00+00:00,-60.9,-7.15,POINT (-63.9775 -65.07944444),273.72918701171875,4.063050073455088e-05
-65.07944444,-63.9775,20.0,1995-11-14 23:00:00+00:00,-71.3,-5.86,POINT (-63.9775 -65.07944444),271.96875,0.0007860263576731086
-65.07944444,-63.9775,20.0,2017-04-14 22:00:00+00:00,-90.7,-11.54,POINT (-63.9775 -65.07944444),272.8333435058594,0.0002848307485692203
-65.07944444,-63.9775,20.0,2019-04-14 22:00:00+00:00,-96.5,-12.12,POINT (-63.9775 -65.07944444),270.36456298828125,0.00013780593872070312
-62.12,-58.56,9.0,1990-05-14 22:00:00+00:00,-84.0,-13.7,POINT (-58.56 -62.12),267.6458435058594,4.251798145560315e-06
-62.12,-58.56,9.0,1990-06-14 22:00:00+00:00,-129.0,-17.3,POINT (-58.56 -62.12),270.98956298828125,0.00014766058302484453
-62.12,-58.56,9.0,1990-07-14 22:00:00+00:00,-99.0,-12.5,POINT (-58.56 -62.12),261.86456298828125,4.0531158447265625e-06
-62.12,-58.56,9.0,1990-09-14 22:00:00+00:00,-116.0,-15.4,POINT (-58.56 -62.12),267.8958435058594,4.4902168156113476e-05
-62.12,-58.56,9.0,1990-10-14 22:00:00+00:00,-72.0,-10.0,POINT (-58.56 -62.12),266.07293701171875,0.0001292427332373336
-62.12,-58.56,9.0,1990-11-14 23:00:00+00:00,-91.0,-12.0,POINT (-58.56 -62.12),273.375,0.0002813538012560457
-62.12,-58.56,9.0,1990-12-14 23:00:00+00:00,-98.0,-13.6,POINT (-58.56 -62.12),271.0208435058594,2.9404957331280457e-06
-62.12,-58.56,9.0,1991-01-14 23:00:00+00:00,-57.0,-7.0,POINT (-58.56 -62.12),273.875,2.715984737733379e-05
-62.12,-58.56,9.0,1991-02-14 23:00:00+00:00,-84.0,-11.1,POINT (-58.56 -62.12),275.1979064941406,9.514887642581016e-05
-62.12,-58.56,9.0,1991-03-14 23:00:00+00:00,-61.0,-8.7,POINT (-58.56 -62.12),271.59375,0.00037294626235961914
-62.12,-58.56,9.0,1991-04-14 22:00:00+00:00,-46.0,-6.5,POINT (-58.56 -62.12),271.15625,0.0008882085676304996
-62.12,-58.56,9.0,1991-05-14 22:00:00+00:00,-132.0,-19.0,POINT (-58.56 -62.12),270.3541564941406,7.778406870784238e-05
-62.12,-58.56,9.0,1991-06-14 22:00:00+00:00,-97.0,-13.7,POINT (-58.56 -62.12),255.78126525878906,1.4901161193847656e-06
-62.12,-58.56,9.0,1991-07-14 22:00:00+00:00,-146.0,-20.0,POINT (-58.56 -62.12),268.15625,9.45727060752688e-06
-62.12,-58.56,9.0,1991-08-14 22:00:00+00:00,-51.0,-6.0,POINT (-58.56 -62.12),271.69793701171875,0.00024722018861211836
-62.12,-58.56,9.0,1991-09-14 22:00:00+00:00,-132.0,-17.1,POINT (-58.56 -62.12),272.10418701171875,0.0003125468792859465
-62.12,-58.56,9.0,1991-10-14 22:00:00+00:00,-63.0,-9.7,POINT (-58.56 -62.12),269.90625,1.1026859283447266e-05
-62.12,-58.56,9.0,1991-11-14 23:00:00+00:00,-60.0,-9.3,POINT (-58.56 -62.12),271.77081298828125,7.29064122424461e-05
-62.12,-58.56,9.0,1991-12-14 23:00:00+00:00,-59.0,-7.5,POINT (-58.56 -62.12),272.53125,3.4570693969726562e-06
-62.12,-58.56,9.0,1990-12-31 23:00:00+00:00,-88.6,-12.15,POINT (-58.56 -62.12),272.95831298828125,4.7405559598701075e-05
