Date,Lat,Lon,O18,H2,KPN_A,KPN_B,KPN_C,KPN_D,KPN_E,ENSO,NAO,Temperature,Precipitation,Alt
2010-01-15 00:00:00+00:00,52.3,104.2833333,,,0,0,0,1,0,-1.8,-1.11,247.78802,0.0,427.25
2010-01-15 00:00:00+00:00,47.54260867,7.58371693,,,0,0,1,0,0,-1.8,-1.11,268.7666,0.0,304.73438
2010-01-15 00:00:00+00:00,23.27,5.6,,,0,1,0,0,0,-1.8,-1.11,283.36148,0.0,2246.375
2010-01-15 00:00:00+00:00,69.1,-105.1166667,,,0,0,0,0,1,-1.8,-1.11,242.93187,0.0,0.0
2010-01-15 00:00:00+00:00,0.38,6.72,,,1,0,0,0,0,-1.8,-1.11,299.1606,3.958073e-05,0.0
2010-01-15 00:00:00+00:00,-22.66416667,-48.06,,,1,0,0,0,0,-1.8,-1.11,297.1575,2.900717e-05,490.46875
2010-01-15 00:00:00+00:00,-67.57,-68.13,,,0,0,0,0,1,-1.8,-1.11,,,11.128906
2010-01-15 00:00:00+00:00,49.67,-93.72,,,0,0,0,1,0,-1.8,-1.11,248.28632,0.0,427.09375
2010-01-15 00:00:00+00:00,29.7,91.13333333,,,0,0,0,0,1,-1.8,-1.11,277.0588,0.0,3735.25
2010-01-15 00:00:00+00:00,12.54194444,39.76972222,,,0,1,0,0,0,-1.8,-1.11,290.7255,0.0,1782.5
2010-01-15 00:00:00+00:00,18.9,72.82,,,1,0,0,0,0,-1.8,-1.11,298.44464,0.0,0.0
2010-02-15 00:00:00+00:00,52.3,104.2833333,,,0,0,0,1,0,-2.4,-1.98,258.62997,0.0,427.25
2010-02-15 00:00:00+00:00,47.54260867,7.58371693,,,0,0,1,0,0,-2.4,-1.98,279.21277,0.0,304.73438
2010-02-15 00:00:00+00:00,23.27,5.6,,,0,1,0,0,0,-2.4,-1.98,285.31247,0.0,2246.375
2010-02-15 00:00:00+00:00,69.1,-105.1166667,,,0,0,0,0,1,-2.4,-1.98,247.54504,4.846431e-06,0.0
2010-02-15 00:00:00+00:00,0.38,6.72,,,1,0,0,0,0,-2.4,-1.98,298.56924,0.00022817,0.0
2010-02-15 00:00:00+00:00,-22.66416667,-48.06,,,1,0,0,0,0,-2.4,-1.98,300.0846,4.723577e-05,490.46875
2010-02-15 00:00:00+00:00,-67.57,-68.13,,,0,0,0,0,1,-2.4,-1.98,,,11.128906
2010-02-15 00:00:00+00:00,49.67,-93.72,,,0,0,0,1,0,-2.4,-1.98,253.08022,0.0,427.09375
2010-02-15 00:00:00+00:00,29.7,91.13333333,,,0,0,0,0,1,-2.4,-1.98,278.86948,0.0,3735.25
2010-02-15 00:00:00+00:00,12.54194444,39.76972222,,,0,1,0,0,0,-2.4,-1.98,292.4648,0.0,1782.5
2010-02-15 00:00:00+00:00,18.9,72.82,,,1,0,0,0,0,-2.4,-1.98,299.608,0.0,0.0
2010-03-15 00:00:00+00:00,52.3,104.2833333,,,0,0,0,1,0,-1.1,-0.88,265.60892,0.0,427.25
2010-03-15 00:00:00+00:00,47.54260867,7.58371693,,,0,0,1,0,0,-1.1,-0.88,270.94858,0.0,304.73438
2010-03-15 00:00:00+00:00,23.27,5.6,,,0,1,0,0,0,-1.1,-0.88,290.73636,0.0,2246.375
2010-03-15 00:00:00+00:00,69.1,-105.1166667,,,0,0,0,0,1,-1.1,-0.88,242.06004,0.0,0.0
2010-03-15 00:00:00+00:00,0.38,6.72,,,1,0,0,0,0,-1.1,-0.88,300.06128,5.947617e-05,0.0
2010-03-15 00:00:00+00:00,-22.66416667,-48.06,,,1,0,0,0,0,-1.1,-0.88,298.96112,8.8283545e-05,490.46875
2010-03-15 00:00:00+00:00,-67.57,-68.13,,,0,0,0,0,1,-1.1,-0.88,,,11.128906
2010-03-15 00:00:00+00:00,49.67,-93.72,,,0,0,0,1,0,-1.1,-0.88,274.9548,0.0,427.09375
2010-03-15 00:00:00+00:00,29.7,91.13333333,,,0,0,0,0,1,-1.1,-0.88,279.9959,6.4374926e-06,3735.25
2010-03-15 00:00:00+00:00,12.54194444,39.76972222,,,0,1,0,0,0,-1.1,-0.88,290.84012,0.0,1782.5
2010-03-15 00:00:00+00:00,18.9,72.82,,,1,0,0,0,0,-1.1,-0.88,301.43323,0.0,0.0
2010-04-15 00:00:00+00:00,52.3,104.2833333,,,0,0,0,1,0,2.0,-0.72,274.4963,0.0,427.25
2010-04-15 00:00:00+00:00,47.54260867,7.58371693,,,0,0,1,0,0,2.0,-0.72,283.3464,0.0,304.73438
2010-04-15 00:00:00+00:00,23.27,5.6,,,0,1,0,0,0,2.0,-0.72,297.30515,0.0,2246.375
2010-04-15 00:00:00+00:00,69.1,-105.1166667,,,0,0,0,0,1,2.0,-0.72,247.51978,0.0,0.0
2010-04-15 00:00:00+00:00,0.38,6.72,,,1,0,0,0,0,2.0,-0.72,299.66925,9.73637e-05,0.0
2010-04-15 00:00:00+00:00,-22.66416667,-48.06,,,1,0,0,0,0,2.0,-0.72,297.38785,0.0,490.46875
2010-04-15 00:00:00+00:00,-67.57,-68.13,,,0,0,0,0,1,2.0,-0.72,,,11.128906
2010-04-15 00:00:00+00:00,49.67,-93.72,,,0,0,0,1,0,2.0,-0.72,278.73807,0.0,427.09375
2010-04-15 00:00:00+00:00,29.7,91.13333333,,,0,0,0,0,1,2.0,-0.72,283.89325,0.0,3735.25
2010-04-15 00:00:00+00:00,12.54194444,39.76972222,,,0,1,0,0,0,2.0,-0.72,291.7509,0.00010135906,1782.5
2010-04-15 00:00:00+00:00,18.9,72.82,,,1,0,0,0,0,2.0,-0.72,303.32193,0.0,0.0
2010-05-15 00:00:00+00:00,52.3,104.2833333,,,0,0,0,1,0,1.5,-1.49,286.5996,0.0,427.25
2010-05-15 00:00:00+00:00,47.54260867,7.58371693,,,0,0,1,0,0,1.5,-1.49,287.32916,9.729112e-06,304.73438
2010-05-15 00:00:00+00:00,23.27,5.6,,,0,1,0,0,0,1.5,-1.49,297.12985,0.0,2246.375
2010-05-15 00:00:00+00:00,69.1,-105.1166667,,,0,0,0,0,1,1.5,-1.49,262.33524,0.0,0.0
2010-05-15 00:00:00+00:00,0.38,6.72,,,1,0,0,0,0,1.5,-1.49,297.72375,0.00015499073,0.0
2010-05-15 00:00:00+00:00,-22.66416667,-48.06,,,1,0,0,0,0,1.5,-1.49,298.58057,0.0,490.46875
2010-05-15 00:00:00+00:00,-67.57,-68.13,,,0,0,0,0,1,1.5,-1.49,,,11.128906
2010-05-15 00:00:00+00:00,49.67,-93.72,,,0,0,0,1,0,1.5,-1.49,283.66318,0.0001044816,427.09375
2010-05-15 00:00:00+00:00,29.7,91.13333333,,,0,0,0,0,1,1.5,-1.49,289.4787,0.0,3735.25
2010-05-15 00:00:00+00:00,12.54194444,39.76972222,,,0,1,0,0,0,1.5,-1.49,294.6838,0.0,1782.5
2010-05-15 00:00:00+00:00,18.9,72.82,,,1,0,0,0,0,1.5,-1.49,304.25577,0.0,0.0
2010-06-15 00:00:00+00:00,52.3,104.2833333,,,0,0,0,1,0,0.6,-0.82,286.15982,0.0,427.25
2010-06-15 00:00:00+00:00,47.54260867,7.58371693,,,0,0,1,0,0,0.6,-0.82,289.86136,0.00027420998,304.73438
2010-06-15 00:00:00+00:00,23.27,5.6,,,0,1,0,0,0,0.6,-0.82,300.0009,0.0,2246.375
2010-06-15 00:00:00+00:00,69.1,-105.1166667,,,0,0,0,0,1,0.6,-0.82,280.93695,0.0,0.0
2010-06-15 00:00:00+00:00,0.38,6.72,,,1,0,0,0,0,0.6,-0.82,297.7083,0.0,0.0
2010-06-15 00:00:00+00:00,-22.66416667,-48.06,,,1,0,0,0,0,0.6,-0.82,288.6466,0.0,490.46875
2010-06-15 00:00:00+00:00,-67.57,-68.13,,,0,0,0,0,1,0.6,-0.82,,,11.128906
2010-06-15 00:00:00+00:00,49.67,-93.72,,,0,0,0,1,0,0.6,-0.82,287.62897,5.8403466e-06,427.09375
2010-06-15 00:00:00+00:00,29.7,91.13333333,,,0,0,0,0,1,0.6,-0.82,293.19788,1.3785271e-05,3735.25
2010-06-15 00:00:00+00:00,12.54194444,39.76972222,,,0,1,0,0,0,0.6,-0.82,293.17673,0.0,1782.5
2010-06-15 00:00:00+00:00,18.9,72.82,,,1,0,0,0,0,0.6,-0.82,302.09064,9.900772e-06,0.0
2010-07-15 00:00:00+00:00,52.3,104.2833333,,,0,0,0,1,0,3.0,-0.42,287.75797,0.0,427.25
2010-07-15 00:00:00+00:00,47.54260867,7.58371693,,,0,0,1,0,0,3.0,-0.42,291.15308,0.0,304.73438
2010-07-15 00:00:00+00:00,23.27,5.6,,,0,1,0,0,0,3.0,-0.42,301.5075,0.0,2246.375
2010-07-15 00:00:00+00:00,69.1,-105.1166667,,,0,0,0,0,1,3.0,-0.42,284.85193,0.0,0.0
2010-07-15 00:00:00+00:00,0.38,6.72,,,1,0,0,0,0,3.0,-0.42,295.05627,3.8214293e-06,0.0
2010-07-15 00:00:00+00:00,-22.66416667,-48.06,,,1,0,0,0,0,3.0,-0.42,289.79843,0.0,490.46875
2010-07-15 00:00:00+00:00,-67.57,-68.13,,,0,0,0,0,1,3.0,-0.42,,,11.128906
2010-07-15 00:00:00+00:00,49.67,-93.72,,,0,0,0,1,0,3.0,-0.42,291.2093,6.0576393e-05,427.09375
2010-07-15 00:00:00+00:00,29.7,91.13333333,,,0,0,0,0,1,3.0,-0.42,290.08646,7.0596565e-05,3735.25
2010-07-15 00:00:00+00:00,12.54194444,39.76972222,,,0,1,0,0,0,3.0,-0.42,296.0023,0.0,1782.5
2010-07-15 00:00:00+00:00,18.9,72.82,,,1,0,0,0,0,3.0,-0.42,301.39655,0.00016921962,0.0
2010-08-15 00:00:00+00:00,52.3,104.2833333,,,0,0,0,1,0,3.0,-1.22,290.4725,0.00010743124,427.25
2010-08-15 00:00:00+00:00,47.54260867,7.58371693,,,0,0,1,0,0,3.0,-1.22,288.32593,0.0,304.73438
2010-08-15 00:00:00+00:00,23.27,5.6,,,0,1,0,0,0,3.0,-1.22,301.4554,0.0,2246.375
2010-08-15 00:00:00+00:00,69.1,-105.1166667,,,0,0,0,0,1,3.0,-1.22,275.40698,8.346115e-06,0.0
2010-08-15 00:00:00+00:00,0.38,6.72,,,1,0,0,0,0,3.0,-1.22,295.9661,1.2719064e-05,0.0
2010-08-15 00:00:00+00:00,-22.66416667,-48.06,,,1,0,0,0,0,3.0,-1.22,293.65674,0.0,490.46875
2010-08-15 00:00:00+00:00,-67.57,-68.13,,,0,0,0,0,1,3.0,-1.22,,,11.128906
2010-08-15 00:00:00+00:00,49.67,-93.72,,,0,0,0,1,0,3.0,-1.22,288.48462,0.0,427.09375
2010-08-15 00:00:00+00:00,29.7,91.13333333,,,0,0,0,0,1,3.0,-1.22,290.57455,5.708192e-05,3735.25
2010-08-15 00:00:00+00:00,12.54194444,39.76972222,,,0,1,0,0,0,3.0,-1.22,290.2949,0.0010706799,1782.5
2010-08-15 00:00:00+00:00,18.9,72.82,,,1,0,0,0,0,3.0,-1.22,300.5602,4.6062625e-05,0.0
2010-09-15 00:00:00+00:00,52.3,104.2833333,,,0,0,0,1,0,3.7,-0.79,279.85822,0.0,427.25
2010-09-15 00:00:00+00:00,47.54260867,7.58371693,,,0,0,1,0,0,3.7,-0.79,294.7318,0.0,304.73438
2010-09-15 00:00:00+00:00,23.27,5.6,,,0,1,0,0,0,3.7,-0.79,298.11792,0.0,2246.375
2010-09-15 00:00:00+00:00,69.1,-105.1166667,,,0,0,0,0,1,3.7,-0.79,268.87674,0.0,0.0
2010-09-15 00:00:00+00:00,0.38,6.72,,,1,0,0,0,0,3.7,-0.79,296.65952,1.84974e-05,0.0
2010-09-15 00:00:00+00:00,-22.66416667,-48.06,,,1,0,0,0,0,3.7,-0.79,299.3383,0.0,490.46875
2010-09-15 00:00:00+00:00,-67.57,-68.13,,,0,0,0,0,1,3.7,-0.79,,,11.128906
2010-09-15 00:00:00+00:00,49.67,-93.72,,,0,0,0,1,0,3.7,-0.79,285.12396,0.0,427.09375
2010-09-15 00:00:00+00:00,29.7,91.13333333,,,0,0,0,0,1,3.7,-0.79,289.0302,3.8804013e-05,3735.25
2010-09-15 00:00:00+00:00,12.54194444,39.76972222,,,0,1,0,0,0,3.7,-0.79,292.72946,3.3942688e-05,1782.5
2010-09-15 00:00:00+00:00,18.9,72.82,,,1,0,0,0,0,3.7,-0.79,300.83218,3.1478572e-05,0.0
2010-10-15 00:00:00+00:00,52.3,104.2833333,,,0,0,0,1,0,2.9,-0.93,284.15945,0.0,427.25
2010-10-15 00:00:00+00:00,47.54260867,7.58371693,,,0,0,1,0,0,2.9,-0.93,282.67126,0.0,304.73438
2010-10-15 00:00:00+00:00,23.27,5.6,,,0,1,0,0,0,2.9,-0.93,294.61417,0.0,2246.375
2010-10-15 00:00:00+00:00,69.1,-105.1166667,,,0,0,0,0,1,2.9,-0.93,271.39612,1.1290186e-05,0.0
2010-10-15 00:00:00+00:00,0.38,6.72,,,1,0,0,0,0,2.9,-0.93,297.90817,2.6650227e-05,0.0
2010-10-15 00:00:00+00:00,-22.66416667,-48.06,,,1,0,0,0,0,2.9,-0.93,293.45337,0.0,490.46875
2010-10-15 00:00:00+00:00,-67.57,-68.13,,,0,0,0,0,1,2.9,-0.93,,,11.128906
2010-10-15 00:00:00+00:00,49.67,-93.72,,,0,0,0,1,0,2.9,-0.93,274.0209,0.0,427.09375
2010-10-15 00:00:00+00:00,29.7,91.13333333,,,0,0,0,0,1,2.9,-0.93,281.7853,0.0,3735.25
2010-10-15 00:00:00+00:00,12.54194444,39.76972222,,,0,1,0,0,0,2.9,-0.93,291.8545,0.0,1782.5
2010-10-15 00:00:00+00:00,18.9,72.82,,,1,0,0,0,0,2.9,-0.93,303.48615,0.0,0.0
2010-11-15 00:00:00+00:00,52.3,104.2833333,,,0,0,0,1,0,2.1,-1.62,268.29773,0.0,427.25
2010-11-15 00:00:00+00:00,47.54260867,7.58371693,,,0,0,1,0,0,2.1,-1.62,281.20645,2.5464476e-05,304.73438
2010-11-15 00:00:00+00:00,23.27,5.6,,,0,1,0,0,0,2.1,-1.62,286.98825,0.0,2246.375
2010-11-15 00:00:00+00:00,69.1,-105.1166667,,,0,0,0,0,1,2.1,-1.62,246.21603,0.0,0.0
2010-11-15 00:00:00+00:00,0.38,6.72,,,1,0,0,0,0,2.1,-1.62,298.2875,0.00014708572,0.0
2010-11-15 00:00:00+00:00,-22.66416667,-48.06,,,1,0,0,0,0,2.1,-1.62,294.58264,0.0,490.46875
2010-11-15 00:00:00+00:00,-67.57,-68.13,,,0,0,0,0,1,2.1,-1.62,,,11.128906
2010-11-15 00:00:00+00:00,49.67,-93.72,,,0,0,0,1,0,2.1,-1.62,270.25827,0.0,427.09375
2010-11-15 00:00:00+00:00,29.7,91.13333333,,,0,0,0,0,1,2.1,-1.62,275.55737,0.0,3735.25
2010-11-15 00:00:00+00:00,12.54194444,39.76972222,,,0,1,0,0,0,2.1,-1.62,293.02655,0.0,1782.5
2010-11-15 00:00:00+00:00,18.9,72.82,,,1,0,0,0,0,2.1,-1.62,302.49435,0.0,0.0
2010-12-15 00:00:00+00:00,52.3,104.2833333,,,0,0,0,1,0,4.8,-1.85,261.033,0.0,427.25
2010-12-15 00:00:00+00:00,47.54260867,7.58371693,,,0,0,1,0,0,4.8,-1.85,274.94946,5.920308e-05,304.73438
2010-12-15 00:00:00+00:00,23.27,5.6,,,0,1,0,0,0,4.8,-1.85,283.44257,0.0,2246.375
2010-12-15 00:00:00+00:00,69.1,-105.1166667,,,0,0,0,0,1,4.8,-1.85,249.27562,0.0,0.0
2010-12-15 00:00:00+00:00,0.38,6.72,,,1,0,0,0,0,4.8,-1.85,298.34515,0.0001150385,0.0
2010-12-15 00:00:00+00:00,-22.66416667,-48.06,,,1,0,0,0,0,4.8,-1.85,298.17688,0.00018532839,490.46875
2010-12-15 00:00:00+00:00,-67.57,-68.13,,,0,0,0,0,1,4.8,-1.85,,,11.128906
2010-12-15 00:00:00+00:00,49.67,-93.72,,,0,0,0,1,0,4.8,-1.85,269.44788,1.9188448e-05,427.09375
2010-12-15 00:00:00+00:00,29.7,91.13333333,,,0,0,0,0,1,4.8,-1.85,277.88287,3.5731152e-06,3735.25
2010-12-15 00:00:00+00:00,12.54194444,39.76972222,,,0,1,0,0,0,4.8,-1.85,290.21494,0.0,1782.5
2010-12-15 00:00:00+00:00,18.9,72.82,,,1,0,0,0,0,4.8,-1.85,299.49203,0.0,0.0
2011-01-15 00:00:00+00:00,52.3,104.2833333,,,0,0,0,1,0,3.8,-0.88,258.71838,0.0,427.25
2011-01-15 00:00:00+00:00,47.54260867,7.58371693,,,0,0,1,0,0,3.8,-0.88,277.13083,0.0,304.73438
2011-01-15 00:00:00+00:00,23.27,5.6,,,0,1,0,0,0,3.8,-0.88,282.5097,0.0,2246.375
2011-01-15 00:00:00+00:00,69.1,-105.1166667,,,0,0,0,0,1,3.8,-0.88,242.10048,0.0,0.0
2011-01-15 00:00:00+00:00,0.38,6.72,,,1,0,0,0,0,3.8,-0.88,299.47388,9.785439e-06,0.0
2011-01-15 00:00:00+00:00,-22.66416667,-48.06,,,1,0,0,0,0,3.8,-0.88,297.68066,0.0001257024,490.46875
2011-01-15 00:00:00+00:00,-67.57,-68.13,,,0,0,0,0,1,3.8,-0.88,,,11.128906
2011-01-15 00:00:00+00:00,49.67,-93.72,,,0,0,0,1,0,3.8,-0.88,257.61536,0.0,427.09375
2011-01-15 00:00:00+00:00,29.7,91.13333333,,,0,0,0,0,1,3.8,-0.88,275.8191,0.0,3735.25
2011-01-15 00:00:00+00:00,12.54194444,39.76972222,,,0,1,0,0,0,3.8,-0.88,291.58655,0.0,1782.5
2011-01-15 00:00:00+00:00,18.9,72.82,,,1,0,0,0,0,3.8,-0.88,299.40756,0.0,0.0
2011-02-15 00:00:00+00:00,52.3,104.2833333,,,0,0,0,1,0,4.5,0.7,259.42554,0.0,427.25
2011-02-15 00:00:00+00:00,47.54260867,7.58371693,,,0,0,1,0,0,4.5,0.7,278.61832,0.00017782075,304.73438
2011-02-15 00:00:00+00:00,23.27,5.6,,,0,1,0,0,0,4.5,0.7,283.6035,0.0,2246.375
2011-02-15 00:00:00+00:00,69.1,-105.1166667,,,0,0,0,0,1,4.5,0.7,231.44023,0.0,0.0
2011-02-15 00:00:00+00:00,0.38,6.72,,,1,0,0,0,0,4.5,0.7,300.02124,6.062852e-05,0.0
2011-02-15 00:00:00+00:00,-22.66416667,-48.06,,,1,0,0,0,0,4.5,0.7,299.57425,1.7512999e-05,490.46875
2011-02-15 00:00:00+00:00,-67.57,-68.13,,,0,0,0,0,1,4.5,0.7,,,11.128906
2011-02-15 00:00:00+00:00,49.67,-93.72,,,0,0,0,1,0,4.5,0.7,260.17392,0.0,427.09375
2011-02-15 00:00:00+00:00,29.7,91.13333333,,,0,0,0,0,1,4.5,0.7,283.28812,0.0,3735.25
2011-02-15 00:00:00+00:00,12.54194444,39.76972222,,,0,1,0,0,0,4.5,0.7,290.51706,0.0,1782.5
2011-02-15 00:00:00+00:00,18.9,72.82,,,1,0,0,0,0,4.5,0.7,299.30692,0.0,0.0
2011-03-15 00:00:00+00:00,52.3,104.2833333,,,0,0,0,1,0,4.2,0.61,258.23233,8.344292e-06,427.25
2011-03-15 00:00:00+00:00,47.54260867,7.58371693,,,0,0,1,0,0,4.2,0.61,279.4702,0.0,304.73438
2011-03-15 00:00:00+00:00,23.27,5.6,,,0,1,0,0,0,4.2,0.61,282.15332,0.0,2246.375
2011-03-15 00:00:00+00:00,69.1,-105.1166667,,,0,0,0,0,1,4.2,0.61,241.30019,0.0,0.0
2011-03-15 00:00:00+00:00,0.38,6.72,,,1,0,0,0,0,4.2,0.61,300.36227,1.8057488e-05,0.0
2011-03-15 00:00:00+00:00,-22.66416667,-48.06,,,1,0,0,0,0,4.2,0.61,298.08,4.0063554e-05,490.46875
2011-03-15 00:00:00+00:00,-67.57,-68.13,,,0,0,0,0,1,4.2,0.61,,,11.128906
2011-03-15 00:00:00+00:00,49.67,-93.72,,,0,0,0,1,0,4.2,0.61,266.59467,1.1365102e-05,427.09375
2011-03-15 00:00:00+00:00,29.7,91.13333333,,,0,0,0,0,1,4.2,0.61,279.94797,0.0,3735.25
2011-03-15 00:00:00+00:00,12.54194444,39.76972222,,,0,1,0,0,0,4.2,0.61,293.50168,0.0,1782.5
2011-03-15 00:00:00+00:00,18.9,72.82,,,1,0,0,0,0,4.2,0.61,299.4675,5.285418e-06,0.0
2011-04-15 00:00:00+00:00,52.3,104.2833333,,,0,0,0,1,0,3.1,2.48,272.00226,0.0,427.25
2011-04-15 00:00:00+00:00,47.54260867,7.58371693,,,0,0,1,0,0,3.1,2.48,282.70905,7.135542e-05,304.73438
2011-04-15 00:00:00+00:00,23.27,5.6,,,0,1,0,0,0,3.1,2.48,293.52878,0.0,2246.375
2011-04-15 00:00:00+00:00,69.1,-105.1166667,,,0,0,0,0,1,3.1,2.48,248.40825,0.0,0.0
2011-04-15 00:00:00+00:00,0.38,6.72,,,1,0,0,0,0,3.1,2.48,299.3453,3.9769926e-05,0.0
2011-04-15 00:00:00+00:00,-22.66416667,-48.06,,,1,0,0,0,0,3.1,2.48,297.123,9.609697e-06,490.46875
2011-04-15 00:00:00+00:00,-67.57,-68.13,,,0,0,0,0,1,3.1,2.48,,,11.128906
2011-04-15 00:00:00+00:00,49.67,-93.72,,,0,0,0,1,0,3.1,2.48,275.15793,4.442046e-05,427.09375
2011-04-15 00:00:00+00:00,29.7,91.13333333,,,0,0,0,0,1,3.1,2.48,287.11295,0.0,3735.25
2011-04-15 00:00:00+00:00,12.54194444,39.76972222,,,0,1,0,0,0,3.1,2.48,294.3432,0.0,1782.5
2011-04-15 00:00:00+00:00,18.9,72.82,,,1,0,0,0,0,3.1,2.48,303.6241,0.0,0.0
2011-05-15 00:00:00+00:00,52.3,104.2833333,,,0,0,0,1,0,0.6,-0.06,290.80524,3.6857666e-05,427.25
2011-05-15 00:00:00+00:00,47.54260867,7.58371693,,,0,0,1,0,0,0.6,-0.06,284.44702,4.5620673e-05,304.73438
2011-05-15 00:00:00+00:00,23.27,5.6,,,0,1,0,0,0,0.6,-0.06,295.53946,0.0,2246.375
2011-05-15 00:00:00+00:00,69.1,-105.1166667,,,0,0,0,0,1,0.6,-0.06,263.91354,0.0,0.0
2011-05-15 00:00:00+00:00,0.38,6.72,,,1,0,0,0,0,0.6,-0.06,298.6223,0.00015031811,0.0
2011-05-15 00:00:00+00:00,-22.66416667,-48.06,,,1,0,0,0,0,0.6,-0.06,293.9059,0.0,490.46875
2011-05-15 00:00:00+00:00,-67.57,-68.13,,,0,0,0,0,1,0.6,-0.06,,,11.128906
2011-05-15 00:00:00+00:00,49.67,-93.72,,,0,0,0,1,0,0.6,-0.06,280.3007,0.0,427.09375
2011-05-15 00:00:00+00:00,29.7,91.13333333,,,0,0,0,0,1,0.6,-0.06,286.7231,4.7471763e-06,3735.25
2011-05-15 00:00:00+00:00,12.54194444,39.76972222,,,0,1,0,0,0,0.6,-0.06,293.27805,0.00014205312,1782.5
2011-05-15 00:00:00+00:00,18.9,72.82,,,1,0,0,0,0,0.6,-0.06,304.32248,0.0,0.0
2011-06-15 00:00:00+00:00,52.3,104.2833333,,,0,0,0,1,0,0.4,-1.28,288.77072,0.0,427.25
2011-06-15 00:00:00+00:00,47.54260867,7.58371693,,,0,0,1,0,0,0.4,-1.28,290.34137,0.0,304.73438
2011-06-15 00:00:00+00:00,23.27,5.6,,,0,1,0,0,0,0.4,-1.28,300.9395,0.0,2246.375
2011-06-15 00:00:00+00:00,69.1,-105.1166667,,,0,0,0,0,1,0.4,-1.28,276.7773,0.0,0.0
2011-06-15 00:00:00+00:00,0.38,6.72,,,1,0,0,0,0,0.4,-1.28,298.0449,0.0,0.0
2011-06-15 00:00:00+00:00,-22.66416667,-48.06,,,1,0,0,0,0,0.4,-1.28,287.84955,0.0007165077,490.46875
2011-06-15 00:00:00+00:00,-67.57,-68.13,,,0,0,0,0,1,0.4,-1.28,,,11.128906
2011-06-15 00:00:00+00:00,49.67,-93.72,,,0,0,0,1,0,0.4,-1.28,286.96518,0.0,427.09375
2011-06-15 00:00:00+00:00,29.7,91.13333333,,,0,0,0,0,1,0.4,-1.28,292.01825,7.366387e-05,3735.25
2011-06-15 00:00:00+00:00,12.54194444,39.76972222,,,0,1,0,0,0,0.4,-1.28,290.7544,9.386917e-05,1782.5
2011-06-15 00:00:00+00:00,18.9,72.82,,,1,0,0,0,0,0.4,-1.28,304.1944,2.3990244e-05,0.0
2011-07-15 00:00:00+00:00,52.3,104.2833333,,,0,0,0,1,0,1.6,-1.51,292.33878,7.7821016e-05,427.25
2011-07-15 00:00:00+00:00,47.54260867,7.58371693,,,0,0,1,0,0,1.6,-1.51,285.03848,3.5924946e-05,304.73438
2011-07-15 00:00:00+00:00,23.27,5.6,,,0,1,0,0,0,1.6,-1.51,299.44427,0.0,2246.375
2011-07-15 00:00:00+00:00,69.1,-105.1166667,,,0,0,0,0,1,1.6,-1.51,283.8881,0.0,0.0
2011-07-15 00:00:00+00:00,0.38,6.72,,,1,0,0,0,0,1.6,-1.51,295.45657,5.6931135e-06,0.0
2011-07-15 00:00:00+00:00,-22.66416667,-48.06,,,1,0,0,0,0,1.6,-1.51,292.72675,0.0,490.46875
2011-07-15 00:00:00+00:00,-67.57,-68.13,,,0,0,0,0,1,1.6,-1.51,,,11.128906
2011-07-15 00:00:00+00:00,49.67,-93.72,,,0,0,0,1,0,1.6,-1.51,289.79968,0.00016804527,427.09375
2011-07-15 00:00:00+00:00,29.7,91.13333333,,,0,0,0,0,1,1.6,-1.51,291.63504,6.451666e-05,3735.25
2011-07-15 00:00:00+00:00,12.54194444,39.76972222,,,0,1,0,0,0,1.6,-1.51,294.5629,0.0,1782.5
2011-07-15 00:00:00+00:00,18.9,72.82,,,1,0,0,0,0,1.6,-1.51,300.27722,0.00011813094,0.0
2011-08-15 00:00:00+00:00,52.3,104.2833333,,,0,0,0,1,0,0.7,-1.35,289.62152,4.732784e-05,427.25
2011-08-15 00:00:00+00:00,47.54260867,7.58371693,,,0,0,1,0,0,0.7,-1.35,294.41373,2.4982037e-05,304.73438
2011-08-15 00:00:00+00:00,23.27,5.6,,,0,1,0,0,0,0.7,-1.35,301.0204,0.0,2246.375
2011-08-15 00:00:00+00:00,69.1,-105.1166667,,,0,0,0,0,1,0.7,-1.35,276.99063,0.0,0.0
2011-08-15 00:00:00+00:00,0.38,6.72,,,1,0,0,0,0,0.7,-1.35,295.42328,5.362674e-06,0.0
2011-08-15 00:00:00+00:00,-22.66416667,-48.06,,,1,0,0,0,0,0.7,-1.35,295.08636,0.0,490.46875
2011-08-15 00:00:00+00:00,-67.57,-68.13,,,0,0,0,0,1,0.7,-1.35,,,11.128906
2011-08-15 00:00:00+00:00,49.67,-93.72,,,0,0,0,1,0,0.7,-1.35,289.34552,0.0,427.09375
2011-08-15 00:00:00+00:00,29.7,91.13333333,,,0,0,0,0,1,0.7,-1.35,291.5314,5.1068342e-05,3735.25
2011-08-15 00:00:00+00:00,12.54194444,39.76972222,,,0,1,0,0,0,0.7,-1.35,293.2674,0.00017638737,1782.5
2011-08-15 00:00:00+00:00,18.9,72.82,,,1,0,0,0,0,0.7,-1.35,300.51382,3.8346738e-05,0.0
2011-09-15 00:00:00+00:00,52.3,104.2833333,,,0,0,0,1,0,1.7,0.54,285.9118,9.978913e-06,427.25
2011-09-15 00:00:00+00:00,47.54260867,7.58371693,,,0,0,1,0,0,1.7,0.54,286.16373,0.0,304.73438
2011-09-15 00:00:00+00:00,23.27,5.6,,,0,1,0,0,0,1.7,0.54,300.81604,0.0,2246.375
2011-09-15 00:00:00+00:00,69.1,-105.1166667,,,0,0,0,0,1,1.7,0.54,273.79608,0.0,0.0
2011-09-15 00:00:00+00:00,0.38,6.72,,,1,0,0,0,0,1.7,0.54,296.7338,1.5129388e-05,0.0
2011-09-15 00:00:00+00:00,-22.66416667,-48.06,,,1,0,0,0,0,1.7,0.54,295.1613,0.0,490.46875
2011-09-15 00:00:00+00:00,-67.57,-68.13,,,0,0,0,0,1,1.7,0.54,,,11.128906
2011-09-15 00:00:00+00:00,49.67,-93.72,,,0,0,0,1,0,1.7,0.54,289.45993,0.0,427.09375
2011-09-15 00:00:00+00:00,29.7,91.13333333,,,0,0,0,0,1,1.7,0.54,288.3476,2.2421851e-05,3735.25
2011-09-15 00:00:00+00:00,12.54194444,39.76972222,,,0,1,0,0,0,1.7,0.54,292.2053,0.0,1782.5
2011-09-15 00:00:00+00:00,18.9,72.82,,,1,0,0,0,0,1.7,0.54,300.6825,1.8975772e-05,0.0
2011-10-15 00:00:00+00:00,52.3,104.2833333,,,0,0,0,1,0,1.2,0.39,272.67337,0.0,427.25
2011-10-15 00:00:00+00:00,47.54260867,7.58371693,,,0,0,1,0,0,1.2,0.39,282.36252,1.4757976e-05,304.73438
2011-10-15 00:00:00+00:00,23.27,5.6,,,0,1,0,0,0,1.2,0.39,295.31747,0.0,2246.375
2011-10-15 00:00:00+00:00,69.1,-105.1166667,,,0,0,0,0,1,1.2,0.39,265.08377,1.6039674e-05,0.0
2011-10-15 00:00:00+00:00,0.38,6.72,,,1,0,0,0,0,1.2,0.39,297.8543,1.8429513e-05,0.0
2011-10-15 00:00:00+00:00,-22.66416667,-48.06,,,1,0,0,0,0,1.2,0.39,296.37445,9.736375e-06,490.46875
2011-10-15 00:00:00+00:00,-67.57,-68.13,,,0,0,0,0,1,1.2,0.39,,,11.128906
2011-10-15 00:00:00+00:00,49.67,-93.72,,,0,0,0,1,0,1.2,0.39,279.96603,0.0,427.09375
2011-10-15 00:00:00+00:00,29.7,91.13333333,,,0,0,0,0,1,1.2,0.39,282.25708,0.0,3735.25
2011-10-15 00:00:00+00:00,12.54194444,39.76972222,,,0,1,0,0,0,1.2,0.39,294.55978,0.0,1782.5
2011-10-15 00:00:00+00:00,18.9,72.82,,,1,0,0,0,0,1.2,0.39,301.39307,0.0,0.0
2011-11-15 00:00:00+00:00,52.3,104.2833333,,,0,0,0,1,0,1.8,1.36,267.97903,0.0,427.25
2011-11-15 00:00:00+00:00,47.54260867,7.58371693,,,0,0,1,0,0,1.8,1.36,276.5477,0.0,304.73438
2011-11-15 00:00:00+00:00,23.27,5.6,,,0,1,0,0,0,1.8,1.36,287.61075,0.0,2246.375
2011-11-15 00:00:00+00:00,69.1,-105.1166667,,,0,0,0,0,1,1.8,1.36,253.65335,0.0,0.0
2011-11-15 00:00:00+00:00,0.38,6.72,,,1,0,0,0,0,1.8,1.36,298.5921,0.00013707414,0.0
2011-11-15 00:00:00+00:00,-22.66416667,-48.06,,,1,0,0,0,0,1.8,1.36,297.3916,5.37721e-05,490.46875
2011-11-15 00:00:00+00:00,-67.57,-68.13,,,0,0,0,0,1,1.8,1.36,,,11.128906
2011-11-15 00:00:00+00:00,49.67,-93.72,,,0,0,0,1,0,1.8,1.36,270.57446,1.3166812e-05,427.09375
2011-11-15 00:00:00+00:00,29.7,91.13333333,,,0,0,0,0,1,1.8,1.36,280.69525,0.0,3735.25
2011-11-15 00:00:00+00:00,12.54194444,39.76972222,,,0,1,0,0,0,1.8,1.36,289.74442,0.0,1782.5
2011-11-15 00:00:00+00:00,18.9,72.82,,,1,0,0,0,0,1.8,1.36,300.7286,0.0,0.0
2011-12-15 00:00:00+00:00,52.3,104.2833333,,,0,0,0,1,0,4.1,2.52,250.4234,0.0,427.25
2011-12-15 00:00:00+00:00,47.54260867,7.58371693,,,0,0,1,0,0,4.1,2.52,273.39432,0.0,304.73438
2011-12-15 00:00:00+00:00,23.27,5.6,,,0,1,0,0,0,4.1,2.52,287.52206,0.0,2246.375
2011-12-15 00:00:00+00:00,69.1,-105.1166667,,,0,0,0,0,1,4.1,2.52,237.49686,0.0,0.0
2011-12-15 00:00:00+00:00,0.38,6.72,,,1,0,0,0,0,4.1,2.52,298.33646,6.908523e-05,0.0
2011-12-15 00:00:00+00:00,-22.66416667,-48.06,,,1,0,0,0,0,4.1,2.52,297.0795,0.0,490.46875
2011-12-15 00:00:00+00:00,-67.57,-68.13,,,0,0,0,0,1,4.1,2.52,,,11.128906
2011-12-15 00:00:00+00:00,49.67,-93.72,,,0,0,0,1,0,4.1,2.52,270.31287,0.0,427.09375
2011-12-15 00:00:00+00:00,29.7,91.13333333,,,0,0,0,0,1,4.1,2.52,275.08612,0.0,3735.25
2011-12-15 00:00:00+00:00,12.54194444,39.76972222,,,0,1,0,0,0,4.1,2.52,291.0917,0.0,1782.5
2011-12-15 00:00:00+00:00,18.9,72.82,,,1,0,0,0,0,4.1,2.52,297.97498,0.0,0.0
2012-01-15 00:00:00+00:00,52.3,104.2833333,,,0,0,0,1,0,1.8,1.17,260.67712,4.3541382e-05,427.25
2012-01-15 00:00:00+00:00,47.54260867,7.58371693,,,0,0,1,0,0,1.8,1.17,276.31665,5.832514e-05,304.73438
2012-01-15 00:00:00+00:00,23.27,5.6,,,0,1,0,0,0,1.8,1.17,286.19843,0.0,2246.375
2012-01-15 00:00:00+00:00,69.1,-105.1166667,,,0,0,0,0,1,1.8,1.17,242.8955,0.0,0.0
2012-01-15 00:00:00+00:00,0.38,6.72,,,1,0,0,0,0,1.8,1.17,298.4376,5.980416e-05,0.0
2012-01-15 00:00:00+00:00,-22.66416667,-48.06,,,1,0,0,0,0,1.8,1.17,295.72977,0.00012073854,490.46875
2012-01-15 00:00:00+00:00,-67.57,-68.13,,,0,0,0,0,1,1.8,1.17,,,11.128906
2012-01-15 00:00:00+00:00,49.67,-93.72,,,0,0,0,1,0,1.8,1.17,266.1379,0.0,427.09375
2012-01-15 00:00:00+00:00,29.7,91.13333333,,,0,0,0,0,1,1.8,1.17,277.17203,0.0,3735.25
2012-01-15 00:00:00+00:00,12.54194444,39.76972222,,,0,1,0,0,0,1.8,1.17,289.11282,0.0,1782.5
2012-01-15 00:00:00+00:00,18.9,72.82,,,1,0,0,0,0,1.8,1.17,298.52542,0.0,0.0
2012-02-15 00:00:00+00:00,52.3,104.2833333,,,0,0,0,1,0,0.8,0.42,253.32732,6.354262e-06,427.25
2012-02-15 00:00:00+00:00,47.54260867,7.58371693,,,0,0,1,0,0,0.8,0.42,272.90805,1.8525665e-05,304.73438
2012-02-15 00:00:00+00:00,23.27,5.6,,,0,1,0,0,0,0.8,0.42,282.17282,5.1833606e-05,2246.375
2012-02-15 00:00:00+00:00,69.1,-105.1166667,,,0,0,0,0,1,0.8,0.42,236.35643,0.0,0.0
2012-02-15 00:00:00+00:00,0.38,6.72,,,1,0,0,0,0,0.8,0.42,298.36685,0.00013653138,0.0
2012-02-15 00:00:00+00:00,-22.66416667,-48.06,,,1,0,0,0,0,0.8,0.42,297.7502,7.259644e-05,490.46875
2012-02-15 00:00:00+00:00,-67.57,-68.13,,,0,0,0,0,1,0.8,0.42,,,11.128906
2012-02-15 00:00:00+00:00,49.67,-93.72,,,0,0,0,1,0,0.8,0.42,254.2702,0.0,427.09375
2012-02-15 00:00:00+00:00,29.7,91.13333333,,,0,0,0,0,1,0.8,0.42,280.86423,0.0,3735.25
2012-02-15 00:00:00+00:00,12.54194444,39.76972222,,,0,1,0,0,0,0.8,0.42,292.1156,0.0,1782.5
2012-02-15 00:00:00+00:00,18.9,72.82,,,1,0,0,0,0,0.8,0.42,298.58777,0.0,0.0
2012-03-15 00:00:00+00:00,52.3,104.2833333,,,0,0,0,1,0,1.2,1.27,278.67267,2.9827663e-05,427.25
2012-03-15 00:00:00+00:00,47.54260867,7.58371693,,,0,0,1,0,0,1.2,1.27,278.87073,2.9096107e-05,304.73438
2012-03-15 00:00:00+00:00,23.27,5.6,,,0,1,0,0,0,1.2,1.27,290.25183,0.0,2246.375
2012-03-15 00:00:00+00:00,69.1,-105.1166667,,,0,0,0,0,1,1.2,1.27,247.9175,3.5213268e-06,0.0
2012-03-15 00:00:00+00:00,0.38,6.72,,,1,0,0,0,0,1.2,1.27,300.78073,1.7144868e-05,0.0
2012-03-15 00:00:00+00:00,-22.66416667,-48.06,,,1,0,0,0,0,1.2,1.27,300.6262,1.4528037e-05,490.46875
2012-03-15 00:00:00+00:00,-67.57,-68.13,,,0,0,0,0,1,1.2,1.27,,,11.128906
2012-03-15 00:00:00+00:00,49.67,-93.72,,,0,0,0,1,0,1.2,1.27,269.7803,0.0,427.09375
2012-03-15 00:00:00+00:00,29.7,91.13333333,,,0,0,0,0,1,1.2,1.27,277.38162,0.0,3735.25
2012-03-15 00:00:00+00:00,12.54194444,39.76972222,,,0,1,0,0,0,1.2,1.27,290.6156,0.0004778119,1782.5
2012-03-15 00:00:00+00:00,18.9,72.82,,,1,0,0,0,0,1.2,1.27,299.83878,0.0,0.0
2012-04-15 00:00:00+00:00,52.3,104.2833333,,,0,0,0,1,0,-0.4,0.47,270.36386,1.020194e-05,427.25
2012-04-15 00:00:00+00:00,47.54260867,7.58371693,,,0,0,1,0,0,-0.4,0.47,286.04636,0.0,304.73438
2012-04-15 00:00:00+00:00,23.27,5.6,,,0,1,0,0,0,-0.4,0.47,292.51382,5.178511e-05,2246.375
2012-04-15 00:00:00+00:00,69.1,-105.1166667,,,0,0,0,0,1,-0.4,0.47,264.24942,0.0,0.0
2012-04-15 00:00:00+00:00,0.38,6.72,,,1,0,0,0,0,-0.4,0.47,300.66962,3.6220106e-05,0.0
2012-04-15 00:00:00+00:00,-22.66416667,-48.06,,,1,0,0,0,0,-0.4,0.47,297.66757,0.0,490.46875
2012-04-15 00:00:00+00:00,-67.57,-68.13,,,0,0,0,0,1,-0.4,0.47,,,11.128906
2012-04-15 00:00:00+00:00,49.67,-93.72,,,0,0,0,1,0,-0.4,0.47,281.89133,0.0,427.09375
2012-04-15 00:00:00+00:00,29.7,91.13333333,,,0,0,0,0,1,-0.4,0.47,281.29443,0.0,3735.25
2012-04-15 00:00:00+00:00,12.54194444,39.76972222,,,0,1,0,0,0,-0.4,0.47,293.20825,0.0,1782.5
2012-04-15 00:00:00+00:00,18.9,72.82,,,1,0,0,0,0,-0.4,0.47,303.20413,0.0,0.0
2012-05-15 00:00:00+00:00,52.3,104.2833333,,,0,0,0,1,0,0.1,-0.91,282.57742,1.5393329e-05,427.25
2012-05-15 00:00:00+00:00,47.54260867,7.58371693,,,0,0,1,0,0,0.1,-0.91,285.88147,4.4653887e-05,304.73438
2012-05-15 00:00:00+00:00,23.27,5.6,,,0,1,0,0,0,0.1,-0.91,293.61896,0.0,2246.375
2012-05-15 00:00:00+00:00,69.1,-105.1166667,,,0,0,0,0,1,0.1,-0.91,274.78162,2.1450425e-05,0.0
2012-05-15 00:00:00+00:00,0.38,6.72,,,1,0,0,0,0,0.1,-0.91,300.0488,5.537457e-05,0.0
2012-05-15 00:00:00+00:00,-22.66416667,-48.06,,,1,0,0,0,0,0.1,-0.91,293.74332,8.4895575e-05,490.46875
2012-05-15 00:00:00+00:00,-67.57,-68.13,,,0,0,0,0,1,0.1,-0.91,,,11.128906
2012-05-15 00:00:00+00:00,49.67,-93.72,,,0,0,0,1,0,0.1,-0.91,286.76086,0.0,427.09375
2012-05-15 00:00:00+00:00,29.7,91.13333333,,,0,0,0,0,1,0.1,-0.91,289.82443,9.48131e-06,3735.25
2012-05-15 00:00:00+00:00,12.54194444,39.76972222,,,0,1,0,0,0,0.1,-0.91,294.91327,0.0,1782.5
2012-05-15 00:00:00+00:00,18.9,72.82,,,1,0,0,0,0,0.1,-0.91,304.13354,0.0,0.0
2012-06-15 00:00:00+00:00,52.3,104.2833333,,,0,0,0,1,0,-0.7,-2.53,286.05014,0.0,427.25
2012-06-15 00:00:00+00:00,47.54260867,7.58371693,,,0,0,1,0,0,-0.7,-2.53,290.61417,0.0,304.73438
2012-06-15 00:00:00+00:00,23.27,5.6,,,0,1,0,0,0,-0.7,-2.53,300.02618,0.0,2246.375
2012-06-15 00:00:00+00:00,69.1,-105.1166667,,,0,0,0,0,1,-0.7,-2.53,273.7408,0.0,0.0
2012-06-15 00:00:00+00:00,0.38,6.72,,,1,0,0,0,0,-0.7,-2.53,296.8342,0.0,0.0
2012-06-15 00:00:00+00:00,-22.66416667,-48.06,,,1,0,0,0,0,-0.7,-2.53,292.04822,0.0,490.46875
2012-06-15 00:00:00+00:00,-67.57,-68.13,,,0,0,0,0,1,-0.7,-2.53,,,11.128906
2012-06-15 00:00:00+00:00,49.67,-93.72,,,0,0,0,1,0,-0.7,-2.53,291.64087,0.00023886753,427.09375
2012-06-15 00:00:00+00:00,29.7,91.13333333,,,0,0,0,0,1,-0.7,-2.53,294.29623,0.0,3735.25
2012-06-15 00:00:00+00:00,12.54194444,39.76972222,,,0,1,0,0,0,-0.7,-2.53,296.4386,0.0,1782.5
2012-06-15 00:00:00+00:00,18.9,72.82,,,1,0,0,0,0,-0.7,-2.53,301.73862,0.000106905136,0.0
2012-07-15 00:00:00+00:00,52.3,104.2833333,,,0,0,0,1,0,-0.1,-1.32,291.05902,0.0,427.25
2012-07-15 00:00:00+00:00,47.54260867,7.58371693,,,0,0,1,0,0,-0.1,-1.32,290.78696,3.430957e-05,304.73438
2012-07-15 00:00:00+00:00,23.27,5.6,,,0,1,0,0,0,-0.1,-1.32,300.62482,0.0,2246.375
2012-07-15 00:00:00+00:00,69.1,-105.1166667,,,0,0,0,0,1,-0.1,-1.32,281.53082,0.0,0.0
2012-07-15 00:00:00+00:00,0.38,6.72,,,1,0,0,0,0,-0.1,-1.32,296.1365,0.0,0.0
2012-07-15 00:00:00+00:00,-22.66416667,-48.06,,,1,0,0,0,0,-0.1,-1.32,293.74356,0.0,490.46875
2012-07-15 00:00:00+00:00,-67.57,-68.13,,,0,0,0,0,1,-0.1,-1.32,,,11.128906
2012-07-15 00:00:00+00:00,49.67,-93.72,,,0,0,0,1,0,-0.1,-1.32,291.6814,0.0,427.09375
2012-07-15 00:00:00+00:00,29.7,91.13333333,,,0,0,0,0,1,-0.1,-1.32,290.2518,0.00038182823,3735.25
2012-07-15 00:00:00+00:00,12.54194444,39.76972222,,,0,1,0,0,0,-0.1,-1.32,293.6652,0.00022834484,1782.5
2012-07-15 00:00:00+00:00,18.9,72.82,,,1,0,0,0,0,-0.1,-1.32,300.80026,6.4125146e-05,0.0
2012-08-15 00:00:00+00:00,52.3,104.2833333,,,0,0,0,1,0,-0.3,-0.98,287.26996,0.00032743005,427.25
2012-08-15 00:00:00+00:00,47.54260867,7.58371693,,,0,0,1,0,0,-0.3,-0.98,292.47604,9.023756e-05,304.73438
2012-08-15 00:00:00+00:00,23.27,5.6,,,0,1,0,0,0,-0.3,-0.98,301.2306,3.1002628e-06,2246.375
2012-08-15 00:00:00+00:00,69.1,-105.1166667,,,0,0,0,0,1,-0.3,-0.98,283.27222,0.0,0.0
2012-08-15 00:00:00+00:00,0.38,6.72,,,1,0,0,0,0,-0.3,-0.98,295.55887,1.26325585e-05,0.0
2012-08-15 00:00:00+00:00,-22.66416667,-48.06,,,1,0,0,0,0,-0.3,-0.98,290.15485,0.0,490.46875
2012-08-15 00:00:00+00:00,-67.57,-68.13,,,0,0,0,0,1,-0.3,-0.98,,,11.128906
2012-08-15 00:00:00+00:00,49.67,-93.72,,,0,0,0,1,0,-0.3,-0.98,287.54062,0.0,427.09375
2012-08-15 00:00:00+00:00,29.7,91.13333333,,,0,0,0,0,1,-0.3,-0.98,290.46967,2.893431e-05,3735.25
2012-08-15 00:00:00+00:00,12.54194444,39.76972222,,,0,1,0,0,0,-0.3,-0.98,292.57153,0.00012971544,1782.5
2012-08-15 00:00:00+00:00,18.9,72.82,,,1,0,0,0,0,-0.3,-0.98,299.44156,8.265408e-05,0.0
2012-09-15 00:00:00+00:00,52.3,104.2833333,,,0,0,0,1,0,0.4,-0.59,280.69507,1.5224627e-05,427.25
2012-09-15 00:00:00+00:00,47.54260867,7.58371693,,,0,0,1,0,0,0.4,-0.59,289.75674,0.0,304.73438
2012-09-15 00:00:00+00:00,23.27,5.6,,,0,1,0,0,0,0.4,-0.59,299.25424,0.0,2246.375
2012-09-15 00:00:00+00:00,69.1,-105.1166667,,,0,0,0,0,1,0.4,-0.59,273.35992,7.4977297e-06,0.0
2012-09-15 00:00:00+00:00,0.38,6.72,,,1,0,0,0,0,0.4,-0.59,296.67078,4.0896724e-05,0.0
2012-09-15 00:00:00+00:00,-22.66416667,-48.06,,,1,0,0,0,0,0.4,-0.59,287.93842,0.00023207573,490.46875
2012-09-15 00:00:00+00:00,-67.57,-68.13,,,0,0,0,0,1,0.4,-0.59,,,11.128906
2012-09-15 00:00:00+00:00,49.67,-93.72,,,0,0,0,1,0,0.4,-0.59,288.59476,0.0,427.09375
2012-09-15 00:00:00+00:00,29.7,91.13333333,,,0,0,0,0,1,0.4,-0.59,291.14752,0.0,3735.25
2012-09-15 00:00:00+00:00,12.54194444,39.76972222,,,0,1,0,0,0,0.4,-0.59,293.6173,0.0,1782.5
2012-09-15 00:00:00+00:00,18.9,72.82,,,1,0,0,0,0,0.4,-0.59,300.85263,3.637113e-05,0.0
2012-10-15 00:00:00+00:00,52.3,104.2833333,,,0,0,0,1,0,0.5,-2.06,273.52753,0.0,427.25
2012-10-15 00:00:00+00:00,47.54260867,7.58371693,,,0,0,1,0,0,0.5,-2.06,281.40936,6.922227e-05,304.73438
2012-10-15 00:00:00+00:00,23.27,5.6,,,0,1,0,0,0,0.5,-2.06,292.84564,0.0,2246.375
2012-10-15 00:00:00+00:00,69.1,-105.1166667,,,0,0,0,0,1,0.5,-2.06,267.21277,0.0,0.0
2012-10-15 00:00:00+00:00,0.38,6.72,,,1,0,0,0,0,0.5,-2.06,298.1513,1.4096137e-05,0.0
2012-10-15 00:00:00+00:00,-22.66416667,-48.06,,,1,0,0,0,0,0.5,-2.06,291.26028,0.0,490.46875
2012-10-15 00:00:00+00:00,-67.57,-68.13,,,0,0,0,0,1,0.5,-2.06,,,11.128906
2012-10-15 00:00:00+00:00,49.67,-93.72,,,0,0,0,1,0,0.5,-2.06,278.71262,0.0,427.09375
2012-10-15 00:00:00+00:00,29.7,91.13333333,,,0,0,0,0,1,0.5,-2.06,285.48157,0.0,3735.25
2012-10-15 00:00:00+00:00,12.54194444,39.76972222,,,0,1,0,0,0,0.5,-2.06,292.7012,0.0,1782.5
2012-10-15 00:00:00+00:00,18.9,72.82,,,1,0,0,0,0,0.5,-2.06,303.14447,2.4323772e-06,0.0
2012-11-15 00:00:00+00:00,52.3,104.2833333,,,0,0,0,1,0,0.4,-0.58,264.33966,0.0,427.25
2012-11-15 00:00:00+00:00,47.54260867,7.58371693,,,0,0,1,0,0,0.4,-0.58,276.42447,0.0,304.73438
2012-11-15 00:00:00+00:00,23.27,5.6,,,0,1,0,0,0,0.4,-0.58,284.8276,0.0,2246.375
2012-11-15 00:00:00+00:00,69.1,-105.1166667,,,0,0,0,0,1,0.4,-0.58,250.79086,0.0,0.0
2012-11-15 00:00:00+00:00,0.38,6.72,,,1,0,0,0,0,0.4,-0.58,297.7947,8.95352e-05,0.0
2012-11-15 00:00:00+00:00,-22.66416667,-48.06,,,1,0,0,0,0,0.4,-0.58,299.14276,0.0,490.46875
2012-11-15 00:00:00+00:00,-67.57,-68.13,,,0,0,0,0,1,0.4,-0.58,,,11.128906
2012-11-15 00:00:00+00:00,49.67,-93.72,,,0,0,0,1,0,0.4,-0.58,261.73355,0.0,427.09375
2012-11-15 00:00:00+00:00,29.7,91.13333333,,,0,0,0,0,1,0.4,-0.58,281.64725,0.0,3735.25
2012-11-15 00:00:00+00:00,12.54194444,39.76972222,,,0,1,0,0,0,0.4,-0.58,292.19156,0.0,1782.5
2012-11-15 00:00:00+00:00,18.9,72.82,,,1,0,0,0,0,0.4,-0.58,300.96155,0.0,0.0
2012-12-15 00:00:00+00:00,52.3,104.2833333,,,0,0,0,1,0,-1.0,0.17,256.96536,0.0,427.25
2012-12-15 00:00:00+00:00,47.54260867,7.58371693,,,0,0,1,0,0,-1.0,0.17,277.20264,8.249343e-05,304.73438
2012-12-15 00:00:00+00:00,23.27,5.6,,,0,1,0,0,0,-1.0,0.17,286.0075,0.0,2246.375
2012-12-15 00:00:00+00:00,69.1,-105.1166667,,,0,0,0,0,1,-1.0,0.17,238.85713,0.0,0.0
2012-12-15 00:00:00+00:00,0.38,6.72,,,1,0,0,0,0,-1.0,0.17,298.15497,9.464855e-05,0.0
2012-12-15 00:00:00+00:00,-22.66416667,-48.06,,,1,0,0,0,0,-1.0,0.17,293.97366,0.00012540029,490.46875
2012-12-15 00:00:00+00:00,-67.57,-68.13,,,0,0,0,0,1,-1.0,0.17,,,11.128906
2012-12-15 00:00:00+00:00,49.67,-93.72,,,0,0,0,1,0,-1.0,0.17,264.91495,0.0,427.09375
2012-12-15 00:00:00+00:00,29.7,91.13333333,,,0,0,0,0,1,-1.0,0.17,281.54718,0.0,3735.25
2012-12-15 00:00:00+00:00,12.54194444,39.76972222,,,0,1,0,0,0,-1.0,0.17,289.9163,0.0,1782.5
2012-12-15 00:00:00+00:00,18.9,72.82,,,1,0,0,0,0,-1.0,0.17,299.19394,6.2546074e-05,0.0
2013-01-15 00:00:00+00:00,52.3,104.2833333,,,0,0,0,1,0,-0.1,0.35,256.15695,0.0,427.25
2013-01-15 00:00:00+00:00,47.54260867,7.58371693,,,0,0,1,0,0,-0.1,0.35,273.7263,0.0,304.73438
2013-01-15 00:00:00+00:00,23.27,5.6,,,0,1,0,0,0,-0.1,0.35,280.82492,0.0,2246.375
2013-01-15 00:00:00+00:00,69.1,-105.1166667,,,0,0,0,0,1,-0.1,0.35,250.21898,0.0,0.0
2013-01-15 00:00:00+00:00,0.38,6.72,,,1,0,0,0,0,-0.1,0.35,297.76407,0.0001794005,0.0
2013-01-15 00:00:00+00:00,-22.66416667,-48.06,,,1,0,0,0,0,-0.1,0.35,296.848,3.6801324e-05,490.46875
2013-01-15 00:00:00+00:00,-67.57,-68.13,,,0,0,0,0,1,-0.1,0.35,,,11.128906
2013-01-15 00:00:00+00:00,49.67,-93.72,,,0,0,0,1,0,-0.1,0.35,259.10098,8.196175e-06,427.09375
2013-01-15 00:00:00+00:00,29.7,91.13333333,,,0,0,0,0,1,-0.1,0.35,272.89136,0.0,3735.25
2013-01-15 00:00:00+00:00,12.54194444,39.76972222,,,0,1,0,0,0,-0.1,0.35,292.67123,0.0,1782.5
2013-01-15 00:00:00+00:00,18.9,72.82,,,1,0,0,0,0,-0.1,0.35,298.32245,0.0,0.0
2013-02-15 00:00:00+00:00,52.3,104.2833333,,,0,0,0,1,0,-0.4,-0.45,263.15704,0.0,427.25
2013-02-15 00:00:00+00:00,47.54260867,7.58371693,,,0,0,1,0,0,-0.4,-0.45,269.38132,2.7464905e-05,304.73438
2013-02-15 00:00:00+00:00,23.27,5.6,,,0,1,0,0,0,-0.4,-0.45,286.2621,0.0,2246.375
2013-02-15 00:00:00+00:00,69.1,-105.1166667,,,0,0,0,0,1,-0.4,-0.45,241.62941,2.9518114e-06,0.0
2013-02-15 00:00:00+00:00,0.38,6.72,,,1,0,0,0,0,-0.4,-0.45,299.543,4.1211966e-05,0.0
2013-02-15 00:00:00+00:00,-22.66416667,-48.06,,,1,0,0,0,0,-0.4,-0.45,300.33542,2.790076e-05,490.46875
2013-02-15 00:00:00+00:00,-67.57,-68.13,,,0,0,0,0,1,-0.4,-0.45,,,11.128906
2013-02-15 00:00:00+00:00,49.67,-93.72,,,0,0,0,1,0,-0.4,-0.45,272.03558,0.0,427.09375
2013-02-15 00:00:00+00:00,29.7,91.13333333,,,0,0,0,0,1,-0.4,-0.45,275.79205,0.0,3735.25
2013-02-15 00:00:00+00:00,12.54194444,39.76972222,,,0,1,0,0,0,-0.4,-0.45,290.94867,0.0,1782.5
2013-02-15 00:00:00+00:00,18.9,72.82,,,1,0,0,0,0,-0.4,-0.45,299.60043,0.0,0.0
2013-03-15 00:00:00+00:00,52.3,104.2833333,,,0,0,0,1,0,2.5,-1.61,266.63672,0.0,427.25
2013-03-15 00:00:00+00:00,47.54260867,7.58371693,,,0,0,1,0,0,2.5,-1.61,278.9763,5.6486897e-05,304.73438
2013-03-15 00:00:00+00:00,23.27,5.6,,,0,1,0,0,0,2.5,-1.61,286.33,0.0,2246.375
2013-03-15 00:00:00+00:00,69.1,-105.1166667,,,0,0,0,0,1,2.5,-1.61,250.81079,0.0,0.0
2013-03-15 00:00:00+00:00,0.38,6.72,,,1,0,0,0,0,2.5,-1.61,300.34244,5.4246302e-05,0.0
2013-03-15 00:00:00+00:00,-22.66416667,-48.06,,,1,0,0,0,0,2.5,-1.61,296.3097,0.00010970418,490.46875
2013-03-15 00:00:00+00:00,-67.57,-68.13,,,0,0,0,0,1,2.5,-1.61,,,11.128906
2013-03-15 00:00:00+00:00,49.67,-93.72,,,0,0,0,1,0,2.5,-1.61,266.031,0.0,427.09375
2013-03-15 00:00:00+00:00,29.7,91.13333333,,,0,0,0,0,1,2.5,-1.61,284.06827,0.0,3735.25
2013-03-15 00:00:00+00:00,12.54194444,39.76972222,,,0,1,0,0,0,2.5,-1.61,292.66028,0.0,1782.5
2013-03-15 00:00:00+00:00,18.9,72.82,,,1,0,0,0,0,2.5,-1.61,302.2422,0.0,0.0
2013-04-15 00:00:00+00:00,52.3,104.2833333,,,0,0,0,1,0,0.4,0.69,274.85144,0.0,427.25
2013-04-15 00:00:00+00:00,47.54260867,7.58371693,,,0,0,1,0,0,0.4,0.69,279.51236,4.5056157e-05,304.73438
2013-04-15 00:00:00+00:00,23.27,5.6,,,0,1,0,0,0,0.4,0.69,294.9816,0.0,2246.375
2013-04-15 00:00:00+00:00,69.1,-105.1166667,,,0,0,0,0,1,0.4,0.69,257.16977,0.0,0.0
2013-04-15 00:00:00+00:00,0.38,6.72,,,1,0,0,0,0,0.4,0.69,299.37943,3.298494e-05,0.0
2013-04-15 00:00:00+00:00,-22.66416667,-48.06,,,1,0,0,0,0,0.4,0.69,297.55273,5.5297915e-06,490.46875
2013-04-15 00:00:00+00:00,-67.57,-68.13,,,0,0,0,0,1,0.4,0.69,,,11.128906
2013-04-15 00:00:00+00:00,49.67,-93.72,,,0,0,0,1,0,0.4,0.69,275.8976,2.046598e-05,427.09375
2013-04-15 00:00:00+00:00,29.7,91.13333333,,,0,0,0,0,1,0.4,0.69,284.29837,0.0,3735.25
2013-04-15 00:00:00+00:00,12.54194444,39.76972222,,,0,1,0,0,0,0.4,0.69,293.33386,0.00027785284,1782.5
2013-04-15 00:00:00+00:00,18.9,72.82,,,1,0,0,0,0,0.4,0.69,301.64932,0.0,0.0
2013-05-15 00:00:00+00:00,52.3,104.2833333,,,0,0,0,1,0,1.3,0.57,292.1981,0.0,427.25
2013-05-15 00:00:00+00:00,47.54260867,7.58371693,,,0,0,1,0,0,1.3,0.57,290.16855,0.0,304.73438
2013-05-15 00:00:00+00:00,23.27,5.6,,,0,1,0,0,0,1.3,0.57,298.85037,0.0,2246.375
2013-05-15 00:00:00+00:00,69.1,-105.1166667,,,0,0,0,0,1,1.3,0.57,263.25464,0.0,0.0
2013-05-15 00:00:00+00:00,0.38,6.72,,,1,0,0,0,0,1.3,0.57,299.70215,5.286535e-06,0.0
2013-05-15 00:00:00+00:00,-22.66416667,-48.06,,,1,0,0,0,0,1.3,0.57,292.16302,0.0,490.46875
2013-05-15 00:00:00+00:00,-67.57,-68.13,,,0,0,0,0,1,1.3,0.57,,,11.128906
2013-05-15 00:00:00+00:00,49.67,-93.72,,,0,0,0,1,0,1.3,0.57,284.81006,9.334964e-06,427.09375
2013-05-15 00:00:00+00:00,29.7,91.13333333,,,0,0,0,0,1,1.3,0.57,282.92484,0.0,3735.25
2013-05-15 00:00:00+00:00,12.54194444,39.76972222,,,0,1,0,0,0,1.3,0.57,293.22012,0.0,1782.5
2013-05-15 00:00:00+00:00,18.9,72.82,,,1,0,0,0,0,1.3,0.57,304.1881,0.0,0.0
2013-06-15 00:00:00+00:00,52.3,104.2833333,,,0,0,0,1,0,2.0,0.52,292.36816,0.0,427.25
2013-06-15 00:00:00+00:00,47.54260867,7.58371693,,,0,0,1,0,0,2.0,0.52,290.09286,0.0,304.73438
2013-06-15 00:00:00+00:00,23.27,5.6,,,0,1,0,0,0,2.0,0.52,300.61212,0.0,2246.375
2013-06-15 00:00:00+00:00,69.1,-105.1166667,,,0,0,0,0,1,2.0,0.52,276.74615,0.0,0.0
2013-06-15 00:00:00+00:00,0.38,6.72,,,1,0,0,0,0,2.0,0.52,297.59406,4.3418697e-07,0.0
2013-06-15 00:00:00+00:00,-22.66416667,-48.06,,,1,0,0,0,0,2.0,0.52,289.5658,0.0,490.46875
2013-06-15 00:00:00+00:00,-67.57,-68.13,,,0,0,0,0,1,2.0,0.52,,,11.128906
2013-06-15 00:00:00+00:00,49.67,-93.72,,,0,0,0,1,0,2.0,0.52,292.59143,0.0,427.09375
2013-06-15 00:00:00+00:00,29.7,91.13333333,,,0,0,0,0,1,2.0,0.52,291.72147,0.0,3735.25
2013-06-15 00:00:00+00:00,12.54194444,39.76972222,,,0,1,0,0,0,2.0,0.52,297.06622,0.0,1782.5
2013-06-15 00:00:00+00:00,18.9,72.82,,,1,0,0,0,0,2.0,0.52,302.1745,0.00014590296,0.0
2013-07-15 00:00:00+00:00,52.3,104.2833333,,,0,0,0,1,0,1.3,0.67,290.97836,0.0,427.25
2013-07-15 00:00:00+00:00,47.54260867,7.58371693,,,0,0,1,0,0,1.3,0.67,292.0329,1.5909878e-05,304.73438
2013-07-15 00:00:00+00:00,23.27,5.6,,,0,1,0,0,0,1.3,0.67,298.51453,1.9500516e-05,2246.375
2013-07-15 00:00:00+00:00,69.1,-105.1166667,,,0,0,0,0,1,1.3,0.67,279.69434,0.0,0.0
2013-07-15 00:00:00+00:00,0.38,6.72,,,1,0,0,0,0,1.3,0.67,296.8987,0.0,0.0
2013-07-15 00:00:00+00:00,-22.66416667,-48.06,,,1,0,0,0,0,1.3,0.67,293.18433,3.8915074e-05,490.46875
2013-07-15 00:00:00+00:00,-67.57,-68.13,,,0,0,0,0,1,1.3,0.67,,,11.128906
2013-07-15 00:00:00+00:00,49.67,-93.72,,,0,0,0,1,0,1.3,0.67,294.60107,0.00011523615,427.09375
2013-07-15 00:00:00+00:00,29.7,91.13333333,,,0,0,0,0,1,1.3,0.67,294.08536,6.0160677e-05,3735.25
2013-07-15 00:00:00+00:00,12.54194444,39.76972222,,,0,1,0,0,0,1.3,0.67,297.57544,0.0,1782.5
2013-07-15 00:00:00+00:00,18.9,72.82,,,1,0,0,0,0,1.3,0.67,300.3618,0.00017874772,0.0
2013-08-15 00:00:00+00:00,52.3,104.2833333,,,0,0,0,1,0,0.3,0.97,290.38223,0.0,427.25
2013-08-15 00:00:00+00:00,47.54260867,7.58371693,,,0,0,1,0,0,0.3,0.97,287.5563,0.0,304.73438
2013-08-15 00:00:00+00:00,23.27,5.6,,,0,1,0,0,0,0.3,0.97,298.614,1.108012e-05,2246.375
2013-08-15 00:00:00+00:00,69.1,-105.1166667,,,0,0,0,0,1,0.3,0.97,277.9901,0.0,0.0
2013-08-15 00:00:00+00:00,0.38,6.72,,,1,0,0,0,0,0.3,0.97,295.62177,4.445788e-06,0.0
2013-08-15 00:00:00+00:00,-22.66416667,-48.06,,,1,0,0,0,0,0.3,0.97,296.0302,1.2685168e-05,490.46875
2013-08-15 00:00:00+00:00,-67.57,-68.13,,,0,0,0,0,1,0.3,0.97,,,11.128906
2013-08-15 00:00:00+00:00,49.67,-93.72,,,0,0,0,1,0,0.3,0.97,292.84055,0.0,427.09375
2013-08-15 00:00:00+00:00,29.7,91.13333333,,,0,0,0,0,1,0.3,0.97,293.38263,0.0,3735.25
2013-08-15 00:00:00+00:00,12.54194444,39.76972222,,,0,1,0,0,0,0.3,0.97,294.31076,0.0,1782.5
2013-08-15 00:00:00+00:00,18.9,72.82,,,1,0,0,0,0,0.3,0.97,300.50577,7.654855e-05,0.0
2013-09-15 00:00:00+00:00,52.3,104.2833333,,,0,0,0,1,0,0.5,0.24,285.98312,0.0,427.25
2013-09-15 00:00:00+00:00,47.54260867,7.58371693,,,0,0,1,0,0,0.5,0.24,290.534,5.4385746e-05,304.73438
2013-09-15 00:00:00+00:00,23.27,5.6,,,0,1,0,0,0,0.5,0.24,296.22504,0.0,2246.375
2013-09-15 00:00:00+00:00,69.1,-105.1166667,,,0,0,0,0,1,0.5,0.24,275.57938,4.8385978e-06,0.0
2013-09-15 00:00:00+00:00,0.38,6.72,,,1,0,0,0,0,0.5,0.24,296.9567,2.6404037e-05,0.0
2013-09-15 00:00:00+00:00,-22.66416667,-48.06,,,1,0,0,0,0,0.5,0.24,301.04807,0.0,490.46875
2013-09-15 00:00:00+00:00,-67.57,-68.13,,,0,0,0,0,1,0.5,0.24,,,11.128906
2013-09-15 00:00:00+00:00,49.67,-93.72,,,0,0,0,1,0,0.5,0.24,280.79553,0.00015559477,427.09375
2013-09-15 00:00:00+00:00,29.7,91.13333333,,,0,0,0,0,1,0.5,0.24,290.11295,0.0,3735.25
2013-09-15 00:00:00+00:00,12.54194444,39.76972222,,,0,1,0,0,0,0.5,0.24,293.35852,0.0,1782.5
2013-09-15 00:00:00+00:00,18.9,72.82,,,1,0,0,0,0,0.5,0.24,300.0395,7.925277e-05,0.0
2013-10-15 00:00:00+00:00,52.3,104.2833333,,,0,0,0,1,0,-0.1,-1.28,271.70206,0.0,427.25
2013-10-15 00:00:00+00:00,47.54260867,7.58371693,,,0,0,1,0,0,-0.1,-1.28,287.91074,0.0,304.73438
2013-10-15 00:00:00+00:00,23.27,5.6,,,0,1,0,0,0,-0.1,-1.28,288.84805,0.0,2246.375
2013-10-15 00:00:00+00:00,69.1,-105.1166667,,,0,0,0,0,1,-0.1,-1.28,261.56836,0.0,0.0
2013-10-15 00:00:00+00:00,0.38,6.72,,,1,0,0,0,0,-0.1,-1.28,297.1753,9.386862e-05,0.0
2013-10-15 00:00:00+00:00,-22.66416667,-48.06,,,1,0,0,0,0,-0.1,-1.28,298.31714,0.0,490.46875
2013-10-15 00:00:00+00:00,-67.57,-68.13,,,0,0,0,0,1,-0.1,-1.28,,,11.128906
2013-10-15 00:00:00+00:00,49.67,-93.72,,,0,0,0,1,0,-0.1,-1.28,274.21387,0.0,427.09375
2013-10-15 00:00:00+00:00,29.7,91.13333333,,,0,0,0,0,1,-0.1,-1.28,287.72247,0.0,3735.25
2013-10-15 00:00:00+00:00,12.54194444,39.76972222,,,0,1,0,0,0,-0.1,-1.28,292.59064,0.0,1782.5
2013-10-15 00:00:00+00:00,18.9,72.82,,,1,0,0,0,0,-0.1,-1.28,300.5481,9.175331e-05,0.0
2013-11-15 00:00:00+00:00,52.3,104.2833333,,,0,0,0,1,0,1.2,0.9,263.82986,0.0,427.25
2013-11-15 00:00:00+00:00,47.54260867,7.58371693,,,0,0,1,0,0,1.2,0.9,280.5749,0.000115424606,304.73438
2013-11-15 00:00:00+00:00,23.27,5.6,,,0,1,0,0,0,1.2,0.9,291.05493,0.0,2246.375
2013-11-15 00:00:00+00:00,69.1,-105.1166667,,,0,0,0,0,1,1.2,0.9,252.25095,0.0,0.0
2013-11-15 00:00:00+00:00,0.38,6.72,,,1,0,0,0,0,1.2,0.9,297.74713,9.5150805e-05,0.0
2013-11-15 00:00:00+00:00,-22.66416667,-48.06,,,1,0,0,0,0,1.2,0.9,293.57175,0.0,490.46875
2013-11-15 00:00:00+00:00,-67.57,-68.13,,,0,0,0,0,1,1.2,0.9,,,11.128906
2013-11-15 00:00:00+00:00,49.67,-93.72,,,0,0,0,1,0,1.2,0.9,269.59637,0.0,427.09375
2013-11-15 00:00:00+00:00,29.7,91.13333333,,,0,0,0,0,1,1.2,0.9,279.285,0.0,3735.25
2013-11-15 00:00:00+00:00,12.54194444,39.76972222,,,0,1,0,0,0,1.2,0.9,290.53415,0.0,1782.5
2013-11-15 00:00:00+00:00,18.9,72.82,,,1,0,0,0,0,1.2,0.9,299.15585,0.0,0.0
2013-12-15 00:00:00+00:00,52.3,104.2833333,,,0,0,0,1,0,0.1,0.95,253.40996,0.0,427.25
2013-12-15 00:00:00+00:00,47.54260867,7.58371693,,,0,0,1,0,0,0.1,0.95,268.28076,0.0,304.73438
2013-12-15 00:00:00+00:00,23.27,5.6,,,0,1,0,0,0,0.1,0.95,285.94156,0.0,2246.375
2013-12-15 00:00:00+00:00,69.1,-105.1166667,,,0,0,0,0,1,0.1,0.95,256.2539,1.0639782e-06,0.0
2013-12-15 00:00:00+00:00,0.38,6.72,,,1,0,0,0,0,0.1,0.95,298.72614,7.1682516e-05,0.0
2013-12-15 00:00:00+00:00,-22.66416667,-48.06,,,1,0,0,0,0,0.1,0.95,301.26453,2.7181171e-05,490.46875
2013-12-15 00:00:00+00:00,-67.57,-68.13,,,0,0,0,0,1,0.1,0.95,,,11.128906
2013-12-15 00:00:00+00:00,49.67,-93.72,,,0,0,0,1,0,0.1,0.95,270.24246,0.0,427.09375
2013-12-15 00:00:00+00:00,29.7,91.13333333,,,0,0,0,0,1,0.1,0.95,275.39145,0.0,3735.25
2013-12-15 00:00:00+00:00,12.54194444,39.76972222,,,0,1,0,0,0,0.1,0.95,292.84744,0.0,1782.5
2013-12-15 00:00:00+00:00,18.9,72.82,,,1,0,0,0,0,0.1,0.95,298.9389,0.0,0.0
2014-01-15 00:00:00+00:00,52.3,104.2833333,,,0,0,0,1,0,2.4,0.29,253.1725,0.0,427.25
2014-01-15 00:00:00+00:00,47.54260867,7.58371693,,,0,0,1,0,0,2.4,0.29,272.48074,1.8183213e-05,304.73438
2014-01-15 00:00:00+00:00,23.27,5.6,,,0,1,0,0,0,2.4,0.29,282.8046,0.0,2246.375
2014-01-15 00:00:00+00:00,69.1,-105.1166667,,,0,0,0,0,1,2.4,0.29,239.93848,0.0,0.0
2014-01-15 00:00:00+00:00,0.38,6.72,,,1,0,0,0,0,2.4,0.29,298.5724,5.0672104e-05,0.0
2014-01-15 00:00:00+00:00,-22.66416667,-48.06,,,1,0,0,0,0,2.4,0.29,296.51135,5.1374514e-05,490.46875
2014-01-15 00:00:00+00:00,-67.57,-68.13,,,0,0,0,0,1,2.4,0.29,,,11.128906
2014-01-15 00:00:00+00:00,49.67,-93.72,,,0,0,0,1,0,2.4,0.29,264.60605,0.0,427.09375
2014-01-15 00:00:00+00:00,29.7,91.13333333,,,0,0,0,0,1,2.4,0.29,278.96844,0.0,3735.25
2014-01-15 00:00:00+00:00,12.54194444,39.76972222,,,0,1,0,0,0,2.4,0.29,292.5695,0.0,1782.5
2014-01-15 00:00:00+00:00,18.9,72.82,,,1,0,0,0,0,2.4,0.29,299.73404,0.0,0.0
2014-02-15 00:00:00+00:00,52.3,104.2833333,,,0,0,0,1,0,0.1,1.34,263.98468,0.0,427.25
2014-02-15 00:00:00+00:00,47.54260867,7.58371693,,,0,0,1,0,0,0.1,1.34,277.58865,0.0,304.73438
2014-02-15 00:00:00+00:00,23.27,5.6,,,0,1,0,0,0,0.1,1.34,282.6267,0.0,2246.375
2014-02-15 00:00:00+00:00,69.1,-105.1166667,,,0,0,0,0,1,0.1,1.34,235.1043,0.0,0.0
2014-02-15 00:00:00+00:00,0.38,6.72,,,1,0,0,0,0,0.1,1.34,299.8328,6.140476e-05,0.0
2014-02-15 00:00:00+00:00,-22.66416667,-48.06,,,1,0,0,0,0,0.1,1.34,297.53122,0.00015427,490.46875
2014-02-15 00:00:00+00:00,-67.57,-68.13,,,0,0,0,0,1,0.1,1.34,,,11.128906
2014-02-15 00:00:00+00:00,49.67,-93.72,,,0,0,0,1,0,0.1,1.34,256.12698,0.0,427.09375
2014-02-15 00:00:00+00:00,29.7,91.13333333,,,0,0,0,0,1,0.1,1.34,275.345,0.0,3735.25
2014-02-15 00:00:00+00:00,12.54194444,39.76972222,,,0,1,0,0,0,0.1,1.34,293.94574,0.0,1782.5
2014-02-15 00:00:00+00:00,18.9,72.82,,,1,0,0,0,0,0.1,1.34,300.39447,0.0,0.0
2014-03-15 00:00:00+00:00,52.3,104.2833333,,,0,0,0,1,0,-1.5,0.8,265.82617,0.0,427.25
2014-03-15 00:00:00+00:00,47.54260867,7.58371693,,,0,0,1,0,0,-1.5,0.8,275.45358,0.0,304.73438
2014-03-15 00:00:00+00:00,23.27,5.6,,,0,1,0,0,0,-1.5,0.8,288.26898,0.0,2246.375
2014-03-15 00:00:00+00:00,69.1,-105.1166667,,,0,0,0,0,1,-1.5,0.8,248.97845,0.0,0.0
2014-03-15 00:00:00+00:00,0.38,6.72,,,1,0,0,0,0,-1.5,0.8,299.93384,0.00012381264,0.0
2014-03-15 00:00:00+00:00,-22.66416667,-48.06,,,1,0,0,0,0,-1.5,0.8,296.7775,0.00021969316,490.46875
2014-03-15 00:00:00+00:00,-67.57,-68.13,,,0,0,0,0,1,-1.5,0.8,,,11.128906
2014-03-15 00:00:00+00:00,49.67,-93.72,,,0,0,0,1,0,-1.5,0.8,258.8226,0.0,427.09375
2014-03-15 00:00:00+00:00,29.7,91.13333333,,,0,0,0,0,1,-1.5,0.8,282.7694,0.0,3735.25
2014-03-15 00:00:00+00:00,12.54194444,39.76972222,,,0,1,0,0,0,-1.5,0.8,296.69858,0.0,1782.5
2014-03-15 00:00:00+00:00,18.9,72.82,,,1,0,0,0,0,-1.5,0.8,302.3798,0.0,0.0
2014-04-15 00:00:00+00:00,52.3,104.2833333,,,0,0,0,1,0,1.3,0.31,269.3242,0.0,427.25
2014-04-15 00:00:00+00:00,47.54260867,7.58371693,,,0,0,1,0,0,1.3,0.31,281.12387,0.0,304.73438
2014-04-15 00:00:00+00:00,23.27,5.6,,,0,1,0,0,0,1.3,0.31,290.73526,6.111328e-05,2246.375
2014-04-15 00:00:00+00:00,69.1,-105.1166667,,,0,0,0,0,1,1.3,0.31,259.2017,1.1653007e-05,0.0
2014-04-15 00:00:00+00:00,0.38,6.72,,,1,0,0,0,0,1.3,0.31,300.0673,4.92566e-05,0.0
2014-04-15 00:00:00+00:00,-22.66416667,-48.06,,,1,0,0,0,0,1.3,0.31,297.24185,0.0,490.46875
2014-04-15 00:00:00+00:00,-67.57,-68.13,,,0,0,0,0,1,1.3,0.31,,,11.128906
2014-04-15 00:00:00+00:00,49.67,-93.72,,,0,0,0,1,0,1.3,0.31,293.44763,0.0,427.09375
2014-04-15 00:00:00+00:00,29.7,91.13333333,,,0,0,0,0,1,1.3,0.31,286.4712,6.4179108e-06,3735.25
2014-04-15 00:00:00+00:00,12.54194444,39.76972222,,,0,1,0,0,0,1.3,0.31,297.60757,0.0,1782.5
2014-04-15 00:00:00+00:00,18.9,72.82,,,1,0,0,0,0,1.3,0.31,303.67212,0.0,0.0
2014-05-15 00:00:00+00:00,52.3,104.2833333,,,0,0,0,1,0,0.9,-0.92,285.44894,8.568653e-05,427.25
2014-05-15 00:00:00+00:00,47.54260867,7.58371693,,,0,0,1,0,0,0.9,-0.92,294.12213,0.0,304.73438
2014-05-15 00:00:00+00:00,23.27,5.6,,,0,1,0,0,0,0.9,-0.92,298.45468,0.0,2246.375
2014-05-15 00:00:00+00:00,69.1,-105.1166667,,,0,0,0,0,1,0.9,-0.92,259.50662,0.0,0.0
2014-05-15 00:00:00+00:00,0.38,6.72,,,1,0,0,0,0,0.9,-0.92,300.51724,1.1455066e-05,0.0
2014-05-15 00:00:00+00:00,-22.66416667,-48.06,,,1,0,0,0,0,0.9,-0.92,296.26685,0.0,490.46875
2014-05-15 00:00:00+00:00,-67.57,-68.13,,,0,0,0,0,1,0.9,-0.92,,,11.128906
2014-05-15 00:00:00+00:00,49.67,-93.72,,,0,0,0,1,0,0.9,-0.92,290.57776,0.0,427.09375
2014-05-15 00:00:00+00:00,29.7,91.13333333,,,0,0,0,0,1,0.9,-0.92,290.06503,2.9602881e-05,3735.25
2014-05-15 00:00:00+00:00,12.54194444,39.76972222,,,0,1,0,0,0,0.9,-0.92,298.35236,0.0,1782.5
2014-05-15 00:00:00+00:00,18.9,72.82,,,1,0,0,0,0,0.9,-0.92,302.99005,5.1852167e-06,0.0
2014-06-15 00:00:00+00:00,52.3,104.2833333,,,0,0,0,1,0,0.3,-0.97,283.78082,0.0,427.25
2014-06-15 00:00:00+00:00,47.54260867,7.58371693,,,0,0,1,0,0,0.3,-0.97,293.86154,0.00012376666,304.73438
2014-06-15 00:00:00+00:00,23.27,5.6,,,0,1,0,0,0,0.3,-0.97,301.56247,0.0,2246.375
2014-06-15 00:00:00+00:00,69.1,-105.1166667,,,0,0,0,0,1,0.3,-0.97,276.03998,0.0,0.0
2014-06-15 00:00:00+00:00,0.38,6.72,,,1,0,0,0,0,0.3,-0.97,298.226,0.0,0.0
2014-06-15 00:00:00+00:00,-22.66416667,-48.06,,,1,0,0,0,0,0.3,-0.97,295.38336,0.0,490.46875
2014-06-15 00:00:00+00:00,-67.57,-68.13,,,0,0,0,0,1,0.3,-0.97,,,11.128906
2014-06-15 00:00:00+00:00,49.67,-93.72,,,0,0,0,1,0,0.3,-0.97,289.11572,3.785522e-05,427.09375
2014-06-15 00:00:00+00:00,29.7,91.13333333,,,0,0,0,0,1,0.3,-0.97,291.49445,1.2607274e-05,3735.25
2014-06-15 00:00:00+00:00,12.54194444,39.76972222,,,0,1,0,0,0,0.3,-0.97,298.31015,0.0,1782.5
2014-06-15 00:00:00+00:00,18.9,72.82,,,1,0,0,0,0,0.3,-0.97,302.1522,4.350714e-05,0.0
2014-07-15 00:00:00+00:00,52.3,104.2833333,,,0,0,0,1,0,-0.3,0.18,289.28683,9.789584e-05,427.25
2014-07-15 00:00:00+00:00,47.54260867,7.58371693,,,0,0,1,0,0,-0.3,0.18,295.24304,0.0,304.73438
2014-07-15 00:00:00+00:00,23.27,5.6,,,0,1,0,0,0,-0.3,0.18,303.26266,0.0,2246.375
2014-07-15 00:00:00+00:00,69.1,-105.1166667,,,0,0,0,0,1,-0.3,0.18,277.23535,2.2476035e-05,0.0
2014-07-15 00:00:00+00:00,0.38,6.72,,,1,0,0,0,0,-0.3,0.18,298.897,0.0,0.0
2014-07-15 00:00:00+00:00,-22.66416667,-48.06,,,1,0,0,0,0,-0.3,0.18,290.01794,0.0,490.46875
2014-07-15 00:00:00+00:00,-67.57,-68.13,,,0,0,0,0,1,-0.3,0.18,,,11.128906
2014-07-15 00:00:00+00:00,49.67,-93.72,,,0,0,0,1,0,-0.3,0.18,290.60345,0.00026371656,427.09375
2014-07-15 00:00:00+00:00,29.7,91.13333333,,,0,0,0,0,1,-0.3,0.18,293.58142,2.4061985e-05,3735.25
2014-07-15 00:00:00+00:00,12.54194444,39.76972222,,,0,1,0,0,0,-0.3,0.18,293.10815,0.0,1782.5
2014-07-15 00:00:00+00:00,18.9,72.82,,,1,0,0,0,0,-0.3,0.18,302.1558,0.00013263561,0.0
2014-08-15 00:00:00+00:00,52.3,104.2833333,,,0,0,0,1,0,-1.2,-1.68,285.53864,0.00016714119,427.25
2014-08-15 00:00:00+00:00,47.54260867,7.58371693,,,0,0,1,0,0,-1.2,-1.68,295.38657,2.5660489e-05,304.73438
2014-08-15 00:00:00+00:00,23.27,5.6,,,0,1,0,0,0,-1.2,-1.68,298.22205,0.0,2246.375
2014-08-15 00:00:00+00:00,69.1,-105.1166667,,,0,0,0,0,1,-1.2,-1.68,281.4084,4.388892e-05,0.0
2014-08-15 00:00:00+00:00,0.38,6.72,,,1,0,0,0,0,-1.2,-1.68,295.9468,2.7576584e-06,0.0
2014-08-15 00:00:00+00:00,-22.66416667,-48.06,,,1,0,0,0,0,-1.2,-1.68,294.61533,0.0,490.46875
2014-08-15 00:00:00+00:00,-67.57,-68.13,,,0,0,0,0,1,-1.2,-1.68,,,11.128906
2014-08-15 00:00:00+00:00,49.67,-93.72,,,0,0,0,1,0,-1.2,-1.68,295.1452,0.0,427.09375
2014-08-15 00:00:00+00:00,29.7,91.13333333,,,0,0,0,0,1,-1.2,-1.68,290.75623,3.3481247e-05,3735.25
2014-08-15 00:00:00+00:00,12.54194444,39.76972222,,,0,1,0,0,0,-1.2,-1.68,293.9959,0.00021862843,1782.5
2014-08-15 00:00:00+00:00,18.9,72.82,,,1,0,0,0,0,-1.2,-1.68,300.71402,0.00042305593,0.0
2014-09-15 00:00:00+00:00,52.3,104.2833333,,,0,0,0,1,0,-1.2,1.62,279.07343,1.3345525e-05,427.25
2014-09-15 00:00:00+00:00,47.54260867,7.58371693,,,0,0,1,0,0,-1.2,1.62,287.6849,0.0,304.73438
2014-09-15 00:00:00+00:00,23.27,5.6,,,0,1,0,0,0,-1.2,1.62,298.10092,0.0,2246.375
2014-09-15 00:00:00+00:00,69.1,-105.1166667,,,0,0,0,0,1,-1.2,1.62,275.29333,0.00010738976,0.0
2014-09-15 00:00:00+00:00,0.38,6.72,,,1,0,0,0,0,-1.2,1.62,296.84653,3.1819392e-05,0.0
2014-09-15 00:00:00+00:00,-22.66416667,-48.06,,,1,0,0,0,0,-1.2,1.62,295.56662,0.0,490.46875
2014-09-15 00:00:00+00:00,-67.57,-68.13,,,0,0,0,0,1,-1.2,1.62,,,11.128906
2014-09-15 00:00:00+00:00,49.67,-93.72,,,0,0,0,1,0,-1.2,1.62,292.1322,1.3668853e-05,427.09375
2014-09-15 00:00:00+00:00,29.7,91.13333333,,,0,0,0,0,1,-1.2,1.62,290.2642,2.6276934e-05,3735.25
2014-09-15 00:00:00+00:00,12.54194444,39.76972222,,,0,1,0,0,0,-1.2,1.62,293.89288,2.8609631e-05,1782.5
2014-09-15 00:00:00+00:00,18.9,72.82,,,1,0,0,0,0,-1.2,1.62,299.9046,0.0001343244,0.0
2014-10-15 00:00:00+00:00,52.3,104.2833333,,,0,0,0,1,0,-1.0,-1.27,272.65433,0.0,427.25
2014-10-15 00:00:00+00:00,47.54260867,7.58371693,,,0,0,1,0,0,-1.0,-1.27,286.73505,0.0,304.73438
2014-10-15 00:00:00+00:00,23.27,5.6,,,0,1,0,0,0,-1.0,-1.27,294.74173,0.0,2246.375
2014-10-15 00:00:00+00:00,69.1,-105.1166667,,,0,0,0,0,1,-1.0,-1.27,263.2603,0.0,0.0
2014-10-15 00:00:00+00:00,0.38,6.72,,,1,0,0,0,0,-1.0,-1.27,297.7702,2.3390032e-05,0.0
2014-10-15 00:00:00+00:00,-22.66416667,-48.06,,,1,0,0,0,0,-1.0,-1.27,294.6966,0.0001835489,490.46875
2014-10-15 00:00:00+00:00,-67.57,-68.13,,,0,0,0,0,1,-1.0,-1.27,,,11.128906
2014-10-15 00:00:00+00:00,49.67,-93.72,,,0,0,0,1,0,-1.0,-1.27,274.96762,3.2135853e-05,427.09375
2014-10-15 00:00:00+00:00,29.7,91.13333333,,,0,0,0,0,1,-1.0,-1.27,285.34238,0.0,3735.25
2014-10-15 00:00:00+00:00,12.54194444,39.76972222,,,0,1,0,0,0,-1.0,-1.27,289.27853,0.0,1782.5
2014-10-15 00:00:00+00:00,18.9,72.82,,,1,0,0,0,0,-1.0,-1.27,302.99066,0.0,0.0
2014-11-15 00:00:00+00:00,52.3,104.2833333,,,0,0,0,1,0,-1.5,0.68,269.39938,6.266365e-06,427.25
2014-11-15 00:00:00+00:00,47.54260867,7.58371693,,,0,0,1,0,0,-1.5,0.68,283.91068,0.0,304.73438
2014-11-15 00:00:00+00:00,23.27,5.6,,,0,1,0,0,0,-1.5,0.68,286.70032,0.0,2246.375
2014-11-15 00:00:00+00:00,69.1,-105.1166667,,,0,0,0,0,1,-1.5,0.68,253.37091,2.0504633e-06,0.0
2014-11-15 00:00:00+00:00,0.38,6.72,,,1,0,0,0,0,-1.5,0.68,298.0798,8.7445274e-05,0.0
2014-11-15 00:00:00+00:00,-22.66416667,-48.06,,,1,0,0,0,0,-1.5,0.68,296.7831,0.00016519795,490.46875
2014-11-15 00:00:00+00:00,-67.57,-68.13,,,0,0,0,0,1,-1.5,0.68,,,11.128906
2014-11-15 00:00:00+00:00,49.67,-93.72,,,0,0,0,1,0,-1.5,0.68,269.97208,0.0,427.09375
2014-11-15 00:00:00+00:00,29.7,91.13333333,,,0,0,0,0,1,-1.5,0.68,278.8898,0.0,3735.25
2014-11-15 00:00:00+00:00,12.54194444,39.76972222,,,0,1,0,0,0,-1.5,0.68,291.6147,0.0,1782.5
2014-11-15 00:00:00+00:00,18.9,72.82,,,1,0,0,0,0,-1.5,0.68,301.39606,0.0,0.0
2014-12-15 00:00:00+00:00,52.3,104.2833333,,,0,0,0,1,0,-0.9,1.86,264.878,0.0,427.25
2014-12-15 00:00:00+00:00,47.54260867,7.58371693,,,0,0,1,0,0,-0.9,1.86,276.14554,0.0,304.73438
2014-12-15 00:00:00+00:00,23.27,5.6,,,0,1,0,0,0,-0.9,1.86,288.06912,0.0,2246.375
2014-12-15 00:00:00+00:00,69.1,-105.1166667,,,0,0,0,0,1,-0.9,1.86,243.07346,0.0,0.0
2014-12-15 00:00:00+00:00,0.38,6.72,,,1,0,0,0,0,-0.9,1.86,297.95932,9.054214e-05,0.0
2014-12-15 00:00:00+00:00,-22.66416667,-48.06,,,1,0,0,0,0,-0.9,1.86,298.60544,3.0534968e-05,490.46875
2014-12-15 00:00:00+00:00,-67.57,-68.13,,,0,0,0,0,1,-0.9,1.86,,,11.128906
2014-12-15 00:00:00+00:00,49.67,-93.72,,,0,0,0,1,0,-0.9,1.86,254.9179,9.375062e-06,427.09375
2014-12-15 00:00:00+00:00,29.7,91.13333333,,,0,0,0,0,1,-0.9,1.86,276.12656,1.4457618e-06,3735.25
2014-12-15 00:00:00+00:00,12.54194444,39.76972222,,,0,1,0,0,0,-0.9,1.86,292.10767,0.0,1782.5
2014-12-15 00:00:00+00:00,18.9,72.82,,,1,0,0,0,0,-0.9,1.86,300.83682,0.0,0.0
2015-01-15 00:00:00+00:00,52.3,104.2833333,,,0,0,0,1,0,-1.4,1.79,258.28873,0.0,427.25
2015-01-15 00:00:00+00:00,47.54260867,7.58371693,,,0,0,1,0,0,-1.4,1.79,273.52875,0.0,304.73438
2015-01-15 00:00:00+00:00,23.27,5.6,,,0,1,0,0,0,-1.4,1.79,280.798,0.0,2246.375
2015-01-15 00:00:00+00:00,69.1,-105.1166667,,,0,0,0,0,1,-1.4,1.79,242.19862,0.0,0.0
2015-01-15 00:00:00+00:00,0.38,6.72,,,1,0,0,0,0,-1.4,1.79,298.60745,5.1451898e-05,0.0
2015-01-15 00:00:00+00:00,-22.66416667,-48.06,,,1,0,0,0,0,-1.4,1.79,299.9126,0.0,490.46875
2015-01-15 00:00:00+00:00,-67.57,-68.13,,,0,0,0,0,1,-1.4,1.79,,,11.128906
2015-01-15 00:00:00+00:00,49.67,-93.72,,,0,0,0,1,0,-1.4,1.79,264.80536,0.0,427.09375
2015-01-15 00:00:00+00:00,29.7,91.13333333,,,0,0,0,0,1,-1.4,1.79,278.66348,0.0,3735.25
2015-01-15 00:00:00+00:00,12.54194444,39.76972222,,,0,1,0,0,0,-1.4,1.79,291.44327,0.0,1782.5
2015-01-15 00:00:00+00:00,18.9,72.82,,,1,0,0,0,0,-1.4,1.79,300.0955,0.0,0.0
2015-02-15 00:00:00+00:00,52.3,104.2833333,,,0,0,0,1,0,0.4,1.32,255.53534,0.0,427.25
2015-02-15 00:00:00+00:00,47.54260867,7.58371693,,,0,0,1,0,0,0.4,1.32,274.12335,1.1046034e-05,304.73438
2015-02-15 00:00:00+00:00,23.27,5.6,,,0,1,0,0,0,0.4,1.32,281.8719,0.0,2246.375
2015-02-15 00:00:00+00:00,69.1,-105.1166667,,,0,0,0,0,1,0.4,1.32,234.05882,0.0,0.0
2015-02-15 00:00:00+00:00,0.38,6.72,,,1,0,0,0,0,0.4,1.32,299.96793,5.9131333e-05,0.0
2015-02-15 00:00:00+00:00,-22.66416667,-48.06,,,1,0,0,0,0,0.4,1.32,299.15573,0.00013309428,490.46875
2015-02-15 00:00:00+00:00,-67.57,-68.13,,,0,0,0,0,1,0.4,1.32,,,11.128906
2015-02-15 00:00:00+00:00,49.67,-93.72,,,0,0,0,1,0,0.4,1.32,254.63612,0.0,427.09375
2015-02-15 00:00:00+00:00,29.7,91.13333333,,,0,0,0,0,1,0.4,1.32,275.07956,0.0,3735.25
2015-02-15 00:00:00+00:00,12.54194444,39.76972222,,,0,1,0,0,0,0.4,1.32,293.49982,0.0,1782.5
2015-02-15 00:00:00+00:00,18.9,72.82,,,1,0,0,0,0,0.4,1.32,300.85303,0.0,0.0
2015-03-15 00:00:00+00:00,52.3,104.2833333,,,0,0,0,1,0,-1.2,1.45,266.6706,0.0,427.25
2015-03-15 00:00:00+00:00,47.54260867,7.58371693,,,0,0,1,0,0,-1.2,1.45,282.37634,4.1162693e-05,304.73438
2015-03-15 00:00:00+00:00,23.27,5.6,,,0,1,0,0,0,-1.2,1.45,290.61432,0.0,2246.375
2015-03-15 00:00:00+00:00,69.1,-105.1166667,,,0,0,0,0,1,-1.2,1.45,252.07834,0.0,0.0
2015-03-15 00:00:00+00:00,0.38,6.72,,,1,0,0,0,0,-1.2,1.45,300.13196,2.7376935e-05,0.0
2015-03-15 00:00:00+00:00,-22.66416667,-48.06,,,1,0,0,0,0,-1.2,1.45,300.46048,1.4416103e-05,490.46875
2015-03-15 00:00:00+00:00,-67.57,-68.13,,,0,0,0,0,1,-1.2,1.45,,,11.128906
2015-03-15 00:00:00+00:00,49.67,-93.72,,,0,0,0,1,0,-1.2,1.45,255.79738,0.0,427.09375
2015-03-15 00:00:00+00:00,29.7,91.13333333,,,0,0,0,0,1,-1.2,1.45,277.21848,0.0,3735.25
2015-03-15 00:00:00+00:00,12.54194444,39.76972222,,,0,1,0,0,0,-1.2,1.45,294.68597,0.0,1782.5
2015-03-15 00:00:00+00:00,18.9,72.82,,,1,0,0,0,0,-1.2,1.45,302.92334,0.0,0.0
2015-04-15 00:00:00+00:00,52.3,104.2833333,,,0,0,0,1,0,-0.1,0.73,275.75122,0.0,427.25
2015-04-15 00:00:00+00:00,47.54260867,7.58371693,,,0,0,1,0,0,-0.1,0.73,281.44385,2.6021413e-05,304.73438
2015-04-15 00:00:00+00:00,23.27,5.6,,,0,1,0,0,0,-0.1,0.73,285.73865,0.00015384468,2246.375
2015-04-15 00:00:00+00:00,69.1,-105.1166667,,,0,0,0,0,1,-0.1,0.73,263.49457,0.0,0.0
2015-04-15 00:00:00+00:00,0.38,6.72,,,1,0,0,0,0,-0.1,0.73,298.6114,0.00012407047,0.0
2015-04-15 00:00:00+00:00,-22.66416667,-48.06,,,1,0,0,0,0,-0.1,0.73,296.11075,0.0,490.46875
2015-04-15 00:00:00+00:00,-67.57,-68.13,,,0,0,0,0,1,-0.1,0.73,,,11.128906
2015-04-15 00:00:00+00:00,49.67,-93.72,,,0,0,0,1,0,-0.1,0.73,286.21695,0.0,427.09375
2015-04-15 00:00:00+00:00,29.7,91.13333333,,,0,0,0,0,1,-0.1,0.73,283.07706,0.0,3735.25
2015-04-15 00:00:00+00:00,12.54194444,39.76972222,,,0,1,0,0,0,-0.1,0.73,296.6045,0.0,1782.5
2015-04-15 00:00:00+00:00,18.9,72.82,,,1,0,0,0,0,-0.1,0.73,304.76843,0.0,0.0
2015-05-15 00:00:00+00:00,52.3,104.2833333,,,0,0,0,1,0,-1.2,0.15,285.6801,0.0,427.25
2015-05-15 00:00:00+00:00,47.54260867,7.58371693,,,0,0,1,0,0,-1.2,0.15,292.30826,0.0,304.73438
2015-05-15 00:00:00+00:00,23.27,5.6,,,0,1,0,0,0,-1.2,0.15,295.9615,0.0,2246.375
2015-05-15 00:00:00+00:00,69.1,-105.1166667,,,0,0,0,0,1,-1.2,0.15,265.74625,0.0,0.0
2015-05-15 00:00:00+00:00,0.38,6.72,,,1,0,0,0,0,-1.2,0.15,298.20248,1.3752253e-05,0.0
2015-05-15 00:00:00+00:00,-22.66416667,-48.06,,,1,0,0,0,0,-1.2,0.15,291.33365,0.0,490.46875
2015-05-15 00:00:00+00:00,-67.57,-68.13,,,0,0,0,0,1,-1.2,0.15,,,11.128906
2015-05-15 00:00:00+00:00,49.67,-93.72,,,0,0,0,1,0,-1.2,0.15,282.766,0.0,427.09375
2015-05-15 00:00:00+00:00,29.7,91.13333333,,,0,0,0,0,1,-1.2,0.15,290.59875,0.0,3735.25
2015-05-15 00:00:00+00:00,12.54194444,39.76972222,,,0,1,0,0,0,-1.2,0.15,297.40222,0.0,1782.5
2015-05-15 00:00:00+00:00,18.9,72.82,,,1,0,0,0,0,-1.2,0.15,304.7169,0.0,0.0
2015-06-15 00:00:00+00:00,52.3,104.2833333,,,0,0,0,1,0,-0.9,-0.07,288.3526,1.8158256e-05,427.25
2015-06-15 00:00:00+00:00,47.54260867,7.58371693,,,0,0,1,0,0,-0.9,-0.07,287.4018,4.6077814e-05,304.73438
2015-06-15 00:00:00+00:00,23.27,5.6,,,0,1,0,0,0,-0.9,-0.07,299.86847,5.095453e-06,2246.375
2015-06-15 00:00:00+00:00,69.1,-105.1166667,,,0,0,0,0,1,-0.9,-0.07,279.45782,0.0,0.0
2015-06-15 00:00:00+00:00,0.38,6.72,,,1,0,0,0,0,-0.9,-0.07,296.54837,0.0,0.0
2015-06-15 00:00:00+00:00,-22.66416667,-48.06,,,1,0,0,0,0,-0.9,-0.07,291.98053,0.0,490.46875
2015-06-15 00:00:00+00:00,-67.57,-68.13,,,0,0,0,0,1,-0.9,-0.07,,,11.128906
2015-06-15 00:00:00+00:00,49.67,-93.72,,,0,0,0,1,0,-0.9,-0.07,280.13562,0.0,427.09375
2015-06-15 00:00:00+00:00,29.7,91.13333333,,,0,0,0,0,1,-0.9,-0.07,292.49515,2.235952e-05,3735.25
2015-06-15 00:00:00+00:00,12.54194444,39.76972222,,,0,1,0,0,0,-0.9,-0.07,295.57358,3.0153824e-06,1782.5
2015-06-15 00:00:00+00:00,18.9,72.82,,,1,0,0,0,0,-0.9,-0.07,301.4715,0.000277078,0.0
2015-07-15 00:00:00+00:00,52.3,104.2833333,,,0,0,0,1,0,-1.9,-3.18,294.7955,0.0,427.25
2015-07-15 00:00:00+00:00,47.54260867,7.58371693,,,0,0,1,0,0,-1.9,-3.18,292.26147,0.00010943142,304.73438
2015-07-15 00:00:00+00:00,23.27,5.6,,,0,1,0,0,0,-1.9,-3.18,300.45435,0.0,2246.375
2015-07-15 00:00:00+00:00,69.1,-105.1166667,,,0,0,0,0,1,-1.9,-3.18,277.5198,1.61257e-05,0.0
2015-07-15 00:00:00+00:00,0.38,6.72,,,1,0,0,0,0,-1.9,-3.18,295.6565,2.0720065e-06,0.0
2015-07-15 00:00:00+00:00,-22.66416667,-48.06,,,1,0,0,0,0,-1.9,-3.18,291.62927,0.0,490.46875
2015-07-15 00:00:00+00:00,-67.57,-68.13,,,0,0,0,0,1,-1.9,-3.18,,,11.128906
2015-07-15 00:00:00+00:00,49.67,-93.72,,,0,0,0,1,0,-1.9,-3.18,288.6271,0.0,427.09375
2015-07-15 00:00:00+00:00,29.7,91.13333333,,,0,0,0,0,1,-1.9,-3.18,294.00452,3.9210077e-05,3735.25
2015-07-15 00:00:00+00:00,12.54194444,39.76972222,,,0,1,0,0,0,-1.9,-3.18,294.14655,0.0,1782.5
2015-07-15 00:00:00+00:00,18.9,72.82,,,1,0,0,0,0,-1.9,-3.18,302.8293,3.675828e-05,0.0
2015-08-15 00:00:00+00:00,52.3,104.2833333,,,0,0,0,1,0,-2.4,-0.76,289.52933,2.2406579e-05,427.25
2015-08-15 00:00:00+00:00,47.54260867,7.58371693,,,0,0,1,0,0,-2.4,-0.76,293.24005,0.00012872546,304.73438
2015-08-15 00:00:00+00:00,23.27,5.6,,,0,1,0,0,0,-2.4,-0.76,300.743,0.0,2246.375
2015-08-15 00:00:00+00:00,69.1,-105.1166667,,,0,0,0,0,1,-2.4,-0.76,277.02615,0.0,0.0
2015-08-15 00:00:00+00:00,0.38,6.72,,,1,0,0,0,0,-2.4,-0.76,296.0423,1.583005e-06,0.0
2015-08-15 00:00:00+00:00,-22.66416667,-48.06,,,1,0,0,0,0,-2.4,-0.76,297.29276,0.0,490.46875
2015-08-15 00:00:00+00:00,-67.57,-68.13,,,0,0,0,0,1,-2.4,-0.76,,,11.128906
2015-08-15 00:00:00+00:00,49.67,-93.72,,,0,0,0,1,0,-2.4,-0.76,291.05765,0.00017450142,427.09375
2015-08-15 00:00:00+00:00,29.7,91.13333333,,,0,0,0,0,1,-2.4,-0.76,292.83856,3.7450107e-05,3735.25
2015-08-15 00:00:00+00:00,12.54194444,39.76972222,,,0,1,0,0,0,-2.4,-0.76,294.2948,0.00016487794,1782.5
2015-08-15 00:00:00+00:00,18.9,72.82,,,1,0,0,0,0,-2.4,-0.76,300.45886,4.8447935e-05,0.0
2015-09-15 00:00:00+00:00,52.3,104.2833333,,,0,0,0,1,0,-2.7,-0.65,281.33066,0.0,427.25
2015-09-15 00:00:00+00:00,47.54260867,7.58371693,,,0,0,1,0,0,-2.7,-0.65,287.97437,0.0,304.73438
2015-09-15 00:00:00+00:00,23.27,5.6,,,0,1,0,0,0,-2.7,-0.65,298.09308,0.0,2246.375
2015-09-15 00:00:00+00:00,69.1,-105.1166667,,,0,0,0,0,1,-2.7,-0.65,269.9774,9.67641e-06,0.0
2015-09-15 00:00:00+00:00,0.38,6.72,,,1,0,0,0,0,-2.7,-0.65,296.3349,6.24668e-05,0.0
2015-09-15 00:00:00+00:00,-22.66416667,-48.06,,,1,0,0,0,0,-2.7,-0.65,295.3315,0.0,490.46875
2015-09-15 00:00:00+00:00,-67.57,-68.13,,,0,0,0,0,1,-2.7,-0.65,,,11.128906
2015-09-15 00:00:00+00:00,49.67,-93.72,,,0,0,0,1,0,-2.7,-0.65,284.41504,5.1045925e-05,427.09375
2015-09-15 00:00:00+00:00,29.7,91.13333333,,,0,0,0,0,1,-2.7,-0.65,289.5909,4.1325693e-05,3735.25
2015-09-15 00:00:00+00:00,12.54194444,39.76972222,,,0,1,0,0,0,-2.7,-0.65,294.0829,0.0,1782.5
2015-09-15 00:00:00+00:00,18.9,72.82,,,1,0,0,0,0,-2.7,-0.65,301.39584,2.2246228e-05,0.0
2015-10-15 00:00:00+00:00,52.3,104.2833333,,,0,0,0,1,0,-2.8,0.44,278.70856,0.0,427.25
2015-10-15 00:00:00+00:00,47.54260867,7.58371693,,,0,0,1,0,0,-2.8,0.44,280.8218,9.521641e-05,304.73438
2015-10-15 00:00:00+00:00,23.27,5.6,,,0,1,0,0,0,-2.8,0.44,294.98492,0.0,2246.375
2015-10-15 00:00:00+00:00,69.1,-105.1166667,,,0,0,0,0,1,-2.8,0.44,261.0296,0.0,0.0
2015-10-15 00:00:00+00:00,0.38,6.72,,,1,0,0,0,0,-2.8,0.44,297.1792,4.7539885e-05,0.0
2015-10-15 00:00:00+00:00,-22.66416667,-48.06,,,1,0,0,0,0,-2.8,0.44,297.50467,0.00023945236,490.46875
2015-10-15 00:00:00+00:00,-67.57,-68.13,,,0,0,0,0,1,-2.8,0.44,,,11.128906
2015-10-15 00:00:00+00:00,49.67,-93.72,,,0,0,0,1,0,-2.8,0.44,278.8283,5.4518787e-06,427.09375
2015-10-15 00:00:00+00:00,29.7,91.13333333,,,0,0,0,0,1,-2.8,0.44,286.92984,0.0,3735.25
2015-10-15 00:00:00+00:00,12.54194444,39.76972222,,,0,1,0,0,0,-2.8,0.44,294.2333,0.0,1782.5
2015-10-15 00:00:00+00:00,18.9,72.82,,,1,0,0,0,0,-2.8,0.44,301.45654,2.7824392e-05,0.0
2015-11-15 00:00:00+00:00,52.3,104.2833333,,,0,0,0,1,0,-0.8,1.74,272.73367,2.328086e-05,427.25
2015-11-15 00:00:00+00:00,47.54260867,7.58371693,,,0,0,1,0,0,-0.8,1.74,279.56775,0.0,304.73438
2015-11-15 00:00:00+00:00,23.27,5.6,,,0,1,0,0,0,-0.8,1.74,288.16223,0.0,2246.375
2015-11-15 00:00:00+00:00,69.1,-105.1166667,,,0,0,0,0,1,-0.8,1.74,252.37256,0.0,0.0
2015-11-15 00:00:00+00:00,0.38,6.72,,,1,0,0,0,0,-0.8,1.74,297.87195,0.00011634714,0.0
2015-11-15 00:00:00+00:00,-22.66416667,-48.06,,,1,0,0,0,0,-0.8,1.74,296.79132,0.0,490.46875
2015-11-15 00:00:00+00:00,-67.57,-68.13,,,0,0,0,0,1,-0.8,1.74,,,11.128906
2015-11-15 00:00:00+00:00,49.67,-93.72,,,0,0,0,1,0,-0.8,1.74,271.43912,0.00016613986,427.09375
2015-11-15 00:00:00+00:00,29.7,91.13333333,,,0,0,0,0,1,-0.8,1.74,281.45828,0.0,3735.25
2015-11-15 00:00:00+00:00,12.54194444,39.76972222,,,0,1,0,0,0,-0.8,1.74,292.2354,0.0,1782.5
2015-11-15 00:00:00+00:00,18.9,72.82,,,1,0,0,0,0,-0.8,1.74,299.36423,0.0,0.0
2015-12-15 00:00:00+00:00,52.3,104.2833333,,,0,0,0,1,0,-0.9,2.24,264.20053,0.0,427.25
2015-12-15 00:00:00+00:00,47.54260867,7.58371693,,,0,0,1,0,0,-0.9,2.24,273.6632,1.5495862e-05,304.73438
2015-12-15 00:00:00+00:00,23.27,5.6,,,0,1,0,0,0,-0.9,2.24,283.96365,0.0,2246.375
2015-12-15 00:00:00+00:00,69.1,-105.1166667,,,0,0,0,0,1,-0.9,2.24,244.39795,1.2815688e-06,0.0
2015-12-15 00:00:00+00:00,0.38,6.72,,,1,0,0,0,0,-0.9,2.24,298.30612,0.00010225171,0.0
2015-12-15 00:00:00+00:00,-22.66416667,-48.06,,,1,0,0,0,0,-0.9,2.24,298.29254,0.00023946735,490.46875
2015-12-15 00:00:00+00:00,-67.57,-68.13,,,0,0,0,0,1,-0.9,2.24,,,11.128906
2015-12-15 00:00:00+00:00,49.67,-93.72,,,0,0,0,1,0,-0.9,2.24,273.22018,2.016857e-05,427.09375
2015-12-15 00:00:00+00:00,29.7,91.13333333,,,0,0,0,0,1,-0.9,2.24,276.01514,0.0,3735.25
2015-12-15 00:00:00+00:00,12.54194444,39.76972222,,,0,1,0,0,0,-0.9,2.24,293.08084,0.0,1782.5
2015-12-15 00:00:00+00:00,18.9,72.82,,,1,0,0,0,0,-0.9,2.24,299.3449,0.0,0.0
2016-01-15 00:00:00+00:00,52.3,104.2833333,,,0,0,0,1,0,-3.6,0.12,240.32378,0.0,427.25
2016-01-15 00:00:00+00:00,47.54260867,7.58371693,,,0,0,1,0,0,-3.6,0.12,268.51462,0.0,304.73438
2016-01-15 00:00:00+00:00,23.27,5.6,,,0,1,0,0,0,-3.6,0.12,278.7408,0.0,2246.375
2016-01-15 00:00:00+00:00,69.1,-105.1166667,,,0,0,0,0,1,-3.6,0.12,255.7367,0.0,0.0
2016-01-15 00:00:00+00:00,0.38,6.72,,,1,0,0,0,0,-3.6,0.12,299.26572,2.3166675e-05,0.0
2016-01-15 00:00:00+00:00,-22.66416667,-48.06,,,1,0,0,0,0,-3.6,0.12,301.08835,8.800542e-05,490.46875
2016-01-15 00:00:00+00:00,-67.57,-68.13,,,0,0,0,0,1,-3.6,0.12,,,11.128906
2016-01-15 00:00:00+00:00,49.67,-93.72,,,0,0,0,1,0,-3.6,0.12,274.34088,0.00014764693,427.09375
2016-01-15 00:00:00+00:00,29.7,91.13333333,,,0,0,0,0,1,-3.6,0.12,278.83823,0.0,3735.25
2016-01-15 00:00:00+00:00,12.54194444,39.76972222,,,0,1,0,0,0,-3.6,0.12,291.3448,0.0,1782.5
2016-01-15 00:00:00+00:00,18.9,72.82,,,1,0,0,0,0,-3.6,0.12,298.2449,0.0,0.0
2016-02-15 00:00:00+00:00,52.3,104.2833333,,,0,0,0,1,0,-3.2,1.58,261.60336,0.0,427.25
2016-02-15 00:00:00+00:00,47.54260867,7.58371693,,,0,0,1,0,0,-3.2,1.58,271.98395,0.0,304.73438
2016-02-15 00:00:00+00:00,23.27,5.6,,,0,1,0,0,0,-3.2,1.58,286.8349,0.0,2246.375
2016-02-15 00:00:00+00:00,69.1,-105.1166667,,,0,0,0,0,1,-3.2,1.58,237.41454,0.0,0.0
2016-02-15 00:00:00+00:00,0.38,6.72,,,1,0,0,0,0,-3.2,1.58,299.48105,6.432991e-05,0.0
2016-02-15 00:00:00+00:00,-22.66416667,-48.06,,,1,0,0,0,0,-3.2,1.58,298.01468,6.366454e-05,490.46875
2016-02-15 00:00:00+00:00,-67.57,-68.13,,,0,0,0,0,1,-3.2,1.58,,,11.128906
2016-02-15 00:00:00+00:00,49.67,-93.72,,,0,0,0,1,0,-3.2,1.58,266.7911,0.0,427.09375
2016-02-15 00:00:00+00:00,29.7,91.13333333,,,0,0,0,0,1,-3.2,1.58,280.50867,0.0,3735.25
2016-02-15 00:00:00+00:00,12.54194444,39.76972222,,,0,1,0,0,0,-3.2,1.58,295.3235,0.0,1782.5
2016-02-15 00:00:00+00:00,18.9,72.82,,,1,0,0,0,0,-3.2,1.58,301.01718,0.0,0.0
2016-03-15 00:00:00+00:00,52.3,104.2833333,,,0,0,0,1,0,-0.1,0.73,272.0419,0.0,427.25
2016-03-15 00:00:00+00:00,47.54260867,7.58371693,,,0,0,1,0,0,-0.1,0.73,281.61475,0.0,304.73438
2016-03-15 00:00:00+00:00,23.27,5.6,,,0,1,0,0,0,-0.1,0.73,288.7721,0.0,2246.375
2016-03-15 00:00:00+00:00,69.1,-105.1166667,,,0,0,0,0,1,-0.1,0.73,244.3093,0.0,0.0
2016-03-15 00:00:00+00:00,0.38,6.72,,,1,0,0,0,0,-0.1,0.73,300.51712,2.697054e-05,0.0
2016-03-15 00:00:00+00:00,-22.66416667,-48.06,,,1,0,0,0,0,-0.1,0.73,298.79028,0.0,490.46875
2016-03-15 00:00:00+00:00,-67.57,-68.13,,,0,0,0,0,1,-0.1,0.73,,,11.128906
2016-03-15 00:00:00+00:00,49.67,-93.72,,,0,0,0,1,0,-0.1,0.73,270.86615,0.0,427.09375
2016-03-15 00:00:00+00:00,29.7,91.13333333,,,0,0,0,0,1,-0.1,0.73,280.69797,0.0,3735.25
2016-03-15 00:00:00+00:00,12.54194444,39.76972222,,,0,1,0,0,0,-0.1,0.73,291.5817,0.0,1782.5
2016-03-15 00:00:00+00:00,18.9,72.82,,,1,0,0,0,0,-0.1,0.73,300.2748,0.0,0.0
2016-04-15 00:00:00+00:00,52.3,104.2833333,,,0,0,0,1,0,-2.0,0.38,277.6658,0.0,427.25
2016-04-15 00:00:00+00:00,47.54260867,7.58371693,,,0,0,1,0,0,-2.0,0.38,283.4855,0.0,304.73438
2016-04-15 00:00:00+00:00,23.27,5.6,,,0,1,0,0,0,-2.0,0.38,288.26285,0.0,2246.375
2016-04-15 00:00:00+00:00,69.1,-105.1166667,,,0,0,0,0,1,-2.0,0.38,253.92941,0.0,0.0
2016-04-15 00:00:00+00:00,0.38,6.72,,,1,0,0,0,0,-2.0,0.38,299.26324,6.0930815e-05,0.0
2016-04-15 00:00:00+00:00,-22.66416667,-48.06,,,1,0,0,0,0,-2.0,0.38,295.79767,8.307025e-06,490.46875
2016-04-15 00:00:00+00:00,-67.57,-68.13,,,0,0,0,0,1,-2.0,0.38,,,11.128906
2016-04-15 00:00:00+00:00,49.67,-93.72,,,0,0,0,1,0,-2.0,0.38,282.83237,0.0,427.09375
2016-04-15 00:00:00+00:00,29.7,91.13333333,,,0,0,0,0,1,-2.0,0.38,286.91174,0.0,3735.25
2016-04-15 00:00:00+00:00,12.54194444,39.76972222,,,0,1,0,0,0,-2.0,0.38,293.41705,0.0,1782.5
2016-04-15 00:00:00+00:00,18.9,72.82,,,1,0,0,0,0,-2.0,0.38,305.4408,0.0,0.0
2016-05-15 00:00:00+00:00,52.3,104.2833333,,,0,0,0,1,0,0.7,-0.77,287.75626,0.00013553532,427.25
2016-05-15 00:00:00+00:00,47.54260867,7.58371693,,,0,0,1,0,0,0.7,-0.77,290.32336,4.0481827e-05,304.73438
2016-05-15 00:00:00+00:00,23.27,5.6,,,0,1,0,0,0,0.7,-0.77,296.99832,0.0,2246.375
2016-05-15 00:00:00+00:00,69.1,-105.1166667,,,0,0,0,0,1,0.7,-0.77,260.39035,7.0765745e-06,0.0
2016-05-15 00:00:00+00:00,0.38,6.72,,,1,0,0,0,0,0.7,-0.77,301.0112,4.2469183e-05,0.0
2016-05-15 00:00:00+00:00,-22.66416667,-48.06,,,1,0,0,0,0,0.7,-0.77,293.3675,0.0,490.46875
2016-05-15 00:00:00+00:00,-67.57,-68.13,,,0,0,0,0,1,0.7,-0.77,,,11.128906
2016-05-15 00:00:00+00:00,49.67,-93.72,,,0,0,0,1,0,0.7,-0.77,284.8313,0.0,427.09375
2016-05-15 00:00:00+00:00,29.7,91.13333333,,,0,0,0,0,1,0.7,-0.77,290.37296,0.0,3735.25
2016-05-15 00:00:00+00:00,12.54194444,39.76972222,,,0,1,0,0,0,0.7,-0.77,296.8476,0.0,1782.5
2016-05-15 00:00:00+00:00,18.9,72.82,,,1,0,0,0,0,0.7,-0.77,305.43878,0.0,0.0
2016-06-15 00:00:00+00:00,52.3,104.2833333,,,0,0,0,1,0,1.1,-0.43,285.5028,0.0,427.25
2016-06-15 00:00:00+00:00,47.54260867,7.58371693,,,0,0,1,0,0,1.1,-0.43,292.08777,0.00011689418,304.73438
2016-06-15 00:00:00+00:00,23.27,5.6,,,0,1,0,0,0,1.1,-0.43,301.44638,0.0,2246.375
2016-06-15 00:00:00+00:00,69.1,-105.1166667,,,0,0,0,0,1,1.1,-0.43,275.0983,0.0,0.0
2016-06-15 00:00:00+00:00,0.38,6.72,,,1,0,0,0,0,1.1,-0.43,295.94797,4.445434e-05,0.0
2016-06-15 00:00:00+00:00,-22.66416667,-48.06,,,1,0,0,0,0,1.1,-0.43,294.0924,0.0,490.46875
2016-06-15 00:00:00+00:00,-67.57,-68.13,,,0,0,0,0,1,1.1,-0.43,,,11.128906
2016-06-15 00:00:00+00:00,49.67,-93.72,,,0,0,0,1,0,1.1,-0.43,292.70016,4.0287254e-05,427.09375
2016-06-15 00:00:00+00:00,29.7,91.13333333,,,0,0,0,0,1,1.1,-0.43,291.6986,0.0,3735.25
2016-06-15 00:00:00+00:00,12.54194444,39.76972222,,,0,1,0,0,0,1.1,-0.43,293.2522,0.0,1782.5
2016-06-15 00:00:00+00:00,18.9,72.82,,,1,0,0,0,0,1.1,-0.43,301.69327,8.752545e-05,0.0
2016-07-15 00:00:00+00:00,52.3,104.2833333,,,0,0,0,1,0,0.7,-1.76,287.56656,0.0,427.25
2016-07-15 00:00:00+00:00,47.54260867,7.58371693,,,0,0,1,0,0,0.7,-1.76,293.8579,0.0,304.73438
2016-07-15 00:00:00+00:00,23.27,5.6,,,0,1,0,0,0,0.7,-1.76,301.6341,9.500129e-06,2246.375
2016-07-15 00:00:00+00:00,69.1,-105.1166667,,,0,0,0,0,1,0.7,-1.76,278.27734,0.0,0.0
2016-07-15 00:00:00+00:00,0.38,6.72,,,1,0,0,0,0,0.7,-1.76,296.1513,1.2236254e-05,0.0
2016-07-15 00:00:00+00:00,-22.66416667,-48.06,,,1,0,0,0,0,0.7,-1.76,292.53436,0.0,490.46875
2016-07-15 00:00:00+00:00,-67.57,-68.13,,,0,0,0,0,1,0.7,-1.76,,,11.128906
2016-07-15 00:00:00+00:00,49.67,-93.72,,,0,0,0,1,0,0.7,-1.76,293.74484,0.0,427.09375
2016-07-15 00:00:00+00:00,29.7,91.13333333,,,0,0,0,0,1,0.7,-1.76,292.23657,4.1819556e-05,3735.25
2016-07-15 00:00:00+00:00,12.54194444,39.76972222,,,0,1,0,0,0,0.7,-1.76,293.99585,0.0,1782.5
2016-07-15 00:00:00+00:00,18.9,72.82,,,1,0,0,0,0,0.7,-1.76,301.95435,0.00025953856,0.0
2016-08-15 00:00:00+00:00,52.3,104.2833333,,,0,0,0,1,0,1.2,-1.65,292.2484,1.3453908e-05,427.25
2016-08-15 00:00:00+00:00,47.54260867,7.58371693,,,0,0,1,0,0,1.2,-1.65,292.6895,0.0,304.73438
2016-08-15 00:00:00+00:00,23.27,5.6,,,0,1,0,0,0,1.2,-1.65,299.97772,0.0,2246.375
2016-08-15 00:00:00+00:00,69.1,-105.1166667,,,0,0,0,0,1,1.2,-1.65,282.59567,0.0,0.0
2016-08-15 00:00:00+00:00,0.38,6.72,,,1,0,0,0,0,1.2,-1.65,295.72812,6.9187763e-06,0.0
2016-08-15 00:00:00+00:00,-22.66416667,-48.06,,,1,0,0,0,0,1.2,-1.65,293.9243,7.688966e-06,490.46875
2016-08-15 00:00:00+00:00,-67.57,-68.13,,,0,0,0,0,1,1.2,-1.65,,,11.128906
2016-08-15 00:00:00+00:00,49.67,-93.72,,,0,0,0,1,0,1.2,-1.65,282.8109,1.27979565e-05,427.09375
2016-08-15 00:00:00+00:00,29.7,91.13333333,,,0,0,0,0,1,1.2,-1.65,292.54138,0.0,3735.25
2016-08-15 00:00:00+00:00,12.54194444,39.76972222,,,0,1,0,0,0,1.2,-1.65,293.84088,0.0,1782.5
2016-08-15 00:00:00+00:00,18.9,72.82,,,1,0,0,0,0,1.2,-1.65,300.86972,3.0943207e-05,0.0
2016-09-15 00:00:00+00:00,52.3,104.2833333,,,0,0,0,1,0,2.0,0.61,278.68533,0.0,427.25
2016-09-15 00:00:00+00:00,47.54260867,7.58371693,,,0,0,1,0,0,2.0,0.61,289.33728,0.0,304.73438
2016-09-15 00:00:00+00:00,23.27,5.6,,,0,1,0,0,0,2.0,0.61,298.5563,0.0,2246.375
2016-09-15 00:00:00+00:00,69.1,-105.1166667,,,0,0,0,0,1,2.0,0.61,275.53455,5.062214e-05,0.0
2016-09-15 00:00:00+00:00,0.38,6.72,,,1,0,0,0,0,2.0,0.61,297.24414,6.57007e-07,0.0
2016-09-15 00:00:00+00:00,-22.66416667,-48.06,,,1,0,0,0,0,2.0,0.61,295.33163,2.6775584e-05,490.46875
2016-09-15 00:00:00+00:00,-67.57,-68.13,,,0,0,0,0,1,2.0,0.61,,,11.128906
2016-09-15 00:00:00+00:00,49.67,-93.72,,,0,0,0,1,0,2.0,0.61,282.25967,5.1731797e-05,427.09375
2016-09-15 00:00:00+00:00,29.7,91.13333333,,,0,0,0,0,1,2.0,0.61,289.41278,0.0,3735.25
2016-09-15 00:00:00+00:00,12.54194444,39.76972222,,,0,1,0,0,0,2.0,0.61,293.33118,0.0,1782.5
2016-09-15 00:00:00+00:00,18.9,72.82,,,1,0,0,0,0,2.0,0.61,300.17538,6.9420275e-05,0.0
2016-10-15 00:00:00+00:00,52.3,104.2833333,,,0,0,0,1,0,-0.4,0.41,268.3981,2.1280724e-05,427.25
2016-10-15 00:00:00+00:00,47.54260867,7.58371693,,,0,0,1,0,0,-0.4,0.41,279.55685,0.0,304.73438
2016-10-15 00:00:00+00:00,23.27,5.6,,,0,1,0,0,0,-0.4,0.41,295.42044,0.0,2246.375
2016-10-15 00:00:00+00:00,69.1,-105.1166667,,,0,0,0,0,1,-0.4,0.41,267.07227,3.0992292e-06,0.0
2016-10-15 00:00:00+00:00,0.38,6.72,,,1,0,0,0,0,-0.4,0.41,297.56302,6.313303e-05,0.0
2016-10-15 00:00:00+00:00,-22.66416667,-48.06,,,1,0,0,0,0,-0.4,0.41,297.78424,0.0,490.46875
2016-10-15 00:00:00+00:00,-67.57,-68.13,,,0,0,0,0,1,-0.4,0.41,,,11.128906
2016-10-15 00:00:00+00:00,49.67,-93.72,,,0,0,0,1,0,-0.4,0.41,276.24207,1.0975807e-05,427.09375
2016-10-15 00:00:00+00:00,29.7,91.13333333,,,0,0,0,0,1,-0.4,0.41,289.3672,0.0,3735.25
2016-10-15 00:00:00+00:00,12.54194444,39.76972222,,,0,1,0,0,0,-0.4,0.41,294.95126,0.0,1782.5
2016-10-15 00:00:00+00:00,18.9,72.82,,,1,0,0,0,0,-0.4,0.41,300.7658,0.0,0.0
2016-11-15 00:00:00+00:00,52.3,104.2833333,,,0,0,0,1,0,-0.2,-0.16,268.78375,0.0,427.25
2016-11-15 00:00:00+00:00,47.54260867,7.58371693,,,0,0,1,0,0,-0.2,-0.16,274.29214,4.3347012e-05,304.73438
2016-11-15 00:00:00+00:00,23.27,5.6,,,0,1,0,0,0,-0.2,-0.16,288.67477,5.7179805e-06,2246.375
2016-11-15 00:00:00+00:00,69.1,-105.1166667,,,0,0,0,0,1,-0.2,-0.16,250.94162,0.0,0.0
2016-11-15 00:00:00+00:00,0.38,6.72,,,1,0,0,0,0,-0.2,-0.16,297.3946,0.000106584186,0.0
2016-11-15 00:00:00+00:00,-22.66416667,-48.06,,,1,0,0,0,0,-0.2,-0.16,299.864,1.1440848e-05,490.46875
2016-11-15 00:00:00+00:00,-67.57,-68.13,,,0,0,0,0,1,-0.2,-0.16,,,11.128906
2016-11-15 00:00:00+00:00,49.67,-93.72,,,0,0,0,1,0,-0.2,-0.16,264.5629,0.0,427.09375
2016-11-15 00:00:00+00:00,29.7,91.13333333,,,0,0,0,0,1,-0.2,-0.16,280.69,0.0,3735.25
2016-11-15 00:00:00+00:00,12.54194444,39.76972222,,,0,1,0,0,0,-0.2,-0.16,291.82892,0.0,1782.5
2016-11-15 00:00:00+00:00,18.9,72.82,,,1,0,0,0,0,-0.2,-0.16,300.49792,3.929968e-05,0.0
2016-12-15 00:00:00+00:00,52.3,104.2833333,,,0,0,0,1,0,0.5,0.48,250.60822,0.0,427.25
2016-12-15 00:00:00+00:00,47.54260867,7.58371693,,,0,0,1,0,0,0.5,0.48,272.5953,5.7358196e-05,304.73438
2016-12-15 00:00:00+00:00,23.27,5.6,,,0,1,0,0,0,0.5,0.48,287.77222,0.0,2246.375
2016-12-15 00:00:00+00:00,69.1,-105.1166667,,,0,0,0,0,1,0.5,0.48,242.18086,0.0,0.0
2016-12-15 00:00:00+00:00,0.38,6.72,,,1,0,0,0,0,0.5,0.48,299.3453,5.750785e-05,0.0
2016-12-15 00:00:00+00:00,-22.66416667,-48.06,,,1,0,0,0,0,0.5,0.48,297.53903,9.517375e-05,490.46875
2016-12-15 00:00:00+00:00,-67.57,-68.13,,,0,0,0,0,1,0.5,0.48,,,11.128906
2016-12-15 00:00:00+00:00,49.67,-93.72,,,0,0,0,1,0,0.5,0.48,259.28723,0.0,427.09375
2016-12-15 00:00:00+00:00,29.7,91.13333333,,,0,0,0,0,1,0.5,0.48,278.38412,0.0,3735.25
2016-12-15 00:00:00+00:00,12.54194444,39.76972222,,,0,1,0,0,0,0.5,0.48,291.16586,0.0,1782.5
2016-12-15 00:00:00+00:00,18.9,72.82,,,1,0,0,0,0,0.5,0.48,299.68903,0.0,0.0
2017-01-15 00:00:00+00:00,52.3,104.2833333,,,0,0,0,1,0,0.3,0.48,256.55643,0.0,427.25
2017-01-15 00:00:00+00:00,47.54260867,7.58371693,,,0,0,1,0,0,0.3,0.48,276.25708,4.7863887e-05,304.73438
2017-01-15 00:00:00+00:00,23.27,5.6,,,0,1,0,0,0,0.3,0.48,283.57034,0.0,2246.375
2017-01-15 00:00:00+00:00,69.1,-105.1166667,,,0,0,0,0,1,0.3,0.48,239.4838,0.0,0.0
2017-01-15 00:00:00+00:00,0.38,6.72,,,1,0,0,0,0,0.3,0.48,298.32916,4.7e-05,0.0
2017-01-15 00:00:00+00:00,-22.66416667,-48.06,,,1,0,0,0,0,0.3,0.48,295.87802,0.00014439136,490.46875
2017-01-15 00:00:00+00:00,-67.57,-68.13,,,0,0,0,0,1,0.3,0.48,,,11.128906
2017-01-15 00:00:00+00:00,49.67,-93.72,,,0,0,0,1,0,0.3,0.48,248.71141,0.0,427.09375
2017-01-15 00:00:00+00:00,29.7,91.13333333,,,0,0,0,0,1,0.3,0.48,274.3782,0.0,3735.25
2017-01-15 00:00:00+00:00,12.54194444,39.76972222,,,0,1,0,0,0,0.3,0.48,290.8813,3.823307e-05,1782.5
2017-01-15 00:00:00+00:00,18.9,72.82,,,1,0,0,0,0,0.3,0.48,298.88028,0.0,0.0
2017-02-15 00:00:00+00:00,52.3,104.2833333,,,0,0,0,1,0,-0.1,1.0,258.45746,0.0,427.25
2017-02-15 00:00:00+00:00,47.54260867,7.58371693,,,0,0,1,0,0,-0.1,1.0,277.09613,0.0,304.73438
2017-02-15 00:00:00+00:00,23.27,5.6,,,0,1,0,0,0,-0.1,1.0,286.4853,0.0,2246.375
2017-02-15 00:00:00+00:00,69.1,-105.1166667,,,0,0,0,0,1,-0.1,1.0,240.47594,5.4310026e-06,0.0
2017-02-15 00:00:00+00:00,0.38,6.72,,,1,0,0,0,0,-0.1,1.0,299.57983,4.3106884e-05,0.0
2017-02-15 00:00:00+00:00,-22.66416667,-48.06,,,1,0,0,0,0,-0.1,1.0,299.2643,0.0,490.46875
2017-02-15 00:00:00+00:00,-67.57,-68.13,,,0,0,0,0,1,-0.1,1.0,,,11.128906
2017-02-15 00:00:00+00:00,49.67,-93.72,,,0,0,0,1,0,-0.1,1.0,252.28973,6.6478474e-06,427.09375
2017-02-15 00:00:00+00:00,29.7,91.13333333,,,0,0,0,0,1,-0.1,1.0,277.20383,0.0,3735.25
2017-02-15 00:00:00+00:00,12.54194444,39.76972222,,,0,1,0,0,0,-0.1,1.0,293.99075,0.0,1782.5
2017-02-15 00:00:00+00:00,18.9,72.82,,,1,0,0,0,0,-0.1,1.0,300.06625,0.0,0.0
2017-03-15 00:00:00+00:00,52.3,104.2833333,,,0,0,0,1,0,1.5,0.74,262.60654,0.0,427.25
2017-03-15 00:00:00+00:00,47.54260867,7.58371693,,,0,0,1,0,0,1.5,0.74,271.65436,0.0,304.73438
2017-03-15 00:00:00+00:00,23.27,5.6,,,0,1,0,0,0,1.5,0.74,290.1133,0.0,2246.375
2017-03-15 00:00:00+00:00,69.1,-105.1166667,,,0,0,0,0,1,1.5,0.74,253.90117,0.0,0.0
2017-03-15 00:00:00+00:00,0.38,6.72,,,1,0,0,0,0,1.5,0.74,300.37894,1.6970647e-05,0.0
2017-03-15 00:00:00+00:00,-22.66416667,-48.06,,,1,0,0,0,0,1.5,0.74,299.58566,1.0374734e-05,490.46875
2017-03-15 00:00:00+00:00,-67.57,-68.13,,,0,0,0,0,1,1.5,0.74,,,11.128906
2017-03-15 00:00:00+00:00,49.67,-93.72,,,0,0,0,1,0,1.5,0.74,271.46576,0.0,427.09375
2017-03-15 00:00:00+00:00,29.7,91.13333333,,,0,0,0,0,1,1.5,0.74,284.52524,0.0,3735.25
2017-03-15 00:00:00+00:00,12.54194444,39.76972222,,,0,1,0,0,0,1.5,0.74,293.85782,0.0,1782.5
2017-03-15 00:00:00+00:00,18.9,72.82,,,1,0,0,0,0,1.5,0.74,302.40012,0.0,0.0
2017-04-15 00:00:00+00:00,52.3,104.2833333,,,0,0,0,1,0,-0.3,1.73,272.97946,0.0,427.25
2017-04-15 00:00:00+00:00,47.54260867,7.58371693,,,0,0,1,0,0,-0.3,1.73,285.9934,0.0,304.73438
2017-04-15 00:00:00+00:00,23.27,5.6,,,0,1,0,0,0,-0.3,1.73,294.35355,0.0,2246.375
2017-04-15 00:00:00+00:00,69.1,-105.1166667,,,0,0,0,0,1,-0.3,1.73,246.97879,0.0,0.0
2017-04-15 00:00:00+00:00,0.38,6.72,,,1,0,0,0,0,-0.3,1.73,299.46475,3.28359e-05,0.0
2017-04-15 00:00:00+00:00,-22.66416667,-48.06,,,1,0,0,0,0,-0.3,1.73,298.36218,1.1279689e-05,490.46875
2017-04-15 00:00:00+00:00,-67.57,-68.13,,,0,0,0,0,1,-0.3,1.73,,,11.128906
2017-04-15 00:00:00+00:00,49.67,-93.72,,,0,0,0,1,0,-0.3,1.73,279.20624,0.0,427.09375
2017-04-15 00:00:00+00:00,29.7,91.13333333,,,0,0,0,0,1,-0.3,1.73,287.46683,0.0,3735.25
2017-04-15 00:00:00+00:00,12.54194444,39.76972222,,,0,1,0,0,0,-0.3,1.73,295.20203,0.0,1782.5
2017-04-15 00:00:00+00:00,18.9,72.82,,,1,0,0,0,0,-0.3,1.73,304.36945,0.0,0.0
2017-05-15 00:00:00+00:00,52.3,104.2833333,,,0,0,0,1,0,0.4,-1.91,281.68784,0.0,427.25
2017-05-15 00:00:00+00:00,47.54260867,7.58371693,,,0,0,1,0,0,0.4,-1.91,280.9407,1.2522651e-05,304.73438
2017-05-15 00:00:00+00:00,23.27,5.6,,,0,1,0,0,0,0.4,-1.91,300.0275,0.0,2246.375
2017-05-15 00:00:00+00:00,69.1,-105.1166667,,,0,0,0,0,1,0.4,-1.91,266.89047,0.0,0.0
2017-05-15 00:00:00+00:00,0.38,6.72,,,1,0,0,0,0,0.4,-1.91,301.93683,3.210223e-06,0.0
2017-05-15 00:00:00+00:00,-22.66416667,-48.06,,,1,0,0,0,0,0.4,-1.91,293.0088,0.0,490.46875
2017-05-15 00:00:00+00:00,-67.57,-68.13,,,0,0,0,0,1,0.4,-1.91,,,11.128906
2017-05-15 00:00:00+00:00,49.67,-93.72,,,0,0,0,1,0,0.4,-1.91,278.41125,3.9773517e-05,427.09375
2017-05-15 00:00:00+00:00,29.7,91.13333333,,,0,0,0,0,1,0.4,-1.91,286.13055,6.1197456e-06,3735.25
2017-05-15 00:00:00+00:00,12.54194444,39.76972222,,,0,1,0,0,0,0.4,-1.91,298.6892,0.0,1782.5
2017-05-15 00:00:00+00:00,18.9,72.82,,,1,0,0,0,0,0.4,-1.91,304.14313,0.0,0.0
2017-06-15 00:00:00+00:00,52.3,104.2833333,,,0,0,0,1,0,-0.7,0.05,291.55374,0.0,427.25
2017-06-15 00:00:00+00:00,47.54260867,7.58371693,,,0,0,1,0,0,-0.7,0.05,286.67365,0.0001249687,304.73438
2017-06-15 00:00:00+00:00,23.27,5.6,,,0,1,0,0,0,-0.7,0.05,300.55743,0.0,2246.375
2017-06-15 00:00:00+00:00,69.1,-105.1166667,,,0,0,0,0,1,-0.7,0.05,273.31662,5.1810384e-06,0.0
2017-06-15 00:00:00+00:00,0.38,6.72,,,1,0,0,0,0,-0.7,0.05,297.63998,1.7252118e-05,0.0
2017-06-15 00:00:00+00:00,-22.66416667,-48.06,,,1,0,0,0,0,-0.7,0.05,293.2543,3.2426848e-05,490.46875
2017-06-15 00:00:00+00:00,-67.57,-68.13,,,0,0,0,0,1,-0.7,0.05,,,11.128906
2017-06-15 00:00:00+00:00,49.67,-93.72,,,0,0,0,1,0,-0.7,0.05,284.32892,3.048578e-05,427.09375
2017-06-15 00:00:00+00:00,29.7,91.13333333,,,0,0,0,0,1,-0.7,0.05,291.77194,0.0,3735.25
2017-06-15 00:00:00+00:00,12.54194444,39.76972222,,,0,1,0,0,0,-0.7,0.05,296.39124,3.7566535e-06,1782.5
2017-06-15 00:00:00+00:00,18.9,72.82,,,1,0,0,0,0,-0.7,0.05,299.74216,0.001596387,0.0
2017-07-15 00:00:00+00:00,52.3,104.2833333,,,0,0,0,1,0,1.3,1.26,298.10797,8.4396015e-05,427.25
2017-07-15 00:00:00+00:00,47.54260867,7.58371693,,,0,0,1,0,0,1.3,1.26,294.46872,0.0,304.73438
2017-07-15 00:00:00+00:00,23.27,5.6,,,0,1,0,0,0,1.3,1.26,299.61688,0.0,2246.375
2017-07-15 00:00:00+00:00,69.1,-105.1166667,,,0,0,0,0,1,1.3,1.26,279.78787,0.0,0.0
2017-07-15 00:00:00+00:00,0.38,6.72,,,1,0,0,0,0,1.3,1.26,295.9368,4.076314e-06,0.0
2017-07-15 00:00:00+00:00,-22.66416667,-48.06,,,1,0,0,0,0,1.3,1.26,294.56094,0.0,490.46875
2017-07-15 00:00:00+00:00,-67.57,-68.13,,,0,0,0,0,1,1.3,1.26,,,11.128906
2017-07-15 00:00:00+00:00,49.67,-93.72,,,0,0,0,1,0,1.3,1.26,295.20483,0.0,427.09375
2017-07-15 00:00:00+00:00,29.7,91.13333333,,,0,0,0,0,1,1.3,1.26,292.28424,0.00015781626,3735.25
2017-07-15 00:00:00+00:00,12.54194444,39.76972222,,,0,1,0,0,0,1.3,1.26,293.23898,0.00022056157,1782.5
2017-07-15 00:00:00+00:00,18.9,72.82,,,1,0,0,0,0,1.3,1.26,303.43088,4.4571483e-05,0.0
2017-08-15 00:00:00+00:00,52.3,104.2833333,,,0,0,0,1,0,0.9,-1.1,287.8081,0.0,427.25
2017-08-15 00:00:00+00:00,47.54260867,7.58371693,,,0,0,1,0,0,0.9,-1.1,295.59525,0.00011526567,304.73438
2017-08-15 00:00:00+00:00,23.27,5.6,,,0,1,0,0,0,0.9,-1.1,298.6099,0.0,2246.375
2017-08-15 00:00:00+00:00,69.1,-105.1166667,,,0,0,0,0,1,0.9,-1.1,277.68503,0.0,0.0
2017-08-15 00:00:00+00:00,0.38,6.72,,,1,0,0,0,0,0.9,-1.1,297.32074,0.0,0.0
2017-08-15 00:00:00+00:00,-22.66416667,-48.06,,,1,0,0,0,0,0.9,-1.1,289.08218,0.0,490.46875
2017-08-15 00:00:00+00:00,-67.57,-68.13,,,0,0,0,0,1,0.9,-1.1,,,11.128906
2017-08-15 00:00:00+00:00,49.67,-93.72,,,0,0,0,1,0,0.9,-1.1,287.37262,0.0,427.09375
2017-08-15 00:00:00+00:00,29.7,91.13333333,,,0,0,0,0,1,0.9,-1.1,291.95117,3.2360258e-05,3735.25
2017-08-15 00:00:00+00:00,12.54194444,39.76972222,,,0,1,0,0,0,0.9,-1.1,289.48904,0.0010765335,1782.5
2017-08-15 00:00:00+00:00,18.9,72.82,,,1,0,0,0,0,0.9,-1.1,300.7191,5.041922e-05,0.0
2017-09-15 00:00:00+00:00,52.3,104.2833333,,,0,0,0,1,0,1.0,-0.61,284.17157,0.0,427.25
2017-09-15 00:00:00+00:00,47.54260867,7.58371693,,,0,0,1,0,0,1.0,-0.61,290.23767,0.0,304.73438
2017-09-15 00:00:00+00:00,23.27,5.6,,,0,1,0,0,0,1.0,-0.61,299.77136,0.0,2246.375
2017-09-15 00:00:00+00:00,69.1,-105.1166667,,,0,0,0,0,1,1.0,-0.61,274.39978,2.020603e-05,0.0
2017-09-15 00:00:00+00:00,0.38,6.72,,,1,0,0,0,0,1.0,-0.61,297.14514,1.3671091e-05,0.0
2017-09-15 00:00:00+00:00,-22.66416667,-48.06,,,1,0,0,0,0,1.0,-0.61,293.31473,0.0,490.46875
2017-09-15 00:00:00+00:00,-67.57,-68.13,,,0,0,0,0,1,1.0,-0.61,,,11.128906
2017-09-15 00:00:00+00:00,49.67,-93.72,,,0,0,0,1,0,1.0,-0.61,288.34216,0.0,427.09375
2017-09-15 00:00:00+00:00,29.7,91.13333333,,,0,0,0,0,1,1.0,-0.61,290.0987,9.6272815e-05,3735.25
2017-09-15 00:00:00+00:00,12.54194444,39.76972222,,,0,1,0,0,0,1.0,-0.61,295.02353,0.0,1782.5
2017-09-15 00:00:00+00:00,18.9,72.82,,,1,0,0,0,0,1.0,-0.61,301.05457,5.165163e-05,0.0
2017-10-15 00:00:00+00:00,52.3,104.2833333,,,0,0,0,1,0,1.5,0.19,278.28284,8.309426e-06,427.25
2017-10-15 00:00:00+00:00,47.54260867,7.58371693,,,0,0,1,0,0,1.5,0.19,284.2506,4.9863233e-05,304.73438
2017-10-15 00:00:00+00:00,23.27,5.6,,,0,1,0,0,0,1.5,0.19,292.1597,0.0,2246.375
2017-10-15 00:00:00+00:00,69.1,-105.1166667,,,0,0,0,0,1,1.5,0.19,267.16046,0.0,0.0
2017-10-15 00:00:00+00:00,0.38,6.72,,,1,0,0,0,0,1.5,0.19,297.42267,0.00013939934,0.0
2017-10-15 00:00:00+00:00,-22.66416667,-48.06,,,1,0,0,0,0,1.5,0.19,300.35193,5.8537557e-06,490.46875
2017-10-15 00:00:00+00:00,-67.57,-68.13,,,0,0,0,0,1,1.5,0.19,,,11.128906
2017-10-15 00:00:00+00:00,49.67,-93.72,,,0,0,0,1,0,1.5,0.19,273.4382,0.0,427.09375
2017-10-15 00:00:00+00:00,29.7,91.13333333,,,0,0,0,0,1,1.5,0.19,285.05023,0.0,3735.25
2017-10-15 00:00:00+00:00,12.54194444,39.76972222,,,0,1,0,0,0,1.5,0.19,293.11902,0.0,1782.5
2017-10-15 00:00:00+00:00,18.9,72.82,,,1,0,0,0,0,1.5,0.19,301.5183,2.9467968e-05,0.0
2017-11-15 00:00:00+00:00,52.3,104.2833333,,,0,0,0,1,0,1.5,-0.0,263.08145,0.0,427.25
2017-11-15 00:00:00+00:00,47.54260867,7.58371693,,,0,0,1,0,0,1.5,-0.0,280.04077,0.0,304.73438
2017-11-15 00:00:00+00:00,23.27,5.6,,,0,1,0,0,0,1.5,-0.0,288.8751,0.0,2246.375
2017-11-15 00:00:00+00:00,69.1,-105.1166667,,,0,0,0,0,1,1.5,-0.0,252.06935,0.0,0.0
2017-11-15 00:00:00+00:00,0.38,6.72,,,1,0,0,0,0,1.5,-0.0,298.04178,0.00012286325,0.0
2017-11-15 00:00:00+00:00,-22.66416667,-48.06,,,1,0,0,0,0,1.5,-0.0,303.208,0.0,490.46875
2017-11-15 00:00:00+00:00,-67.57,-68.13,,,0,0,0,0,1,1.5,-0.0,,,11.128906
2017-11-15 00:00:00+00:00,49.67,-93.72,,,0,0,0,1,0,1.5,-0.0,273.0793,2.28371e-05,427.09375
2017-11-15 00:00:00+00:00,29.7,91.13333333,,,0,0,0,0,1,1.5,-0.0,282.74576,0.0,3735.25
2017-11-15 00:00:00+00:00,12.54194444,39.76972222,,,0,1,0,0,0,1.5,-0.0,291.22388,0.0,1782.5
2017-11-15 00:00:00+00:00,18.9,72.82,,,1,0,0,0,0,1.5,-0.0,302.04675,3.445928e-06,0.0
2017-12-15 00:00:00+00:00,52.3,104.2833333,,,0,0,0,1,0,-0.2,0.88,261.22748,1.1629324e-05,427.25
2017-12-15 00:00:00+00:00,47.54260867,7.58371693,,,0,0,1,0,0,-0.2,0.88,274.76358,0.0,304.73438
2017-12-15 00:00:00+00:00,23.27,5.6,,,0,1,0,0,0,-0.2,0.88,286.54932,0.0,2246.375
2017-12-15 00:00:00+00:00,69.1,-105.1166667,,,0,0,0,0,1,-0.2,0.88,252.66681,0.0,0.0
2017-12-15 00:00:00+00:00,0.38,6.72,,,1,0,0,0,0,-0.2,0.88,299.03192,2.5694006e-05,0.0
2017-12-15 00:00:00+00:00,-22.66416667,-48.06,,,1,0,0,0,0,-0.2,0.88,299.44385,4.5918918e-05,490.46875
2017-12-15 00:00:00+00:00,-67.57,-68.13,,,0,0,0,0,1,-0.2,0.88,,,11.128906
2017-12-15 00:00:00+00:00,49.67,-93.72,,,0,0,0,1,0,-0.2,0.88,261.29288,0.0,427.09375
2017-12-15 00:00:00+00:00,29.7,91.13333333,,,0,0,0,0,1,-0.2,0.88,273.33826,1.7440082e-06,3735.25
2017-12-15 00:00:00+00:00,12.54194444,39.76972222,,,0,1,0,0,0,-0.2,0.88,290.33102,0.0,1782.5
2017-12-15 00:00:00+00:00,18.9,72.82,,,1,0,0,0,0,-0.2,0.88,297.6678,0.0,0.0
2018-01-15 00:00:00+00:00,52.3,104.2833333,,,0,0,0,1,0,1.8,1.44,258.9202,0.0,427.25
2018-01-15 00:00:00+00:00,47.54260867,7.58371693,,,0,0,1,0,0,1.8,1.44,273.9131,0.0,304.73438
2018-01-15 00:00:00+00:00,23.27,5.6,,,0,1,0,0,0,1.8,1.44,284.05322,0.0,2246.375
2018-01-15 00:00:00+00:00,69.1,-105.1166667,,,0,0,0,0,1,1.8,1.44,233.69768,0.0,0.0
2018-01-15 00:00:00+00:00,0.38,6.72,,,1,0,0,0,0,1.8,1.44,298.13882,0.00010676263,0.0
2018-01-15 00:00:00+00:00,-22.66416667,-48.06,,,1,0,0,0,0,1.8,1.44,297.0749,0.00012780506,490.46875
2018-01-15 00:00:00+00:00,-67.57,-68.13,,,0,0,0,0,1,1.8,1.44,,,11.128906
2018-01-15 00:00:00+00:00,49.67,-93.72,,,0,0,0,1,0,1.8,1.44,266.09045,0.0,427.09375
2018-01-15 00:00:00+00:00,29.7,91.13333333,,,0,0,0,0,1,1.8,1.44,277.11533,0.0,3735.25
2018-01-15 00:00:00+00:00,12.54194444,39.76972222,,,0,1,0,0,0,1.8,1.44,291.3948,0.0,1782.5
2018-01-15 00:00:00+00:00,18.9,72.82,,,1,0,0,0,0,1.8,1.44,298.7693,0.0,0.0
2018-02-15 00:00:00+00:00,52.3,104.2833333,,,0,0,0,1,0,-0.8,1.58,251.5806,0.0,427.25
2018-02-15 00:00:00+00:00,47.54260867,7.58371693,,,0,0,1,0,0,-0.8,1.58,275.48962,4.9743823e-05,304.73438
2018-02-15 00:00:00+00:00,23.27,5.6,,,0,1,0,0,0,-0.8,1.58,284.21277,0.0,2246.375
2018-02-15 00:00:00+00:00,69.1,-105.1166667,,,0,0,0,0,1,-0.8,1.58,238.93828,0.0,0.0
2018-02-15 00:00:00+00:00,0.38,6.72,,,1,0,0,0,0,-0.8,1.58,299.4152,6.686316e-05,0.0
2018-02-15 00:00:00+00:00,-22.66416667,-48.06,,,1,0,0,0,0,-0.8,1.58,298.25238,0.00013579002,490.46875
2018-02-15 00:00:00+00:00,-67.57,-68.13,,,0,0,0,0,1,-0.8,1.58,,,11.128906
2018-02-15 00:00:00+00:00,49.67,-93.72,,,0,0,0,1,0,-0.8,1.58,265.10452,0.0,427.09375
2018-02-15 00:00:00+00:00,29.7,91.13333333,,,0,0,0,0,1,-0.8,1.58,281.72217,0.0,3735.25
2018-02-15 00:00:00+00:00,12.54194444,39.76972222,,,0,1,0,0,0,-0.8,1.58,292.99777,0.0,1782.5
2018-02-15 00:00:00+00:00,18.9,72.82,,,1,0,0,0,0,-0.8,1.58,299.68237,0.0,0.0
2018-03-15 00:00:00+00:00,52.3,104.2833333,,,0,0,0,1,0,2.4,-0.93,272.96973,4.130663e-05,427.25
2018-03-15 00:00:00+00:00,47.54260867,7.58371693,,,0,0,1,0,0,2.4,-0.93,272.97797,1.826238e-05,304.73438
2018-03-15 00:00:00+00:00,23.27,5.6,,,0,1,0,0,0,2.4,-0.93,292.55005,0.0,2246.375
2018-03-15 00:00:00+00:00,69.1,-105.1166667,,,0,0,0,0,1,2.4,-0.93,243.0264,0.0,0.0
2018-03-15 00:00:00+00:00,0.38,6.72,,,1,0,0,0,0,2.4,-0.93,299.7142,7.665531e-05,0.0
2018-03-15 00:00:00+00:00,-22.66416667,-48.06,,,1,0,0,0,0,2.4,-0.93,295.97565,0.000115436604,490.46875
2018-03-15 00:00:00+00:00,-67.57,-68.13,,,0,0,0,0,1,2.4,-0.93,,,11.128906
2018-03-15 00:00:00+00:00,49.67,-93.72,,,0,0,0,1,0,2.4,-0.93,273.62833,0.0,427.09375
2018-03-15 00:00:00+00:00,29.7,91.13333333,,,0,0,0,0,1,2.4,-0.93,282.34183,0.0,3735.25
2018-03-15 00:00:00+00:00,12.54194444,39.76972222,,,0,1,0,0,0,2.4,-0.93,291.22745,0.00016620399,1782.5
2018-03-15 00:00:00+00:00,18.9,72.82,,,1,0,0,0,0,2.4,-0.93,300.0781,0.0,0.0
2018-04-15 00:00:00+00:00,52.3,104.2833333,,,0,0,0,1,0,0.8,1.24,278.06168,0.0,427.25
2018-04-15 00:00:00+00:00,47.54260867,7.58371693,,,0,0,1,0,0,0.8,1.24,278.90588,0.0,304.73438
2018-04-15 00:00:00+00:00,23.27,5.6,,,0,1,0,0,0,0.8,1.24,290.13937,0.0,2246.375
2018-04-15 00:00:00+00:00,69.1,-105.1166667,,,0,0,0,0,1,0.8,1.24,257.7606,4.0447176e-05,0.0
2018-04-15 00:00:00+00:00,0.38,6.72,,,1,0,0,0,0,0.8,1.24,299.05667,8.816824e-05,0.0
2018-04-15 00:00:00+00:00,-22.66416667,-48.06,,,1,0,0,0,0,0.8,1.24,296.96777,1.5228442e-05,490.46875
2018-04-15 00:00:00+00:00,-67.57,-68.13,,,0,0,0,0,1,0.8,1.24,,,11.128906
2018-04-15 00:00:00+00:00,49.67,-93.72,,,0,0,0,1,0,0.8,1.24,283.22266,0.0,427.09375
2018-04-15 00:00:00+00:00,29.7,91.13333333,,,0,0,0,0,1,0.8,1.24,282.7262,0.0,3735.25
2018-04-15 00:00:00+00:00,12.54194444,39.76972222,,,0,1,0,0,0,0.8,1.24,292.3563,0.0,1782.5
2018-04-15 00:00:00+00:00,18.9,72.82,,,1,0,0,0,0,0.8,1.24,301.94946,0.0,0.0
2018-05-15 00:00:00+00:00,52.3,104.2833333,,,0,0,0,1,0,0.6,2.12,279.15924,0.0,427.25
2018-05-15 00:00:00+00:00,47.54260867,7.58371693,,,0,0,1,0,0,0.6,2.12,285.22247,0.0,304.73438
2018-05-15 00:00:00+00:00,23.27,5.6,,,0,1,0,0,0,0.6,2.12,296.65494,0.0,2246.375
2018-05-15 00:00:00+00:00,69.1,-105.1166667,,,0,0,0,0,1,0.6,2.12,262.77148,9.393204e-06,0.0
2018-05-15 00:00:00+00:00,0.38,6.72,,,1,0,0,0,0,0.6,2.12,299.5443,1.21295125e-05,0.0
2018-05-15 00:00:00+00:00,-22.66416667,-48.06,,,1,0,0,0,0,0.6,2.12,291.66278,0.0,490.46875
2018-05-15 00:00:00+00:00,-67.57,-68.13,,,0,0,0,0,1,0.6,2.12,,,11.128906
2018-05-15 00:00:00+00:00,49.67,-93.72,,,0,0,0,1,0,0.6,2.12,286.8385,0.00043861393,427.09375
2018-05-15 00:00:00+00:00,29.7,91.13333333,,,0,0,0,0,1,0.6,2.12,283.98834,2.2038004e-05,3735.25
2018-05-15 00:00:00+00:00,12.54194444,39.76972222,,,0,1,0,0,0,0.6,2.12,295.5747,0.0,1782.5
2018-05-15 00:00:00+00:00,18.9,72.82,,,1,0,0,0,0,0.6,2.12,304.018,2.2081747e-06,0.0
2018-06-15 00:00:00+00:00,52.3,104.2833333,,,0,0,0,1,0,-0.2,1.09,286.09924,0.0,427.25
2018-06-15 00:00:00+00:00,47.54260867,7.58371693,,,0,0,1,0,0,-0.2,1.09,291.6117,0.0,304.73438
2018-06-15 00:00:00+00:00,23.27,5.6,,,0,1,0,0,0,-0.2,1.09,299.62076,0.0,2246.375
2018-06-15 00:00:00+00:00,69.1,-105.1166667,,,0,0,0,0,1,-0.2,1.09,273.00174,1.8462846e-05,0.0
2018-06-15 00:00:00+00:00,0.38,6.72,,,1,0,0,0,0,-0.2,1.09,298.83862,0.0,0.0
2018-06-15 00:00:00+00:00,-22.66416667,-48.06,,,1,0,0,0,0,-0.2,1.09,288.73416,0.0,490.46875
2018-06-15 00:00:00+00:00,-67.57,-68.13,,,0,0,0,0,1,-0.2,1.09,,,11.128906
2018-06-15 00:00:00+00:00,49.67,-93.72,,,0,0,0,1,0,-0.2,1.09,288.50085,2.1338103e-05,427.09375
2018-06-15 00:00:00+00:00,29.7,91.13333333,,,0,0,0,0,1,-0.2,1.09,291.25388,6.68959e-05,3735.25
2018-06-15 00:00:00+00:00,12.54194444,39.76972222,,,0,1,0,0,0,-0.2,1.09,295.75534,0.0,1782.5
2018-06-15 00:00:00+00:00,18.9,72.82,,,1,0,0,0,0,-0.2,1.09,302.15524,0.00011846803,0.0
2018-07-15 00:00:00+00:00,52.3,104.2833333,,,0,0,0,1,0,0.4,1.39,292.77002,2.4732997e-05,427.25
2018-07-15 00:00:00+00:00,47.54260867,7.58371693,,,0,0,1,0,0,0.4,1.39,297.70447,0.0,304.73438
2018-07-15 00:00:00+00:00,23.27,5.6,,,0,1,0,0,0,0.4,1.39,301.3141,0.0,2246.375
2018-07-15 00:00:00+00:00,69.1,-105.1166667,,,0,0,0,0,1,0.4,1.39,283.3847,0.0,0.0
2018-07-15 00:00:00+00:00,0.38,6.72,,,1,0,0,0,0,0.4,1.39,296.3662,9.2914456e-07,0.0
2018-07-15 00:00:00+00:00,-22.66416667,-48.06,,,1,0,0,0,0,0.4,1.39,287.96793,1.1063703e-05,490.46875
2018-07-15 00:00:00+00:00,-67.57,-68.13,,,0,0,0,0,1,0.4,1.39,,,11.128906
2018-07-15 00:00:00+00:00,49.67,-93.72,,,0,0,0,1,0,0.4,1.39,295.574,0.0,427.09375
2018-07-15 00:00:00+00:00,29.7,91.13333333,,,0,0,0,0,1,0.4,1.39,293.8396,4.538105e-05,3735.25
2018-07-15 00:00:00+00:00,12.54194444,39.76972222,,,0,1,0,0,0,0.4,1.39,293.42694,0.00014270726,1782.5
2018-07-15 00:00:00+00:00,18.9,72.82,,,1,0,0,0,0,0.4,1.39,301.67148,9.7811564e-05,0.0
2018-08-15 00:00:00+00:00,52.3,104.2833333,,,0,0,0,1,0,-0.5,1.97,287.81427,0.0001792869,427.25
2018-08-15 00:00:00+00:00,47.54260867,7.58371693,,,0,0,1,0,0,-0.5,1.97,288.64752,6.2871164e-05,304.73438
2018-08-15 00:00:00+00:00,23.27,5.6,,,0,1,0,0,0,-0.5,1.97,300.7654,0.0,2246.375
2018-08-15 00:00:00+00:00,69.1,-105.1166667,,,0,0,0,0,1,-0.5,1.97,281.37192,0.0,0.0
2018-08-15 00:00:00+00:00,0.38,6.72,,,1,0,0,0,0,-0.5,1.97,296.9738,4.478743e-06,0.0
2018-08-15 00:00:00+00:00,-22.66416667,-48.06,,,1,0,0,0,0,-0.5,1.97,294.60782,0.0,490.46875
2018-08-15 00:00:00+00:00,-67.57,-68.13,,,0,0,0,0,1,-0.5,1.97,,,11.128906
2018-08-15 00:00:00+00:00,49.67,-93.72,,,0,0,0,1,0,-0.5,1.97,288.3251,0.0,427.09375
2018-08-15 00:00:00+00:00,29.7,91.13333333,,,0,0,0,0,1,-0.5,1.97,290.43295,0.0,3735.25
2018-08-15 00:00:00+00:00,12.54194444,39.76972222,,,0,1,0,0,0,-0.5,1.97,291.87994,0.00010456497,1782.5
2018-08-15 00:00:00+00:00,18.9,72.82,,,1,0,0,0,0,-0.5,1.97,300.4145,9.386126e-05,0.0
2018-09-15 00:00:00+00:00,52.3,104.2833333,,,0,0,0,1,0,-1.5,1.67,288.62683,0.0,427.25
2018-09-15 00:00:00+00:00,47.54260867,7.58371693,,,0,0,1,0,0,-1.5,1.67,287.75797,0.0,304.73438
2018-09-15 00:00:00+00:00,23.27,5.6,,,0,1,0,0,0,-1.5,1.67,296.41714,0.0,2246.375
2018-09-15 00:00:00+00:00,69.1,-105.1166667,,,0,0,0,0,1,-1.5,1.67,276.9342,1.5833322e-05,0.0
2018-09-15 00:00:00+00:00,0.38,6.72,,,1,0,0,0,0,-1.5,1.67,297.9326,2.0301036e-06,0.0
2018-09-15 00:00:00+00:00,-22.66416667,-48.06,,,1,0,0,0,0,-1.5,1.67,295.99387,0.0,490.46875
2018-09-15 00:00:00+00:00,-67.57,-68.13,,,0,0,0,0,1,-1.5,1.67,,,11.128906
2018-09-15 00:00:00+00:00,49.67,-93.72,,,0,0,0,1,0,-1.5,1.67,283.2189,9.7754555e-06,427.09375
2018-09-15 00:00:00+00:00,29.7,91.13333333,,,0,0,0,0,1,-1.5,1.67,289.33313,3.8442602e-05,3735.25
2018-09-15 00:00:00+00:00,12.54194444,39.76972222,,,0,1,0,0,0,-1.5,1.67,294.78113,0.0,1782.5
2018-09-15 00:00:00+00:00,18.9,72.82,,,1,0,0,0,0,-1.5,1.67,300.75082,1.5545302e-05,0.0
2018-10-15 00:00:00+00:00,52.3,104.2833333,,,0,0,0,1,0,0.6,0.93,276.0561,0.0,427.25
2018-10-15 00:00:00+00:00,47.54260867,7.58371693,,,0,0,1,0,0,0.6,0.93,284.37143,6.039174e-05,304.73438
2018-10-15 00:00:00+00:00,23.27,5.6,,,0,1,0,0,0,0.6,0.93,295.0622,0.0,2246.375
2018-10-15 00:00:00+00:00,69.1,-105.1166667,,,0,0,0,0,1,0.6,0.93,269.70178,5.8844897e-05,0.0
2018-10-15 00:00:00+00:00,0.38,6.72,,,1,0,0,0,0,0.6,0.93,298.0129,0.00011037903,0.0
2018-10-15 00:00:00+00:00,-22.66416667,-48.06,,,1,0,0,0,0,0.6,0.93,296.43015,4.618918e-06,490.46875
2018-10-15 00:00:00+00:00,-67.57,-68.13,,,0,0,0,0,1,0.6,0.93,,,11.128906
2018-10-15 00:00:00+00:00,49.67,-93.72,,,0,0,0,1,0,0.6,0.93,272.9746,1.700284e-05,427.09375
2018-10-15 00:00:00+00:00,29.7,91.13333333,,,0,0,0,0,1,0.6,0.93,282.95166,0.0,3735.25
2018-10-15 00:00:00+00:00,12.54194444,39.76972222,,,0,1,0,0,0,0.6,0.93,292.74,0.0,1782.5
2018-10-15 00:00:00+00:00,18.9,72.82,,,1,0,0,0,0,0.6,0.93,302.79346,5.842748e-06,0.0
2018-11-15 00:00:00+00:00,52.3,104.2833333,,,0,0,0,1,0,-0.1,-0.11,266.3274,0.0,427.25
2018-11-15 00:00:00+00:00,47.54260867,7.58371693,,,0,0,1,0,0,-0.1,-0.11,283.43118,4.2474257e-05,304.73438
2018-11-15 00:00:00+00:00,23.27,5.6,,,0,1,0,0,0,-0.1,-0.11,287.91953,0.0,2246.375
2018-11-15 00:00:00+00:00,69.1,-105.1166667,,,0,0,0,0,1,-0.1,-0.11,254.56816,0.0,0.0
2018-11-15 00:00:00+00:00,0.38,6.72,,,1,0,0,0,0,-0.1,-0.11,297.92422,0.00031824005,0.0
2018-11-15 00:00:00+00:00,-22.66416667,-48.06,,,1,0,0,0,0,-0.1,-0.11,305.51736,9.4310535e-06,490.46875
2018-11-15 00:00:00+00:00,-67.57,-68.13,,,0,0,0,0,1,-0.1,-0.11,,,11.128906
2018-11-15 00:00:00+00:00,49.67,-93.72,,,0,0,0,1,0,-0.1,-0.11,261.58853,0.0,427.09375
2018-11-15 00:00:00+00:00,29.7,91.13333333,,,0,0,0,0,1,-0.1,-0.11,280.9031,0.0,3735.25
2018-11-15 00:00:00+00:00,12.54194444,39.76972222,,,0,1,0,0,0,-0.1,-0.11,292.31693,0.0,1782.5
2018-11-15 00:00:00+00:00,18.9,72.82,,,1,0,0,0,0,-0.1,-0.11,301.10028,0.0,0.0
2018-12-15 00:00:00+00:00,52.3,104.2833333,,,0,0,0,1,0,1.7,0.61,254.71242,5.301903e-06,427.25
2018-12-15 00:00:00+00:00,47.54260867,7.58371693,,,0,0,1,0,0,1.7,0.61,272.16443,8.97218e-05,304.73438
2018-12-15 00:00:00+00:00,23.27,5.6,,,0,1,0,0,0,1.7,0.61,285.6244,0.0,2246.375
2018-12-15 00:00:00+00:00,69.1,-105.1166667,,,0,0,0,0,1,1.7,0.61,253.20209,1.2345927e-05,0.0
2018-12-15 00:00:00+00:00,0.38,6.72,,,1,0,0,0,0,1.7,0.61,299.67276,1.858923e-05,0.0
2018-12-15 00:00:00+00:00,-22.66416667,-48.06,,,1,0,0,0,0,1.7,0.61,300.4485,0.0,490.46875
2018-12-15 00:00:00+00:00,-67.57,-68.13,,,0,0,0,0,1,1.7,0.61,,,11.128906
2018-12-15 00:00:00+00:00,49.67,-93.72,,,0,0,0,1,0,1.7,0.61,260.30124,2.595043e-05,427.09375
2018-12-15 00:00:00+00:00,29.7,91.13333333,,,0,0,0,0,1,1.7,0.61,273.28516,1.3156347e-06,3735.25
2018-12-15 00:00:00+00:00,12.54194444,39.76972222,,,0,1,0,0,0,1.7,0.61,290.19254,9.8148106e-05,1782.5
2018-12-15 00:00:00+00:00,18.9,72.82,,,1,0,0,0,0,1.7,0.61,299.44858,0.0,0.0
2019-01-15 00:00:00+00:00,52.3,104.2833333,,,0,0,0,1,0,-0.1,0.59,261.84406,7.223821e-06,427.25
2019-01-15 00:00:00+00:00,47.54260867,7.58371693,,,0,0,1,0,0,-0.1,0.59,274.84256,3.7781283e-05,304.73438
2019-01-15 00:00:00+00:00,23.27,5.6,,,0,1,0,0,0,-0.1,0.59,283.29852,0.0,2246.375
2019-01-15 00:00:00+00:00,69.1,-105.1166667,,,0,0,0,0,1,-0.1,0.59,244.35129,0.0,0.0
2019-01-15 00:00:00+00:00,0.38,6.72,,,1,0,0,0,0,-0.1,0.59,298.23743,0.00010886562,0.0
2019-01-15 00:00:00+00:00,-22.66416667,-48.06,,,1,0,0,0,0,-0.1,0.59,298.83276,0.00018539077,490.46875
2019-01-15 00:00:00+00:00,-67.57,-68.13,,,0,0,0,0,1,-0.1,0.59,,,11.128906
2019-01-15 00:00:00+00:00,49.67,-93.72,,,0,0,0,1,0,-0.1,0.59,253.91367,2.1112235e-05,427.09375
2019-01-15 00:00:00+00:00,29.7,91.13333333,,,0,0,0,0,1,-0.1,0.59,271.45807,1.3299881e-05,3735.25
2019-01-15 00:00:00+00:00,12.54194444,39.76972222,,,0,1,0,0,0,-0.1,0.59,292.14026,0.0,1782.5
2019-01-15 00:00:00+00:00,18.9,72.82,,,1,0,0,0,0,-0.1,0.59,296.54886,0.0,0.0
2019-02-15 00:00:00+00:00,52.3,104.2833333,,,0,0,0,1,0,-2.3,0.29,257.30066,0.0,427.25
2019-02-15 00:00:00+00:00,47.54260867,7.58371693,,,0,0,1,0,0,-2.3,0.29,281.2166,0.0,304.73438
2019-02-15 00:00:00+00:00,23.27,5.6,,,0,1,0,0,0,-2.3,0.29,282.52316,0.0,2246.375
2019-02-15 00:00:00+00:00,69.1,-105.1166667,,,0,0,0,0,1,-2.3,0.29,246.72685,0.0,0.0
2019-02-15 00:00:00+00:00,0.38,6.72,,,1,0,0,0,0,-2.3,0.29,299.81854,0.00011482402,0.0
2019-02-15 00:00:00+00:00,-22.66416667,-48.06,,,1,0,0,0,0,-2.3,0.29,298.4074,0.00018462006,490.46875
2019-02-15 00:00:00+00:00,-67.57,-68.13,,,0,0,0,0,1,-2.3,0.29,,,11.128906
2019-02-15 00:00:00+00:00,49.67,-93.72,,,0,0,0,1,0,-2.3,0.29,253.11925,0.0,427.09375
2019-02-15 00:00:00+00:00,29.7,91.13333333,,,0,0,0,0,1,-2.3,0.29,277.4961,0.0,3735.25
2019-02-15 00:00:00+00:00,12.54194444,39.76972222,,,0,1,0,0,0,-2.3,0.29,293.72214,0.0,1782.5
2019-02-15 00:00:00+00:00,18.9,72.82,,,1,0,0,0,0,-2.3,0.29,299.9399,0.0,0.0
2019-03-15 00:00:00+00:00,52.3,104.2833333,,,0,0,0,1,0,-0.5,1.23,260.14865,0.0,427.25
2019-03-15 00:00:00+00:00,47.54260867,7.58371693,,,0,0,1,0,0,-0.5,1.23,283.6883,0.0,304.73438
2019-03-15 00:00:00+00:00,23.27,5.6,,,0,1,0,0,0,-0.5,1.23,288.76874,0.0,2246.375
2019-03-15 00:00:00+00:00,69.1,-105.1166667,,,0,0,0,0,1,-0.5,1.23,240.66365,0.0,0.0
2019-03-15 00:00:00+00:00,0.38,6.72,,,1,0,0,0,0,-0.5,1.23,299.6575,6.730272e-05,0.0
2019-03-15 00:00:00+00:00,-22.66416667,-48.06,,,1,0,0,0,0,-0.5,1.23,298.00885,0.00010834918,490.46875
2019-03-15 00:00:00+00:00,-67.57,-68.13,,,0,0,0,0,1,-0.5,1.23,,,11.128906
2019-03-15 00:00:00+00:00,49.67,-93.72,,,0,0,0,1,0,-0.5,1.23,273.9712,0.0,427.09375
2019-03-15 00:00:00+00:00,29.7,91.13333333,,,0,0,0,0,1,-0.5,1.23,280.17352,0.0,3735.25
2019-03-15 00:00:00+00:00,12.54194444,39.76972222,,,0,1,0,0,0,-0.5,1.23,294.59183,0.0,1782.5
2019-03-15 00:00:00+00:00,18.9,72.82,,,1,0,0,0,0,-0.5,1.23,301.31345,0.0,0.0
2019-04-15 00:00:00+00:00,52.3,104.2833333,,,0,0,0,1,0,0.2,0.47,276.73947,0.0,427.25
2019-04-15 00:00:00+00:00,47.54260867,7.58371693,,,0,0,1,0,0,0.2,0.47,282.63647,0.0,304.73438
2019-04-15 00:00:00+00:00,23.27,5.6,,,0,1,0,0,0,0.2,0.47,293.2915,0.0,2246.375
2019-04-15 00:00:00+00:00,69.1,-105.1166667,,,0,0,0,0,1,0.2,0.47,251.95908,0.0,0.0
2019-04-15 00:00:00+00:00,0.38,6.72,,,1,0,0,0,0,0.2,0.47,299.36877,8.397769e-05,0.0
2019-04-15 00:00:00+00:00,-22.66416667,-48.06,,,1,0,0,0,0,0.2,0.47,295.29443,5.1801315e-05,490.46875
2019-04-15 00:00:00+00:00,-67.57,-68.13,,,0,0,0,0,1,0.2,0.47,,,11.128906
2019-04-15 00:00:00+00:00,49.67,-93.72,,,0,0,0,1,0,0.2,0.47,281.00027,0.00044979635,427.09375
2019-04-15 00:00:00+00:00,29.7,91.13333333,,,0,0,0,0,1,0.2,0.47,286.6904,0.0,3735.25
2019-04-15 00:00:00+00:00,12.54194444,39.76972222,,,0,1,0,0,0,0.2,0.47,297.15347,0.0,1782.5
2019-04-15 00:00:00+00:00,18.9,72.82,,,1,0,0,0,0,0.2,0.47,303.86014,3.9698357e-06,0.0
2019-05-15 00:00:00+00:00,52.3,104.2833333,,,0,0,0,1,0,-0.7,-2.62,285.56653,0.0,427.25
2019-05-15 00:00:00+00:00,47.54260867,7.58371693,,,0,0,1,0,0,-0.7,-2.62,282.24185,4.162171e-05,304.73438
2019-05-15 00:00:00+00:00,23.27,5.6,,,0,1,0,0,0,-0.7,-2.62,293.10007,0.0,2246.375
2019-05-15 00:00:00+00:00,69.1,-105.1166667,,,0,0,0,0,1,-0.7,-2.62,262.9967,0.0,0.0
2019-05-15 00:00:00+00:00,0.38,6.72,,,1,0,0,0,0,-0.7,-2.62,298.24582,0.00015174819,0.0
2019-05-15 00:00:00+00:00,-22.66416667,-48.06,,,1,0,0,0,0,-0.7,-2.62,292.20352,0.0,490.46875
2019-05-15 00:00:00+00:00,-67.57,-68.13,,,0,0,0,0,1,-0.7,-2.62,,,11.128906
2019-05-15 00:00:00+00:00,49.67,-93.72,,,0,0,0,1,0,-0.7,-2.62,285.63278,0.0,427.09375
2019-05-15 00:00:00+00:00,29.7,91.13333333,,,0,0,0,0,1,-0.7,-2.62,287.4849,2.7993065e-05,3735.25
2019-05-15 00:00:00+00:00,12.54194444,39.76972222,,,0,1,0,0,0,-0.7,-2.62,292.64746,9.181444e-05,1782.5
2019-05-15 00:00:00+00:00,18.9,72.82,,,1,0,0,0,0,-0.7,-2.62,304.3364,0.0,0.0
2019-06-15 00:00:00+00:00,52.3,104.2833333,,,0,0,0,1,0,-0.7,-1.09,291.50705,1.4396549e-05,427.25
2019-06-15 00:00:00+00:00,47.54260867,7.58371693,,,0,0,1,0,0,-0.7,-1.09,284.69424,1.6138772e-05,304.73438
2019-06-15 00:00:00+00:00,23.27,5.6,,,0,1,0,0,0,-0.7,-1.09,299.3833,0.0,2246.375
2019-06-15 00:00:00+00:00,69.1,-105.1166667,,,0,0,0,0,1,-0.7,-1.09,278.1651,1.3174948e-05,0.0
2019-06-15 00:00:00+00:00,0.38,6.72,,,1,0,0,0,0,-0.7,-1.09,296.53802,9.63097e-06,0.0
2019-06-15 00:00:00+00:00,-22.66416667,-48.06,,,1,0,0,0,0,-0.7,-1.09,290.8048,0.0,490.46875
2019-06-15 00:00:00+00:00,-67.57,-68.13,,,0,0,0,0,1,-0.7,-1.09,,,11.128906
2019-06-15 00:00:00+00:00,49.67,-93.72,,,0,0,0,1,0,-0.7,-1.09,292.9014,0.0,427.09375
2019-06-15 00:00:00+00:00,29.7,91.13333333,,,0,0,0,0,1,-0.7,-1.09,294.27985,2.9727753e-05,3735.25
2019-06-15 00:00:00+00:00,12.54194444,39.76972222,,,0,1,0,0,0,-0.7,-1.09,296.38885,0.0,1782.5
2019-06-15 00:00:00+00:00,18.9,72.82,,,1,0,0,0,0,-0.7,-1.09,302.15756,3.594149e-05,0.0
2019-07-15 00:00:00+00:00,52.3,104.2833333,,,0,0,0,1,0,-0.6,-1.43,286.9698,0.00021272773,427.25
2019-07-15 00:00:00+00:00,47.54260867,7.58371693,,,0,0,1,0,0,-0.6,-1.43,290.9911,0.0,304.73438
2019-07-15 00:00:00+00:00,23.27,5.6,,,0,1,0,0,0,-0.6,-1.43,301.74097,0.0,2246.375
2019-07-15 00:00:00+00:00,69.1,-105.1166667,,,0,0,0,0,1,-0.6,-1.43,280.96878,0.0,0.0
2019-07-15 00:00:00+00:00,0.38,6.72,,,1,0,0,0,0,-0.6,-1.43,296.05515,2.7799376e-06,0.0
2019-07-15 00:00:00+00:00,-22.66416667,-48.06,,,1,0,0,0,0,-0.6,-1.43,292.23395,0.0,490.46875
2019-07-15 00:00:00+00:00,-67.57,-68.13,,,0,0,0,0,1,-0.6,-1.43,,,11.128906
2019-07-15 00:00:00+00:00,49.67,-93.72,,,0,0,0,1,0,-0.6,-1.43,292.0111,0.0,427.09375
2019-07-15 00:00:00+00:00,29.7,91.13333333,,,0,0,0,0,1,-0.6,-1.43,292.14066,6.0161932e-05,3735.25
2019-07-15 00:00:00+00:00,12.54194444,39.76972222,,,0,1,0,0,0,-0.6,-1.43,294.62805,0.0,1782.5
2019-07-15 00:00:00+00:00,18.9,72.82,,,1,0,0,0,0,-0.6,-1.43,301.07816,0.00034419892,0.0
2019-08-15 00:00:00+00:00,52.3,104.2833333,,,0,0,0,1,0,-0.2,-1.17,289.54858,3.9421324e-05,427.25
2019-08-15 00:00:00+00:00,47.54260867,7.58371693,,,0,0,1,0,0,-0.2,-1.17,297.62982,0.0,304.73438
2019-08-15 00:00:00+00:00,23.27,5.6,,,0,1,0,0,0,-0.2,-1.17,298.03598,0.0,2246.375
2019-08-15 00:00:00+00:00,69.1,-105.1166667,,,0,0,0,0,1,-0.2,-1.17,279.32962,0.0,0.0
2019-08-15 00:00:00+00:00,0.38,6.72,,,1,0,0,0,0,-0.2,-1.17,296.127,3.0563851e-06,0.0
2019-08-15 00:00:00+00:00,-22.66416667,-48.06,,,1,0,0,0,0,-0.2,-1.17,295.949,0.0,490.46875
2019-08-15 00:00:00+00:00,-67.57,-68.13,,,0,0,0,0,1,-0.2,-1.17,,,11.128906
2019-08-15 00:00:00+00:00,49.67,-93.72,,,0,0,0,1,0,-0.2,-1.17,290.94907,7.520651e-05,427.09375
2019-08-15 00:00:00+00:00,29.7,91.13333333,,,0,0,0,0,1,-0.2,-1.17,292.82852,0.0,3735.25
2019-08-15 00:00:00+00:00,12.54194444,39.76972222,,,0,1,0,0,0,-0.2,-1.17,292.94803,0.0,1782.5
2019-08-15 00:00:00+00:00,18.9,72.82,,,1,0,0,0,0,-0.2,-1.17,302.00397,4.2025553e-05,0.0
2019-09-15 00:00:00+00:00,52.3,104.2833333,,,0,0,0,1,0,-1.9,-0.16,285.96722,4.821019e-05,427.25
2019-09-15 00:00:00+00:00,47.54260867,7.58371693,,,0,0,1,0,0,-1.9,-0.16,285.74872,2.3580042e-05,304.73438
2019-09-15 00:00:00+00:00,23.27,5.6,,,0,1,0,0,0,-1.9,-0.16,298.76868,0.0,2246.375
2019-09-15 00:00:00+00:00,69.1,-105.1166667,,,0,0,0,0,1,-1.9,-0.16,273.50214,0.0,0.0
2019-09-15 00:00:00+00:00,0.38,6.72,,,1,0,0,0,0,-1.9,-0.16,297.32852,5.805118e-06,0.0
2019-09-15 00:00:00+00:00,-22.66416667,-48.06,,,1,0,0,0,0,-1.9,-0.16,293.40607,6.677437e-05,490.46875
2019-09-15 00:00:00+00:00,-67.57,-68.13,,,0,0,0,0,1,-1.9,-0.16,,,11.128906
2019-09-15 00:00:00+00:00,49.67,-93.72,,,0,0,0,1,0,-1.9,-0.16,293.47574,0.0,427.09375
2019-09-15 00:00:00+00:00,29.7,91.13333333,,,0,0,0,0,1,-1.9,-0.16,289.14798,3.105288e-05,3735.25
2019-09-15 00:00:00+00:00,12.54194444,39.76972222,,,0,1,0,0,0,-1.9,-0.16,295.09586,0.0,1782.5
2019-09-15 00:00:00+00:00,18.9,72.82,,,1,0,0,0,0,-1.9,-0.16,301.25397,3.270263e-05,0.0
2019-10-15 00:00:00+00:00,52.3,104.2833333,,,0,0,0,1,0,-0.6,-1.41,277.51102,0.0,427.25
2019-10-15 00:00:00+00:00,47.54260867,7.58371693,,,0,0,1,0,0,-0.6,-1.41,285.15436,0.00011150633,304.73438
2019-10-15 00:00:00+00:00,23.27,5.6,,,0,1,0,0,0,-0.6,-1.41,293.3291,0.0,2246.375
2019-10-15 00:00:00+00:00,69.1,-105.1166667,,,0,0,0,0,1,-0.6,-1.41,263.07364,0.0,0.0
2019-10-15 00:00:00+00:00,0.38,6.72,,,1,0,0,0,0,-0.6,-1.41,298.0891,1.3930144e-05,0.0
2019-10-15 00:00:00+00:00,-22.66416667,-48.06,,,1,0,0,0,0,-0.6,-1.41,291.00772,0.0002715703,490.46875
2019-10-15 00:00:00+00:00,-67.57,-68.13,,,0,0,0,0,1,-0.6,-1.41,,,11.128906
2019-10-15 00:00:00+00:00,49.67,-93.72,,,0,0,0,1,0,-0.6,-1.41,271.78052,0.0,427.09375
2019-10-15 00:00:00+00:00,29.7,91.13333333,,,0,0,0,0,1,-0.6,-1.41,284.7554,1.814956e-05,3735.25
2019-10-15 00:00:00+00:00,12.54194444,39.76972222,,,0,1,0,0,0,-0.6,-1.41,292.8289,0.0,1782.5
2019-10-15 00:00:00+00:00,18.9,72.82,,,1,0,0,0,0,-0.6,-1.41,301.69653,2.652644e-06,0.0
2019-11-15 00:00:00+00:00,52.3,104.2833333,,,0,0,0,1,0,-1.4,0.28,265.42316,0.0,427.25
2019-11-15 00:00:00+00:00,47.54260867,7.58371693,,,0,0,1,0,0,-1.4,0.28,283.20038,4.750694e-05,304.73438
2019-11-15 00:00:00+00:00,23.27,5.6,,,0,1,0,0,0,-1.4,0.28,290.6636,0.0,2246.375
2019-11-15 00:00:00+00:00,69.1,-105.1166667,,,0,0,0,0,1,-1.4,0.28,255.98123,0.0,0.0
2019-11-15 00:00:00+00:00,0.38,6.72,,,1,0,0,0,0,-1.4,0.28,298.7831,8.766256e-05,0.0
2019-11-15 00:00:00+00:00,-22.66416667,-48.06,,,1,0,0,0,0,-1.4,0.28,297.2021,0.00017720442,490.46875
2019-11-15 00:00:00+00:00,-67.57,-68.13,,,0,0,0,0,1,-1.4,0.28,,,11.128906
2019-11-15 00:00:00+00:00,49.67,-93.72,,,0,0,0,1,0,-1.4,0.28,258.67834,0.0,427.09375
2019-11-15 00:00:00+00:00,29.7,91.13333333,,,0,0,0,0,1,-1.4,0.28,280.00558,0.0,3735.25
2019-11-15 00:00:00+00:00,12.54194444,39.76972222,,,0,1,0,0,0,-1.4,0.28,291.45227,0.0,1782.5
2019-11-15 00:00:00+00:00,18.9,72.82,,,1,0,0,0,0,-1.4,0.28,300.0935,0.0,0.0
2019-12-15 00:00:00+00:00,52.3,104.2833333,,,0,0,0,1,0,-0.9,1.2,264.2254,0.0,427.25
2019-12-15 00:00:00+00:00,47.54260867,7.58371693,,,0,0,1,0,0,-0.9,1.2,281.5556,2.2176828e-05,304.73438
2019-12-15 00:00:00+00:00,23.27,5.6,,,0,1,0,0,0,-0.9,1.2,282.72238,0.0,2246.375
2019-12-15 00:00:00+00:00,69.1,-105.1166667,,,0,0,0,0,1,-0.9,1.2,249.64319,0.0,0.0
2019-12-15 00:00:00+00:00,0.38,6.72,,,1,0,0,0,0,-0.9,1.2,298.21478,0.00010325726,0.0
2019-12-15 00:00:00+00:00,-22.66416667,-48.06,,,1,0,0,0,0,-0.9,1.2,299.3182,0.0,490.46875
2019-12-15 00:00:00+00:00,-67.57,-68.13,,,0,0,0,0,1,-0.9,1.2,,,11.128906
2019-12-15 00:00:00+00:00,49.67,-93.72,,,0,0,0,1,0,-0.9,1.2,257.22577,0.0,427.09375
2019-12-15 00:00:00+00:00,29.7,91.13333333,,,0,0,0,0,1,-0.9,1.2,277.80673,0.0,3735.25
2019-12-15 00:00:00+00:00,12.54194444,39.76972222,,,0,1,0,0,0,-0.9,1.2,293.46875,0.0,1782.5
2019-12-15 00:00:00+00:00,18.9,72.82,,,1,0,0,0,0,-0.9,1.2,299.0595,0.0,0.0
