Date,Lat,Lon,O18,H2,KPN_A,KPN_B,KPN_C,KPN_D,KPN_E,ENSO,NAO,Temperature,Precipitation,Alt
1960-01-15 00:00:00+00:00,52.3,104.2833333,,,0,0,0,1,0,0.2,-1.29,247.97194,0.0,427.25
1960-01-15 00:00:00+00:00,47.54260867,7.58371693,,,0,0,1,0,0,0.2,-1.29,274.1672,0.0,304.73438
1960-01-15 00:00:00+00:00,23.27,5.6,,,0,1,0,0,0,0.2,-1.29,278.51965,0.0,2246.375
1960-01-15 00:00:00+00:00,69.1,-105.1166667,,,0,0,0,0,1,0.2,-1.29,242.83832,0.0,0.0
1960-01-15 00:00:00+00:00,0.38,6.72,,,1,0,0,0,0,0.2,-1.29,298.46426,1.7642758e-05,0.0
1960-01-15 00:00:00+00:00,-22.66416667,-48.06,,,0,0,1,0,0,0.2,-1.29,296.47153,0.00017141184,490.46875
1960-01-15 00:00:00+00:00,-67.57,-68.13,,,0,0,0,0,1,0.2,-1.29,,,11.128906
1960-01-15 00:00:00+00:00,49.67,-93.72,,,0,0,0,1,0,0.2,-1.29,245.97557,9.670268e-06,427.09375
1960-01-15 00:00:00+00:00,29.7,91.13333333,,,0,0,0,0,1,0.2,-1.29,274.58514,0.0,3735.25
1960-01-15 00:00:00+00:00,12.54194444,39.76972222,,,0,0,1,0,0,0.2,-1.29,288.66965,0.0,1782.5
1960-01-15 00:00:00+00:00,18.9,72.82,,,1,0,0,0,0,0.2,-1.29,294.6011,0.0,0.0
1960-02-15 00:00:00+00:00,52.3,104.2833333,,,0,0,0,1,0,0.2,-1.89,268.2879,0.0,427.25
1960-02-15 00:00:00+00:00,47.54260867,7.58371693,,,0,0,1,0,0,0.2,-1.89,275.1952,0.0,304.73438
1960-02-15 00:00:00+00:00,23.27,5.6,,,0,1,0,0,0,0.2,-1.89,287.61224,0.0,2246.375
1960-02-15 00:00:00+00:00,69.1,-105.1166667,,,0,0,0,0,1,0.2,-1.89,243.57881,0.0,0.0
1960-02-15 00:00:00+00:00,0.38,6.72,,,1,0,0,0,0,0.2,-1.89,299.12698,2.8264263e-05,0.0
1960-02-15 00:00:00+00:00,-22.66416667,-48.06,,,0,0,1,0,0,0.2,-1.89,297.09805,4.358417e-05,490.46875
1960-02-15 00:00:00+00:00,-67.57,-68.13,,,0,0,0,0,1,0.2,-1.89,,,11.128906
1960-02-15 00:00:00+00:00,49.67,-93.72,,,0,0,0,1,0,0.2,-1.89,251.20265,0.0,427.09375
1960-02-15 00:00:00+00:00,29.7,91.13333333,,,0,0,0,0,1,0.2,-1.89,275.54666,0.0,3735.25
1960-02-15 00:00:00+00:00,12.54194444,39.76972222,,,0,0,1,0,0,0.2,-1.89,291.55978,0.0,1782.5
1960-02-15 00:00:00+00:00,18.9,72.82,,,1,0,0,0,0,0.2,-1.89,299.21024,0.0,0.0
1960-03-15 00:00:00+00:00,52.3,104.2833333,,,0,0,0,1,0,1.7,-0.5,268.2093,0.0,427.25
1960-03-15 00:00:00+00:00,47.54260867,7.58371693,,,0,0,1,0,0,1.7,-0.5,283.07132,0.0,304.73438
1960-03-15 00:00:00+00:00,23.27,5.6,,,0,1,0,0,0,1.7,-0.5,285.0952,0.0,2246.375
1960-03-15 00:00:00+00:00,69.1,-105.1166667,,,0,0,0,0,1,1.7,-0.5,235.57524,0.0,0.0
1960-03-15 00:00:00+00:00,0.38,6.72,,,1,0,0,0,0,1.7,-0.5,299.15448,5.0375256e-05,0.0
1960-03-15 00:00:00+00:00,-22.66416667,-48.06,,,0,0,1,0,0,1.7,-0.5,297.01422,0.000105388586,490.46875
1960-03-15 00:00:00+00:00,-67.57,-68.13,,,0,0,0,0,1,1.7,-0.5,,,11.128906
1960-03-15 00:00:00+00:00,49.67,-93.72,,,0,0,0,1,0,1.7,-0.5,261.99738,0.0,427.09375
1960-03-15 00:00:00+00:00,29.7,91.13333333,,,0,0,0,0,1,1.7,-0.5,280.90054,0.0,3735.25
1960-03-15 00:00:00+00:00,12.54194444,39.76972222,,,0,0,1,0,0,1.7,-0.5,293.12704,0.0,1782.5
1960-03-15 00:00:00+00:00,18.9,72.82,,,1,0,0,0,0,1.7,-0.5,302.26328,0.0,0.0
1960-04-15 00:00:00+00:00,52.3,104.2833333,,,0,0,0,1,0,1.3,1.36,267.11975,0.0,427.25
1960-04-15 00:00:00+00:00,47.54260867,7.58371693,,,0,0,1,0,0,1.3,1.36,274.34412,0.0,304.73438
1960-04-15 00:00:00+00:00,23.27,5.6,,,0,1,0,0,0,1.3,1.36,292.07184,0.0,2246.375
1960-04-15 00:00:00+00:00,69.1,-105.1166667,,,0,0,0,0,1,1.3,1.36,254.78355,0.0,0.0
1960-04-15 00:00:00+00:00,0.38,6.72,,,1,0,0,0,0,1.3,1.36,299.7511,0.0,0.0
1960-04-15 00:00:00+00:00,-22.66416667,-48.06,,,0,0,1,0,0,1.3,1.36,294.8728,2.7066844e-05,490.46875
1960-04-15 00:00:00+00:00,-67.57,-68.13,,,0,0,0,0,1,1.3,1.36,,,11.128906
1960-04-15 00:00:00+00:00,49.67,-93.72,,,0,0,0,1,0,1.3,1.36,280.26825,0.0,427.09375
1960-04-15 00:00:00+00:00,29.7,91.13333333,,,0,0,0,0,1,1.3,1.36,282.18036,0.0,3735.25
1960-04-15 00:00:00+00:00,12.54194444,39.76972222,,,0,0,1,0,0,1.3,1.36,292.21716,0.0,1782.5
1960-04-15 00:00:00+00:00,18.9,72.82,,,1,0,0,0,0,1.3,1.36,299.75473,0.0,0.0
1960-05-15 00:00:00+00:00,52.3,104.2833333,,,0,0,0,1,0,0.9,0.45,283.819,0.0,427.25
1960-05-15 00:00:00+00:00,47.54260867,7.58371693,,,0,0,1,0,0,0.9,0.45,280.33664,0.0,304.73438
1960-05-15 00:00:00+00:00,23.27,5.6,,,0,1,0,0,0,0.9,0.45,295.02786,0.0,2246.375
1960-05-15 00:00:00+00:00,69.1,-105.1166667,,,0,0,0,0,1,0.9,0.45,260.91415,5.9760437e-06,0.0
1960-05-15 00:00:00+00:00,0.38,6.72,,,1,0,0,0,0,0.9,0.45,297.19226,8.7807166e-05,0.0
1960-05-15 00:00:00+00:00,-22.66416667,-48.06,,,0,0,1,0,0,0.9,0.45,294.72748,0.0,490.46875
1960-05-15 00:00:00+00:00,-67.57,-68.13,,,0,0,0,0,1,0.9,0.45,,,11.128906
1960-05-15 00:00:00+00:00,49.67,-93.72,,,0,0,0,1,0,0.9,0.45,283.86786,0.0,427.09375
1960-05-15 00:00:00+00:00,29.7,91.13333333,,,0,0,0,0,1,0.9,0.45,283.37552,0.0,3735.25
1960-05-15 00:00:00+00:00,12.54194444,39.76972222,,,0,0,1,0,0,0.9,0.45,295.726,0.0,1782.5
1960-05-15 00:00:00+00:00,18.9,72.82,,,1,0,0,0,0,0.9,0.45,303.509,0.0,0.0
1960-06-15 00:00:00+00:00,52.3,104.2833333,,,0,0,0,1,0,0.2,-0.21,285.53375,0.0,427.25
1960-06-15 00:00:00+00:00,47.54260867,7.58371693,,,0,0,1,0,0,0.2,-0.21,288.82043,0.0,304.73438
1960-06-15 00:00:00+00:00,23.27,5.6,,,0,1,0,0,0,0.2,-0.21,296.82455,6.146198e-06,2246.375
1960-06-15 00:00:00+00:00,69.1,-105.1166667,,,0,0,0,0,1,0.2,-0.21,273.3545,0.0,0.0
1960-06-15 00:00:00+00:00,0.38,6.72,,,1,0,0,0,0,0.2,-0.21,296.83023,0.0,0.0
1960-06-15 00:00:00+00:00,-22.66416667,-48.06,,,0,0,1,0,0,0.2,-0.21,293.47296,0.0,490.46875
1960-06-15 00:00:00+00:00,-67.57,-68.13,,,0,0,0,0,1,0.2,-0.21,,,11.128906
1960-06-15 00:00:00+00:00,49.67,-93.72,,,0,0,0,1,0,0.2,-0.21,290.1649,6.3514606e-05,427.09375
1960-06-15 00:00:00+00:00,29.7,91.13333333,,,0,0,0,0,1,0.2,-0.21,292.4858,0.0,3735.25
1960-06-15 00:00:00+00:00,12.54194444,39.76972222,,,0,0,1,0,0,0.2,-0.21,294.48456,0.0,1782.5
1960-06-15 00:00:00+00:00,18.9,72.82,,,1,0,0,0,0,0.2,-0.21,300.93536,0.0002867988,0.0
1960-07-15 00:00:00+00:00,52.3,104.2833333,,,0,0,0,1,0,0.8,0.35,294.1166,0.0,427.25
1960-07-15 00:00:00+00:00,47.54260867,7.58371693,,,0,0,1,0,0,0.8,0.35,291.75177,4.5551646e-05,304.73438
1960-07-15 00:00:00+00:00,23.27,5.6,,,0,1,0,0,0,0.8,0.35,296.638,0.0,2246.375
1960-07-15 00:00:00+00:00,69.1,-105.1166667,,,0,0,0,0,1,0.8,0.35,287.45444,0.0,0.0
1960-07-15 00:00:00+00:00,0.38,6.72,,,1,0,0,0,0,0.8,0.35,294.84467,3.379987e-06,0.0
1960-07-15 00:00:00+00:00,-22.66416667,-48.06,,,0,0,1,0,0,0.8,0.35,292.1109,0.0,490.46875
1960-07-15 00:00:00+00:00,-67.57,-68.13,,,0,0,0,0,1,0.8,0.35,,,11.128906
1960-07-15 00:00:00+00:00,49.67,-93.72,,,0,0,0,1,0,0.8,0.35,290.25168,1.0714474e-05,427.09375
1960-07-15 00:00:00+00:00,29.7,91.13333333,,,0,0,0,0,1,0.8,0.35,291.88205,3.402545e-05,3735.25
1960-07-15 00:00:00+00:00,12.54194444,39.76972222,,,0,0,1,0,0,0.8,0.35,291.55453,0.00012113333,1782.5
1960-07-15 00:00:00+00:00,18.9,72.82,,,1,0,0,0,0,0.8,0.35,299.8981,0.00023569712,0.0
1960-08-15 00:00:00+00:00,52.3,104.2833333,,,0,0,0,1,0,1.3,-1.4,285.5162,0.0,427.25
1960-08-15 00:00:00+00:00,47.54260867,7.58371693,,,0,0,1,0,0,1.3,-1.4,285.70755,0.00016445076,304.73438
1960-08-15 00:00:00+00:00,23.27,5.6,,,0,1,0,0,0,1.3,-1.4,300.2681,0.0,2246.375
1960-08-15 00:00:00+00:00,69.1,-105.1166667,,,0,0,0,0,1,1.3,-1.4,279.11215,4.4235476e-06,0.0
1960-08-15 00:00:00+00:00,0.38,6.72,,,1,0,0,0,0,1.3,-1.4,295.28745,4.297311e-06,0.0
1960-08-15 00:00:00+00:00,-22.66416667,-48.06,,,0,0,1,0,0,1.3,-1.4,295.16837,0.0,490.46875
1960-08-15 00:00:00+00:00,-67.57,-68.13,,,0,0,0,0,1,1.3,-1.4,,,11.128906
1960-08-15 00:00:00+00:00,49.67,-93.72,,,0,0,0,1,0,1.3,-1.4,292.14865,2.5126754e-05,427.09375
1960-08-15 00:00:00+00:00,29.7,91.13333333,,,0,0,0,0,1,1.3,-1.4,291.76874,2.2579155e-05,3735.25
1960-08-15 00:00:00+00:00,12.54194444,39.76972222,,,0,0,1,0,0,1.3,-1.4,294.07404,8.8335604e-05,1782.5
1960-08-15 00:00:00+00:00,18.9,72.82,,,1,0,0,0,0,1.3,-1.4,299.42624,0.00021512846,0.0
1960-09-15 00:00:00+00:00,52.3,104.2833333,,,0,0,0,1,0,1.1,0.39,275.60352,2.0347446e-05,427.25
1960-09-15 00:00:00+00:00,47.54260867,7.58371693,,,0,0,1,0,0,1.1,0.39,288.1343,0.0,304.73438
1960-09-15 00:00:00+00:00,23.27,5.6,,,0,1,0,0,0,1.1,0.39,298.38217,0.0,2246.375
1960-09-15 00:00:00+00:00,69.1,-105.1166667,,,0,0,0,0,1,1.1,0.39,275.0393,6.5693716e-06,0.0
1960-09-15 00:00:00+00:00,0.38,6.72,,,1,0,0,0,0,1.1,0.39,296.7663,7.58684e-06,0.0
1960-09-15 00:00:00+00:00,-22.66416667,-48.06,,,0,0,1,0,0,1.1,0.39,292.56833,8.719466e-05,490.46875
1960-09-15 00:00:00+00:00,-67.57,-68.13,,,0,0,0,0,1,1.1,0.39,,,11.128906
1960-09-15 00:00:00+00:00,49.67,-93.72,,,0,0,0,1,0,1.1,0.39,282.30637,0.0,427.09375
1960-09-15 00:00:00+00:00,29.7,91.13333333,,,0,0,0,0,1,1.1,0.39,288.52295,0.0,3735.25
1960-09-15 00:00:00+00:00,12.54194444,39.76972222,,,0,0,1,0,0,1.1,0.39,295.62433,0.0,1782.5
1960-09-15 00:00:00+00:00,18.9,72.82,,,1,0,0,0,0,1.1,0.39,301.71466,0.0,0.0
1960-10-15 00:00:00+00:00,52.3,104.2833333,,,0,0,0,1,0,0.2,-1.73,274.62946,0.0,427.25
1960-10-15 00:00:00+00:00,47.54260867,7.58371693,,,0,0,1,0,0,0.2,-1.73,284.1889,0.0,304.73438
1960-10-15 00:00:00+00:00,23.27,5.6,,,0,1,0,0,0,0.2,-1.73,293.28238,0.0,2246.375
1960-10-15 00:00:00+00:00,69.1,-105.1166667,,,0,0,0,0,1,0.2,-1.73,260.31558,0.0,0.0
1960-10-15 00:00:00+00:00,0.38,6.72,,,1,0,0,0,0,0.2,-1.73,297.1555,2.877495e-05,0.0
1960-10-15 00:00:00+00:00,-22.66416667,-48.06,,,0,0,1,0,0,0.2,-1.73,292.99213,0.0,490.46875
1960-10-15 00:00:00+00:00,-67.57,-68.13,,,0,0,0,0,1,0.2,-1.73,,,11.128906
1960-10-15 00:00:00+00:00,49.67,-93.72,,,0,0,0,1,0,0.2,-1.73,272.05035,0.0,427.09375
1960-10-15 00:00:00+00:00,29.7,91.13333333,,,0,0,0,0,1,0.2,-1.73,283.8549,0.0,3735.25
1960-10-15 00:00:00+00:00,12.54194444,39.76972222,,,0,0,1,0,0,0.2,-1.73,292.36185,0.0,1782.5
1960-10-15 00:00:00+00:00,18.9,72.82,,,1,0,0,0,0,0.2,-1.73,303.8944,0.0,0.0
1960-11-15 00:00:00+00:00,52.3,104.2833333,,,0,0,0,1,0,0.9,-0.51,267.88553,4.885922e-06,427.25
1960-11-15 00:00:00+00:00,47.54260867,7.58371693,,,0,0,1,0,0,0.9,-0.51,279.4394,7.336661e-05,304.73438
1960-11-15 00:00:00+00:00,23.27,5.6,,,0,1,0,0,0,0.9,-0.51,287.57617,0.0,2246.375
1960-11-15 00:00:00+00:00,69.1,-105.1166667,,,0,0,0,0,1,0.9,-0.51,251.60046,1.1578504e-05,0.0
1960-11-15 00:00:00+00:00,0.38,6.72,,,1,0,0,0,0,0.9,-0.51,297.44617,8.781333e-05,0.0
1960-11-15 00:00:00+00:00,-22.66416667,-48.06,,,0,0,1,0,0,0.9,-0.51,293.83344,0.0,490.46875
1960-11-15 00:00:00+00:00,-67.57,-68.13,,,0,0,0,0,1,0.9,-0.51,,,11.128906
1960-11-15 00:00:00+00:00,49.67,-93.72,,,0,0,0,1,0,0.9,-0.51,269.69208,0.0,427.09375
1960-11-15 00:00:00+00:00,29.7,91.13333333,,,0,0,0,0,1,0.9,-0.51,279.1808,0.0,3735.25
1960-11-15 00:00:00+00:00,12.54194444,39.76972222,,,0,0,1,0,0,0.9,-0.51,293.8054,0.0,1782.5
1960-11-15 00:00:00+00:00,18.9,72.82,,,1,0,0,0,0,0.9,-0.51,299.5706,0.0,0.0
1960-12-15 00:00:00+00:00,52.3,104.2833333,,,0,0,0,1,0,1.3,0.06,256.69815,0.0,427.25
1960-12-15 00:00:00+00:00,47.54260867,7.58371693,,,0,0,1,0,0,1.3,0.06,271.16794,9.1650036e-05,304.73438
1960-12-15 00:00:00+00:00,23.27,5.6,,,0,1,0,0,0,1.3,0.06,282.3573,0.0,2246.375
1960-12-15 00:00:00+00:00,69.1,-105.1166667,,,0,0,0,0,1,1.3,0.06,237.78946,0.0,0.0
1960-12-15 00:00:00+00:00,0.38,6.72,,,1,0,0,0,0,1.3,0.06,297.55875,0.00032214622,0.0
1960-12-15 00:00:00+00:00,-22.66416667,-48.06,,,0,0,1,0,0,1.3,0.06,298.69818,4.4446835e-05,490.46875
1960-12-15 00:00:00+00:00,-67.57,-68.13,,,0,0,0,0,1,1.3,0.06,,,11.128906
1960-12-15 00:00:00+00:00,49.67,-93.72,,,0,0,0,1,0,1.3,0.06,260.68594,0.0,427.09375
1960-12-15 00:00:00+00:00,29.7,91.13333333,,,0,0,0,0,1,1.3,0.06,270.56937,3.5574496e-06,3735.25
1960-12-15 00:00:00+00:00,12.54194444,39.76972222,,,0,0,1,0,0,1.3,0.06,289.5193,0.0,1782.5
1960-12-15 00:00:00+00:00,18.9,72.82,,,1,0,0,0,0,1.3,0.06,298.54373,0.0,0.0
1961-01-15 00:00:00+00:00,52.3,104.2833333,,,0,0,0,1,0,-0.4,0.41,256.3921,0.0,427.25
1961-01-15 00:00:00+00:00,47.54260867,7.58371693,,,0,0,1,0,0,-0.4,0.41,268.75485,0.0,304.73438
1961-01-15 00:00:00+00:00,23.27,5.6,,,0,1,0,0,0,-0.4,0.41,281.8583,0.0,2246.375
1961-01-15 00:00:00+00:00,69.1,-105.1166667,,,0,0,0,0,1,-0.4,0.41,230.24403,0.0,0.0
1961-01-15 00:00:00+00:00,0.38,6.72,,,1,0,0,0,0,-0.4,0.41,296.9794,0.0004005848,0.0
1961-01-15 00:00:00+00:00,-22.66416667,-48.06,,,0,0,1,0,0,-0.4,0.41,299.68515,2.9731986e-05,490.46875
1961-01-15 00:00:00+00:00,-67.57,-68.13,,,0,0,0,0,1,-0.4,0.41,,,11.128906
1961-01-15 00:00:00+00:00,49.67,-93.72,,,0,0,0,1,0,-0.4,0.41,263.92737,1.28778665e-05,427.09375
1961-01-15 00:00:00+00:00,29.7,91.13333333,,,0,0,0,0,1,-0.4,0.41,268.5282,7.862315e-06,3735.25
1961-01-15 00:00:00+00:00,12.54194444,39.76972222,,,0,1,0,0,0,-0.4,0.41,291.11517,0.00015968943,1782.5
1961-01-15 00:00:00+00:00,18.9,72.82,,,1,0,0,0,0,-0.4,0.41,296.73203,0.0,0.0
1961-02-15 00:00:00+00:00,52.3,104.2833333,,,0,0,0,1,0,1.5,0.45,265.08835,6.7787314e-06,427.25
1961-02-15 00:00:00+00:00,47.54260867,7.58371693,,,0,0,1,0,0,1.5,0.45,270.41492,1.1496258e-05,304.73438
1961-02-15 00:00:00+00:00,23.27,5.6,,,0,1,0,0,0,1.5,0.45,283.764,0.0,2246.375
1961-02-15 00:00:00+00:00,69.1,-105.1166667,,,0,0,0,0,1,1.5,0.45,232.74014,0.0,0.0
1961-02-15 00:00:00+00:00,0.38,6.72,,,1,0,0,0,0,1.5,0.45,298.33823,0.00011269832,0.0
1961-02-15 00:00:00+00:00,-22.66416667,-48.06,,,0,0,1,0,0,1.5,0.45,299.0362,5.4157917e-05,490.46875
1961-02-15 00:00:00+00:00,-67.57,-68.13,,,0,0,0,0,1,1.5,0.45,,,11.128906
1961-02-15 00:00:00+00:00,49.67,-93.72,,,0,0,0,1,0,1.5,0.45,262.56204,3.4240275e-05,427.09375
1961-02-15 00:00:00+00:00,29.7,91.13333333,,,0,0,0,0,1,1.5,0.45,270.8617,0.0,3735.25
1961-02-15 00:00:00+00:00,12.54194444,39.76972222,,,0,1,0,0,0,1.5,0.45,292.1344,0.0,1782.5
1961-02-15 00:00:00+00:00,18.9,72.82,,,1,0,0,0,0,1.5,0.45,297.038,0.0,0.0
1961-03-15 00:00:00+00:00,52.3,104.2833333,,,0,0,0,1,0,-3.0,0.55,266.8681,0.0,427.25
1961-03-15 00:00:00+00:00,47.54260867,7.58371693,,,0,0,1,0,0,-3.0,0.55,271.10275,0.0,304.73438
1961-03-15 00:00:00+00:00,23.27,5.6,,,0,1,0,0,0,-3.0,0.55,286.7948,0.0,2246.375
1961-03-15 00:00:00+00:00,69.1,-105.1166667,,,0,0,0,0,1,-3.0,0.55,236.325,0.0,0.0
1961-03-15 00:00:00+00:00,0.38,6.72,,,1,0,0,0,0,-3.0,0.55,299.8737,7.5668315e-05,0.0
1961-03-15 00:00:00+00:00,-22.66416667,-48.06,,,0,0,1,0,0,-3.0,0.55,298.01218,5.8787176e-05,490.46875
1961-03-15 00:00:00+00:00,-67.57,-68.13,,,0,0,0,0,1,-3.0,0.55,,,11.128906
1961-03-15 00:00:00+00:00,49.67,-93.72,,,0,0,0,1,0,-3.0,0.55,259.90042,0.0,427.09375
1961-03-15 00:00:00+00:00,29.7,91.13333333,,,0,0,0,0,1,-3.0,0.55,281.02466,8.582954e-06,3735.25
1961-03-15 00:00:00+00:00,12.54194444,39.76972222,,,0,1,0,0,0,-3.0,0.55,295.23523,0.0,1782.5
1961-03-15 00:00:00+00:00,18.9,72.82,,,1,0,0,0,0,-3.0,0.55,301.48978,0.0,0.0
1961-04-15 00:00:00+00:00,52.3,104.2833333,,,0,0,0,1,0,1.3,-1.55,267.0806,0.0,427.25
1961-04-15 00:00:00+00:00,47.54260867,7.58371693,,,0,0,1,0,0,1.3,-1.55,277.9822,0.0,304.73438
1961-04-15 00:00:00+00:00,23.27,5.6,,,0,1,0,0,0,1.3,-1.55,289.6829,0.0,2246.375
1961-04-15 00:00:00+00:00,69.1,-105.1166667,,,0,0,0,0,1,1.3,-1.55,254.81122,0.0,0.0
1961-04-15 00:00:00+00:00,0.38,6.72,,,1,0,0,0,0,1.3,-1.55,300.95615,8.4232315e-06,0.0
1961-04-15 00:00:00+00:00,-22.66416667,-48.06,,,0,0,1,0,0,1.3,-1.55,299.12234,0.0,490.46875
1961-04-15 00:00:00+00:00,-67.57,-68.13,,,0,0,0,0,1,1.3,-1.55,,,11.128906
1961-04-15 00:00:00+00:00,49.67,-93.72,,,0,0,0,1,0,1.3,-1.55,277.17453,0.0,427.09375
1961-04-15 00:00:00+00:00,29.7,91.13333333,,,0,0,0,0,1,1.3,-1.55,283.28128,0.0,3735.25
1961-04-15 00:00:00+00:00,12.54194444,39.76972222,,,0,1,0,0,0,1.3,-1.55,296.33786,0.0,1782.5
1961-04-15 00:00:00+00:00,18.9,72.82,,,1,0,0,0,0,1.3,-1.55,301.34918,0.0,0.0
1961-05-15 00:00:00+00:00,52.3,104.2833333,,,0,0,0,1,0,0.5,-0.36,287.21335,0.0,427.25
1961-05-15 00:00:00+00:00,47.54260867,7.58371693,,,0,0,1,0,0,0.5,-0.36,287.97726,2.1371708e-05,304.73438
1961-05-15 00:00:00+00:00,23.27,5.6,,,0,1,0,0,0,0.5,-0.36,293.72543,0.0,2246.375
1961-05-15 00:00:00+00:00,69.1,-105.1166667,,,0,0,0,0,1,0.5,-0.36,262.68048,0.0,0.0
1961-05-15 00:00:00+00:00,0.38,6.72,,,1,0,0,0,0,0.5,-0.36,298.1462,4.8155172e-05,0.0
1961-05-15 00:00:00+00:00,-22.66416667,-48.06,,,0,0,1,0,0,0.5,-0.36,290.95905,4.2867605e-06,490.46875
1961-05-15 00:00:00+00:00,-67.57,-68.13,,,0,0,0,0,1,0.5,-0.36,,,11.128906
1961-05-15 00:00:00+00:00,49.67,-93.72,,,0,0,0,1,0,0.5,-0.36,293.30176,0.0,427.09375
1961-05-15 00:00:00+00:00,29.7,91.13333333,,,0,0,0,0,1,0.5,-0.36,285.17038,2.0947162e-05,3735.25
1961-05-15 00:00:00+00:00,12.54194444,39.76972222,,,0,1,0,0,0,0.5,-0.36,295.6847,0.0,1782.5
1961-05-15 00:00:00+00:00,18.9,72.82,,,1,0,0,0,0,0.5,-0.36,302.72803,0.0,0.0
1961-06-15 00:00:00+00:00,52.3,104.2833333,,,0,0,0,1,0,0.2,0.86,288.5151,0.0,427.25
1961-06-15 00:00:00+00:00,47.54260867,7.58371693,,,0,0,1,0,0,0.2,0.86,289.97363,4.768014e-05,304.73438
1961-06-15 00:00:00+00:00,23.27,5.6,,,0,1,0,0,0,0.2,0.86,298.23038,0.0,2246.375
1961-06-15 00:00:00+00:00,69.1,-105.1166667,,,0,0,0,0,1,0.2,0.86,273.14868,0.0,0.0
1961-06-15 00:00:00+00:00,0.38,6.72,,,1,0,0,0,0,0.2,0.86,297.94833,0.0,0.0
1961-06-15 00:00:00+00:00,-22.66416667,-48.06,,,0,0,1,0,0,0.2,0.86,293.4172,0.0,490.46875
1961-06-15 00:00:00+00:00,-67.57,-68.13,,,0,0,0,0,1,0.2,0.86,,,11.128906
1961-06-15 00:00:00+00:00,49.67,-93.72,,,0,0,0,1,0,0.2,0.86,295.49774,0.0,427.09375
1961-06-15 00:00:00+00:00,29.7,91.13333333,,,0,0,0,0,1,0.2,0.86,293.7832,4.923415e-05,3735.25
1961-06-15 00:00:00+00:00,12.54194444,39.76972222,,,0,1,0,0,0,0.2,0.86,296.01813,4.735229e-06,1782.5
1961-06-15 00:00:00+00:00,18.9,72.82,,,1,0,0,0,0,0.2,0.86,303.12848,5.4675857e-06,0.0
1961-07-15 00:00:00+00:00,52.3,104.2833333,,,0,0,0,1,0,0.4,-0.39,292.36786,0.0,427.25
1961-07-15 00:00:00+00:00,47.54260867,7.58371693,,,0,0,1,0,0,0.4,-0.39,287.9461,0.00015342943,304.73438
1961-07-15 00:00:00+00:00,23.27,5.6,,,0,1,0,0,0,0.4,-0.39,301.35645,0.0,2246.375
1961-07-15 00:00:00+00:00,69.1,-105.1166667,,,0,0,0,0,1,0.4,-0.39,279.54666,7.994744e-06,0.0
1961-07-15 00:00:00+00:00,0.38,6.72,,,1,0,0,0,0,0.4,-0.39,295.93872,0.0,0.0
1961-07-15 00:00:00+00:00,-22.66416667,-48.06,,,0,0,1,0,0,0.4,-0.39,293.45956,0.0,490.46875
1961-07-15 00:00:00+00:00,-67.57,-68.13,,,0,0,0,0,1,0.4,-0.39,,,11.128906
1961-07-15 00:00:00+00:00,49.67,-93.72,,,0,0,0,1,0,0.4,-0.39,294.04773,0.0001408426,427.09375
1961-07-15 00:00:00+00:00,29.7,91.13333333,,,0,0,0,0,1,0.4,-0.39,295.00607,0.0,3735.25
1961-07-15 00:00:00+00:00,12.54194444,39.76972222,,,0,1,0,0,0,0.4,-0.39,294.44635,0.0,1782.5
1961-07-15 00:00:00+00:00,18.9,72.82,,,1,0,0,0,0,0.4,-0.39,301.42413,5.1865787e-05,0.0
1961-08-15 00:00:00+00:00,52.3,104.2833333,,,0,0,0,1,0,0.2,0.9,283.97006,0.0003670821,427.25
1961-08-15 00:00:00+00:00,47.54260867,7.58371693,,,0,0,1,0,0,0.2,0.9,293.08392,0.0,304.73438
1961-08-15 00:00:00+00:00,23.27,5.6,,,0,1,0,0,0,0.2,0.9,299.723,0.0,2246.375
1961-08-15 00:00:00+00:00,69.1,-105.1166667,,,0,0,0,0,1,0.2,0.9,277.0214,2.2126478e-05,0.0
1961-08-15 00:00:00+00:00,0.38,6.72,,,1,0,0,0,0,0.2,0.9,295.55405,0.0,0.0
1961-08-15 00:00:00+00:00,-22.66416667,-48.06,,,0,0,1,0,0,0.2,0.9,294.28564,0.0,490.46875
1961-08-15 00:00:00+00:00,-67.57,-68.13,,,0,0,0,0,1,0.2,0.9,,,11.128906
1961-08-15 00:00:00+00:00,49.67,-93.72,,,0,0,0,1,0,0.2,0.9,298.36716,0.0,427.09375
1961-08-15 00:00:00+00:00,29.7,91.13333333,,,0,0,0,0,1,0.2,0.9,289.98093,2.9113367e-05,3735.25
1961-08-15 00:00:00+00:00,12.54194444,39.76972222,,,0,1,0,0,0,0.2,0.9,291.87354,0.0,1782.5
1961-08-15 00:00:00+00:00,18.9,72.82,,,1,0,0,0,0,0.2,0.9,300.57114,4.944807e-05,0.0
1961-09-15 00:00:00+00:00,52.3,104.2833333,,,0,0,0,1,0,0.1,1.24,285.82764,0.00018013181,427.25
1961-09-15 00:00:00+00:00,47.54260867,7.58371693,,,0,0,1,0,0,0.1,1.24,286.38025,0.0,304.73438
1961-09-15 00:00:00+00:00,23.27,5.6,,,0,1,0,0,0,0.1,1.24,300.02213,0.0,2246.375
1961-09-15 00:00:00+00:00,69.1,-105.1166667,,,0,0,0,0,1,0.1,1.24,273.27905,0.0,0.0
1961-09-15 00:00:00+00:00,0.38,6.72,,,1,0,0,0,0,0.1,1.24,296.17218,8.004344e-06,0.0
1961-09-15 00:00:00+00:00,-22.66416667,-48.06,,,0,0,1,0,0,0.1,1.24,296.948,0.0,490.46875
1961-09-15 00:00:00+00:00,-67.57,-68.13,,,0,0,0,0,1,0.1,1.24,,,11.128906
1961-09-15 00:00:00+00:00,49.67,-93.72,,,0,0,0,1,0,0.1,1.24,285.7544,0.0,427.09375
1961-09-15 00:00:00+00:00,29.7,91.13333333,,,0,0,0,0,1,0.1,1.24,288.40927,3.264262e-05,3735.25
1961-09-15 00:00:00+00:00,12.54194444,39.76972222,,,0,1,0,0,0,0.1,1.24,292.12857,4.308731e-05,1782.5
1961-09-15 00:00:00+00:00,18.9,72.82,,,1,0,0,0,0,0.1,1.24,301.035,3.7583664e-05,0.0
1961-10-15 00:00:00+00:00,52.3,104.2833333,,,0,0,0,1,0,-0.5,0.51,275.87476,5.083334e-05,427.25
1961-10-15 00:00:00+00:00,47.54260867,7.58371693,,,0,0,1,0,0,-0.5,0.51,277.84695,1.5221303e-05,304.73438
1961-10-15 00:00:00+00:00,23.27,5.6,,,0,1,0,0,0,-0.5,0.51,294.92416,0.0,2246.375
1961-10-15 00:00:00+00:00,69.1,-105.1166667,,,0,0,0,0,1,-0.5,0.51,262.25418,0.0,0.0
1961-10-15 00:00:00+00:00,0.38,6.72,,,1,0,0,0,0,-0.5,0.51,297.57495,1.6376299e-06,0.0
1961-10-15 00:00:00+00:00,-22.66416667,-48.06,,,0,0,1,0,0,-0.5,0.51,296.50705,5.239337e-05,490.46875
1961-10-15 00:00:00+00:00,-67.57,-68.13,,,0,0,0,0,1,-0.5,0.51,,,11.128906
1961-10-15 00:00:00+00:00,49.67,-93.72,,,0,0,0,1,0,-0.5,0.51,271.10748,2.9658233e-05,427.09375
1961-10-15 00:00:00+00:00,29.7,91.13333333,,,0,0,0,0,1,-0.5,0.51,282.49768,0.0,3735.25
1961-10-15 00:00:00+00:00,12.54194444,39.76972222,,,0,1,0,0,0,-0.5,0.51,292.07117,2.199087e-05,1782.5
1961-10-15 00:00:00+00:00,18.9,72.82,,,1,0,0,0,0,-0.5,0.51,300.0625,6.265253e-05,0.0
1961-11-15 00:00:00+00:00,52.3,104.2833333,,,0,0,0,1,0,0.9,-0.62,265.76257,1.9027826e-05,427.25
1961-11-15 00:00:00+00:00,47.54260867,7.58371693,,,0,0,1,0,0,0.9,-0.62,276.32776,1.3617465e-05,304.73438
1961-11-15 00:00:00+00:00,23.27,5.6,,,0,1,0,0,0,0.9,-0.62,285.95212,0.0,2246.375
1961-11-15 00:00:00+00:00,69.1,-105.1166667,,,0,0,0,0,1,0.9,-0.62,253.47581,0.0,0.0
1961-11-15 00:00:00+00:00,0.38,6.72,,,1,0,0,0,0,0.9,-0.62,297.22116,0.00011181252,0.0
1961-11-15 00:00:00+00:00,-22.66416667,-48.06,,,0,0,1,0,0,0.9,-0.62,297.5261,5.1724877e-05,490.46875
1961-11-15 00:00:00+00:00,-67.57,-68.13,,,0,0,0,0,1,0.9,-0.62,,,11.128906
1961-11-15 00:00:00+00:00,49.67,-93.72,,,0,0,0,1,0,0.9,-0.62,270.45236,0.0,427.09375
1961-11-15 00:00:00+00:00,29.7,91.13333333,,,0,0,0,0,1,0.9,-0.62,276.89172,0.0,3735.25
1961-11-15 00:00:00+00:00,12.54194444,39.76972222,,,0,1,0,0,0,0.9,-0.62,291.30383,0.0,1782.5
1961-11-15 00:00:00+00:00,18.9,72.82,,,1,0,0,0,0,0.9,-0.62,300.37158,0.0,0.0
1961-12-15 00:00:00+00:00,52.3,104.2833333,,,0,0,0,1,0,2.5,-1.48,264.1825,0.0,427.25
1961-12-15 00:00:00+00:00,47.54260867,7.58371693,,,0,0,1,0,0,2.5,-1.48,276.8522,0.00020156962,304.73438
1961-12-15 00:00:00+00:00,23.27,5.6,,,0,1,0,0,0,2.5,-1.48,281.39032,0.0,2246.375
1961-12-15 00:00:00+00:00,69.1,-105.1166667,,,0,0,0,0,1,2.5,-1.48,239.54485,0.0,0.0
1961-12-15 00:00:00+00:00,0.38,6.72,,,1,0,0,0,0,2.5,-1.48,296.98773,0.00010000916,0.0
1961-12-15 00:00:00+00:00,-22.66416667,-48.06,,,0,0,1,0,0,2.5,-1.48,295.0705,0.00014033826,490.46875
1961-12-15 00:00:00+00:00,-67.57,-68.13,,,0,0,0,0,1,2.5,-1.48,,,11.128906
1961-12-15 00:00:00+00:00,49.67,-93.72,,,0,0,0,1,0,2.5,-1.48,265.7944,6.449841e-05,427.09375
1961-12-15 00:00:00+00:00,29.7,91.13333333,,,0,0,0,0,1,2.5,-1.48,275.9957,0.0,3735.25
1961-12-15 00:00:00+00:00,12.54194444,39.76972222,,,0,1,0,0,0,2.5,-1.48,288.8034,0.0,1782.5
1961-12-15 00:00:00+00:00,18.9,72.82,,,1,0,0,0,0,2.5,-1.48,296.785,0.0,0.0
1962-01-15 00:00:00+00:00,52.3,104.2833333,,,0,0,0,1,0,3.3,0.61,258.63724,0.0,427.25
1962-01-15 00:00:00+00:00,47.54260867,7.58371693,,,0,0,1,0,0,3.3,0.61,271.1705,1.9145813e-05,304.73438
1962-01-15 00:00:00+00:00,23.27,5.6,,,0,1,0,0,0,3.3,0.61,279.13727,0.0,2246.375
1962-01-15 00:00:00+00:00,69.1,-105.1166667,,,0,0,0,0,1,3.3,0.61,244.3533,0.0,0.0
1962-01-15 00:00:00+00:00,0.38,6.72,,,1,0,0,0,0,3.3,0.61,297.52448,4.6113284e-05,0.0
1962-01-15 00:00:00+00:00,-22.66416667,-48.06,,,0,0,1,0,0,3.3,0.61,299.42255,8.761621e-05,490.46875
1962-01-15 00:00:00+00:00,-67.57,-68.13,,,0,0,0,0,1,3.3,0.61,,,11.128906
1962-01-15 00:00:00+00:00,49.67,-93.72,,,0,0,0,1,0,3.3,0.61,258.89963,0.0,427.09375
1962-01-15 00:00:00+00:00,29.7,91.13333333,,,0,0,0,0,1,3.3,0.61,277.73166,1.4699043e-06,3735.25
1962-01-15 00:00:00+00:00,12.54194444,39.76972222,,,0,1,0,0,0,3.3,0.61,290.6063,0.0,1782.5
1962-01-15 00:00:00+00:00,18.9,72.82,,,1,0,0,0,0,3.3,0.61,295.41592,8.745309e-05,0.0
1962-02-15 00:00:00+00:00,52.3,104.2833333,,,0,0,0,1,0,-0.5,0.55,260.41095,0.0,427.25
1962-02-15 00:00:00+00:00,47.54260867,7.58371693,,,0,0,1,0,0,-0.5,0.55,282.10388,0.0,304.73438
1962-02-15 00:00:00+00:00,23.27,5.6,,,0,1,0,0,0,-0.5,0.55,281.5493,0.0,2246.375
1962-02-15 00:00:00+00:00,69.1,-105.1166667,,,0,0,0,0,1,-0.5,0.55,240.98303,5.028868e-06,0.0
1962-02-15 00:00:00+00:00,0.38,6.72,,,1,0,0,0,0,-0.5,0.55,298.82523,3.359897e-05,0.0
1962-02-15 00:00:00+00:00,-22.66416667,-48.06,,,0,0,1,0,0,-0.5,0.55,297.43494,2.6396863e-05,490.46875
1962-02-15 00:00:00+00:00,-67.57,-68.13,,,0,0,0,0,1,-0.5,0.55,,,11.128906
1962-02-15 00:00:00+00:00,49.67,-93.72,,,0,0,0,1,0,-0.5,0.55,267.8227,0.0,427.09375
1962-02-15 00:00:00+00:00,29.7,91.13333333,,,0,0,0,0,1,-0.5,0.55,275.92282,0.0,3735.25
1962-02-15 00:00:00+00:00,12.54194444,39.76972222,,,0,1,0,0,0,-0.5,0.55,289.68494,0.0,1782.5
1962-02-15 00:00:00+00:00,18.9,72.82,,,1,0,0,0,0,-0.5,0.55,297.65607,0.0,0.0
1962-03-15 00:00:00+00:00,52.3,104.2833333,,,0,0,0,1,0,0.2,-2.47,263.20703,0.0,427.25
1962-03-15 00:00:00+00:00,47.54260867,7.58371693,,,0,0,1,0,0,0.2,-2.47,280.5722,0.0,304.73438
1962-03-15 00:00:00+00:00,23.27,5.6,,,0,1,0,0,0,0.2,-2.47,291.66998,0.0,2246.375
1962-03-15 00:00:00+00:00,69.1,-105.1166667,,,0,0,0,0,1,0.2,-2.47,249.3941,0.0,0.0
1962-03-15 00:00:00+00:00,0.38,6.72,,,1,0,0,0,0,0.2,-2.47,298.91257,2.1999442e-05,0.0
1962-03-15 00:00:00+00:00,-22.66416667,-48.06,,,0,0,1,0,0,0.2,-2.47,298.3205,1.6949492e-05,490.46875
1962-03-15 00:00:00+00:00,-67.57,-68.13,,,0,0,0,0,1,0.2,-2.47,,,11.128906
1962-03-15 00:00:00+00:00,49.67,-93.72,,,0,0,0,1,0,0.2,-2.47,250.12224,0.0,427.09375
1962-03-15 00:00:00+00:00,29.7,91.13333333,,,0,0,0,0,1,0.2,-2.47,281.16348,0.0,3735.25
1962-03-15 00:00:00+00:00,12.54194444,39.76972222,,,0,1,0,0,0,0.2,-2.47,291.46973,0.0,1782.5
1962-03-15 00:00:00+00:00,18.9,72.82,,,1,0,0,0,0,0.2,-2.47,301.09177,0.0,0.0
1962-04-15 00:00:00+00:00,52.3,104.2833333,,,0,0,0,1,0,0.3,0.99,273.43298,0.0,427.25
1962-04-15 00:00:00+00:00,47.54260867,7.58371693,,,0,0,1,0,0,0.3,0.99,282.91766,0.0,304.73438
1962-04-15 00:00:00+00:00,23.27,5.6,,,0,1,0,0,0,0.3,0.99,292.58002,0.0,2246.375
1962-04-15 00:00:00+00:00,69.1,-105.1166667,,,0,0,0,0,1,0.3,0.99,254.71573,0.0,0.0
1962-04-15 00:00:00+00:00,0.38,6.72,,,1,0,0,0,0,0.3,0.99,298.7131,3.1601656e-05,0.0
1962-04-15 00:00:00+00:00,-22.66416667,-48.06,,,0,0,1,0,0,0.3,0.99,296.8429,0.0,490.46875
1962-04-15 00:00:00+00:00,-67.57,-68.13,,,0,0,0,0,1,0.3,0.99,,,11.128906
1962-04-15 00:00:00+00:00,49.67,-93.72,,,0,0,0,1,0,0.3,0.99,280.68503,0.0,427.09375
1962-04-15 00:00:00+00:00,29.7,91.13333333,,,0,0,0,0,1,0.3,0.99,285.07565,0.0,3735.25
1962-04-15 00:00:00+00:00,12.54194444,39.76972222,,,0,1,0,0,0,0.3,0.99,294.45868,0.0,1782.5
1962-04-15 00:00:00+00:00,18.9,72.82,,,1,0,0,0,0,0.3,0.99,301.57227,4.0798705e-06,0.0
1962-05-15 00:00:00+00:00,52.3,104.2833333,,,0,0,0,1,0,1.8,-0.1,275.89676,2.985049e-05,427.25
1962-05-15 00:00:00+00:00,47.54260867,7.58371693,,,0,0,1,0,0,1.8,-0.1,287.99728,6.397746e-05,304.73438
1962-05-15 00:00:00+00:00,23.27,5.6,,,0,1,0,0,0,1.8,-0.1,296.93533,0.0,2246.375
1962-05-15 00:00:00+00:00,69.1,-105.1166667,,,0,0,0,0,1,1.8,-0.1,267.80084,0.0,0.0
1962-05-15 00:00:00+00:00,0.38,6.72,,,1,0,0,0,0,1.8,-0.1,296.47513,5.6412187e-05,0.0
1962-05-15 00:00:00+00:00,-22.66416667,-48.06,,,0,0,1,0,0,1.8,-0.1,292.63354,0.0,490.46875
1962-05-15 00:00:00+00:00,-67.57,-68.13,,,0,0,0,0,1,1.8,-0.1,,,11.128906
1962-05-15 00:00:00+00:00,49.67,-93.72,,,0,0,0,1,0,1.8,-0.1,277.00302,0.0,427.09375
1962-05-15 00:00:00+00:00,29.7,91.13333333,,,0,0,0,0,1,1.8,-0.1,286.61377,0.0,3735.25
1962-05-15 00:00:00+00:00,12.54194444,39.76972222,,,0,1,0,0,0,1.8,-0.1,296.2541,0.0,1782.5
1962-05-15 00:00:00+00:00,18.9,72.82,,,1,0,0,0,0,1.8,-0.1,303.41476,2.641674e-06,0.0
1962-06-15 00:00:00+00:00,52.3,104.2833333,,,0,0,0,1,0,1.2,0.16,288.6197,0.0,427.25
1962-06-15 00:00:00+00:00,47.54260867,7.58371693,,,0,0,1,0,0,1.2,0.16,285.01797,0.0,304.73438
1962-06-15 00:00:00+00:00,23.27,5.6,,,0,1,0,0,0,1.2,0.16,300.52252,0.0,2246.375
1962-06-15 00:00:00+00:00,69.1,-105.1166667,,,0,0,0,0,1,1.2,0.16,277.9875,0.0,0.0
1962-06-15 00:00:00+00:00,0.38,6.72,,,1,0,0,0,0,1.2,0.16,296.96585,0.0,0.0
1962-06-15 00:00:00+00:00,-22.66416667,-48.06,,,0,0,1,0,0,1.2,0.16,291.4259,0.0,490.46875
1962-06-15 00:00:00+00:00,-67.57,-68.13,,,0,0,0,0,1,1.2,0.16,,,11.128906
1962-06-15 00:00:00+00:00,49.67,-93.72,,,0,0,0,1,0,1.2,0.16,288.47916,9.843286e-06,427.09375
1962-06-15 00:00:00+00:00,29.7,91.13333333,,,0,0,0,0,1,1.2,0.16,292.4871,3.429492e-05,3735.25
1962-06-15 00:00:00+00:00,12.54194444,39.76972222,,,0,1,0,0,0,1.2,0.16,295.602,4.12746e-06,1782.5
1962-06-15 00:00:00+00:00,18.9,72.82,,,1,0,0,0,0,1.2,0.16,301.96848,3.6118963e-06,0.0
1962-07-15 00:00:00+00:00,52.3,104.2833333,,,0,0,0,1,0,0.1,-2.47,287.74844,0.0,427.25
1962-07-15 00:00:00+00:00,47.54260867,7.58371693,,,0,0,1,0,0,0.1,-2.47,294.88638,0.00011979464,304.73438
1962-07-15 00:00:00+00:00,23.27,5.6,,,0,1,0,0,0,0.1,-2.47,299.84598,0.0,2246.375
1962-07-15 00:00:00+00:00,69.1,-105.1166667,,,0,0,0,0,1,0.1,-2.47,284.83713,2.5009162e-05,0.0
1962-07-15 00:00:00+00:00,0.38,6.72,,,1,0,0,0,0,0.1,-2.47,295.2021,1.3398417e-06,0.0
1962-07-15 00:00:00+00:00,-22.66416667,-48.06,,,0,0,1,0,0,0.1,-2.47,291.8875,0.0,490.46875
1962-07-15 00:00:00+00:00,-67.57,-68.13,,,0,0,0,0,1,0.1,-2.47,,,11.128906
1962-07-15 00:00:00+00:00,49.67,-93.72,,,0,0,0,1,0,0.1,-2.47,296.51367,0.0,427.09375
1962-07-15 00:00:00+00:00,29.7,91.13333333,,,0,0,0,0,1,0.1,-2.47,290.27414,6.554021e-05,3735.25
1962-07-15 00:00:00+00:00,12.54194444,39.76972222,,,0,1,0,0,0,0.1,-2.47,292.53183,0.0,1782.5
1962-07-15 00:00:00+00:00,18.9,72.82,,,1,0,0,0,0,0.1,-2.47,300.24,5.1638224e-05,0.0
1962-08-15 00:00:00+00:00,52.3,104.2833333,,,0,0,0,1,0,1.0,0.14,289.19974,0.0,427.25
1962-08-15 00:00:00+00:00,47.54260867,7.58371693,,,0,0,1,0,0,1.0,0.14,294.62787,0.0,304.73438
1962-08-15 00:00:00+00:00,23.27,5.6,,,0,1,0,0,0,1.0,0.14,299.41492,0.0,2246.375
1962-08-15 00:00:00+00:00,69.1,-105.1166667,,,0,0,0,0,1,1.0,0.14,280.04077,0.0,0.0
1962-08-15 00:00:00+00:00,0.38,6.72,,,1,0,0,0,0,1.0,0.14,295.69913,3.6107215e-06,0.0
1962-08-15 00:00:00+00:00,-22.66416667,-48.06,,,0,0,1,0,0,1.0,0.14,295.39108,0.0,490.46875
1962-08-15 00:00:00+00:00,-67.57,-68.13,,,0,0,0,0,1,1.0,0.14,,,11.128906
1962-08-15 00:00:00+00:00,49.67,-93.72,,,0,0,0,1,0,1.0,0.14,289.80652,0.0,427.09375
1962-08-15 00:00:00+00:00,29.7,91.13333333,,,0,0,0,0,1,1.0,0.14,287.37015,2.8850816e-05,3735.25
1962-08-15 00:00:00+00:00,12.54194444,39.76972222,,,0,1,0,0,0,1.0,0.14,292.98035,0.0,1782.5
1962-08-15 00:00:00+00:00,18.9,72.82,,,1,0,0,0,0,1.0,0.14,300.9708,3.122863e-05,0.0
1962-09-15 00:00:00+00:00,52.3,104.2833333,,,0,0,0,1,0,0.7,-0.37,283.6254,1.1978369e-05,427.25
1962-09-15 00:00:00+00:00,47.54260867,7.58371693,,,0,0,1,0,0,0.7,-0.37,293.55917,0.0,304.73438
1962-09-15 00:00:00+00:00,23.27,5.6,,,0,1,0,0,0,0.7,-0.37,298.67188,0.0,2246.375
1962-09-15 00:00:00+00:00,69.1,-105.1166667,,,0,0,0,0,1,0.7,-0.37,268.7106,0.0,0.0
1962-09-15 00:00:00+00:00,0.38,6.72,,,1,0,0,0,0,0.7,-0.37,296.0532,7.674536e-06,0.0
1962-09-15 00:00:00+00:00,-22.66416667,-48.06,,,0,0,1,0,0,0.7,-0.37,294.92596,0.0,490.46875
1962-09-15 00:00:00+00:00,-67.57,-68.13,,,0,0,0,0,1,0.7,-0.37,,,11.128906
1962-09-15 00:00:00+00:00,49.67,-93.72,,,0,0,0,1,0,0.7,-0.37,287.0954,0.0,427.09375
1962-09-15 00:00:00+00:00,29.7,91.13333333,,,0,0,0,0,1,0.7,-0.37,288.84827,2.1473143e-05,3735.25
1962-09-15 00:00:00+00:00,12.54194444,39.76972222,,,0,1,0,0,0,0.7,-0.37,291.85168,0.0,1782.5
1962-09-15 00:00:00+00:00,18.9,72.82,,,1,0,0,0,0,0.7,-0.37,299.74792,0.000108109765,0.0
1962-10-15 00:00:00+00:00,52.3,104.2833333,,,0,0,0,1,0,1.6,0.41,276.4043,0.0,427.25
1962-10-15 00:00:00+00:00,47.54260867,7.58371693,,,0,0,1,0,0,1.6,0.41,284.1663,0.0,304.73438
1962-10-15 00:00:00+00:00,23.27,5.6,,,0,1,0,0,0,1.6,0.41,294.7576,0.0,2246.375
1962-10-15 00:00:00+00:00,69.1,-105.1166667,,,0,0,0,0,1,1.6,0.41,259.93512,0.0,0.0
1962-10-15 00:00:00+00:00,0.38,6.72,,,1,0,0,0,0,1.6,0.41,296.5044,0.0001036389,0.0
1962-10-15 00:00:00+00:00,-22.66416667,-48.06,,,0,0,1,0,0,1.6,0.41,292.28296,0.0,490.46875
1962-10-15 00:00:00+00:00,-67.57,-68.13,,,0,0,0,0,1,1.6,0.41,,,11.128906
1962-10-15 00:00:00+00:00,49.67,-93.72,,,0,0,0,1,0,1.6,0.41,273.4808,0.00025053593,427.09375
1962-10-15 00:00:00+00:00,29.7,91.13333333,,,0,0,0,0,1,1.6,0.41,283.8208,1.0993807e-05,3735.25
1962-10-15 00:00:00+00:00,12.54194444,39.76972222,,,0,1,0,0,0,1.6,0.41,289.0839,7.8658966e-05,1782.5
1962-10-15 00:00:00+00:00,18.9,72.82,,,1,0,0,0,0,1.6,0.41,303.5658,0.0,0.0
1962-11-15 00:00:00+00:00,52.3,104.2833333,,,0,0,0,1,0,0.5,-0.23,268.42224,0.0,427.25
1962-11-15 00:00:00+00:00,47.54260867,7.58371693,,,0,0,1,0,0,0.5,-0.23,270.80417,0.0,304.73438
1962-11-15 00:00:00+00:00,23.27,5.6,,,0,1,0,0,0,0.5,-0.23,287.9001,0.0,2246.375
1962-11-15 00:00:00+00:00,69.1,-105.1166667,,,0,0,0,0,1,0.5,-0.23,253.05626,3.433532e-05,0.0
1962-11-15 00:00:00+00:00,0.38,6.72,,,1,0,0,0,0,0.5,-0.23,296.017,9.1672584e-05,0.0
1962-11-15 00:00:00+00:00,-22.66416667,-48.06,,,0,0,1,0,0,0.5,-0.23,295.63733,0.00013737177,490.46875
1962-11-15 00:00:00+00:00,-67.57,-68.13,,,0,0,0,0,1,0.5,-0.23,,,11.128906
1962-11-15 00:00:00+00:00,49.67,-93.72,,,0,0,0,1,0,0.5,-0.23,273.76578,0.0,427.09375
1962-11-15 00:00:00+00:00,29.7,91.13333333,,,0,0,0,0,1,0.5,-0.23,277.54803,0.0,3735.25
1962-11-15 00:00:00+00:00,12.54194444,39.76972222,,,0,1,0,0,0,0.5,-0.23,291.6851,0.0,1782.5
1962-11-15 00:00:00+00:00,18.9,72.82,,,1,0,0,0,0,0.5,-0.23,301.92575,0.0,0.0
1962-12-15 00:00:00+00:00,52.3,104.2833333,,,0,0,0,1,0,0.3,-1.32,247.5205,6.4507217e-06,427.25
1962-12-15 00:00:00+00:00,47.54260867,7.58371693,,,0,0,1,0,0,0.3,-1.32,268.67072,6.7226024e-06,304.73438
1962-12-15 00:00:00+00:00,23.27,5.6,,,0,1,0,0,0,0.3,-1.32,284.36383,0.0,2246.375
1962-12-15 00:00:00+00:00,69.1,-105.1166667,,,0,0,0,0,1,0.3,-1.32,234.50392,0.0,0.0
1962-12-15 00:00:00+00:00,0.38,6.72,,,1,0,0,0,0,0.3,-1.32,298.4753,2.6184782e-05,0.0
1962-12-15 00:00:00+00:00,-22.66416667,-48.06,,,0,0,1,0,0,0.3,-1.32,297.5055,4.8307375e-05,490.46875
1962-12-15 00:00:00+00:00,-67.57,-68.13,,,0,0,0,0,1,0.3,-1.32,,,11.128906
1962-12-15 00:00:00+00:00,49.67,-93.72,,,0,0,0,1,0,0.3,-1.32,251.9159,0.0,427.09375
1962-12-15 00:00:00+00:00,29.7,91.13333333,,,0,0,0,0,1,0.3,-1.32,271.99408,0.0,3735.25
1962-12-15 00:00:00+00:00,12.54194444,39.76972222,,,0,1,0,0,0,0.3,-1.32,289.8951,0.0,1782.5
1962-12-15 00:00:00+00:00,18.9,72.82,,,1,0,0,0,0,0.3,-1.32,299.29257,0.0,0.0
1963-01-15 00:00:00+00:00,52.3,104.2833333,,,0,0,0,1,0,1.7,-2.12,259.84668,1.8447383e-05,427.25
1963-01-15 00:00:00+00:00,47.54260867,7.58371693,,,0,0,1,0,0,1.7,-2.12,277.76627,6.6689436e-06,304.73438
1963-01-15 00:00:00+00:00,23.27,5.6,,,0,1,0,0,0,1.7,-2.12,277.42596,0.0,2246.375
1963-01-15 00:00:00+00:00,69.1,-105.1166667,,,0,0,0,0,1,1.7,-2.12,237.09885,0.0,0.0
1963-01-15 00:00:00+00:00,0.38,6.72,,,1,0,0,0,0,1.7,-2.12,298.05405,2.1436283e-05,0.0
1963-01-15 00:00:00+00:00,-22.66416667,-48.06,,,0,0,1,0,0,1.7,-2.12,294.51123,6.6859604e-05,490.46875
1963-01-15 00:00:00+00:00,-67.57,-68.13,,,0,0,0,0,1,1.7,-2.12,,,11.128906
1963-01-15 00:00:00+00:00,49.67,-93.72,,,0,0,0,1,0,1.7,-2.12,264.45712,4.486456e-05,427.09375
1963-01-15 00:00:00+00:00,29.7,91.13333333,,,0,0,0,0,1,1.7,-2.12,277.54868,0.0,3735.25
1963-01-15 00:00:00+00:00,12.54194444,39.76972222,,,0,1,0,0,0,1.7,-2.12,288.79623,0.0,1782.5
1963-01-15 00:00:00+00:00,18.9,72.82,,,1,0,0,0,0,1.7,-2.12,296.65134,2.9161342e-06,0.0
1963-02-15 00:00:00+00:00,52.3,104.2833333,,,0,0,0,1,0,0.9,-0.96,261.20837,0.0,427.25
1963-02-15 00:00:00+00:00,47.54260867,7.58371693,,,0,0,1,0,0,0.9,-0.96,279.87192,0.0,304.73438
1963-02-15 00:00:00+00:00,23.27,5.6,,,0,1,0,0,0,0.9,-0.96,284.39297,0.0,2246.375
1963-02-15 00:00:00+00:00,69.1,-105.1166667,,,0,0,0,0,1,0.9,-0.96,232.52594,0.0,0.0
1963-02-15 00:00:00+00:00,0.38,6.72,,,1,0,0,0,0,0.9,-0.96,298.66174,6.04586e-05,0.0
1963-02-15 00:00:00+00:00,-22.66416667,-48.06,,,0,0,1,0,0,0.9,-0.96,294.51523,0.0,490.46875
1963-02-15 00:00:00+00:00,-67.57,-68.13,,,0,0,0,0,1,0.9,-0.96,,,11.128906
1963-02-15 00:00:00+00:00,49.67,-93.72,,,0,0,0,1,0,0.9,-0.96,269.9328,5.2219468e-05,427.09375
1963-02-15 00:00:00+00:00,29.7,91.13333333,,,0,0,0,0,1,0.9,-0.96,282.32886,0.0,3735.25
1963-02-15 00:00:00+00:00,12.54194444,39.76972222,,,0,1,0,0,0,0.9,-0.96,291.00677,0.0,1782.5
1963-02-15 00:00:00+00:00,18.9,72.82,,,1,0,0,0,0,0.9,-0.96,299.07684,0.0,0.0
1963-03-15 00:00:00+00:00,52.3,104.2833333,,,0,0,0,1,0,1.9,-0.43,256.26407,0.0,427.25
1963-03-15 00:00:00+00:00,47.54260867,7.58371693,,,0,0,1,0,0,1.9,-0.43,274.1532,0.0,304.73438
1963-03-15 00:00:00+00:00,23.27,5.6,,,0,1,0,0,0,1.9,-0.43,284.76053,0.0,2246.375
1963-03-15 00:00:00+00:00,69.1,-105.1166667,,,0,0,0,0,1,1.9,-0.43,240.75177,0.0,0.0
1963-03-15 00:00:00+00:00,0.38,6.72,,,1,0,0,0,0,1.9,-0.43,298.5811,4.8947903e-05,0.0
1963-03-15 00:00:00+00:00,-22.66416667,-48.06,,,0,0,1,0,0,1.9,-0.43,291.43665,1.50435735e-05,490.46875
1963-03-15 00:00:00+00:00,-67.57,-68.13,,,0,0,0,0,1,1.9,-0.43,,,11.128906
1963-03-15 00:00:00+00:00,49.67,-93.72,,,0,0,0,1,0,1.9,-0.43,271.50006,0.0,427.09375
1963-03-15 00:00:00+00:00,29.7,91.13333333,,,0,0,0,0,1,1.9,-0.43,281.0274,0.0,3735.25
1963-03-15 00:00:00+00:00,12.54194444,39.76972222,,,0,1,0,0,0,1.9,-0.43,292.69345,0.0,1782.5
1963-03-15 00:00:00+00:00,18.9,72.82,,,1,0,0,0,0,1.9,-0.43,301.00226,0.0,0.0
1963-04-15 00:00:00+00:00,52.3,104.2833333,,,0,0,0,1,0,1.3,-1.35,275.07227,0.0,427.25
1963-04-15 00:00:00+00:00,47.54260867,7.58371693,,,0,0,1,0,0,1.3,-1.35,281.02042,8.233958e-06,304.73438
1963-04-15 00:00:00+00:00,23.27,5.6,,,0,1,0,0,0,1.3,-1.35,287.6475,0.0,2246.375
1963-04-15 00:00:00+00:00,69.1,-105.1166667,,,0,0,0,0,1,1.3,-1.35,254.12431,0.0,0.0
1963-04-15 00:00:00+00:00,0.38,6.72,,,1,0,0,0,0,1.3,-1.35,297.83154,6.7025365e-05,0.0
1963-04-15 00:00:00+00:00,-22.66416667,-48.06,,,0,0,1,0,0,1.3,-1.35,295.616,0.0,490.46875
1963-04-15 00:00:00+00:00,-67.57,-68.13,,,0,0,0,0,1,1.3,-1.35,,,11.128906
1963-04-15 00:00:00+00:00,49.67,-93.72,,,0,0,0,1,0,1.3,-1.35,277.0397,0.0,427.09375
1963-04-15 00:00:00+00:00,29.7,91.13333333,,,0,0,0,0,1,1.3,-1.35,284.3326,0.0,3735.25
1963-04-15 00:00:00+00:00,12.54194444,39.76972222,,,0,1,0,0,0,1.3,-1.35,293.5754,0.0,1782.5
1963-04-15 00:00:00+00:00,18.9,72.82,,,1,0,0,0,0,1.3,-1.35,300.87668,0.0,0.0
1963-05-15 00:00:00+00:00,52.3,104.2833333,,,0,0,0,1,0,0.6,2.16,277.05383,1.2363836e-05,427.25
1963-05-15 00:00:00+00:00,47.54260867,7.58371693,,,0,0,1,0,0,0.6,2.16,281.37216,4.5054392e-05,304.73438
1963-05-15 00:00:00+00:00,23.27,5.6,,,0,1,0,0,0,0.6,2.16,294.22922,0.0,2246.375
1963-05-15 00:00:00+00:00,69.1,-105.1166667,,,0,0,0,0,1,0.6,2.16,253.61102,0.0,0.0
1963-05-15 00:00:00+00:00,0.38,6.72,,,1,0,0,0,0,0.6,2.16,297.8433,0.0,0.0
1963-05-15 00:00:00+00:00,-22.66416667,-48.06,,,0,0,1,0,0,0.6,2.16,291.18408,4.3797145e-06,490.46875
1963-05-15 00:00:00+00:00,-67.57,-68.13,,,0,0,0,0,1,0.6,2.16,,,11.128906
1963-05-15 00:00:00+00:00,49.67,-93.72,,,0,0,0,1,0,0.6,2.16,280.60437,7.847887e-06,427.09375
1963-05-15 00:00:00+00:00,29.7,91.13333333,,,0,0,0,0,1,0.6,2.16,285.80624,0.0,3735.25
1963-05-15 00:00:00+00:00,12.54194444,39.76972222,,,0,1,0,0,0,0.6,2.16,295.82233,0.0,1782.5
1963-05-15 00:00:00+00:00,18.9,72.82,,,1,0,0,0,0,0.6,2.16,303.3959,0.0,0.0
1963-06-15 00:00:00+00:00,52.3,104.2833333,,,0,0,0,1,0,-0.8,-0.43,288.1196,1.1438903e-05,427.25
1963-06-15 00:00:00+00:00,47.54260867,7.58371693,,,0,0,1,0,0,-0.8,-0.43,285.192,0.0,304.73438
1963-06-15 00:00:00+00:00,23.27,5.6,,,0,1,0,0,0,-0.8,-0.43,299.6927,0.0,2246.375
1963-06-15 00:00:00+00:00,69.1,-105.1166667,,,0,0,0,0,1,-0.8,-0.43,266.16095,0.0,0.0
1963-06-15 00:00:00+00:00,0.38,6.72,,,1,0,0,0,0,-0.8,-0.43,295.3882,1.3350652e-06,0.0
1963-06-15 00:00:00+00:00,-22.66416667,-48.06,,,0,0,1,0,0,-0.8,-0.43,292.05423,1.8919098e-05,490.46875
1963-06-15 00:00:00+00:00,-67.57,-68.13,,,0,0,0,0,1,-0.8,-0.43,,,11.128906
1963-06-15 00:00:00+00:00,49.67,-93.72,,,0,0,0,1,0,-0.8,-0.43,292.88754,4.6267083e-05,427.09375
1963-06-15 00:00:00+00:00,29.7,91.13333333,,,0,0,0,0,1,-0.8,-0.43,289.82983,4.1243882e-05,3735.25
1963-06-15 00:00:00+00:00,12.54194444,39.76972222,,,0,1,0,0,0,-0.8,-0.43,295.02466,0.0,1782.5
1963-06-15 00:00:00+00:00,18.9,72.82,,,1,0,0,0,0,-0.8,-0.43,299.98398,0.00018412745,0.0
1963-07-15 00:00:00+00:00,52.3,104.2833333,,,0,0,0,1,0,-0.2,-0.77,287.6756,0.0,427.25
1963-07-15 00:00:00+00:00,47.54260867,7.58371693,,,0,0,1,0,0,-0.2,-0.77,288.68286,1.2469715e-05,304.73438
1963-07-15 00:00:00+00:00,23.27,5.6,,,0,1,0,0,0,-0.2,-0.77,299.89896,0.0,2246.375
1963-07-15 00:00:00+00:00,69.1,-105.1166667,,,0,0,0,0,1,-0.2,-0.77,285.39066,0.0,0.0
1963-07-15 00:00:00+00:00,0.38,6.72,,,1,0,0,0,0,-0.2,-0.77,294.19882,4.51444e-06,0.0
1963-07-15 00:00:00+00:00,-22.66416667,-48.06,,,0,0,1,0,0,-0.2,-0.77,292.15057,0.0,490.46875
1963-07-15 00:00:00+00:00,-67.57,-68.13,,,0,0,0,0,1,-0.2,-0.77,,,11.128906
1963-07-15 00:00:00+00:00,49.67,-93.72,,,0,0,0,1,0,-0.2,-0.77,289.84122,0.0,427.09375
1963-07-15 00:00:00+00:00,29.7,91.13333333,,,0,0,0,0,1,-0.2,-0.77,287.44568,0.00034657208,3735.25
1963-07-15 00:00:00+00:00,12.54194444,39.76972222,,,0,1,0,0,0,-0.2,-0.77,291.72617,0.0,1782.5
1963-07-15 00:00:00+00:00,18.9,72.82,,,1,0,0,0,0,-0.2,-0.77,300.66742,7.149464e-05,0.0
1963-08-15 00:00:00+00:00,52.3,104.2833333,,,0,0,0,1,0,0.0,-0.64,289.4764,0.0,427.25
1963-08-15 00:00:00+00:00,47.54260867,7.58371693,,,0,0,1,0,0,0.0,-0.64,288.88153,3.5795434e-05,304.73438
1963-08-15 00:00:00+00:00,23.27,5.6,,,0,1,0,0,0,0.0,-0.64,296.34027,0.0,2246.375
1963-08-15 00:00:00+00:00,69.1,-105.1166667,,,0,0,0,0,1,0.0,-0.64,278.0738,6.620744e-06,0.0
1963-08-15 00:00:00+00:00,0.38,6.72,,,1,0,0,0,0,0.0,-0.64,294.82657,6.759723e-06,0.0
1963-08-15 00:00:00+00:00,-22.66416667,-48.06,,,0,0,1,0,0,0.0,-0.64,292.82568,0.0,490.46875
1963-08-15 00:00:00+00:00,-67.57,-68.13,,,0,0,0,0,1,0.0,-0.64,,,11.128906
1963-08-15 00:00:00+00:00,49.67,-93.72,,,0,0,0,1,0,0.0,-0.64,292.6251,0.0,427.09375
1963-08-15 00:00:00+00:00,29.7,91.13333333,,,0,0,0,0,1,0.0,-0.64,287.8788,6.443711e-05,3735.25
1963-08-15 00:00:00+00:00,12.54194444,39.76972222,,,0,1,0,0,0,0.0,-0.64,291.22314,0.0,1782.5
1963-08-15 00:00:00+00:00,18.9,72.82,,,1,0,0,0,0,0.0,-0.64,300.1126,0.000112810034,0.0
1963-09-15 00:00:00+00:00,52.3,104.2833333,,,0,0,0,1,0,-1.0,1.79,280.64758,1.027919e-05,427.25
1963-09-15 00:00:00+00:00,47.54260867,7.58371693,,,0,0,1,0,0,-1.0,1.79,286.85376,0.0,304.73438
1963-09-15 00:00:00+00:00,23.27,5.6,,,0,1,0,0,0,-1.0,1.79,296.34866,0.0,2246.375
1963-09-15 00:00:00+00:00,69.1,-105.1166667,,,0,0,0,0,1,-1.0,1.79,265.34134,0.0,0.0
1963-09-15 00:00:00+00:00,0.38,6.72,,,1,0,0,0,0,-1.0,1.79,295.2414,9.183087e-06,0.0
1963-09-15 00:00:00+00:00,-22.66416667,-48.06,,,0,0,1,0,0,-1.0,1.79,296.37183,2.7793146e-06,490.46875
1963-09-15 00:00:00+00:00,-67.57,-68.13,,,0,0,0,0,1,-1.0,1.79,,,11.128906
1963-09-15 00:00:00+00:00,49.67,-93.72,,,0,0,0,1,0,-1.0,1.79,283.1001,0.0,427.09375
1963-09-15 00:00:00+00:00,29.7,91.13333333,,,0,0,0,0,1,-1.0,1.79,288.58035,2.4597628e-05,3735.25
1963-09-15 00:00:00+00:00,12.54194444,39.76972222,,,0,1,0,0,0,-1.0,1.79,291.18817,0.0,1782.5
1963-09-15 00:00:00+00:00,18.9,72.82,,,1,0,0,0,0,-1.0,1.79,299.85178,4.8970556e-05,0.0
1963-10-15 00:00:00+00:00,52.3,104.2833333,,,0,0,0,1,0,-2.0,0.94,273.41217,4.3798293e-05,427.25
1963-10-15 00:00:00+00:00,47.54260867,7.58371693,,,0,0,1,0,0,-2.0,0.94,284.27264,0.0,304.73438
1963-10-15 00:00:00+00:00,23.27,5.6,,,0,1,0,0,0,-2.0,0.94,290.40866,0.0,2246.375
1963-10-15 00:00:00+00:00,69.1,-105.1166667,,,0,0,0,0,1,-2.0,0.94,266.40054,8.684307e-05,0.0
1963-10-15 00:00:00+00:00,0.38,6.72,,,1,0,0,0,0,-2.0,0.94,296.39343,7.207795e-05,0.0
1963-10-15 00:00:00+00:00,-22.66416667,-48.06,,,0,0,1,0,0,-2.0,0.94,291.13947,0.00016861269,490.46875
1963-10-15 00:00:00+00:00,-67.57,-68.13,,,0,0,0,0,1,-2.0,0.94,,,11.128906
1963-10-15 00:00:00+00:00,49.67,-93.72,,,0,0,0,1,0,-2.0,0.94,285.986,0.0,427.09375
1963-10-15 00:00:00+00:00,29.7,91.13333333,,,0,0,0,0,1,-2.0,0.94,285.78265,0.0,3735.25
1963-10-15 00:00:00+00:00,12.54194444,39.76972222,,,0,1,0,0,0,-2.0,0.94,290.94223,3.4900768e-05,1782.5
1963-10-15 00:00:00+00:00,18.9,72.82,,,1,0,0,0,0,-2.0,0.94,299.95392,4.7876147e-05,0.0
1963-11-15 00:00:00+00:00,52.3,104.2833333,,,0,0,0,1,0,-1.4,-1.27,258.24957,3.8008864e-05,427.25
1963-11-15 00:00:00+00:00,47.54260867,7.58371693,,,0,0,1,0,0,-1.4,-1.27,282.17935,3.093701e-05,304.73438
1963-11-15 00:00:00+00:00,23.27,5.6,,,0,1,0,0,0,-1.4,-1.27,286.19482,0.0,2246.375
1963-11-15 00:00:00+00:00,69.1,-105.1166667,,,0,0,0,0,1,-1.4,-1.27,254.30681,0.0,0.0
1963-11-15 00:00:00+00:00,0.38,6.72,,,1,0,0,0,0,-1.4,-1.27,295.93576,0.00012421989,0.0
1963-11-15 00:00:00+00:00,-22.66416667,-48.06,,,0,0,1,0,0,-1.4,-1.27,296.8227,8.042298e-05,490.46875
1963-11-15 00:00:00+00:00,-67.57,-68.13,,,0,0,0,0,1,-1.4,-1.27,,,11.128906
1963-11-15 00:00:00+00:00,49.67,-93.72,,,0,0,0,1,0,-1.4,-1.27,264.02145,0.00017086012,427.09375
1963-11-15 00:00:00+00:00,29.7,91.13333333,,,0,0,0,0,1,-1.4,-1.27,280.80975,0.0,3735.25
1963-11-15 00:00:00+00:00,12.54194444,39.76972222,,,0,1,0,0,0,-1.4,-1.27,289.1983,0.0,1782.5
1963-11-15 00:00:00+00:00,18.9,72.82,,,1,0,0,0,0,-1.4,-1.27,299.66806,0.0,0.0
1963-12-15 00:00:00+00:00,52.3,104.2833333,,,0,0,0,1,0,-2.0,-1.92,258.885,1.7520095e-05,427.25
1963-12-15 00:00:00+00:00,47.54260867,7.58371693,,,0,0,1,0,0,-2.0,-1.92,271.3882,5.882278e-05,304.73438
1963-12-15 00:00:00+00:00,23.27,5.6,,,0,1,0,0,0,-2.0,-1.92,285.6868,0.0,2246.375
1963-12-15 00:00:00+00:00,69.1,-105.1166667,,,0,0,0,0,1,-2.0,-1.92,239.71367,0.0,0.0
1963-12-15 00:00:00+00:00,0.38,6.72,,,1,0,0,0,0,-2.0,-1.92,296.58176,9.083045e-05,0.0
1963-12-15 00:00:00+00:00,-22.66416667,-48.06,,,0,0,1,0,0,-2.0,-1.92,294.8281,0.0,490.46875
1963-12-15 00:00:00+00:00,-67.57,-68.13,,,0,0,0,0,1,-2.0,-1.92,,,11.128906
1963-12-15 00:00:00+00:00,49.67,-93.72,,,0,0,0,1,0,-2.0,-1.92,234.77661,0.0,427.09375
1963-12-15 00:00:00+00:00,29.7,91.13333333,,,0,0,0,0,1,-2.0,-1.92,274.83316,0.0,3735.25
1963-12-15 00:00:00+00:00,12.54194444,39.76972222,,,0,1,0,0,0,-2.0,-1.92,289.96475,0.0,1782.5
1963-12-15 00:00:00+00:00,18.9,72.82,,,1,0,0,0,0,-2.0,-1.92,297.70108,0.0,0.0
1964-01-15 00:00:00+00:00,52.3,104.2833333,,,0,0,0,1,0,-0.6,-0.95,255.32274,0.0,427.25
1964-01-15 00:00:00+00:00,47.54260867,7.58371693,,,0,0,1,0,0,-0.6,-0.95,275.00513,1.27778285e-05,304.73438
1964-01-15 00:00:00+00:00,23.27,5.6,,,0,1,0,0,0,-0.6,-0.95,280.88864,0.0,2246.375
1964-01-15 00:00:00+00:00,69.1,-105.1166667,,,0,0,0,0,1,-0.6,-0.95,241.4033,0.0,0.0
1964-01-15 00:00:00+00:00,0.38,6.72,,,1,0,0,0,0,-0.6,-0.95,296.42,0.00018344384,0.0
1964-01-15 00:00:00+00:00,-22.66416667,-48.06,,,0,0,1,0,0,-0.6,-0.95,297.11826,3.7639835e-05,490.46875
1964-01-15 00:00:00+00:00,-67.57,-68.13,,,0,0,0,0,1,-0.6,-0.95,,,11.128906
1964-01-15 00:00:00+00:00,49.67,-93.72,,,0,0,0,1,0,-0.6,-0.95,274.68057,0.0,427.09375
1964-01-15 00:00:00+00:00,29.7,91.13333333,,,0,0,0,0,1,-0.6,-0.95,274.9391,0.0,3735.25
1964-01-15 00:00:00+00:00,12.54194444,39.76972222,,,0,1,0,0,0,-0.6,-0.95,288.6991,0.0,1782.5
1964-01-15 00:00:00+00:00,18.9,72.82,,,1,0,0,0,0,-0.6,-0.95,296.65164,0.0,0.0
1964-02-15 00:00:00+00:00,52.3,104.2833333,,,0,0,0,1,0,0.1,-1.43,254.5777,0.0,427.25
1964-02-15 00:00:00+00:00,47.54260867,7.58371693,,,0,0,1,0,0,0.1,-1.43,279.62088,3.0110834e-05,304.73438
1964-02-15 00:00:00+00:00,23.27,5.6,,,0,1,0,0,0,0.1,-1.43,282.0845,0.0,2246.375
1964-02-15 00:00:00+00:00,69.1,-105.1166667,,,0,0,0,0,1,0.1,-1.43,241.97021,0.0,0.0
1964-02-15 00:00:00+00:00,0.38,6.72,,,1,0,0,0,0,0.1,-1.43,297.52988,0.00020278187,0.0
1964-02-15 00:00:00+00:00,-22.66416667,-48.06,,,0,0,1,0,0,0.1,-1.43,295.00177,7.6514276e-05,490.46875
1964-02-15 00:00:00+00:00,-67.57,-68.13,,,0,0,0,0,1,0.1,-1.43,,,11.128906
1964-02-15 00:00:00+00:00,49.67,-93.72,,,0,0,0,1,0,0.1,-1.43,265.1122,0.0,427.09375
1964-02-15 00:00:00+00:00,29.7,91.13333333,,,0,0,0,0,1,0.1,-1.43,276.53772,0.0,3735.25
1964-02-15 00:00:00+00:00,12.54194444,39.76972222,,,0,1,0,0,0,0.1,-1.43,292.35205,0.0,1782.5
1964-02-15 00:00:00+00:00,18.9,72.82,,,1,0,0,0,0,0.1,-1.43,299.4768,0.0,0.0
1964-03-15 00:00:00+00:00,52.3,104.2833333,,,0,0,0,1,0,1.9,-1.2,276.1659,0.0,427.25
1964-03-15 00:00:00+00:00,47.54260867,7.58371693,,,0,0,1,0,0,1.9,-1.2,279.52216,2.6126234e-05,304.73438
1964-03-15 00:00:00+00:00,23.27,5.6,,,0,1,0,0,0,1.9,-1.2,283.39392,0.0,2246.375
1964-03-15 00:00:00+00:00,69.1,-105.1166667,,,0,0,0,0,1,1.9,-1.2,234.8432,0.0,0.0
1964-03-15 00:00:00+00:00,0.38,6.72,,,1,0,0,0,0,1.9,-1.2,297.4965,4.6844834e-05,0.0
1964-03-15 00:00:00+00:00,-22.66416667,-48.06,,,0,0,1,0,0,1.9,-1.2,293.1709,9.052618e-05,490.46875
1964-03-15 00:00:00+00:00,-67.57,-68.13,,,0,0,0,0,1,1.9,-1.2,,,11.128906
1964-03-15 00:00:00+00:00,49.67,-93.72,,,0,0,0,1,0,1.9,-1.2,269.5619,2.121464e-05,427.09375
1964-03-15 00:00:00+00:00,29.7,91.13333333,,,0,0,0,0,1,1.9,-1.2,282.5186,0.0,3735.25
1964-03-15 00:00:00+00:00,12.54194444,39.76972222,,,0,1,0,0,0,1.9,-1.2,292.4921,0.0,1782.5
1964-03-15 00:00:00+00:00,18.9,72.82,,,1,0,0,0,0,1.9,-1.2,298.9958,0.0,0.0
1964-04-15 00:00:00+00:00,52.3,104.2833333,,,0,0,0,1,0,1.8,0.36,280.13068,0.0,427.25
1964-04-15 00:00:00+00:00,47.54260867,7.58371693,,,0,0,1,0,0,1.8,0.36,283.30655,0.0,304.73438
1964-04-15 00:00:00+00:00,23.27,5.6,,,0,1,0,0,0,1.8,0.36,291.1734,0.0,2246.375
1964-04-15 00:00:00+00:00,69.1,-105.1166667,,,0,0,0,0,1,1.8,0.36,248.47621,0.0,0.0
1964-04-15 00:00:00+00:00,0.38,6.72,,,1,0,0,0,0,1.8,0.36,297.8221,9.790184e-06,0.0
1964-04-15 00:00:00+00:00,-22.66416667,-48.06,,,0,0,1,0,0,1.8,0.36,294.14026,0.0,490.46875
1964-04-15 00:00:00+00:00,-67.57,-68.13,,,0,0,0,0,1,1.8,0.36,,,11.128906
1964-04-15 00:00:00+00:00,49.67,-93.72,,,0,0,0,1,0,1.8,0.36,275.24078,0.0,427.09375
1964-04-15 00:00:00+00:00,29.7,91.13333333,,,0,0,0,0,1,1.8,0.36,281.8646,0.0,3735.25
1964-04-15 00:00:00+00:00,12.54194444,39.76972222,,,0,1,0,0,0,1.8,0.36,292.86847,0.0,1782.5
1964-04-15 00:00:00+00:00,18.9,72.82,,,1,0,0,0,0,1.8,0.36,299.94214,0.0,0.0
1964-05-15 00:00:00+00:00,52.3,104.2833333,,,0,0,0,1,0,0.4,0.52,281.6886,0.0,427.25
1964-05-15 00:00:00+00:00,47.54260867,7.58371693,,,0,0,1,0,0,0.4,0.52,293.48563,0.0,304.73438
1964-05-15 00:00:00+00:00,23.27,5.6,,,0,1,0,0,0,0.4,0.52,298.23334,0.0,2246.375
1964-05-15 00:00:00+00:00,69.1,-105.1166667,,,0,0,0,0,1,0.4,0.52,260.38953,0.0,0.0
1964-05-15 00:00:00+00:00,0.38,6.72,,,1,0,0,0,0,0.4,0.52,293.96738,0.00011554044,0.0
1964-05-15 00:00:00+00:00,-22.66416667,-48.06,,,0,0,1,0,0,0.4,0.52,291.53012,0.0,490.46875
1964-05-15 00:00:00+00:00,-67.57,-68.13,,,0,0,0,0,1,0.4,0.52,,,11.128906
1964-05-15 00:00:00+00:00,49.67,-93.72,,,0,0,0,1,0,0.4,0.52,285.12698,0.0,427.09375
1964-05-15 00:00:00+00:00,29.7,91.13333333,,,0,0,0,0,1,0.4,0.52,287.13672,5.4297034e-06,3735.25
1964-05-15 00:00:00+00:00,12.54194444,39.76972222,,,0,1,0,0,0,0.4,0.52,291.35452,0.0001888284,1782.5
1964-05-15 00:00:00+00:00,18.9,72.82,,,1,0,0,0,0,0.4,0.52,303.18015,2.240713e-06,0.0
1964-06-15 00:00:00+00:00,52.3,104.2833333,,,0,0,0,1,0,1.2,1.29,289.76834,3.142163e-05,427.25
1964-06-15 00:00:00+00:00,47.54260867,7.58371693,,,0,0,1,0,0,1.2,1.29,291.31967,4.7353147e-05,304.73438
1964-06-15 00:00:00+00:00,23.27,5.6,,,0,1,0,0,0,1.2,1.29,301.37183,0.0,2246.375
1964-06-15 00:00:00+00:00,69.1,-105.1166667,,,0,0,0,0,1,1.2,1.29,269.75766,0.0,0.0
1964-06-15 00:00:00+00:00,0.38,6.72,,,1,0,0,0,0,1.2,1.29,296.65656,0.0,0.0
1964-06-15 00:00:00+00:00,-22.66416667,-48.06,,,0,0,1,0,0,1.2,1.29,288.8726,0.0,490.46875
1964-06-15 00:00:00+00:00,-67.57,-68.13,,,0,0,0,0,1,1.2,1.29,,,11.128906
1964-06-15 00:00:00+00:00,49.67,-93.72,,,0,0,0,1,0,1.2,1.29,294.13416,0.0,427.09375
1964-06-15 00:00:00+00:00,29.7,91.13333333,,,0,0,0,0,1,1.2,1.29,290.67407,2.9874032e-05,3735.25
1964-06-15 00:00:00+00:00,12.54194444,39.76972222,,,0,1,0,0,0,1.2,1.29,294.67737,3.5633984e-06,1782.5
1964-06-15 00:00:00+00:00,18.9,72.82,,,1,0,0,0,0,1.2,1.29,300.87332,0.0004329525,0.0
1964-07-15 00:00:00+00:00,52.3,104.2833333,,,0,0,0,1,0,0.9,1.9,289.7686,0.0,427.25
1964-07-15 00:00:00+00:00,47.54260867,7.58371693,,,0,0,1,0,0,0.9,1.9,288.0086,0.0,304.73438
1964-07-15 00:00:00+00:00,23.27,5.6,,,0,1,0,0,0,0.9,1.9,299.43246,0.0,2246.375
1964-07-15 00:00:00+00:00,69.1,-105.1166667,,,0,0,0,0,1,0.9,1.9,281.92407,0.0,0.0
1964-07-15 00:00:00+00:00,0.38,6.72,,,1,0,0,0,0,0.9,1.9,294.7589,4.757948e-06,0.0
1964-07-15 00:00:00+00:00,-22.66416667,-48.06,,,0,0,1,0,0,0.9,1.9,285.73297,9.561236e-05,490.46875
1964-07-15 00:00:00+00:00,-67.57,-68.13,,,0,0,0,0,1,0.9,1.9,,,11.128906
1964-07-15 00:00:00+00:00,49.67,-93.72,,,0,0,0,1,0,0.9,1.9,289.6413,0.00015417676,427.09375
1964-07-15 00:00:00+00:00,29.7,91.13333333,,,0,0,0,0,1,0.9,1.9,289.9304,1.4216741e-05,3735.25
1964-07-15 00:00:00+00:00,12.54194444,39.76972222,,,0,1,0,0,0,0.9,1.9,290.88492,0.00017578578,1782.5
1964-07-15 00:00:00+00:00,18.9,72.82,,,1,0,0,0,0,0.9,1.9,299.10257,0.00022735595,0.0
1964-08-15 00:00:00+00:00,52.3,104.2833333,,,0,0,0,1,0,2.5,-1.77,283.90253,3.930441e-05,427.25
1964-08-15 00:00:00+00:00,47.54260867,7.58371693,,,0,0,1,0,0,2.5,-1.77,290.43692,1.0929091e-05,304.73438
1964-08-15 00:00:00+00:00,23.27,5.6,,,0,1,0,0,0,2.5,-1.77,296.84082,1.243701e-05,2246.375
1964-08-15 00:00:00+00:00,69.1,-105.1166667,,,0,0,0,0,1,2.5,-1.77,276.4126,0.0,0.0
1964-08-15 00:00:00+00:00,0.38,6.72,,,1,0,0,0,0,2.5,-1.77,295.26093,3.1701093e-06,0.0
1964-08-15 00:00:00+00:00,-22.66416667,-48.06,,,0,0,1,0,0,2.5,-1.77,292.77637,0.0,490.46875
1964-08-15 00:00:00+00:00,-67.57,-68.13,,,0,0,0,0,1,2.5,-1.77,,,11.128906
1964-08-15 00:00:00+00:00,49.67,-93.72,,,0,0,0,1,0,2.5,-1.77,291.50308,2.2895902e-05,427.09375
1964-08-15 00:00:00+00:00,29.7,91.13333333,,,0,0,0,0,1,2.5,-1.77,288.18195,0.0,3735.25
1964-08-15 00:00:00+00:00,12.54194444,39.76972222,,,0,1,0,0,0,2.5,-1.77,291.75967,0.00013900215,1782.5
1964-08-15 00:00:00+00:00,18.9,72.82,,,1,0,0,0,0,2.5,-1.77,298.94684,0.0002973894,0.0
1964-09-15 00:00:00+00:00,52.3,104.2833333,,,0,0,0,1,0,2.1,0.2,285.70328,2.7937063e-05,427.25
1964-09-15 00:00:00+00:00,47.54260867,7.58371693,,,0,0,1,0,0,2.1,0.2,285.64438,2.8107423e-05,304.73438
1964-09-15 00:00:00+00:00,23.27,5.6,,,0,1,0,0,0,2.1,0.2,296.2929,0.0,2246.375
1964-09-15 00:00:00+00:00,69.1,-105.1166667,,,0,0,0,0,1,2.1,0.2,266.5456,0.0,0.0
1964-09-15 00:00:00+00:00,0.38,6.72,,,1,0,0,0,0,2.1,0.2,296.1244,1.0367683e-06,0.0
1964-09-15 00:00:00+00:00,-22.66416667,-48.06,,,0,0,1,0,0,2.1,0.2,293.1175,0.0,490.46875
1964-09-15 00:00:00+00:00,-67.57,-68.13,,,0,0,0,0,1,2.1,0.2,,,11.128906
1964-09-15 00:00:00+00:00,49.67,-93.72,,,0,0,0,1,0,2.1,0.2,289.59122,6.0495473e-05,427.09375
1964-09-15 00:00:00+00:00,29.7,91.13333333,,,0,0,0,0,1,2.1,0.2,287.8906,8.678693e-05,3735.25
1964-09-15 00:00:00+00:00,12.54194444,39.76972222,,,0,1,0,0,0,2.1,0.2,291.48825,0.00010782815,1782.5
1964-09-15 00:00:00+00:00,18.9,72.82,,,1,0,0,0,0,2.1,0.2,300.43488,3.22753e-05,0.0
1964-10-15 00:00:00+00:00,52.3,104.2833333,,,0,0,0,1,0,2.2,0.74,271.90738,1.0492553e-05,427.25
1964-10-15 00:00:00+00:00,47.54260867,7.58371693,,,0,0,1,0,0,2.2,0.74,287.30658,3.0265433e-05,304.73438
1964-10-15 00:00:00+00:00,23.27,5.6,,,0,1,0,0,0,2.2,0.74,294.23007,0.0,2246.375
1964-10-15 00:00:00+00:00,69.1,-105.1166667,,,0,0,0,0,1,2.2,0.74,249.38191,0.0,0.0
1964-10-15 00:00:00+00:00,0.38,6.72,,,1,0,0,0,0,2.2,0.74,295.88596,2.3032495e-05,0.0
1964-10-15 00:00:00+00:00,-22.66416667,-48.06,,,0,0,1,0,0,2.2,0.74,293.48083,0.0,490.46875
1964-10-15 00:00:00+00:00,-67.57,-68.13,,,0,0,0,0,1,2.2,0.74,,,11.128906
1964-10-15 00:00:00+00:00,49.67,-93.72,,,0,0,0,1,0,2.2,0.74,272.96436,2.2062226e-05,427.09375
1964-10-15 00:00:00+00:00,29.7,91.13333333,,,0,0,0,0,1,2.2,0.74,282.14297,0.0,3735.25
1964-10-15 00:00:00+00:00,12.54194444,39.76972222,,,0,1,0,0,0,2.2,0.74,291.38333,0.0,1782.5
1964-10-15 00:00:00+00:00,18.9,72.82,,,1,0,0,0,0,2.2,0.74,301.6956,0.0,0.0
1964-11-15 00:00:00+00:00,52.3,104.2833333,,,0,0,0,1,0,0.3,-0.01,273.29745,5.8184073e-06,427.25
1964-11-15 00:00:00+00:00,47.54260867,7.58371693,,,0,0,1,0,0,0.3,-0.01,283.2387,0.0001798043,304.73438
1964-11-15 00:00:00+00:00,23.27,5.6,,,0,1,0,0,0,0.3,-0.01,286.92905,0.0,2246.375
1964-11-15 00:00:00+00:00,69.1,-105.1166667,,,0,0,0,0,1,0.3,-0.01,235.20078,0.0,0.0
1964-11-15 00:00:00+00:00,0.38,6.72,,,1,0,0,0,0,0.3,-0.01,295.64258,0.00019992217,0.0
1964-11-15 00:00:00+00:00,-22.66416667,-48.06,,,0,0,1,0,0,0.3,-0.01,294.34167,7.0598517e-06,490.46875
1964-11-15 00:00:00+00:00,-67.57,-68.13,,,0,0,0,0,1,0.3,-0.01,,,11.128906
1964-11-15 00:00:00+00:00,49.67,-93.72,,,0,0,0,1,0,0.3,-0.01,261.09296,0.0,427.09375
1964-11-15 00:00:00+00:00,29.7,91.13333333,,,0,0,0,0,1,0.3,-0.01,277.17523,0.0,3735.25
1964-11-15 00:00:00+00:00,12.54194444,39.76972222,,,0,1,0,0,0,0.3,-0.01,290.5062,0.0,1782.5
1964-11-15 00:00:00+00:00,18.9,72.82,,,1,0,0,0,0,0.3,-0.01,298.52325,0.0,0.0
1964-12-15 00:00:00+00:00,52.3,104.2833333,,,0,0,0,1,0,-0.5,-0.15,266.7971,0.0,427.25
1964-12-15 00:00:00+00:00,47.54260867,7.58371693,,,0,0,1,0,0,-0.5,-0.15,280.38376,0.0001928765,304.73438
1964-12-15 00:00:00+00:00,23.27,5.6,,,0,1,0,0,0,-0.5,-0.15,282.68414,0.0,2246.375
1964-12-15 00:00:00+00:00,69.1,-105.1166667,,,0,0,0,0,1,-0.5,-0.15,244.89694,0.0,0.0
1964-12-15 00:00:00+00:00,0.38,6.72,,,1,0,0,0,0,-0.5,-0.15,296.30118,0.0002555595,0.0
1964-12-15 00:00:00+00:00,-22.66416667,-48.06,,,0,0,1,0,0,-0.5,-0.15,298.43826,0.0,490.46875
1964-12-15 00:00:00+00:00,-67.57,-68.13,,,0,0,0,0,1,-0.5,-0.15,,,11.128906
1964-12-15 00:00:00+00:00,49.67,-93.72,,,0,0,0,1,0,-0.5,-0.15,256.67093,0.0,427.09375
1964-12-15 00:00:00+00:00,29.7,91.13333333,,,0,0,0,0,1,-0.5,-0.15,273.86295,1.3976468e-06,3735.25
1964-12-15 00:00:00+00:00,12.54194444,39.76972222,,,0,1,0,0,0,-0.5,-0.15,291.5711,0.0,1782.5
1964-12-15 00:00:00+00:00,18.9,72.82,,,1,0,0,0,0,-0.5,-0.15,298.1821,0.0,0.0
1965-01-15 00:00:00+00:00,52.3,104.2833333,,,0,0,0,1,0,-0.7,-0.12,256.25378,0.0,427.25
1965-01-15 00:00:00+00:00,47.54260867,7.58371693,,,0,0,1,0,0,-0.7,-0.12,271.73944,0.00011694757,304.73438
1965-01-15 00:00:00+00:00,23.27,5.6,,,0,1,0,0,0,-0.7,-0.12,283.85153,0.0,2246.375
1965-01-15 00:00:00+00:00,69.1,-105.1166667,,,0,0,0,0,1,-0.7,-0.12,241.05733,0.0,0.0
1965-01-15 00:00:00+00:00,0.38,6.72,,,1,0,0,0,0,-0.7,-0.12,296.678,3.481505e-05,0.0
1965-01-15 00:00:00+00:00,-22.66416667,-48.06,,,0,0,1,0,0,-0.7,-0.12,295.02557,8.985574e-06,490.46875
1965-01-15 00:00:00+00:00,-67.57,-68.13,,,0,0,0,0,1,-0.7,-0.12,,,11.128906
1965-01-15 00:00:00+00:00,49.67,-93.72,,,0,0,0,1,0,-0.7,-0.12,262.8888,0.0,427.09375
1965-01-15 00:00:00+00:00,29.7,91.13333333,,,0,0,0,0,1,-0.7,-0.12,275.94653,0.0,3735.25
1965-01-15 00:00:00+00:00,12.54194444,39.76972222,,,0,1,0,0,0,-0.7,-0.12,289.1586,0.0,1782.5
1965-01-15 00:00:00+00:00,18.9,72.82,,,1,0,0,0,0,-0.7,-0.12,296.0473,0.0,0.0
1965-02-15 00:00:00+00:00,52.3,104.2833333,,,0,0,0,1,0,0.7,-1.55,262.27405,0.0,427.25
1965-02-15 00:00:00+00:00,47.54260867,7.58371693,,,0,0,1,0,0,0.7,-1.55,273.2591,1.3657004e-05,304.73438
1965-02-15 00:00:00+00:00,23.27,5.6,,,0,1,0,0,0,0.7,-1.55,285.392,0.0,2246.375
1965-02-15 00:00:00+00:00,69.1,-105.1166667,,,0,0,0,0,1,0.7,-1.55,237.44527,0.0,0.0
1965-02-15 00:00:00+00:00,0.38,6.72,,,1,0,0,0,0,0.7,-1.55,298.369,1.44371925e-05,0.0
1965-02-15 00:00:00+00:00,-22.66416667,-48.06,,,0,0,1,0,0,0.7,-1.55,296.26343,0.00015193249,490.46875
1965-02-15 00:00:00+00:00,-67.57,-68.13,,,0,0,0,0,1,0.7,-1.55,,,11.128906
1965-02-15 00:00:00+00:00,49.67,-93.72,,,0,0,0,1,0,0.7,-1.55,264.7001,3.128418e-05,427.09375
1965-02-15 00:00:00+00:00,29.7,91.13333333,,,0,0,0,0,1,0.7,-1.55,276.01047,0.0,3735.25
1965-02-15 00:00:00+00:00,12.54194444,39.76972222,,,0,1,0,0,0,0.7,-1.55,289.88235,0.0,1782.5
1965-02-15 00:00:00+00:00,18.9,72.82,,,1,0,0,0,0,0.7,-1.55,299.15027,0.0,0.0
1965-03-15 00:00:00+00:00,52.3,104.2833333,,,0,0,0,1,0,1.2,-1.51,255.88922,0.0,427.25
1965-03-15 00:00:00+00:00,47.54260867,7.58371693,,,0,0,1,0,0,1.2,-1.51,279.04776,5.892982e-05,304.73438
1965-03-15 00:00:00+00:00,23.27,5.6,,,0,1,0,0,0,1.2,-1.51,287.46902,0.0,2246.375
1965-03-15 00:00:00+00:00,69.1,-105.1166667,,,0,0,0,0,1,1.2,-1.51,239.4425,0.0,0.0
1965-03-15 00:00:00+00:00,0.38,6.72,,,1,0,0,0,0,1.2,-1.51,298.48315,4.642576e-05,0.0
1965-03-15 00:00:00+00:00,-22.66416667,-48.06,,,0,0,1,0,0,1.2,-1.51,297.79324,0.0,490.46875
1965-03-15 00:00:00+00:00,-67.57,-68.13,,,0,0,0,0,1,1.2,-1.51,,,11.128906
1965-03-15 00:00:00+00:00,49.67,-93.72,,,0,0,0,1,0,1.2,-1.51,260.8654,0.0,427.09375
1965-03-15 00:00:00+00:00,29.7,91.13333333,,,0,0,0,0,1,1.2,-1.51,280.27432,0.0,3735.25
1965-03-15 00:00:00+00:00,12.54194444,39.76972222,,,0,1,0,0,0,1.2,-1.51,293.33777,0.0,1782.5
1965-03-15 00:00:00+00:00,18.9,72.82,,,1,0,0,0,0,1.2,-1.51,299.83585,0.0,0.0
1965-04-15 00:00:00+00:00,52.3,104.2833333,,,0,0,0,1,0,-0.9,0.72,269.1154,0.0,427.25
1965-04-15 00:00:00+00:00,47.54260867,7.58371693,,,0,0,1,0,0,-0.9,0.72,274.5847,0.0,304.73438
1965-04-15 00:00:00+00:00,23.27,5.6,,,0,1,0,0,0,-0.9,0.72,290.25406,8.096312e-05,2246.375
1965-04-15 00:00:00+00:00,69.1,-105.1166667,,,0,0,0,0,1,-0.9,0.72,247.34885,0.0,0.0
1965-04-15 00:00:00+00:00,0.38,6.72,,,1,0,0,0,0,-0.9,0.72,299.10385,1.3072382e-05,0.0
1965-04-15 00:00:00+00:00,-22.66416667,-48.06,,,0,0,1,0,0,-0.9,0.72,295.9043,0.0,490.46875
1965-04-15 00:00:00+00:00,-67.57,-68.13,,,0,0,0,0,1,-0.9,0.72,,,11.128906
1965-04-15 00:00:00+00:00,49.67,-93.72,,,0,0,0,1,0,-0.9,0.72,274.8969,0.0,427.09375
1965-04-15 00:00:00+00:00,29.7,91.13333333,,,0,0,0,0,1,-0.9,0.72,286.4406,0.0,3735.25
1965-04-15 00:00:00+00:00,12.54194444,39.76972222,,,0,1,0,0,0,-0.9,0.72,294.5112,0.0,1782.5
1965-04-15 00:00:00+00:00,18.9,72.82,,,1,0,0,0,0,-0.9,0.72,300.37372,0.0,0.0
1965-05-15 00:00:00+00:00,52.3,104.2833333,,,0,0,0,1,0,0.3,-0.62,283.61008,6.9716625e-05,427.25
1965-05-15 00:00:00+00:00,47.54260867,7.58371693,,,0,0,1,0,0,0.3,-0.62,289.99783,1.0280874e-05,304.73438
1965-05-15 00:00:00+00:00,23.27,5.6,,,0,1,0,0,0,0.3,-0.62,298.05856,0.0,2246.375
1965-05-15 00:00:00+00:00,69.1,-105.1166667,,,0,0,0,0,1,0.3,-0.62,265.48413,5.757492e-06,0.0
1965-05-15 00:00:00+00:00,0.38,6.72,,,1,0,0,0,0,0.3,-0.62,295.92584,6.0818587e-05,0.0
1965-05-15 00:00:00+00:00,-22.66416667,-48.06,,,0,0,1,0,0,0.3,-0.62,289.5207,0.0,490.46875
1965-05-15 00:00:00+00:00,-67.57,-68.13,,,0,0,0,0,1,0.3,-0.62,,,11.128906
1965-05-15 00:00:00+00:00,49.67,-93.72,,,0,0,0,1,0,0.3,-0.62,283.3164,9.8457795e-06,427.09375
1965-05-15 00:00:00+00:00,29.7,91.13333333,,,0,0,0,0,1,0.3,-0.62,286.59634,0.0,3735.25
1965-05-15 00:00:00+00:00,12.54194444,39.76972222,,,0,1,0,0,0,0.3,-0.62,292.12964,0.0,1782.5
1965-05-15 00:00:00+00:00,18.9,72.82,,,1,0,0,0,0,0.3,-0.62,302.7115,0.0,0.0
1965-06-15 00:00:00+00:00,52.3,104.2833333,,,0,0,0,1,0,-0.9,0.29,286.01694,2.9686493e-05,427.25
1965-06-15 00:00:00+00:00,47.54260867,7.58371693,,,0,0,1,0,0,-0.9,0.29,282.97766,0.00012434587,304.73438
1965-06-15 00:00:00+00:00,23.27,5.6,,,0,1,0,0,0,-0.9,0.29,299.73453,0.0,2246.375
1965-06-15 00:00:00+00:00,69.1,-105.1166667,,,0,0,0,0,1,-0.9,0.29,269.8512,0.0,0.0
1965-06-15 00:00:00+00:00,0.38,6.72,,,1,0,0,0,0,-0.9,0.29,296.1341,1.1951473e-06,0.0
1965-06-15 00:00:00+00:00,-22.66416667,-48.06,,,0,0,1,0,0,-0.9,0.29,290.8621,0.0,490.46875
1965-06-15 00:00:00+00:00,-67.57,-68.13,,,0,0,0,0,1,-0.9,0.29,,,11.128906
1965-06-15 00:00:00+00:00,49.67,-93.72,,,0,0,0,1,0,-0.9,0.29,284.55725,0.0,427.09375
1965-06-15 00:00:00+00:00,29.7,91.13333333,,,0,0,0,0,1,-0.9,0.29,290.60013,0.0,3735.25
1965-06-15 00:00:00+00:00,12.54194444,39.76972222,,,0,1,0,0,0,-0.9,0.29,295.67496,0.0,1782.5
1965-06-15 00:00:00+00:00,18.9,72.82,,,1,0,0,0,0,-0.9,0.29,300.57294,0.00013316795,0.0
1965-07-15 00:00:00+00:00,52.3,104.2833333,,,0,0,0,1,0,-3.0,0.32,294.69504,0.0,427.25
1965-07-15 00:00:00+00:00,47.54260867,7.58371693,,,0,0,1,0,0,-3.0,0.32,287.39255,0.0,304.73438
1965-07-15 00:00:00+00:00,23.27,5.6,,,0,1,0,0,0,-3.0,0.32,299.23843,1.0479136e-05,2246.375
1965-07-15 00:00:00+00:00,69.1,-105.1166667,,,0,0,0,0,1,-3.0,0.32,280.34995,0.0,0.0
1965-07-15 00:00:00+00:00,0.38,6.72,,,1,0,0,0,0,-3.0,0.32,294.88065,0.0,0.0
1965-07-15 00:00:00+00:00,-22.66416667,-48.06,,,0,0,1,0,0,-3.0,0.32,291.3738,0.0,490.46875
1965-07-15 00:00:00+00:00,-67.57,-68.13,,,0,0,0,0,1,-3.0,0.32,,,11.128906
1965-07-15 00:00:00+00:00,49.67,-93.72,,,0,0,0,1,0,-3.0,0.32,293.3045,0.0,427.09375
1965-07-15 00:00:00+00:00,29.7,91.13333333,,,0,0,0,0,1,-3.0,0.32,291.5967,4.1010728e-05,3735.25
1965-07-15 00:00:00+00:00,12.54194444,39.76972222,,,0,1,0,0,0,-3.0,0.32,292.08548,0.00033700452,1782.5
1965-07-15 00:00:00+00:00,18.9,72.82,,,1,0,0,0,0,-3.0,0.32,300.45105,4.497827e-05,0.0
1965-08-15 00:00:00+00:00,52.3,104.2833333,,,0,0,0,1,0,-1.1,0.45,286.62262,0.0,427.25
1965-08-15 00:00:00+00:00,47.54260867,7.58371693,,,0,0,1,0,0,-1.1,0.45,289.51404,8.4936524e-05,304.73438
1965-08-15 00:00:00+00:00,23.27,5.6,,,0,1,0,0,0,-1.1,0.45,299.4762,0.0,2246.375
1965-08-15 00:00:00+00:00,69.1,-105.1166667,,,0,0,0,0,1,-1.1,0.45,280.5568,1.6841079e-05,0.0
1965-08-15 00:00:00+00:00,0.38,6.72,,,1,0,0,0,0,-1.1,0.45,295.2952,6.123326e-06,0.0
1965-08-15 00:00:00+00:00,-22.66416667,-48.06,,,0,0,1,0,0,-1.1,0.45,292.49725,7.024586e-06,490.46875
1965-08-15 00:00:00+00:00,-67.57,-68.13,,,0,0,0,0,1,-1.1,0.45,,,11.128906
1965-08-15 00:00:00+00:00,49.67,-93.72,,,0,0,0,1,0,-1.1,0.45,290.46826,0.0,427.09375
1965-08-15 00:00:00+00:00,29.7,91.13333333,,,0,0,0,0,1,-1.1,0.45,290.77533,0.0,3735.25
1965-08-15 00:00:00+00:00,12.54194444,39.76972222,,,0,1,0,0,0,-1.1,0.45,292.31876,0.0,1782.5
1965-08-15 00:00:00+00:00,18.9,72.82,,,1,0,0,0,0,-1.1,0.45,299.30957,0.00027464778,0.0
1965-09-15 00:00:00+00:00,52.3,104.2833333,,,0,0,0,1,0,-2.2,0.37,278.93335,0.0,427.25
1965-09-15 00:00:00+00:00,47.54260867,7.58371693,,,0,0,1,0,0,-2.2,0.37,290.7581,0.00013180701,304.73438
1965-09-15 00:00:00+00:00,23.27,5.6,,,0,1,0,0,0,-2.2,0.37,297.89612,0.0,2246.375
1965-09-15 00:00:00+00:00,69.1,-105.1166667,,,0,0,0,0,1,-2.2,0.37,274.89917,0.0,0.0
1965-09-15 00:00:00+00:00,0.38,6.72,,,1,0,0,0,0,-2.2,0.37,296.3685,7.6428205e-06,0.0
1965-09-15 00:00:00+00:00,-22.66416667,-48.06,,,0,0,1,0,0,-2.2,0.37,293.93704,0.0,490.46875
1965-09-15 00:00:00+00:00,-67.57,-68.13,,,0,0,0,0,1,-2.2,0.37,,,11.128906
1965-09-15 00:00:00+00:00,49.67,-93.72,,,0,0,0,1,0,-2.2,0.37,285.01285,0.0,427.09375
1965-09-15 00:00:00+00:00,29.7,91.13333333,,,0,0,0,0,1,-2.2,0.37,288.13028,7.6946155e-05,3735.25
1965-09-15 00:00:00+00:00,12.54194444,39.76972222,,,0,1,0,0,0,-2.2,0.37,291.46365,4.566244e-05,1782.5
1965-09-15 00:00:00+00:00,18.9,72.82,,,1,0,0,0,0,-2.2,0.37,299.22507,0.00016790393,0.0
1965-10-15 00:00:00+00:00,52.3,104.2833333,,,0,0,0,1,0,-1.5,0.38,271.43347,0.0,427.25
1965-10-15 00:00:00+00:00,47.54260867,7.58371693,,,0,0,1,0,0,-1.5,0.38,283.51962,0.0,304.73438
1965-10-15 00:00:00+00:00,23.27,5.6,,,0,1,0,0,0,-1.5,0.38,295.21518,0.0,2246.375
1965-10-15 00:00:00+00:00,69.1,-105.1166667,,,0,0,0,0,1,-1.5,0.38,252.60733,0.0,0.0
1965-10-15 00:00:00+00:00,0.38,6.72,,,1,0,0,0,0,-1.5,0.38,296.68298,0.000106254374,0.0
1965-10-15 00:00:00+00:00,-22.66416667,-48.06,,,0,0,1,0,0,-1.5,0.38,298.98785,0.0,490.46875
1965-10-15 00:00:00+00:00,-67.57,-68.13,,,0,0,0,0,1,-1.5,0.38,,,11.128906
1965-10-15 00:00:00+00:00,49.67,-93.72,,,0,0,0,1,0,-1.5,0.38,280.18002,0.0,427.09375
1965-10-15 00:00:00+00:00,29.7,91.13333333,,,0,0,0,0,1,-1.5,0.38,282.8074,0.0,3735.25
1965-10-15 00:00:00+00:00,12.54194444,39.76972222,,,0,1,0,0,0,-1.5,0.38,293.13773,0.0,1782.5
1965-10-15 00:00:00+00:00,18.9,72.82,,,1,0,0,0,0,-1.5,0.38,302.55423,0.0,0.0
1965-11-15 00:00:00+00:00,52.3,104.2833333,,,0,0,0,1,0,-2.4,-1.66,269.3508,7.4765056e-05,427.25
1965-11-15 00:00:00+00:00,47.54260867,7.58371693,,,0,0,1,0,0,-2.4,-1.66,276.20898,0.0,304.73438
1965-11-15 00:00:00+00:00,23.27,5.6,,,0,1,0,0,0,-2.4,-1.66,284.7846,0.0,2246.375
1965-11-15 00:00:00+00:00,69.1,-105.1166667,,,0,0,0,0,1,-2.4,-1.66,250.28607,0.0,0.0
1965-11-15 00:00:00+00:00,0.38,6.72,,,1,0,0,0,0,-2.4,-1.66,296.66016,0.00010476258,0.0
1965-11-15 00:00:00+00:00,-22.66416667,-48.06,,,0,0,1,0,0,-2.4,-1.66,297.7334,0.0,490.46875
1965-11-15 00:00:00+00:00,-67.57,-68.13,,,0,0,0,0,1,-2.4,-1.66,,,11.128906
1965-11-15 00:00:00+00:00,49.67,-93.72,,,0,0,0,1,0,-2.4,-1.66,270.0911,0.0,427.09375
1965-11-15 00:00:00+00:00,29.7,91.13333333,,,0,0,0,0,1,-2.4,-1.66,277.46652,0.0,3735.25
1965-11-15 00:00:00+00:00,12.54194444,39.76972222,,,0,1,0,0,0,-2.4,-1.66,289.41235,0.0,1782.5
1965-11-15 00:00:00+00:00,18.9,72.82,,,1,0,0,0,0,-2.4,-1.66,299.01212,0.0,0.0
1965-12-15 00:00:00+00:00,52.3,104.2833333,,,0,0,0,1,0,0.3,1.37,260.86838,1.4095472e-05,427.25
1965-12-15 00:00:00+00:00,47.54260867,7.58371693,,,0,0,1,0,0,0.3,1.37,274.21646,3.8607835e-05,304.73438
1965-12-15 00:00:00+00:00,23.27,5.6,,,0,1,0,0,0,0.3,1.37,280.74326,0.0,2246.375
1965-12-15 00:00:00+00:00,69.1,-105.1166667,,,0,0,0,0,1,0.3,1.37,237.36064,0.0,0.0
1965-12-15 00:00:00+00:00,0.38,6.72,,,1,0,0,0,0,0.3,1.37,296.9341,0.00012917514,0.0
1965-12-15 00:00:00+00:00,-22.66416667,-48.06,,,0,0,1,0,0,0.3,1.37,296.623,0.00010728823,490.46875
1965-12-15 00:00:00+00:00,-67.57,-68.13,,,0,0,0,0,1,0.3,1.37,,,11.128906
1965-12-15 00:00:00+00:00,49.67,-93.72,,,0,0,0,1,0,0.3,1.37,266.39246,4.907281e-05,427.09375
1965-12-15 00:00:00+00:00,29.7,91.13333333,,,0,0,0,0,1,0.3,1.37,275.7741,0.0,3735.25
1965-12-15 00:00:00+00:00,12.54194444,39.76972222,,,0,1,0,0,0,0.3,1.37,290.31378,0.0,1782.5
1965-12-15 00:00:00+00:00,18.9,72.82,,,1,0,0,0,0,0.3,1.37,296.37762,0.0,0.0
1966-01-15 00:00:00+00:00,52.3,104.2833333,,,0,0,0,1,0,-2.2,-1.74,260.98322,0.0,427.25
1966-01-15 00:00:00+00:00,47.54260867,7.58371693,,,0,0,1,0,0,-2.2,-1.74,269.97916,0.0,304.73438
1966-01-15 00:00:00+00:00,23.27,5.6,,,0,1,0,0,0,-2.2,-1.74,279.30344,0.0,2246.375
1966-01-15 00:00:00+00:00,69.1,-105.1166667,,,0,0,0,0,1,-2.2,-1.74,238.49571,0.0,0.0
1966-01-15 00:00:00+00:00,0.38,6.72,,,1,0,0,0,0,-2.2,-1.74,299.27515,3.3720815e-05,0.0
1966-01-15 00:00:00+00:00,-22.66416667,-48.06,,,0,0,1,0,0,-2.2,-1.74,298.56885,7.807049e-05,490.46875
1966-01-15 00:00:00+00:00,-67.57,-68.13,,,0,0,0,0,1,-2.2,-1.74,,,11.128906
1966-01-15 00:00:00+00:00,49.67,-93.72,,,0,0,0,1,0,-2.2,-1.74,247.8547,0.0,427.09375
1966-01-15 00:00:00+00:00,29.7,91.13333333,,,0,0,0,0,1,-2.2,-1.74,273.2077,0.0,3735.25
1966-01-15 00:00:00+00:00,12.54194444,39.76972222,,,0,1,0,0,0,-2.2,-1.74,292.78653,0.0,1782.5
1966-01-15 00:00:00+00:00,18.9,72.82,,,1,0,0,0,0,-2.2,-1.74,297.15643,0.0,0.0
1966-02-15 00:00:00+00:00,52.3,104.2833333,,,0,0,0,1,0,-0.4,-1.39,260.91583,0.0,427.25
1966-02-15 00:00:00+00:00,47.54260867,7.58371693,,,0,0,1,0,0,-0.4,-1.39,271.4749,0.0,304.73438
1966-02-15 00:00:00+00:00,23.27,5.6,,,0,1,0,0,0,-0.4,-1.39,282.9191,0.0,2246.375
1966-02-15 00:00:00+00:00,69.1,-105.1166667,,,0,0,0,0,1,-0.4,-1.39,231.00938,0.0,0.0
1966-02-15 00:00:00+00:00,0.38,6.72,,,1,0,0,0,0,-0.4,-1.39,298.2818,9.716599e-05,0.0
1966-02-15 00:00:00+00:00,-22.66416667,-48.06,,,0,0,1,0,0,-0.4,-1.39,296.9006,0.00021057151,490.46875
1966-02-15 00:00:00+00:00,-67.57,-68.13,,,0,0,0,0,1,-0.4,-1.39,,,11.128906
1966-02-15 00:00:00+00:00,49.67,-93.72,,,0,0,0,1,0,-0.4,-1.39,273.30273,0.0,427.09375
1966-02-15 00:00:00+00:00,29.7,91.13333333,,,0,0,0,0,1,-0.4,-1.39,272.09238,0.0,3735.25
1966-02-15 00:00:00+00:00,12.54194444,39.76972222,,,0,1,0,0,0,-0.4,-1.39,288.7787,0.0,1782.5
1966-02-15 00:00:00+00:00,18.9,72.82,,,1,0,0,0,0,-0.4,-1.39,295.24527,0.0,0.0
1966-03-15 00:00:00+00:00,52.3,104.2833333,,,0,0,0,1,0,-1.5,0.56,266.61758,0.0,427.25
1966-03-15 00:00:00+00:00,47.54260867,7.58371693,,,0,0,1,0,0,-1.5,0.56,277.17618,0.0,304.73438
1966-03-15 00:00:00+00:00,23.27,5.6,,,0,1,0,0,0,-1.5,0.56,284.9543,0.0,2246.375
1966-03-15 00:00:00+00:00,69.1,-105.1166667,,,0,0,0,0,1,-1.5,0.56,236.52592,0.0,0.0
1966-03-15 00:00:00+00:00,0.38,6.72,,,1,0,0,0,0,-1.5,0.56,299.3287,2.5343994e-05,0.0
1966-03-15 00:00:00+00:00,-22.66416667,-48.06,,,0,0,1,0,0,-1.5,0.56,297.22015,2.6372161e-05,490.46875
1966-03-15 00:00:00+00:00,-67.57,-68.13,,,0,0,0,0,1,-1.5,0.56,,,11.128906
1966-03-15 00:00:00+00:00,49.67,-93.72,,,0,0,0,1,0,-1.5,0.56,269.6657,0.0,427.09375
1966-03-15 00:00:00+00:00,29.7,91.13333333,,,0,0,0,0,1,-1.5,0.56,276.80237,0.0,3735.25
1966-03-15 00:00:00+00:00,12.54194444,39.76972222,,,0,1,0,0,0,-1.5,0.56,291.257,0.0,1782.5
1966-03-15 00:00:00+00:00,18.9,72.82,,,1,0,0,0,0,-1.5,0.56,301.18878,0.0,0.0
1966-04-15 00:00:00+00:00,52.3,104.2833333,,,0,0,0,1,0,-0.3,-0.75,275.43396,7.442045e-06,427.25
1966-04-15 00:00:00+00:00,47.54260867,7.58371693,,,0,0,1,0,0,-0.3,-0.75,281.85052,0.0,304.73438
1966-04-15 00:00:00+00:00,23.27,5.6,,,0,1,0,0,0,-0.3,-0.75,292.51956,1.7708783e-06,2246.375
1966-04-15 00:00:00+00:00,69.1,-105.1166667,,,0,0,0,0,1,-0.3,-0.75,253.50761,3.1677588e-05,0.0
1966-04-15 00:00:00+00:00,0.38,6.72,,,1,0,0,0,0,-0.3,-0.75,298.3504,5.7887577e-05,0.0
1966-04-15 00:00:00+00:00,-22.66416667,-48.06,,,0,0,1,0,0,-0.3,-0.75,295.55075,4.8261594e-05,490.46875
1966-04-15 00:00:00+00:00,-67.57,-68.13,,,0,0,0,0,1,-0.3,-0.75,,,11.128906
1966-04-15 00:00:00+00:00,49.67,-93.72,,,0,0,0,1,0,-0.3,-0.75,276.53748,0.0,427.09375
1966-04-15 00:00:00+00:00,29.7,91.13333333,,,0,0,0,0,1,-0.3,-0.75,284.35126,0.0,3735.25
1966-04-15 00:00:00+00:00,12.54194444,39.76972222,,,0,1,0,0,0,-0.3,-0.75,292.06564,0.0,1782.5
1966-04-15 00:00:00+00:00,18.9,72.82,,,1,0,0,0,0,-0.3,-0.75,301.63177,0.0,0.0
1966-05-15 00:00:00+00:00,52.3,104.2833333,,,0,0,0,1,0,-0.7,0.22,281.22943,0.0,427.25
1966-05-15 00:00:00+00:00,47.54260867,7.58371693,,,0,0,1,0,0,-0.7,0.22,293.7293,0.0,304.73438
1966-05-15 00:00:00+00:00,23.27,5.6,,,0,1,0,0,0,-0.7,0.22,298.9622,0.0,2246.375
1966-05-15 00:00:00+00:00,69.1,-105.1166667,,,0,0,0,0,1,-0.7,0.22,262.9249,2.156606e-05,0.0
1966-05-15 00:00:00+00:00,0.38,6.72,,,1,0,0,0,0,-0.7,0.22,297.76086,7.5288967e-06,0.0
1966-05-15 00:00:00+00:00,-22.66416667,-48.06,,,0,0,1,0,0,-0.7,0.22,296.86197,0.0,490.46875
1966-05-15 00:00:00+00:00,-67.57,-68.13,,,0,0,0,0,1,-0.7,0.22,,,11.128906
1966-05-15 00:00:00+00:00,49.67,-93.72,,,0,0,0,1,0,-0.7,0.22,293.48975,0.00013345145,427.09375
1966-05-15 00:00:00+00:00,29.7,91.13333333,,,0,0,0,0,1,-0.7,0.22,289.12802,0.0,3735.25
1966-05-15 00:00:00+00:00,12.54194444,39.76972222,,,0,1,0,0,0,-0.7,0.22,296.80966,0.0,1782.5
1966-05-15 00:00:00+00:00,18.9,72.82,,,1,0,0,0,0,-0.7,0.22,303.1324,2.2252484e-06,0.0
1966-06-15 00:00:00+00:00,52.3,104.2833333,,,0,0,0,1,0,0.5,1.05,285.76227,0.0,427.25
1966-06-15 00:00:00+00:00,47.54260867,7.58371693,,,0,0,1,0,0,0.5,1.05,286.05762,0.0,304.73438
1966-06-15 00:00:00+00:00,23.27,5.6,,,0,1,0,0,0,0.5,1.05,300.42358,0.0,2246.375
1966-06-15 00:00:00+00:00,69.1,-105.1166667,,,0,0,0,0,1,0.5,1.05,281.16394,0.0,0.0
1966-06-15 00:00:00+00:00,0.38,6.72,,,1,0,0,0,0,0.5,1.05,296.05142,9.625229e-06,0.0
1966-06-15 00:00:00+00:00,-22.66416667,-48.06,,,0,0,1,0,0,0.5,1.05,290.47406,2.9943789e-05,490.46875
1966-06-15 00:00:00+00:00,-67.57,-68.13,,,0,0,0,0,1,0.5,1.05,,,11.128906
1966-06-15 00:00:00+00:00,49.67,-93.72,,,0,0,0,1,0,0.5,1.05,284.64993,0.0,427.09375
1966-06-15 00:00:00+00:00,29.7,91.13333333,,,0,0,0,0,1,0.5,1.05,292.77628,0.0,3735.25
1966-06-15 00:00:00+00:00,12.54194444,39.76972222,,,0,1,0,0,0,0.5,1.05,294.95538,0.0,1782.5
1966-06-15 00:00:00+00:00,18.9,72.82,,,1,0,0,0,0,0.5,1.05,301.4143,6.094525e-05,0.0
1966-07-15 00:00:00+00:00,52.3,104.2833333,,,0,0,0,1,0,0.1,0.32,294.76126,1.9048532e-05,427.25
1966-07-15 00:00:00+00:00,47.54260867,7.58371693,,,0,0,1,0,0,0.1,0.32,292.4405,0.0,304.73438
1966-07-15 00:00:00+00:00,23.27,5.6,,,0,1,0,0,0,0.1,0.32,301.48413,0.0,2246.375
1966-07-15 00:00:00+00:00,69.1,-105.1166667,,,0,0,0,0,1,0.1,0.32,284.03915,0.0,0.0
1966-07-15 00:00:00+00:00,0.38,6.72,,,1,0,0,0,0,0.1,0.32,296.6682,0.0,0.0
1966-07-15 00:00:00+00:00,-22.66416667,-48.06,,,0,0,1,0,0,0.1,0.32,284.96503,0.0,490.46875
1966-07-15 00:00:00+00:00,-67.57,-68.13,,,0,0,0,0,1,0.1,0.32,,,11.128906
1966-07-15 00:00:00+00:00,49.67,-93.72,,,0,0,0,1,0,0.1,0.32,293.1132,0.0,427.09375
1966-07-15 00:00:00+00:00,29.7,91.13333333,,,0,0,0,0,1,0.1,0.32,289.6235,5.3500284e-05,3735.25
1966-07-15 00:00:00+00:00,12.54194444,39.76972222,,,0,1,0,0,0,0.1,0.32,293.69803,0.0,1782.5
1966-07-15 00:00:00+00:00,18.9,72.82,,,1,0,0,0,0,0.1,0.32,300.09323,0.00030024338,0.0
1966-08-15 00:00:00+00:00,52.3,104.2833333,,,0,0,0,1,0,1.1,-1.76,285.30872,2.1555907e-05,427.25
1966-08-15 00:00:00+00:00,47.54260867,7.58371693,,,0,0,1,0,0,1.1,-1.76,292.8923,1.8309878e-05,304.73438
1966-08-15 00:00:00+00:00,23.27,5.6,,,0,1,0,0,0,1.1,-1.76,299.71533,0.0,2246.375
1966-08-15 00:00:00+00:00,69.1,-105.1166667,,,0,0,0,0,1,1.1,-1.76,278.99707,5.8132578e-06,0.0
1966-08-15 00:00:00+00:00,0.38,6.72,,,1,0,0,0,0,1.1,-1.76,294.4359,4.3561236e-06,0.0
1966-08-15 00:00:00+00:00,-22.66416667,-48.06,,,0,0,1,0,0,1.1,-1.76,292.87146,0.0,490.46875
1966-08-15 00:00:00+00:00,-67.57,-68.13,,,0,0,0,0,1,1.1,-1.76,,,11.128906
1966-08-15 00:00:00+00:00,49.67,-93.72,,,0,0,0,1,0,1.1,-1.76,290.5739,6.9279165e-05,427.09375
1966-08-15 00:00:00+00:00,29.7,91.13333333,,,0,0,0,0,1,1.1,-1.76,290.78278,4.0382252e-05,3735.25
1966-08-15 00:00:00+00:00,12.54194444,39.76972222,,,0,1,0,0,0,1.1,-1.76,291.59805,0.00012309678,1782.5
1966-08-15 00:00:00+00:00,18.9,72.82,,,1,0,0,0,0,1.1,-1.76,300.38736,5.9319198e-05,0.0
1966-09-15 00:00:00+00:00,52.3,104.2833333,,,0,0,0,1,0,-0.4,-0.45,289.8461,0.0,427.25
1966-09-15 00:00:00+00:00,47.54260867,7.58371693,,,0,0,1,0,0,-0.4,-0.45,286.41592,0.00013042703,304.73438
1966-09-15 00:00:00+00:00,23.27,5.6,,,0,1,0,0,0,-0.4,-0.45,298.5092,0.0,2246.375
1966-09-15 00:00:00+00:00,69.1,-105.1166667,,,0,0,0,0,1,-0.4,-0.45,270.72388,0.0,0.0
1966-09-15 00:00:00+00:00,0.38,6.72,,,1,0,0,0,0,-0.4,-0.45,296.45447,4.7894246e-06,0.0
1966-09-15 00:00:00+00:00,-22.66416667,-48.06,,,0,0,1,0,0,-0.4,-0.45,293.34158,9.9059915e-05,490.46875
1966-09-15 00:00:00+00:00,-67.57,-68.13,,,0,0,0,0,1,-0.4,-0.45,,,11.128906
1966-09-15 00:00:00+00:00,49.67,-93.72,,,0,0,0,1,0,-0.4,-0.45,281.58868,0.00032471016,427.09375
1966-09-15 00:00:00+00:00,29.7,91.13333333,,,0,0,0,0,1,-0.4,-0.45,288.72214,0.0,3735.25
1966-09-15 00:00:00+00:00,12.54194444,39.76972222,,,0,1,0,0,0,-0.4,-0.45,292.5904,0.0,1782.5
1966-09-15 00:00:00+00:00,18.9,72.82,,,1,0,0,0,0,-0.4,-0.45,299.531,0.00014298836,0.0
1966-10-15 00:00:00+00:00,52.3,104.2833333,,,0,0,0,1,0,-0.2,-0.68,277.5208,0.0,427.25
1966-10-15 00:00:00+00:00,47.54260867,7.58371693,,,0,0,1,0,0,-0.2,-0.68,279.67386,0.0,304.73438
1966-10-15 00:00:00+00:00,23.27,5.6,,,0,1,0,0,0,-0.2,-0.68,296.11218,0.0,2246.375
1966-10-15 00:00:00+00:00,69.1,-105.1166667,,,0,0,0,0,1,-0.2,-0.68,259.99155,0.0,0.0
1966-10-15 00:00:00+00:00,0.38,6.72,,,1,0,0,0,0,-0.2,-0.68,297.48416,0.0,0.0
1966-10-15 00:00:00+00:00,-22.66416667,-48.06,,,0,0,1,0,0,-0.2,-0.68,296.67517,0.0,490.46875
1966-10-15 00:00:00+00:00,-67.57,-68.13,,,0,0,0,0,1,-0.2,-0.68,,,11.128906
1966-10-15 00:00:00+00:00,49.67,-93.72,,,0,0,0,1,0,-0.2,-0.68,278.53308,3.0011463e-05,427.09375
1966-10-15 00:00:00+00:00,29.7,91.13333333,,,0,0,0,0,1,-0.2,-0.68,285.92566,0.0,3735.25
1966-10-15 00:00:00+00:00,12.54194444,39.76972222,,,0,1,0,0,0,-0.2,-0.68,292.855,0.0,1782.5
1966-10-15 00:00:00+00:00,18.9,72.82,,,1,0,0,0,0,-0.2,-0.68,301.18076,2.6829786e-05,0.0
1966-11-15 00:00:00+00:00,52.3,104.2833333,,,0,0,0,1,0,-0.0,-0.04,262.1511,0.0,427.25
1966-11-15 00:00:00+00:00,47.54260867,7.58371693,,,0,0,1,0,0,-0.0,-0.04,278.46497,0.0,304.73438
1966-11-15 00:00:00+00:00,23.27,5.6,,,0,1,0,0,0,-0.0,-0.04,288.41284,0.0,2246.375
1966-11-15 00:00:00+00:00,69.1,-105.1166667,,,0,0,0,0,1,-0.0,-0.04,240.85585,0.0,0.0
1966-11-15 00:00:00+00:00,0.38,6.72,,,1,0,0,0,0,-0.0,-0.04,296.16626,7.050941e-05,0.0
1966-11-15 00:00:00+00:00,-22.66416667,-48.06,,,0,0,1,0,0,-0.0,-0.04,298.14807,9.201936e-05,490.46875
1966-11-15 00:00:00+00:00,-67.57,-68.13,,,0,0,0,0,1,-0.0,-0.04,,,11.128906
1966-11-15 00:00:00+00:00,49.67,-93.72,,,0,0,0,1,0,-0.0,-0.04,265.60864,2.0321104e-05,427.09375
1966-11-15 00:00:00+00:00,29.7,91.13333333,,,0,0,0,0,1,-0.0,-0.04,277.77954,0.0,3735.25
1966-11-15 00:00:00+00:00,12.54194444,39.76972222,,,0,1,0,0,0,-0.0,-0.04,290.39865,0.0,1782.5
1966-11-15 00:00:00+00:00,18.9,72.82,,,1,0,0,0,0,-0.0,-0.04,298.7962,0.0,0.0
1966-12-15 00:00:00+00:00,52.3,104.2833333,,,0,0,0,1,0,-0.6,0.72,259.74738,6.2410622e-06,427.25
1966-12-15 00:00:00+00:00,47.54260867,7.58371693,,,0,0,1,0,0,-0.6,0.72,277.43842,0.0,304.73438
1966-12-15 00:00:00+00:00,23.27,5.6,,,0,1,0,0,0,-0.6,0.72,281.47012,0.0,2246.375
1966-12-15 00:00:00+00:00,69.1,-105.1166667,,,0,0,0,0,1,-0.6,0.72,240.60231,0.0,0.0
1966-12-15 00:00:00+00:00,0.38,6.72,,,1,0,0,0,0,-0.6,0.72,296.7435,5.9131457e-05,0.0
1966-12-15 00:00:00+00:00,-22.66416667,-48.06,,,0,0,1,0,0,-0.6,0.72,297.8626,9.0046284e-05,490.46875
1966-12-15 00:00:00+00:00,-67.57,-68.13,,,0,0,0,0,1,-0.6,0.72,,,11.128906
1966-12-15 00:00:00+00:00,49.67,-93.72,,,0,0,0,1,0,-0.6,0.72,255.25171,0.0,427.09375
1966-12-15 00:00:00+00:00,29.7,91.13333333,,,0,0,0,0,1,-0.6,0.72,276.18054,1.2434275e-05,3735.25
1966-12-15 00:00:00+00:00,12.54194444,39.76972222,,,0,1,0,0,0,-0.6,0.72,290.39432,0.0,1782.5
1966-12-15 00:00:00+00:00,18.9,72.82,,,1,0,0,0,0,-0.6,0.72,297.9674,0.0,0.0
1967-01-15 00:00:00+00:00,52.3,104.2833333,,,0,0,0,1,0,2.8,-0.89,263.51825,0.0,427.25
1967-01-15 00:00:00+00:00,47.54260867,7.58371693,,,0,0,1,0,0,2.8,-0.89,272.8466,0.0,304.73438
1967-01-15 00:00:00+00:00,23.27,5.6,,,0,1,0,0,0,2.8,-0.89,283.8904,0.0,2246.375
1967-01-15 00:00:00+00:00,69.1,-105.1166667,,,0,0,0,0,1,2.8,-0.89,235.05606,0.0,0.0
1967-01-15 00:00:00+00:00,0.38,6.72,,,1,0,0,0,0,2.8,-0.89,298.1015,1.1907552e-05,0.0
1967-01-15 00:00:00+00:00,-22.66416667,-48.06,,,0,0,1,0,0,2.8,-0.89,298.2427,0.00018210111,490.46875
1967-01-15 00:00:00+00:00,-67.57,-68.13,,,0,0,0,0,1,2.8,-0.89,,,11.128906
1967-01-15 00:00:00+00:00,49.67,-93.72,,,0,0,0,1,0,2.8,-0.89,261.54892,0.0,427.09375
1967-01-15 00:00:00+00:00,29.7,91.13333333,,,0,0,0,0,1,2.8,-0.89,269.7716,3.2435548e-06,3735.25
1967-01-15 00:00:00+00:00,12.54194444,39.76972222,,,0,1,0,0,0,2.8,-0.89,288.37943,0.0,1782.5
1967-01-15 00:00:00+00:00,18.9,72.82,,,1,0,0,0,0,2.8,-0.89,297.17105,0.0,0.0
1967-02-15 00:00:00+00:00,52.3,104.2833333,,,0,0,0,1,0,2.8,0.19,255.06474,0.0,427.25
1967-02-15 00:00:00+00:00,47.54260867,7.58371693,,,0,0,1,0,0,2.8,0.19,270.91446,7.80034e-06,304.73438
1967-02-15 00:00:00+00:00,23.27,5.6,,,0,1,0,0,0,2.8,0.19,284.1873,0.0,2246.375
1967-02-15 00:00:00+00:00,69.1,-105.1166667,,,0,0,0,0,1,2.8,0.19,234.32315,0.0,0.0
1967-02-15 00:00:00+00:00,0.38,6.72,,,1,0,0,0,0,2.8,0.19,298.23425,4.4736073e-05,0.0
1967-02-15 00:00:00+00:00,-22.66416667,-48.06,,,0,0,1,0,0,2.8,0.19,297.3747,4.1651732e-05,490.46875
1967-02-15 00:00:00+00:00,-67.57,-68.13,,,0,0,0,0,1,2.8,0.19,,,11.128906
1967-02-15 00:00:00+00:00,49.67,-93.72,,,0,0,0,1,0,2.8,0.19,266.98224,1.97218e-05,427.09375
1967-02-15 00:00:00+00:00,29.7,91.13333333,,,0,0,0,0,1,2.8,0.19,281.67578,0.0,3735.25
1967-02-15 00:00:00+00:00,12.54194444,39.76972222,,,0,1,0,0,0,2.8,0.19,289.10883,0.0,1782.5
1967-02-15 00:00:00+00:00,18.9,72.82,,,1,0,0,0,0,2.8,0.19,298.76202,0.0,0.0
1967-03-15 00:00:00+00:00,52.3,104.2833333,,,0,0,0,1,0,2.0,1.51,260.65848,0.0,427.25
1967-03-15 00:00:00+00:00,47.54260867,7.58371693,,,0,0,1,0,0,2.0,1.51,276.25388,6.86537e-05,304.73438
1967-03-15 00:00:00+00:00,23.27,5.6,,,0,1,0,0,0,2.0,1.51,290.27164,0.0,2246.375
1967-03-15 00:00:00+00:00,69.1,-105.1166667,,,0,0,0,0,1,2.0,1.51,235.38736,0.0,0.0
1967-03-15 00:00:00+00:00,0.38,6.72,,,1,0,0,0,0,2.0,1.51,298.4873,0.000113620285,0.0
1967-03-15 00:00:00+00:00,-22.66416667,-48.06,,,0,0,1,0,0,2.0,1.51,296.4704,1.235239e-05,490.46875
1967-03-15 00:00:00+00:00,-67.57,-68.13,,,0,0,0,0,1,2.0,1.51,,,11.128906
1967-03-15 00:00:00+00:00,49.67,-93.72,,,0,0,0,1,0,2.0,1.51,252.95679,2.273426e-05,427.09375
1967-03-15 00:00:00+00:00,29.7,91.13333333,,,0,0,0,0,1,2.0,1.51,277.47873,0.0,3735.25
1967-03-15 00:00:00+00:00,12.54194444,39.76972222,,,0,1,0,0,0,2.0,1.51,293.4407,0.0,1782.5
1967-03-15 00:00:00+00:00,18.9,72.82,,,1,0,0,0,0,2.0,1.51,300.1802,0.0,0.0
1967-04-15 00:00:00+00:00,52.3,104.2833333,,,0,0,0,1,0,-0.1,0.18,276.83405,0.0,427.25
1967-04-15 00:00:00+00:00,47.54260867,7.58371693,,,0,0,1,0,0,-0.1,0.18,284.63705,0.0,304.73438
1967-04-15 00:00:00+00:00,23.27,5.6,,,0,1,0,0,0,-0.1,0.18,293.21652,0.0,2246.375
1967-04-15 00:00:00+00:00,69.1,-105.1166667,,,0,0,0,0,1,-0.1,0.18,247.76776,0.0,0.0
1967-04-15 00:00:00+00:00,0.38,6.72,,,1,0,0,0,0,-0.1,0.18,298.02335,6.0223778e-05,0.0
1967-04-15 00:00:00+00:00,-22.66416667,-48.06,,,0,0,1,0,0,-0.1,0.18,297.8221,0.0,490.46875
1967-04-15 00:00:00+00:00,-67.57,-68.13,,,0,0,0,0,1,-0.1,0.18,,,11.128906
1967-04-15 00:00:00+00:00,49.67,-93.72,,,0,0,0,1,0,-0.1,0.18,264.76328,0.0,427.09375
1967-04-15 00:00:00+00:00,29.7,91.13333333,,,0,0,0,0,1,-0.1,0.18,284.3223,0.0,3735.25
1967-04-15 00:00:00+00:00,12.54194444,39.76972222,,,0,1,0,0,0,-0.1,0.18,292.543,0.0,1782.5
1967-04-15 00:00:00+00:00,18.9,72.82,,,1,0,0,0,0,-0.1,0.18,299.88098,0.0,0.0
1967-05-15 00:00:00+00:00,52.3,104.2833333,,,0,0,0,1,0,-0.0,-0.99,283.85233,0.0,427.25
1967-05-15 00:00:00+00:00,47.54260867,7.58371693,,,0,0,1,0,0,-0.0,-0.99,280.1334,0.00011381181,304.73438
1967-05-15 00:00:00+00:00,23.27,5.6,,,0,1,0,0,0,-0.0,-0.99,296.74445,0.0,2246.375
1967-05-15 00:00:00+00:00,69.1,-105.1166667,,,0,0,0,0,1,-0.0,-0.99,261.83026,0.0,0.0
1967-05-15 00:00:00+00:00,0.38,6.72,,,1,0,0,0,0,-0.0,-0.99,295.98138,0.00010305991,0.0
1967-05-15 00:00:00+00:00,-22.66416667,-48.06,,,0,0,1,0,0,-0.0,-0.99,295.5178,1.2567061e-05,490.46875
1967-05-15 00:00:00+00:00,-67.57,-68.13,,,0,0,0,0,1,-0.0,-0.99,,,11.128906
1967-05-15 00:00:00+00:00,49.67,-93.72,,,0,0,0,1,0,-0.0,-0.99,275.24295,0.0,427.09375
1967-05-15 00:00:00+00:00,29.7,91.13333333,,,0,0,0,0,1,-0.0,-0.99,283.53906,0.0,3735.25
1967-05-15 00:00:00+00:00,12.54194444,39.76972222,,,0,1,0,0,0,-0.0,-0.99,296.24014,0.0,1782.5
1967-05-15 00:00:00+00:00,18.9,72.82,,,1,0,0,0,0,-0.0,-0.99,303.55054,0.0,0.0
1967-06-15 00:00:00+00:00,52.3,104.2833333,,,0,0,0,1,0,1.1,1.4,285.15485,0.0,427.25
1967-06-15 00:00:00+00:00,47.54260867,7.58371693,,,0,0,1,0,0,1.1,1.4,285.09982,5.3474236e-05,304.73438
1967-06-15 00:00:00+00:00,23.27,5.6,,,0,1,0,0,0,1.1,1.4,299.65823,0.0,2246.375
1967-06-15 00:00:00+00:00,69.1,-105.1166667,,,0,0,0,0,1,1.1,1.4,274.49634,6.3477614e-06,0.0
1967-06-15 00:00:00+00:00,0.38,6.72,,,1,0,0,0,0,1.1,1.4,295.01355,3.0021095e-06,0.0
1967-06-15 00:00:00+00:00,-22.66416667,-48.06,,,0,0,1,0,0,1.1,1.4,288.87265,0.0,490.46875
1967-06-15 00:00:00+00:00,-67.57,-68.13,,,0,0,0,0,1,1.1,1.4,,,11.128906
1967-06-15 00:00:00+00:00,49.67,-93.72,,,0,0,0,1,0,1.1,1.4,291.04382,0.00010256436,427.09375
1967-06-15 00:00:00+00:00,29.7,91.13333333,,,0,0,0,0,1,1.1,1.4,293.01166,0.0,3735.25
1967-06-15 00:00:00+00:00,12.54194444,39.76972222,,,0,1,0,0,0,1.1,1.4,295.96658,0.0,1782.5
1967-06-15 00:00:00+00:00,18.9,72.82,,,1,0,0,0,0,1.1,1.4,300.57098,0.001596387,0.0
1967-07-15 00:00:00+00:00,52.3,104.2833333,,,0,0,0,1,0,0.3,0.41,290.302,0.00021662518,427.25
1967-07-15 00:00:00+00:00,47.54260867,7.58371693,,,0,0,1,0,0,0.3,0.41,296.94943,0.0,304.73438
1967-07-15 00:00:00+00:00,23.27,5.6,,,0,1,0,0,0,0.3,0.41,300.3421,0.0,2246.375
1967-07-15 00:00:00+00:00,69.1,-105.1166667,,,0,0,0,0,1,0.3,0.41,279.93365,0.0,0.0
1967-07-15 00:00:00+00:00,0.38,6.72,,,1,0,0,0,0,0.3,0.41,295.88208,0.0,0.0
1967-07-15 00:00:00+00:00,-22.66416667,-48.06,,,0,0,1,0,0,0.3,0.41,285.66592,0.0,490.46875
1967-07-15 00:00:00+00:00,-67.57,-68.13,,,0,0,0,0,1,0.3,0.41,,,11.128906
1967-07-15 00:00:00+00:00,49.67,-93.72,,,0,0,0,1,0,0.3,0.41,293.57632,0.0,427.09375
1967-07-15 00:00:00+00:00,29.7,91.13333333,,,0,0,0,0,1,0.3,0.41,289.7857,1.624307e-05,3735.25
1967-07-15 00:00:00+00:00,12.54194444,39.76972222,,,0,1,0,0,0,0.3,0.41,292.3508,0.0,1782.5
1967-07-15 00:00:00+00:00,18.9,72.82,,,1,0,0,0,0,0.3,0.41,299.7557,8.538824e-05,0.0
1967-08-15 00:00:00+00:00,52.3,104.2833333,,,0,0,0,1,0,1.2,1.44,294.31628,0.0,427.25
1967-08-15 00:00:00+00:00,47.54260867,7.58371693,,,0,0,1,0,0,1.2,1.44,292.43048,3.7869326e-05,304.73438
1967-08-15 00:00:00+00:00,23.27,5.6,,,0,1,0,0,0,1.2,1.44,297.28378,0.0,2246.375
1967-08-15 00:00:00+00:00,69.1,-105.1166667,,,0,0,0,0,1,1.2,1.44,283.27148,4.506843e-05,0.0
1967-08-15 00:00:00+00:00,0.38,6.72,,,1,0,0,0,0,1.2,1.44,295.2993,4.879504e-06,0.0
1967-08-15 00:00:00+00:00,-22.66416667,-48.06,,,0,0,1,0,0,1.2,1.44,291.44394,0.0,490.46875
1967-08-15 00:00:00+00:00,-67.57,-68.13,,,0,0,0,0,1,1.2,1.44,,,11.128906
1967-08-15 00:00:00+00:00,49.67,-93.72,,,0,0,0,1,0,1.2,1.44,286.4298,0.0,427.09375
1967-08-15 00:00:00+00:00,29.7,91.13333333,,,0,0,0,0,1,1.2,1.44,290.2647,6.226504e-05,3735.25
1967-08-15 00:00:00+00:00,12.54194444,39.76972222,,,0,1,0,0,0,1.2,1.44,291.61737,0.0,1782.5
1967-08-15 00:00:00+00:00,18.9,72.82,,,1,0,0,0,0,1.2,1.44,300.02762,5.220068e-05,0.0
1967-09-15 00:00:00+00:00,52.3,104.2833333,,,0,0,0,1,0,0.8,0.93,276.18478,2.955857e-05,427.25
1967-09-15 00:00:00+00:00,47.54260867,7.58371693,,,0,0,1,0,0,0.8,0.93,285.12616,4.324859e-05,304.73438
1967-09-15 00:00:00+00:00,23.27,5.6,,,0,1,0,0,0,0.8,0.93,298.62637,0.0,2246.375
1967-09-15 00:00:00+00:00,69.1,-105.1166667,,,0,0,0,0,1,0.8,0.93,275.20047,0.0,0.0
1967-09-15 00:00:00+00:00,0.38,6.72,,,1,0,0,0,0,0.8,0.93,296.05875,3.423276e-05,0.0
1967-09-15 00:00:00+00:00,-22.66416667,-48.06,,,0,0,1,0,0,0.8,0.93,292.79565,2.7793146e-06,490.46875
1967-09-15 00:00:00+00:00,-67.57,-68.13,,,0,0,0,0,1,0.8,0.93,,,11.128906
1967-09-15 00:00:00+00:00,49.67,-93.72,,,0,0,0,1,0,0.8,0.93,287.24484,0.0,427.09375
1967-09-15 00:00:00+00:00,29.7,91.13333333,,,0,0,0,0,1,0.8,0.93,291.82877,0.0,3735.25
1967-09-15 00:00:00+00:00,12.54194444,39.76972222,,,0,1,0,0,0,0.8,0.93,293.96017,0.0,1782.5
1967-09-15 00:00:00+00:00,18.9,72.82,,,1,0,0,0,0,0.8,0.93,299.31003,0.00010524421,0.0
1967-10-15 00:00:00+00:00,52.3,104.2833333,,,0,0,0,1,0,0.1,0.07,272.86282,0.0,427.25
1967-10-15 00:00:00+00:00,47.54260867,7.58371693,,,0,0,1,0,0,0.1,0.07,282.97272,0.0,304.73438
1967-10-15 00:00:00+00:00,23.27,5.6,,,0,1,0,0,0,0.1,0.07,291.34848,0.0,2246.375
1967-10-15 00:00:00+00:00,69.1,-105.1166667,,,0,0,0,0,1,0.1,0.07,259.8457,0.0,0.0
1967-10-15 00:00:00+00:00,0.38,6.72,,,1,0,0,0,0,0.1,0.07,296.702,2.534746e-06,0.0
1967-10-15 00:00:00+00:00,-22.66416667,-48.06,,,0,0,1,0,0,0.1,0.07,291.99548,0.0,490.46875
1967-10-15 00:00:00+00:00,-67.57,-68.13,,,0,0,0,0,1,0.1,0.07,,,11.128906
1967-10-15 00:00:00+00:00,49.67,-93.72,,,0,0,0,1,0,0.1,0.07,273.9015,0.0,427.09375
1967-10-15 00:00:00+00:00,29.7,91.13333333,,,0,0,0,0,1,0.1,0.07,287.67538,6.3046987e-06,3735.25
1967-10-15 00:00:00+00:00,12.54194444,39.76972222,,,0,1,0,0,0,0.1,0.07,290.81284,0.0,1782.5
1967-10-15 00:00:00+00:00,18.9,72.82,,,1,0,0,0,0,0.1,0.07,303.39883,0.0,0.0
1967-11-15 00:00:00+00:00,52.3,104.2833333,,,0,0,0,1,0,-0.7,0.6,254.57668,8.21794e-06,427.25
1967-11-15 00:00:00+00:00,47.54260867,7.58371693,,,0,0,1,0,0,-0.7,0.6,279.43707,0.0,304.73438
1967-11-15 00:00:00+00:00,23.27,5.6,,,0,1,0,0,0,-0.7,0.6,289.01227,0.0,2246.375
1967-11-15 00:00:00+00:00,69.1,-105.1166667,,,0,0,0,0,1,-0.7,0.6,252.84329,2.0753255e-06,0.0
1967-11-15 00:00:00+00:00,0.38,6.72,,,1,0,0,0,0,-0.7,0.6,297.00052,2.1328273e-05,0.0
1967-11-15 00:00:00+00:00,-22.66416667,-48.06,,,0,0,1,0,0,-0.7,0.6,294.96384,0.0,490.46875
1967-11-15 00:00:00+00:00,-67.57,-68.13,,,0,0,0,0,1,-0.7,0.6,,,11.128906
1967-11-15 00:00:00+00:00,49.67,-93.72,,,0,0,0,1,0,-0.7,0.6,267.47998,0.0,427.09375
1967-11-15 00:00:00+00:00,29.7,91.13333333,,,0,0,0,0,1,-0.7,0.6,281.39548,0.0,3735.25
1967-11-15 00:00:00+00:00,12.54194444,39.76972222,,,0,1,0,0,0,-0.7,0.6,291.2545,0.0,1782.5
1967-11-15 00:00:00+00:00,18.9,72.82,,,1,0,0,0,0,-0.7,0.6,300.1171,0.0,0.0
1967-12-15 00:00:00+00:00,52.3,104.2833333,,,0,0,0,1,0,-0.9,-0.45,262.4035,0.0,427.25
1967-12-15 00:00:00+00:00,47.54260867,7.58371693,,,0,0,1,0,0,-0.9,-0.45,279.41147,0.0,304.73438
1967-12-15 00:00:00+00:00,23.27,5.6,,,0,1,0,0,0,-0.9,-0.45,281.71384,0.0,2246.375
1967-12-15 00:00:00+00:00,69.1,-105.1166667,,,0,0,0,0,1,-0.9,-0.45,239.7424,0.0,0.0
1967-12-15 00:00:00+00:00,0.38,6.72,,,1,0,0,0,0,-0.9,-0.45,296.46878,0.00012568323,0.0
1967-12-15 00:00:00+00:00,-22.66416667,-48.06,,,0,0,1,0,0,-0.9,-0.45,296.0681,0.000107158536,490.46875
1967-12-15 00:00:00+00:00,-67.57,-68.13,,,0,0,0,0,1,-0.9,-0.45,,,11.128906
1967-12-15 00:00:00+00:00,49.67,-93.72,,,0,0,0,1,0,-0.9,-0.45,265.09668,1.247149e-05,427.09375
1967-12-15 00:00:00+00:00,29.7,91.13333333,,,0,0,0,0,1,-0.9,-0.45,274.76047,1.4520943e-05,3735.25
1967-12-15 00:00:00+00:00,12.54194444,39.76972222,,,0,1,0,0,0,-0.9,-0.45,289.70486,0.0,1782.5
1967-12-15 00:00:00+00:00,18.9,72.82,,,1,0,0,0,0,-0.9,-0.45,298.83972,0.0,0.0
1968-01-15 00:00:00+00:00,52.3,104.2833333,,,0,0,0,1,0,0.9,0.13,262.67014,0.0,427.25
1968-01-15 00:00:00+00:00,47.54260867,7.58371693,,,0,0,1,0,0,0.9,0.13,271.6091,7.517323e-05,304.73438
1968-01-15 00:00:00+00:00,23.27,5.6,,,0,1,0,0,0,0.9,0.13,276.38055,0.0,2246.375
1968-01-15 00:00:00+00:00,69.1,-105.1166667,,,0,0,0,0,1,0.9,0.13,257.73398,0.0,0.0
1968-01-15 00:00:00+00:00,0.38,6.72,,,1,0,0,0,0,0.9,0.13,296.5238,0.00015296908,0.0
1968-01-15 00:00:00+00:00,-22.66416667,-48.06,,,0,0,1,0,0,0.9,0.13,295.06616,2.1435508e-05,490.46875
1968-01-15 00:00:00+00:00,-67.57,-68.13,,,0,0,0,0,1,0.9,0.13,,,11.128906
1968-01-15 00:00:00+00:00,49.67,-93.72,,,0,0,0,1,0,0.9,0.13,250.35498,0.0,427.09375
1968-01-15 00:00:00+00:00,29.7,91.13333333,,,0,0,0,0,1,0.9,0.13,277.69272,0.0,3735.25
1968-01-15 00:00:00+00:00,12.54194444,39.76972222,,,0,1,0,0,0,0.9,0.13,287.7495,0.0,1782.5
1968-01-15 00:00:00+00:00,18.9,72.82,,,1,0,0,0,0,0.9,0.13,300.1356,0.0,0.0
1968-02-15 00:00:00+00:00,52.3,104.2833333,,,0,0,0,1,0,2.1,-1.29,257.62283,0.0,427.25
1968-02-15 00:00:00+00:00,47.54260867,7.58371693,,,0,0,1,0,0,2.1,-1.29,281.19208,0.00034957554,304.73438
1968-02-15 00:00:00+00:00,23.27,5.6,,,0,1,0,0,0,2.1,-1.29,281.72546,0.0,2246.375
1968-02-15 00:00:00+00:00,69.1,-105.1166667,,,0,0,0,0,1,2.1,-1.29,241.9758,9.111292e-06,0.0
1968-02-15 00:00:00+00:00,0.38,6.72,,,1,0,0,0,0,2.1,-1.29,298.4222,6.948758e-05,0.0
1968-02-15 00:00:00+00:00,-22.66416667,-48.06,,,0,0,1,0,0,2.1,-1.29,299.3416,1.787367e-05,490.46875
1968-02-15 00:00:00+00:00,-67.57,-68.13,,,0,0,0,0,1,2.1,-1.29,,,11.128906
1968-02-15 00:00:00+00:00,49.67,-93.72,,,0,0,0,1,0,2.1,-1.29,262.53143,0.0,427.09375
1968-02-15 00:00:00+00:00,29.7,91.13333333,,,0,0,0,0,1,2.1,-1.29,277.58737,8.553022e-06,3735.25
1968-02-15 00:00:00+00:00,12.54194444,39.76972222,,,0,1,0,0,0,2.1,-1.29,290.96002,0.0,1782.5
1968-02-15 00:00:00+00:00,18.9,72.82,,,1,0,0,0,0,2.1,-1.29,299.33685,0.0,0.0
1968-03-15 00:00:00+00:00,52.3,104.2833333,,,0,0,0,1,0,0.2,0.4,262.35974,0.0,427.25
1968-03-15 00:00:00+00:00,47.54260867,7.58371693,,,0,0,1,0,0,0.2,0.4,274.6676,4.5416586e-05,304.73438
1968-03-15 00:00:00+00:00,23.27,5.6,,,0,1,0,0,0,0.2,0.4,288.73828,0.0,2246.375
1968-03-15 00:00:00+00:00,69.1,-105.1166667,,,0,0,0,0,1,0.2,0.4,250.02919,0.0,0.0
1968-03-15 00:00:00+00:00,0.38,6.72,,,1,0,0,0,0,0.2,0.4,298.09482,5.051044e-05,0.0
1968-03-15 00:00:00+00:00,-22.66416667,-48.06,,,0,0,1,0,0,0.2,0.4,295.16937,0.00013277745,490.46875
1968-03-15 00:00:00+00:00,-67.57,-68.13,,,0,0,0,0,1,0.2,0.4,,,11.128906
1968-03-15 00:00:00+00:00,49.67,-93.72,,,0,0,0,1,0,0.2,0.4,261.74713,2.2933245e-05,427.09375
1968-03-15 00:00:00+00:00,29.7,91.13333333,,,0,0,0,0,1,0.2,0.4,276.27063,0.0,3735.25
1968-03-15 00:00:00+00:00,12.54194444,39.76972222,,,0,1,0,0,0,0.2,0.4,290.28622,0.00024673174,1782.5
1968-03-15 00:00:00+00:00,18.9,72.82,,,1,0,0,0,0,0.2,0.4,300.2824,0.0,0.0
1968-04-15 00:00:00+00:00,52.3,104.2833333,,,0,0,0,1,0,0.0,-1.08,276.71164,0.0,427.25
1968-04-15 00:00:00+00:00,47.54260867,7.58371693,,,0,0,1,0,0,0.0,-1.08,285.78275,0.0,304.73438
1968-04-15 00:00:00+00:00,23.27,5.6,,,0,1,0,0,0,0.0,-1.08,294.40588,0.0,2246.375
1968-04-15 00:00:00+00:00,69.1,-105.1166667,,,0,0,0,0,1,0.0,-1.08,259.31293,0.0,0.0
1968-04-15 00:00:00+00:00,0.38,6.72,,,1,0,0,0,0,0.0,-1.08,299.64777,5.356555e-06,0.0
1968-04-15 00:00:00+00:00,-22.66416667,-48.06,,,0,0,1,0,0,0.0,-1.08,292.7607,8.712607e-06,490.46875
1968-04-15 00:00:00+00:00,-67.57,-68.13,,,0,0,0,0,1,0.0,-1.08,,,11.128906
1968-04-15 00:00:00+00:00,49.67,-93.72,,,0,0,0,1,0,0.0,-1.08,280.852,0.0,427.09375
1968-04-15 00:00:00+00:00,29.7,91.13333333,,,0,0,0,0,1,0.0,-1.08,279.1608,0.0,3735.25
1968-04-15 00:00:00+00:00,12.54194444,39.76972222,,,0,1,0,0,0,0.0,-1.08,291.49414,0.0,1782.5
1968-04-15 00:00:00+00:00,18.9,72.82,,,1,0,0,0,0,0.0,-1.08,300.1935,0.0,0.0
1968-05-15 00:00:00+00:00,52.3,104.2833333,,,0,0,0,1,0,2.1,-1.76,275.81415,1.6754997e-05,427.25
1968-05-15 00:00:00+00:00,47.54260867,7.58371693,,,0,0,1,0,0,2.1,-1.76,288.72803,0.0,304.73438
1968-05-15 00:00:00+00:00,23.27,5.6,,,0,1,0,0,0,2.1,-1.76,296.82504,0.0,2246.375
1968-05-15 00:00:00+00:00,69.1,-105.1166667,,,0,0,0,0,1,2.1,-1.76,266.87714,0.0,0.0
1968-05-15 00:00:00+00:00,0.38,6.72,,,1,0,0,0,0,2.1,-1.76,298.4239,5.001868e-05,0.0
1968-05-15 00:00:00+00:00,-22.66416667,-48.06,,,0,0,1,0,0,2.1,-1.76,286.53455,0.0,490.46875
1968-05-15 00:00:00+00:00,-67.57,-68.13,,,0,0,0,0,1,2.1,-1.76,,,11.128906
1968-05-15 00:00:00+00:00,49.67,-93.72,,,0,0,0,1,0,2.1,-1.76,286.0431,0.0,427.09375
1968-05-15 00:00:00+00:00,29.7,91.13333333,,,0,0,0,0,1,2.1,-1.76,286.9254,0.0,3735.25
1968-05-15 00:00:00+00:00,12.54194444,39.76972222,,,0,1,0,0,0,2.1,-1.76,295.8515,0.0,1782.5
1968-05-15 00:00:00+00:00,18.9,72.82,,,1,0,0,0,0,2.1,-1.76,302.98068,2.2628e-06,0.0
1968-06-15 00:00:00+00:00,52.3,104.2833333,,,0,0,0,1,0,1.8,0.33,281.63977,0.00030410604,427.25
1968-06-15 00:00:00+00:00,47.54260867,7.58371693,,,0,0,1,0,0,1.8,0.33,282.5763,0.0,304.73438
1968-06-15 00:00:00+00:00,23.27,5.6,,,0,1,0,0,0,1.8,0.33,299.53613,4.857051e-06,2246.375
1968-06-15 00:00:00+00:00,69.1,-105.1166667,,,0,0,0,0,1,1.8,0.33,269.0803,0.0,0.0
1968-06-15 00:00:00+00:00,0.38,6.72,,,1,0,0,0,0,1.8,0.33,295.87054,3.1394377e-06,0.0
1968-06-15 00:00:00+00:00,-22.66416667,-48.06,,,0,0,1,0,0,1.8,0.33,288.695,0.00019914028,490.46875
1968-06-15 00:00:00+00:00,-67.57,-68.13,,,0,0,0,0,1,1.8,0.33,,,11.128906
1968-06-15 00:00:00+00:00,49.67,-93.72,,,0,0,0,1,0,1.8,0.33,283.32205,0.00014471383,427.09375
1968-06-15 00:00:00+00:00,29.7,91.13333333,,,0,0,0,0,1,1.8,0.33,293.03235,0.0,3735.25
1968-06-15 00:00:00+00:00,12.54194444,39.76972222,,,0,1,0,0,0,1.8,0.33,294.9959,0.0,1782.5
1968-06-15 00:00:00+00:00,18.9,72.82,,,1,0,0,0,0,1.8,0.33,302.66104,1.5081959e-05,0.0
1968-07-15 00:00:00+00:00,52.3,104.2833333,,,0,0,0,1,0,1.1,-0.8,296.0091,0.0,427.25
1968-07-15 00:00:00+00:00,47.54260867,7.58371693,,,0,0,1,0,0,1.1,-0.8,290.04782,3.8295733e-05,304.73438
1968-07-15 00:00:00+00:00,23.27,5.6,,,0,1,0,0,0,1.1,-0.8,300.9758,0.0,2246.375
1968-07-15 00:00:00+00:00,69.1,-105.1166667,,,0,0,0,0,1,1.1,-0.8,285.3363,0.0,0.0
1968-07-15 00:00:00+00:00,0.38,6.72,,,1,0,0,0,0,1.1,-0.8,295.07306,4.0160867e-06,0.0
1968-07-15 00:00:00+00:00,-22.66416667,-48.06,,,0,0,1,0,0,1.1,-0.8,294.56796,0.0,490.46875
1968-07-15 00:00:00+00:00,-67.57,-68.13,,,0,0,0,0,1,1.1,-0.8,,,11.128906
1968-07-15 00:00:00+00:00,49.67,-93.72,,,0,0,0,1,0,1.1,-0.8,296.25372,0.0,427.09375
1968-07-15 00:00:00+00:00,29.7,91.13333333,,,0,0,0,0,1,1.1,-0.8,289.6475,7.166267e-05,3735.25
1968-07-15 00:00:00+00:00,12.54194444,39.76972222,,,0,1,0,0,0,1.1,-0.8,293.41675,0.0,1782.5
1968-07-15 00:00:00+00:00,18.9,72.82,,,1,0,0,0,0,1.1,-0.8,301.49396,0.00025798046,0.0
1968-08-15 00:00:00+00:00,52.3,104.2833333,,,0,0,0,1,0,0.4,-0.66,287.92416,0.0,427.25
1968-08-15 00:00:00+00:00,47.54260867,7.58371693,,,0,0,1,0,0,0.4,-0.66,288.8356,0.0,304.73438
1968-08-15 00:00:00+00:00,23.27,5.6,,,0,1,0,0,0,0.4,-0.66,297.7672,1.3715512e-05,2246.375
1968-08-15 00:00:00+00:00,69.1,-105.1166667,,,0,0,0,0,1,0.4,-0.66,282.87015,0.0,0.0
1968-08-15 00:00:00+00:00,0.38,6.72,,,1,0,0,0,0,0.4,-0.66,295.3451,6.552325e-06,0.0
1968-08-15 00:00:00+00:00,-22.66416667,-48.06,,,0,0,1,0,0,0.4,-0.66,293.93372,0.0,490.46875
1968-08-15 00:00:00+00:00,-67.57,-68.13,,,0,0,0,0,1,0.4,-0.66,,,11.128906
1968-08-15 00:00:00+00:00,49.67,-93.72,,,0,0,0,1,0,0.4,-0.66,290.13147,0.0,427.09375
1968-08-15 00:00:00+00:00,29.7,91.13333333,,,0,0,0,0,1,0.4,-0.66,293.1086,4.689533e-05,3735.25
1968-08-15 00:00:00+00:00,12.54194444,39.76972222,,,0,1,0,0,0,0.4,-0.66,292.99872,0.0,1782.5
1968-08-15 00:00:00+00:00,18.9,72.82,,,1,0,0,0,0,0.4,-0.66,300.57687,3.874942e-05,0.0
1968-09-15 00:00:00+00:00,52.3,104.2833333,,,0,0,0,1,0,-0.4,-1.92,277.0179,1.1289382e-05,427.25
1968-09-15 00:00:00+00:00,47.54260867,7.58371693,,,0,0,1,0,0,-0.4,-1.92,285.5063,3.9646704e-05,304.73438
1968-09-15 00:00:00+00:00,23.27,5.6,,,0,1,0,0,0,-0.4,-1.92,297.5228,0.0,2246.375
1968-09-15 00:00:00+00:00,69.1,-105.1166667,,,0,0,0,0,1,-0.4,-1.92,273.3742,0.0,0.0
1968-09-15 00:00:00+00:00,0.38,6.72,,,1,0,0,0,0,-0.4,-1.92,296.21136,1.1758647e-05,0.0
1968-09-15 00:00:00+00:00,-22.66416667,-48.06,,,0,0,1,0,0,-0.4,-1.92,296.80566,0.0,490.46875
1968-09-15 00:00:00+00:00,-67.57,-68.13,,,0,0,0,0,1,-0.4,-1.92,,,11.128906
1968-09-15 00:00:00+00:00,49.67,-93.72,,,0,0,0,1,0,-0.4,-1.92,285.65887,0.0,427.09375
1968-09-15 00:00:00+00:00,29.7,91.13333333,,,0,0,0,0,1,-0.4,-1.92,289.08902,6.892862e-05,3735.25
1968-09-15 00:00:00+00:00,12.54194444,39.76972222,,,0,1,0,0,0,-0.4,-1.92,295.38263,0.0,1782.5
1968-09-15 00:00:00+00:00,18.9,72.82,,,1,0,0,0,0,-0.4,-1.92,299.3367,3.197635e-05,0.0
1968-10-15 00:00:00+00:00,52.3,104.2833333,,,0,0,0,1,0,-0.1,-2.3,277.7803,0.0,427.25
1968-10-15 00:00:00+00:00,47.54260867,7.58371693,,,0,0,1,0,0,-0.1,-2.3,282.59897,0.00012499206,304.73438
1968-10-15 00:00:00+00:00,23.27,5.6,,,0,1,0,0,0,-0.1,-2.3,290.3133,0.0,2246.375
1968-10-15 00:00:00+00:00,69.1,-105.1166667,,,0,0,0,0,1,-0.1,-2.3,245.40404,0.0,0.0
1968-10-15 00:00:00+00:00,0.38,6.72,,,1,0,0,0,0,-0.1,-2.3,297.4931,0.0,0.0
1968-10-15 00:00:00+00:00,-22.66416667,-48.06,,,0,0,1,0,0,-0.1,-2.3,293.24857,6.102275e-05,490.46875
1968-10-15 00:00:00+00:00,-67.57,-68.13,,,0,0,0,0,1,-0.1,-2.3,,,11.128906
1968-10-15 00:00:00+00:00,49.67,-93.72,,,0,0,0,1,0,-0.1,-2.3,275.92944,0.0,427.09375
1968-10-15 00:00:00+00:00,29.7,91.13333333,,,0,0,0,0,1,-0.1,-2.3,284.3287,0.0,3735.25
1968-10-15 00:00:00+00:00,12.54194444,39.76972222,,,0,1,0,0,0,-0.1,-2.3,291.0478,4.9224022e-06,1782.5
1968-10-15 00:00:00+00:00,18.9,72.82,,,1,0,0,0,0,-0.1,-2.3,301.36237,0.0,0.0
1968-11-15 00:00:00+00:00,52.3,104.2833333,,,0,0,0,1,0,-0.6,-0.93,267.25735,0.0,427.25
1968-11-15 00:00:00+00:00,47.54260867,7.58371693,,,0,0,1,0,0,-0.6,-0.93,276.77924,0.0,304.73438
1968-11-15 00:00:00+00:00,23.27,5.6,,,0,1,0,0,0,-0.6,-0.93,287.99127,0.0,2246.375
1968-11-15 00:00:00+00:00,69.1,-105.1166667,,,0,0,0,0,1,-0.6,-0.93,244.84308,0.0,0.0
1968-11-15 00:00:00+00:00,0.38,6.72,,,1,0,0,0,0,-0.6,-0.93,296.64166,7.798655e-05,0.0
1968-11-15 00:00:00+00:00,-22.66416667,-48.06,,,0,0,1,0,0,-0.6,-0.93,296.9903,4.5825454e-05,490.46875
1968-11-15 00:00:00+00:00,-67.57,-68.13,,,0,0,0,0,1,-0.6,-0.93,,,11.128906
1968-11-15 00:00:00+00:00,49.67,-93.72,,,0,0,0,1,0,-0.6,-0.93,252.77455,0.0,427.09375
1968-11-15 00:00:00+00:00,29.7,91.13333333,,,0,0,0,0,1,-0.6,-0.93,278.23843,0.0,3735.25
1968-11-15 00:00:00+00:00,12.54194444,39.76972222,,,0,1,0,0,0,-0.6,-0.93,291.70544,0.0,1782.5
1968-11-15 00:00:00+00:00,18.9,72.82,,,1,0,0,0,0,-0.6,-0.93,300.25723,0.0,0.0
1968-12-15 00:00:00+00:00,52.3,104.2833333,,,0,0,0,1,0,0.3,-1.4,254.9795,1.7698401e-05,427.25
1968-12-15 00:00:00+00:00,47.54260867,7.58371693,,,0,0,1,0,0,0.3,-1.4,270.70312,5.895327e-06,304.73438
1968-12-15 00:00:00+00:00,23.27,5.6,,,0,1,0,0,0,0.3,-1.4,282.6483,0.0,2246.375
1968-12-15 00:00:00+00:00,69.1,-105.1166667,,,0,0,0,0,1,0.3,-1.4,234.54414,0.0,0.0
1968-12-15 00:00:00+00:00,0.38,6.72,,,1,0,0,0,0,0.3,-1.4,296.832,8.767433e-05,0.0
1968-12-15 00:00:00+00:00,-22.66416667,-48.06,,,0,0,1,0,0,0.3,-1.4,297.0808,0.00011663333,490.46875
1968-12-15 00:00:00+00:00,-67.57,-68.13,,,0,0,0,0,1,0.3,-1.4,,,11.128906
1968-12-15 00:00:00+00:00,49.67,-93.72,,,0,0,0,1,0,0.3,-1.4,259.05255,0.0,427.09375
1968-12-15 00:00:00+00:00,29.7,91.13333333,,,0,0,0,0,1,0.3,-1.4,271.80072,0.0,3735.25
1968-12-15 00:00:00+00:00,12.54194444,39.76972222,,,0,1,0,0,0,0.3,-1.4,289.24207,0.0,1782.5
1968-12-15 00:00:00+00:00,18.9,72.82,,,1,0,0,0,0,0.3,-1.4,298.3612,0.0,0.0
1969-01-15 00:00:00+00:00,52.3,104.2833333,,,0,0,0,1,0,-2.4,-0.83,254.46707,0.0,427.25
1969-01-15 00:00:00+00:00,47.54260867,7.58371693,,,0,0,1,0,0,-2.4,-0.83,270.44666,0.0,304.73438
1969-01-15 00:00:00+00:00,23.27,5.6,,,0,1,0,0,0,-2.4,-0.83,282.68613,0.0,2246.375
1969-01-15 00:00:00+00:00,69.1,-105.1166667,,,0,0,0,0,1,-2.4,-0.83,232.91438,0.0,0.0
1969-01-15 00:00:00+00:00,0.38,6.72,,,1,0,0,0,0,-2.4,-0.83,298.42636,6.868465e-05,0.0
1969-01-15 00:00:00+00:00,-22.66416667,-48.06,,,0,0,1,0,0,-2.4,-0.83,297.35165,0.00015605682,490.46875
1969-01-15 00:00:00+00:00,-67.57,-68.13,,,0,0,0,0,1,-2.4,-0.83,,,11.128906
1969-01-15 00:00:00+00:00,49.67,-93.72,,,0,0,0,1,0,-2.4,-0.83,252.78224,7.676753e-05,427.09375
1969-01-15 00:00:00+00:00,29.7,91.13333333,,,0,0,0,0,1,-2.4,-0.83,276.59653,0.0,3735.25
1969-01-15 00:00:00+00:00,12.54194444,39.76972222,,,0,1,0,0,0,-2.4,-0.83,289.0325,0.0,1782.5
1969-01-15 00:00:00+00:00,18.9,72.82,,,1,0,0,0,0,-2.4,-0.83,296.4658,0.0,0.0
1969-02-15 00:00:00+00:00,52.3,104.2833333,,,0,0,0,1,0,-0.9,-1.55,254.29259,0.0,427.25
1969-02-15 00:00:00+00:00,47.54260867,7.58371693,,,0,0,1,0,0,-0.9,-1.55,272.5684,2.9723633e-05,304.73438
1969-02-15 00:00:00+00:00,23.27,5.6,,,0,1,0,0,0,-0.9,-1.55,286.17102,0.0,2246.375
1969-02-15 00:00:00+00:00,69.1,-105.1166667,,,0,0,0,0,1,-0.9,-1.55,235.31374,0.0,0.0
1969-02-15 00:00:00+00:00,0.38,6.72,,,1,0,0,0,0,-0.9,-1.55,299.63373,1.2228805e-05,0.0
1969-02-15 00:00:00+00:00,-22.66416667,-48.06,,,0,0,1,0,0,-0.9,-1.55,298.6804,1.3174059e-05,490.46875
1969-02-15 00:00:00+00:00,-67.57,-68.13,,,0,0,0,0,1,-0.9,-1.55,,,11.128906
1969-02-15 00:00:00+00:00,49.67,-93.72,,,0,0,0,1,0,-0.9,-1.55,252.08466,0.0,427.09375
1969-02-15 00:00:00+00:00,29.7,91.13333333,,,0,0,0,0,1,-0.9,-1.55,274.2577,0.0,3735.25
1969-02-15 00:00:00+00:00,12.54194444,39.76972222,,,0,1,0,0,0,-0.9,-1.55,293.48904,0.0,1782.5
1969-02-15 00:00:00+00:00,18.9,72.82,,,1,0,0,0,0,-0.9,-1.55,296.24445,0.0,0.0
1969-03-15 00:00:00+00:00,52.3,104.2833333,,,0,0,0,1,0,0.7,-1.56,272.18097,0.0,427.25
1969-03-15 00:00:00+00:00,47.54260867,7.58371693,,,0,0,1,0,0,0.7,-1.56,279.8907,5.9014277e-05,304.73438
1969-03-15 00:00:00+00:00,23.27,5.6,,,0,1,0,0,0,0.7,-1.56,284.10306,0.0,2246.375
1969-03-15 00:00:00+00:00,69.1,-105.1166667,,,0,0,0,0,1,0.7,-1.56,258.59378,0.0,0.0
1969-03-15 00:00:00+00:00,0.38,6.72,,,1,0,0,0,0,0.7,-1.56,298.41425,6.02623e-05,0.0
1969-03-15 00:00:00+00:00,-22.66416667,-48.06,,,0,0,1,0,0,0.7,-1.56,297.7481,0.00011141562,490.46875
1969-03-15 00:00:00+00:00,-67.57,-68.13,,,0,0,0,0,1,0.7,-1.56,,,11.128906
1969-03-15 00:00:00+00:00,49.67,-93.72,,,0,0,0,1,0,0.7,-1.56,263.11002,0.0,427.09375
1969-03-15 00:00:00+00:00,29.7,91.13333333,,,0,0,0,0,1,0.7,-1.56,281.13678,0.0,3735.25
1969-03-15 00:00:00+00:00,12.54194444,39.76972222,,,0,1,0,0,0,0.7,-1.56,293.75095,0.0,1782.5
1969-03-15 00:00:00+00:00,18.9,72.82,,,1,0,0,0,0,0.7,-1.56,301.15106,0.0,0.0
1969-04-15 00:00:00+00:00,52.3,104.2833333,,,0,0,0,1,0,-0.6,1.53,279.65933,0.0,427.25
1969-04-15 00:00:00+00:00,47.54260867,7.58371693,,,0,0,1,0,0,-0.6,1.53,278.61197,0.0,304.73438
1969-04-15 00:00:00+00:00,23.27,5.6,,,0,1,0,0,0,-0.6,1.53,292.55328,0.0,2246.375
1969-04-15 00:00:00+00:00,69.1,-105.1166667,,,0,0,0,0,1,-0.6,1.53,258.00195,4.5265784e-05,0.0
1969-04-15 00:00:00+00:00,0.38,6.72,,,1,0,0,0,0,-0.6,1.53,299.24008,4.2000585e-05,0.0
1969-04-15 00:00:00+00:00,-22.66416667,-48.06,,,0,0,1,0,0,-0.6,1.53,296.4398,0.0,490.46875
1969-04-15 00:00:00+00:00,-67.57,-68.13,,,0,0,0,0,1,-0.6,1.53,,,11.128906
1969-04-15 00:00:00+00:00,49.67,-93.72,,,0,0,0,1,0,-0.6,1.53,283.18765,0.0,427.09375
1969-04-15 00:00:00+00:00,29.7,91.13333333,,,0,0,0,0,1,-0.6,1.53,279.94037,0.0,3735.25
1969-04-15 00:00:00+00:00,12.54194444,39.76972222,,,0,1,0,0,0,-0.6,1.53,296.5945,0.0,1782.5
1969-04-15 00:00:00+00:00,18.9,72.82,,,1,0,0,0,0,-0.6,1.53,299.8433,0.0,0.0
1969-05-15 00:00:00+00:00,52.3,104.2833333,,,0,0,0,1,0,-0.4,0.55,286.1992,0.0,427.25
1969-05-15 00:00:00+00:00,47.54260867,7.58371693,,,0,0,1,0,0,-0.4,0.55,279.77228,2.7270427e-05,304.73438
1969-05-15 00:00:00+00:00,23.27,5.6,,,0,1,0,0,0,-0.4,0.55,299.65952,0.0,2246.375
1969-05-15 00:00:00+00:00,69.1,-105.1166667,,,0,0,0,0,1,-0.4,0.55,261.4754,0.0,0.0
1969-05-15 00:00:00+00:00,0.38,6.72,,,1,0,0,0,0,-0.4,0.55,297.2801,1.022091e-05,0.0
1969-05-15 00:00:00+00:00,-22.66416667,-48.06,,,0,0,1,0,0,-0.4,0.55,292.9734,2.0260548e-05,490.46875
1969-05-15 00:00:00+00:00,-67.57,-68.13,,,0,0,0,0,1,-0.4,0.55,,,11.128906
1969-05-15 00:00:00+00:00,49.67,-93.72,,,0,0,0,1,0,-0.4,0.55,283.65042,0.0,427.09375
1969-05-15 00:00:00+00:00,29.7,91.13333333,,,0,0,0,0,1,-0.4,0.55,286.51282,0.0,3735.25
1969-05-15 00:00:00+00:00,12.54194444,39.76972222,,,0,1,0,0,0,-0.4,0.55,294.8966,0.0,1782.5
1969-05-15 00:00:00+00:00,18.9,72.82,,,1,0,0,0,0,-0.4,0.55,303.01187,2.2081747e-06,0.0
1969-06-15 00:00:00+00:00,52.3,104.2833333,,,0,0,0,1,0,0.3,0.55,290.68973,0.0,427.25
1969-06-15 00:00:00+00:00,47.54260867,7.58371693,,,0,0,1,0,0,0.3,0.55,290.18515,6.736864e-05,304.73438
1969-06-15 00:00:00+00:00,23.27,5.6,,,0,1,0,0,0,0.3,0.55,298.33292,0.0,2246.375
1969-06-15 00:00:00+00:00,69.1,-105.1166667,,,0,0,0,0,1,0.3,0.55,276.22205,0.0,0.0
1969-06-15 00:00:00+00:00,0.38,6.72,,,1,0,0,0,0,0.3,0.55,296.66156,1.1562763e-05,0.0
1969-06-15 00:00:00+00:00,-22.66416667,-48.06,,,0,0,1,0,0,0.3,0.55,294.97632,0.0,490.46875
1969-06-15 00:00:00+00:00,-67.57,-68.13,,,0,0,0,0,1,0.3,0.55,,,11.128906
1969-06-15 00:00:00+00:00,49.67,-93.72,,,0,0,0,1,0,0.3,0.55,286.87125,0.000105415784,427.09375
1969-06-15 00:00:00+00:00,29.7,91.13333333,,,0,0,0,0,1,0.3,0.55,291.42767,1.9545927e-05,3735.25
1969-06-15 00:00:00+00:00,12.54194444,39.76972222,,,0,1,0,0,0,0.3,0.55,295.91156,0.0,1782.5
1969-06-15 00:00:00+00:00,18.9,72.82,,,1,0,0,0,0,0.3,0.55,303.11743,2.4807636e-05,0.0
1969-07-15 00:00:00+00:00,52.3,104.2833333,,,0,0,0,1,0,-0.8,0.57,290.56366,1.9282148e-05,427.25
1969-07-15 00:00:00+00:00,47.54260867,7.58371693,,,0,0,1,0,0,-0.8,0.57,296.77002,0.0,304.73438
1969-07-15 00:00:00+00:00,23.27,5.6,,,0,1,0,0,0,-0.8,0.57,299.00693,0.0,2246.375
1969-07-15 00:00:00+00:00,69.1,-105.1166667,,,0,0,0,0,1,-0.8,0.57,277.7356,0.0,0.0
1969-07-15 00:00:00+00:00,0.38,6.72,,,1,0,0,0,0,-0.8,0.57,295.04227,3.5168816e-06,0.0
1969-07-15 00:00:00+00:00,-22.66416667,-48.06,,,0,0,1,0,0,-0.8,0.57,283.4407,1.1063703e-05,490.46875
1969-07-15 00:00:00+00:00,-67.57,-68.13,,,0,0,0,0,1,-0.8,0.57,,,11.128906
1969-07-15 00:00:00+00:00,49.67,-93.72,,,0,0,0,1,0,-0.8,0.57,292.6342,0.0,427.09375
1969-07-15 00:00:00+00:00,29.7,91.13333333,,,0,0,0,0,1,-0.8,0.57,292.59702,3.3472472e-05,3735.25
1969-07-15 00:00:00+00:00,12.54194444,39.76972222,,,0,1,0,0,0,-0.8,0.57,293.5739,0.0,1782.5
1969-07-15 00:00:00+00:00,18.9,72.82,,,1,0,0,0,0,-0.8,0.57,300.46222,0.00036100994,0.0
1969-08-15 00:00:00+00:00,52.3,104.2833333,,,0,0,0,1,0,-0.2,-1.45,292.59073,0.0,427.25
1969-08-15 00:00:00+00:00,47.54260867,7.58371693,,,0,0,1,0,0,-0.2,-1.45,291.93866,0.0,304.73438
1969-08-15 00:00:00+00:00,23.27,5.6,,,0,1,0,0,0,-0.2,-1.45,297.71826,0.0,2246.375
1969-08-15 00:00:00+00:00,69.1,-105.1166667,,,0,0,0,0,1,-0.2,-1.45,278.42438,3.9962138e-06,0.0
1969-08-15 00:00:00+00:00,0.38,6.72,,,1,0,0,0,0,-0.2,-1.45,296.65567,0.0,0.0
1969-08-15 00:00:00+00:00,-22.66416667,-48.06,,,0,0,1,0,0,-0.2,-1.45,293.44897,0.0,490.46875
1969-08-15 00:00:00+00:00,-67.57,-68.13,,,0,0,0,0,1,-0.2,-1.45,,,11.128906
1969-08-15 00:00:00+00:00,49.67,-93.72,,,0,0,0,1,0,-0.2,-1.45,288.38168,1.0679148e-05,427.09375
1969-08-15 00:00:00+00:00,29.7,91.13333333,,,0,0,0,0,1,-0.2,-1.45,289.77823,1.7767032e-05,3735.25
1969-08-15 00:00:00+00:00,12.54194444,39.76972222,,,0,1,0,0,0,-0.2,-1.45,292.75372,0.0,1782.5
1969-08-15 00:00:00+00:00,18.9,72.82,,,1,0,0,0,0,-0.2,-1.45,300.0146,6.399122e-05,0.0
1969-09-15 00:00:00+00:00,52.3,104.2833333,,,0,0,0,1,0,-1.6,2.07,287.22833,0.00012682001,427.25
1969-09-15 00:00:00+00:00,47.54260867,7.58371693,,,0,0,1,0,0,-1.6,2.07,285.94183,1.9013698e-05,304.73438
1969-09-15 00:00:00+00:00,23.27,5.6,,,0,1,0,0,0,-1.6,2.07,297.99353,0.0,2246.375
1969-09-15 00:00:00+00:00,69.1,-105.1166667,,,0,0,0,0,1,-1.6,2.07,273.89062,0.0,0.0
1969-09-15 00:00:00+00:00,0.38,6.72,,,1,0,0,0,0,-1.6,2.07,296.50125,7.659905e-06,0.0
1969-09-15 00:00:00+00:00,-22.66416667,-48.06,,,0,0,1,0,0,-1.6,2.07,295.90573,0.0,490.46875
1969-09-15 00:00:00+00:00,-67.57,-68.13,,,0,0,0,0,1,-1.6,2.07,,,11.128906
1969-09-15 00:00:00+00:00,49.67,-93.72,,,0,0,0,1,0,-1.6,2.07,277.29865,0.0,427.09375
1969-09-15 00:00:00+00:00,29.7,91.13333333,,,0,0,0,0,1,-1.6,2.07,288.30637,0.0,3735.25
1969-09-15 00:00:00+00:00,12.54194444,39.76972222,,,0,1,0,0,0,-1.6,2.07,291.7551,6.3340485e-05,1782.5
1969-09-15 00:00:00+00:00,18.9,72.82,,,1,0,0,0,0,-1.6,2.07,299.57867,0.000181782,0.0
1969-10-15 00:00:00+00:00,52.3,104.2833333,,,0,0,0,1,0,-1.5,0.66,274.70233,0.0,427.25
1969-10-15 00:00:00+00:00,47.54260867,7.58371693,,,0,0,1,0,0,-1.5,0.66,281.90182,0.0,304.73438
1969-10-15 00:00:00+00:00,23.27,5.6,,,0,1,0,0,0,-1.5,0.66,288.47327,1.1177577e-05,2246.375
1969-10-15 00:00:00+00:00,69.1,-105.1166667,,,0,0,0,0,1,-1.5,0.66,257.0727,4.8545294e-06,0.0
1969-10-15 00:00:00+00:00,0.38,6.72,,,1,0,0,0,0,-1.5,0.66,296.37,0.00018929517,0.0
1969-10-15 00:00:00+00:00,-22.66416667,-48.06,,,0,0,1,0,0,-1.5,0.66,296.61423,0.00014990574,490.46875
1969-10-15 00:00:00+00:00,-67.57,-68.13,,,0,0,0,0,1,-1.5,0.66,,,11.128906
1969-10-15 00:00:00+00:00,49.67,-93.72,,,0,0,0,1,0,-1.5,0.66,273.2928,0.0,427.09375
1969-10-15 00:00:00+00:00,29.7,91.13333333,,,0,0,0,0,1,-1.5,0.66,284.7935,0.0,3735.25
1969-10-15 00:00:00+00:00,12.54194444,39.76972222,,,0,1,0,0,0,-1.5,0.66,293.3891,0.0,1782.5
1969-10-15 00:00:00+00:00,18.9,72.82,,,1,0,0,0,0,-1.5,0.66,300.2479,0.0,0.0
1969-11-15 00:00:00+00:00,52.3,104.2833333,,,0,0,0,1,0,-0.1,-0.96,272.5732,0.0,427.25
1969-11-15 00:00:00+00:00,47.54260867,7.58371693,,,0,0,1,0,0,-0.1,-0.96,271.47278,0.0,304.73438
1969-11-15 00:00:00+00:00,23.27,5.6,,,0,1,0,0,0,-0.1,-0.96,283.62827,0.0,2246.375
1969-11-15 00:00:00+00:00,69.1,-105.1166667,,,0,0,0,0,1,-0.1,-0.96,262.5955,0.0,0.0
1969-11-15 00:00:00+00:00,0.38,6.72,,,1,0,0,0,0,-0.1,-0.96,297.74084,7.184765e-05,0.0
1969-11-15 00:00:00+00:00,-22.66416667,-48.06,,,0,0,1,0,0,-0.1,-0.96,295.99472,6.526618e-05,490.46875
1969-11-15 00:00:00+00:00,-67.57,-68.13,,,0,0,0,0,1,-0.1,-0.96,,,11.128906
1969-11-15 00:00:00+00:00,49.67,-93.72,,,0,0,0,1,0,-0.1,-0.96,271.78168,0.0,427.09375
1969-11-15 00:00:00+00:00,29.7,91.13333333,,,0,0,0,0,1,-0.1,-0.96,280.49884,0.0,3735.25
1969-11-15 00:00:00+00:00,12.54194444,39.76972222,,,0,1,0,0,0,-0.1,-0.96,289.96994,0.0,1782.5
1969-11-15 00:00:00+00:00,18.9,72.82,,,1,0,0,0,0,-0.1,-0.96,301.00427,0.0,0.0
1969-12-15 00:00:00+00:00,52.3,104.2833333,,,0,0,0,1,0,0.7,-0.28,252.45784,0.0,427.25
1969-12-15 00:00:00+00:00,47.54260867,7.58371693,,,0,0,1,0,0,0.7,-0.28,269.64838,4.5395558e-05,304.73438
1969-12-15 00:00:00+00:00,23.27,5.6,,,0,1,0,0,0,0.7,-0.28,282.90247,0.0,2246.375
1969-12-15 00:00:00+00:00,69.1,-105.1166667,,,0,0,0,0,1,0.7,-0.28,240.8417,0.0,0.0
1969-12-15 00:00:00+00:00,0.38,6.72,,,1,0,0,0,0,0.7,-0.28,298.09045,5.031677e-05,0.0
1969-12-15 00:00:00+00:00,-22.66416667,-48.06,,,0,0,1,0,0,0.7,-0.28,296.13284,0.00015297455,490.46875
1969-12-15 00:00:00+00:00,-67.57,-68.13,,,0,0,0,0,1,0.7,-0.28,,,11.128906
1969-12-15 00:00:00+00:00,49.67,-93.72,,,0,0,0,1,0,0.7,-0.28,265.21204,0.0,427.09375
1969-12-15 00:00:00+00:00,29.7,91.13333333,,,0,0,0,0,1,0.7,-0.28,271.79968,0.0,3735.25
1969-12-15 00:00:00+00:00,12.54194444,39.76972222,,,0,1,0,0,0,0.7,-0.28,288.35675,0.0,1782.5
1969-12-15 00:00:00+00:00,18.9,72.82,,,1,0,0,0,0,0.7,-0.28,297.49365,0.0,0.0
