Date,Lat,Lon,O18,H2,KPN_A,KPN_B,KPN_C,KPN_D,KPN_E,ENSO,NAO,Temperature,Precipitation,Alt
1980-01-15 00:00:00+00:00,52.3,104.2833333,,,0,0,0,1,0,0.7,-0.75,256.44244,6.3207415e-05,427.25
1980-01-15 00:00:00+00:00,47.54260867,7.58371693,,,0,0,1,0,0,0.7,-0.75,270.38358,0.0,304.73438
1980-01-15 00:00:00+00:00,23.27,5.6,,,0,1,0,0,0,0.7,-0.75,281.18393,0.0,2246.375
1980-01-15 00:00:00+00:00,69.1,-105.1166667,,,0,0,0,0,1,0.7,-0.75,239.2081,0.0,0.0
1980-01-15 00:00:00+00:00,0.38,6.72,,,1,0,0,0,0,0.7,-0.75,299.0029,0.0,0.0
1980-01-15 00:00:00+00:00,-22.66416667,-48.06,,,0,0,1,0,0,0.7,-0.75,297.25803,0.00017963421,490.46875
1980-01-15 00:00:00+00:00,-67.57,-68.13,,,0,0,0,0,1,0.7,-0.75,,,11.128906
1980-01-15 00:00:00+00:00,49.67,-93.72,,,0,0,0,1,0,0.7,-0.75,252.48723,0.0,427.09375
1980-01-15 00:00:00+00:00,29.7,91.13333333,,,0,0,0,0,1,0.7,-0.75,277.194,0.0,3735.25
1980-01-15 00:00:00+00:00,12.54194444,39.76972222,,,0,1,0,0,0,0.7,-0.75,291.13696,0.0,1782.5
1980-01-15 00:00:00+00:00,18.9,72.82,,,1,0,0,0,0,0.7,-0.75,296.59473,0.0,0.0
1980-02-15 00:00:00+00:00,52.3,104.2833333,,,0,0,0,1,0,0.5,0.05,262.05746,5.282245e-05,427.25
1980-02-15 00:00:00+00:00,47.54260867,7.58371693,,,0,0,1,0,0,0.5,0.05,278.2163,0.00011638496,304.73438
1980-02-15 00:00:00+00:00,23.27,5.6,,,0,1,0,0,0,0.5,0.05,285.15924,0.0,2246.375
1980-02-15 00:00:00+00:00,69.1,-105.1166667,,,0,0,0,0,1,0.5,0.05,237.44687,0.0,0.0
1980-02-15 00:00:00+00:00,0.38,6.72,,,1,0,0,0,0,0.5,0.05,299.21478,2.497537e-05,0.0
1980-02-15 00:00:00+00:00,-22.66416667,-48.06,,,0,0,1,0,0,0.5,0.05,297.99487,0.00014676631,490.46875
1980-02-15 00:00:00+00:00,-67.57,-68.13,,,0,0,0,0,1,0.5,0.05,,,11.128906
1980-02-15 00:00:00+00:00,49.67,-93.72,,,0,0,0,1,0,0.5,0.05,249.86331,0.0,427.09375
1980-02-15 00:00:00+00:00,29.7,91.13333333,,,0,0,0,0,1,0.5,0.05,276.35587,0.0,3735.25
1980-02-15 00:00:00+00:00,12.54194444,39.76972222,,,0,1,0,0,0,0.5,0.05,290.69974,0.0,1782.5
1980-02-15 00:00:00+00:00,18.9,72.82,,,1,0,0,0,0,0.5,0.05,298.3742,0.0,0.0
1980-03-15 00:00:00+00:00,52.3,104.2833333,,,0,0,0,1,0,-0.7,-0.31,273.5245,0.0,427.25
1980-03-15 00:00:00+00:00,47.54260867,7.58371693,,,0,0,1,0,0,-0.7,-0.31,263.3522,0.0,304.73438
1980-03-15 00:00:00+00:00,23.27,5.6,,,0,1,0,0,0,-0.7,-0.31,291.51007,0.0,2246.375
1980-03-15 00:00:00+00:00,69.1,-105.1166667,,,0,0,0,0,1,-0.7,-0.31,237.32492,0.0,0.0
1980-03-15 00:00:00+00:00,0.38,6.72,,,1,0,0,0,0,-0.7,-0.31,299.5271,2.2403137e-05,0.0
1980-03-15 00:00:00+00:00,-22.66416667,-48.06,,,0,0,1,0,0,-0.7,-0.31,298.23807,2.0205824e-05,490.46875
1980-03-15 00:00:00+00:00,-67.57,-68.13,,,0,0,0,0,1,-0.7,-0.31,,,11.128906
1980-03-15 00:00:00+00:00,49.67,-93.72,,,0,0,0,1,0,-0.7,-0.31,260.0409,0.0,427.09375
1980-03-15 00:00:00+00:00,29.7,91.13333333,,,0,0,0,0,1,-0.7,-0.31,277.9191,0.0,3735.25
1980-03-15 00:00:00+00:00,12.54194444,39.76972222,,,0,1,0,0,0,-0.7,-0.31,290.58835,0.0,1782.5
1980-03-15 00:00:00+00:00,18.9,72.82,,,1,0,0,0,0,-0.7,-0.31,299.15616,0.0,0.0
1980-04-15 00:00:00+00:00,52.3,104.2833333,,,0,0,0,1,0,-1.0,1.29,272.4342,0.0,427.25
1980-04-15 00:00:00+00:00,47.54260867,7.58371693,,,0,0,1,0,0,-1.0,1.29,279.17264,8.57546e-05,304.73438
1980-04-15 00:00:00+00:00,23.27,5.6,,,0,1,0,0,0,-1.0,1.29,293.32642,1.225233e-05,2246.375
1980-04-15 00:00:00+00:00,69.1,-105.1166667,,,0,0,0,0,1,-1.0,1.29,260.45187,1.0477394e-05,0.0
1980-04-15 00:00:00+00:00,0.38,6.72,,,1,0,0,0,0,-1.0,1.29,298.40024,0.00015245983,0.0
1980-04-15 00:00:00+00:00,-22.66416667,-48.06,,,0,0,1,0,0,-1.0,1.29,292.9046,0.0,490.46875
1980-04-15 00:00:00+00:00,-67.57,-68.13,,,0,0,0,0,1,-1.0,1.29,,,11.128906
1980-04-15 00:00:00+00:00,49.67,-93.72,,,0,0,0,1,0,-1.0,1.29,279.32474,0.0,427.09375
1980-04-15 00:00:00+00:00,29.7,91.13333333,,,0,0,0,0,1,-1.0,1.29,283.71152,0.0,3735.25
1980-04-15 00:00:00+00:00,12.54194444,39.76972222,,,0,1,0,0,0,-1.0,1.29,291.40625,0.0004591273,1782.5
1980-04-15 00:00:00+00:00,18.9,72.82,,,1,0,0,0,0,-1.0,1.29,304.56592,0.0,0.0
1980-05-15 00:00:00+00:00,52.3,104.2833333,,,0,0,0,1,0,-0.0,-1.5,277.3096,0.0,427.25
1980-05-15 00:00:00+00:00,47.54260867,7.58371693,,,0,0,1,0,0,-0.0,-1.5,290.66946,0.0,304.73438
1980-05-15 00:00:00+00:00,23.27,5.6,,,0,1,0,0,0,-0.0,-1.5,294.2576,0.0,2246.375
1980-05-15 00:00:00+00:00,69.1,-105.1166667,,,0,0,0,0,1,-0.0,-1.5,265.2779,0.0,0.0
1980-05-15 00:00:00+00:00,0.38,6.72,,,1,0,0,0,0,-0.0,-1.5,297.6051,8.1856546e-05,0.0
1980-05-15 00:00:00+00:00,-22.66416667,-48.06,,,0,0,1,0,0,-0.0,-1.5,295.00934,6.6375937e-06,490.46875
1980-05-15 00:00:00+00:00,-67.57,-68.13,,,0,0,0,0,1,-0.0,-1.5,,,11.128906
1980-05-15 00:00:00+00:00,49.67,-93.72,,,0,0,0,1,0,-0.0,-1.5,286.97742,0.0,427.09375
1980-05-15 00:00:00+00:00,29.7,91.13333333,,,0,0,0,0,1,-0.0,-1.5,289.73138,4.9010987e-06,3735.25
1980-05-15 00:00:00+00:00,12.54194444,39.76972222,,,0,1,0,0,0,-0.0,-1.5,292.78055,0.0,1782.5
1980-05-15 00:00:00+00:00,18.9,72.82,,,1,0,0,0,0,-0.0,-1.5,303.90643,0.0,0.0
1980-06-15 00:00:00+00:00,52.3,104.2833333,,,0,0,0,1,0,-0.0,-0.37,283.42422,0.0,427.25
1980-06-15 00:00:00+00:00,47.54260867,7.58371693,,,0,0,1,0,0,-0.0,-0.37,295.01007,0.0,304.73438
1980-06-15 00:00:00+00:00,23.27,5.6,,,0,1,0,0,0,-0.0,-0.37,299.16653,0.0,2246.375
1980-06-15 00:00:00+00:00,69.1,-105.1166667,,,0,0,0,0,1,-0.0,-0.37,276.49133,0.0,0.0
1980-06-15 00:00:00+00:00,0.38,6.72,,,1,0,0,0,0,-0.0,-0.37,297.6693,4.836581e-07,0.0
1980-06-15 00:00:00+00:00,-22.66416667,-48.06,,,0,0,1,0,0,-0.0,-0.37,290.74747,2.247666e-05,490.46875
1980-06-15 00:00:00+00:00,-67.57,-68.13,,,0,0,0,0,1,-0.0,-0.37,,,11.128906
1980-06-15 00:00:00+00:00,49.67,-93.72,,,0,0,0,1,0,-0.0,-0.37,295.2913,0.0,427.09375
1980-06-15 00:00:00+00:00,29.7,91.13333333,,,0,0,0,0,1,-0.0,-0.37,291.49515,5.0517363e-05,3735.25
1980-06-15 00:00:00+00:00,12.54194444,39.76972222,,,0,1,0,0,0,-0.0,-0.37,296.27838,0.0,1782.5
1980-06-15 00:00:00+00:00,18.9,72.82,,,1,0,0,0,0,-0.0,-0.37,301.5831,0.00029432197,0.0
1980-07-15 00:00:00+00:00,52.3,104.2833333,,,0,0,0,1,0,-0.1,-0.42,293.8102,0.0,427.25
1980-07-15 00:00:00+00:00,47.54260867,7.58371693,,,0,0,1,0,0,-0.1,-0.42,289.08243,0.0,304.73438
1980-07-15 00:00:00+00:00,23.27,5.6,,,0,1,0,0,0,-0.1,-0.42,302.00653,0.0,2246.375
1980-07-15 00:00:00+00:00,69.1,-105.1166667,,,0,0,0,0,1,-0.1,-0.42,283.01648,9.849979e-06,0.0
1980-07-15 00:00:00+00:00,0.38,6.72,,,1,0,0,0,0,-0.1,-0.42,296.02652,1.0795703e-06,0.0
1980-07-15 00:00:00+00:00,-22.66416667,-48.06,,,0,0,1,0,0,-0.1,-0.42,293.9374,0.0,490.46875
1980-07-15 00:00:00+00:00,-67.57,-68.13,,,0,0,0,0,1,-0.1,-0.42,,,11.128906
1980-07-15 00:00:00+00:00,49.67,-93.72,,,0,0,0,1,0,-0.1,-0.42,294.52753,1.1662293e-05,427.09375
1980-07-15 00:00:00+00:00,29.7,91.13333333,,,0,0,0,0,1,-0.1,-0.42,292.15997,1.7930644e-05,3735.25
1980-07-15 00:00:00+00:00,12.54194444,39.76972222,,,0,1,0,0,0,-0.1,-0.42,294.42737,0.00011970575,1782.5
1980-07-15 00:00:00+00:00,18.9,72.82,,,1,0,0,0,0,-0.1,-0.42,300.36124,0.0002038461,0.0
1980-08-15 00:00:00+00:00,52.3,104.2833333,,,0,0,0,1,0,0.6,-2.24,293.99326,0.0,427.25
1980-08-15 00:00:00+00:00,47.54260867,7.58371693,,,0,0,1,0,0,0.6,-2.24,294.9766,0.00011365833,304.73438
1980-08-15 00:00:00+00:00,23.27,5.6,,,0,1,0,0,0,0.6,-2.24,298.11154,2.8582135e-06,2246.375
1980-08-15 00:00:00+00:00,69.1,-105.1166667,,,0,0,0,0,1,0.6,-2.24,278.994,6.8950603e-06,0.0
1980-08-15 00:00:00+00:00,0.38,6.72,,,1,0,0,0,0,0.6,-2.24,295.35733,5.551853e-06,0.0
1980-08-15 00:00:00+00:00,-22.66416667,-48.06,,,0,0,1,0,0,0.6,-2.24,289.86038,0.0,490.46875
1980-08-15 00:00:00+00:00,-67.57,-68.13,,,0,0,0,0,1,0.6,-2.24,,,11.128906
1980-08-15 00:00:00+00:00,49.67,-93.72,,,0,0,0,1,0,0.6,-2.24,289.21164,0.0,427.09375
1980-08-15 00:00:00+00:00,29.7,91.13333333,,,0,0,0,0,1,0.6,-2.24,290.8849,2.681519e-05,3735.25
1980-08-15 00:00:00+00:00,12.54194444,39.76972222,,,0,1,0,0,0,0.6,-2.24,292.36966,0.0,1782.5
1980-08-15 00:00:00+00:00,18.9,72.82,,,1,0,0,0,0,0.6,-2.24,300.9589,3.324123e-05,0.0
1980-09-15 00:00:00+00:00,52.3,104.2833333,,,0,0,0,1,0,-0.8,0.66,280.2139,0.0,427.25
1980-09-15 00:00:00+00:00,47.54260867,7.58371693,,,0,0,1,0,0,-0.8,0.66,284.39026,0.0,304.73438
1980-09-15 00:00:00+00:00,23.27,5.6,,,0,1,0,0,0,-0.8,0.66,297.48984,0.0,2246.375
1980-09-15 00:00:00+00:00,69.1,-105.1166667,,,0,0,0,0,1,-0.8,0.66,273.01025,5.1217576e-06,0.0
1980-09-15 00:00:00+00:00,0.38,6.72,,,1,0,0,0,0,-0.8,0.66,296.25638,2.7951195e-05,0.0
1980-09-15 00:00:00+00:00,-22.66416667,-48.06,,,0,0,1,0,0,-0.8,0.66,296.53873,0.0,490.46875
1980-09-15 00:00:00+00:00,-67.57,-68.13,,,0,0,0,0,1,-0.8,0.66,,,11.128906
1980-09-15 00:00:00+00:00,49.67,-93.72,,,0,0,0,1,0,-0.8,0.66,290.81018,6.8304917e-06,427.09375
1980-09-15 00:00:00+00:00,29.7,91.13333333,,,0,0,0,0,1,-0.8,0.66,289.76254,4.377713e-05,3735.25
1980-09-15 00:00:00+00:00,12.54194444,39.76972222,,,0,1,0,0,0,-0.8,0.66,292.49994,0.0,1782.5
1980-09-15 00:00:00+00:00,18.9,72.82,,,1,0,0,0,0,-0.8,0.66,299.64835,3.0917836e-05,0.0
1980-10-15 00:00:00+00:00,52.3,104.2833333,,,0,0,0,1,0,0.0,-1.77,279.10904,1.8442062e-05,427.25
1980-10-15 00:00:00+00:00,47.54260867,7.58371693,,,0,0,1,0,0,0.0,-1.77,283.18253,0.0,304.73438
1980-10-15 00:00:00+00:00,23.27,5.6,,,0,1,0,0,0,0.0,-1.77,290.72598,0.0,2246.375
1980-10-15 00:00:00+00:00,69.1,-105.1166667,,,0,0,0,0,1,0.0,-1.77,258.34314,3.6118643e-06,0.0
1980-10-15 00:00:00+00:00,0.38,6.72,,,1,0,0,0,0,0.0,-1.77,296.72226,0.000103446124,0.0
1980-10-15 00:00:00+00:00,-22.66416667,-48.06,,,0,0,1,0,0,0.0,-1.77,290.73685,0.0,490.46875
1980-10-15 00:00:00+00:00,-67.57,-68.13,,,0,0,0,0,1,0.0,-1.77,,,11.128906
1980-10-15 00:00:00+00:00,49.67,-93.72,,,0,0,0,1,0,0.0,-1.77,271.89545,0.0,427.09375
1980-10-15 00:00:00+00:00,29.7,91.13333333,,,0,0,0,0,1,0.0,-1.77,282.7668,9.354557e-06,3735.25
1980-10-15 00:00:00+00:00,12.54194444,39.76972222,,,0,1,0,0,0,0.0,-1.77,291.717,0.0,1782.5
1980-10-15 00:00:00+00:00,18.9,72.82,,,1,0,0,0,0,0.0,-1.77,303.25833,4.156622e-06,0.0
1980-11-15 00:00:00+00:00,52.3,104.2833333,,,0,0,0,1,0,-0.6,-0.37,271.18338,0.0,427.25
1980-11-15 00:00:00+00:00,47.54260867,7.58371693,,,0,0,1,0,0,-0.6,-0.37,274.51715,0.00020401992,304.73438
1980-11-15 00:00:00+00:00,23.27,5.6,,,0,1,0,0,0,-0.6,-0.37,284.65863,0.00010757562,2246.375
1980-11-15 00:00:00+00:00,69.1,-105.1166667,,,0,0,0,0,1,-0.6,-0.37,245.70236,0.0,0.0
1980-11-15 00:00:00+00:00,0.38,6.72,,,1,0,0,0,0,-0.6,-0.37,297.31042,4.6301633e-05,0.0
1980-11-15 00:00:00+00:00,-22.66416667,-48.06,,,0,0,1,0,0,-0.6,-0.37,299.71268,1.0148478e-05,490.46875
1980-11-15 00:00:00+00:00,-67.57,-68.13,,,0,0,0,0,1,-0.6,-0.37,,,11.128906
1980-11-15 00:00:00+00:00,49.67,-93.72,,,0,0,0,1,0,-0.6,-0.37,265.6553,3.9628478e-05,427.09375
1980-11-15 00:00:00+00:00,29.7,91.13333333,,,0,0,0,0,1,-0.6,-0.37,279.3737,0.0,3735.25
1980-11-15 00:00:00+00:00,12.54194444,39.76972222,,,0,1,0,0,0,-0.6,-0.37,291.04367,0.0,1782.5
1980-11-15 00:00:00+00:00,18.9,72.82,,,1,0,0,0,0,-0.6,-0.37,299.69247,0.0,0.0
1980-12-15 00:00:00+00:00,52.3,104.2833333,,,0,0,0,1,0,-0.1,0.78,261.62418,0.0,427.25
1980-12-15 00:00:00+00:00,47.54260867,7.58371693,,,0,0,1,0,0,-0.1,0.78,280.7641,8.774694e-06,304.73438
1980-12-15 00:00:00+00:00,23.27,5.6,,,0,1,0,0,0,-0.1,0.78,280.72916,0.0,2246.375
1980-12-15 00:00:00+00:00,69.1,-105.1166667,,,0,0,0,0,1,-0.1,0.78,251.72687,0.0,0.0
1980-12-15 00:00:00+00:00,0.38,6.72,,,1,0,0,0,0,-0.1,0.78,297.31815,8.2999526e-05,0.0
1980-12-15 00:00:00+00:00,-22.66416667,-48.06,,,0,0,1,0,0,-0.1,0.78,297.3202,1.8549896e-05,490.46875
1980-12-15 00:00:00+00:00,-67.57,-68.13,,,0,0,0,0,1,-0.1,0.78,,,11.128906
1980-12-15 00:00:00+00:00,49.67,-93.72,,,0,0,0,1,0,-0.1,0.78,257.3674,0.0,427.09375
1980-12-15 00:00:00+00:00,29.7,91.13333333,,,0,0,0,0,1,-0.1,0.78,272.36356,1.1434921e-05,3735.25
1980-12-15 00:00:00+00:00,12.54194444,39.76972222,,,0,1,0,0,0,-0.1,0.78,290.4786,0.0,1782.5
1980-12-15 00:00:00+00:00,18.9,72.82,,,1,0,0,0,0,-0.1,0.78,298.0207,0.0,0.0
1981-01-15 00:00:00+00:00,52.3,104.2833333,,,0,0,0,1,0,0.6,0.37,257.99658,0.0,427.25
1981-01-15 00:00:00+00:00,47.54260867,7.58371693,,,0,0,1,0,0,0.6,0.37,278.5008,8.962366e-05,304.73438
1981-01-15 00:00:00+00:00,23.27,5.6,,,0,1,0,0,0,0.6,0.37,278.25378,0.0,2246.375
1981-01-15 00:00:00+00:00,69.1,-105.1166667,,,0,0,0,0,1,0.6,0.37,255.2602,0.0,0.0
1981-01-15 00:00:00+00:00,0.38,6.72,,,1,0,0,0,0,0.6,0.37,297.45364,5.00813e-05,0.0
1981-01-15 00:00:00+00:00,-22.66416667,-48.06,,,0,0,1,0,0,0.6,0.37,298.1232,0.00012276377,490.46875
1981-01-15 00:00:00+00:00,-67.57,-68.13,,,0,0,0,0,1,0.6,0.37,,,11.128906
1981-01-15 00:00:00+00:00,49.67,-93.72,,,0,0,0,1,0,0.6,0.37,264.85828,0.0,427.09375
1981-01-15 00:00:00+00:00,29.7,91.13333333,,,0,0,0,0,1,0.6,0.37,278.4724,0.0,3735.25
1981-01-15 00:00:00+00:00,12.54194444,39.76972222,,,0,1,0,0,0,0.6,0.37,289.73767,0.0,1782.5
1981-01-15 00:00:00+00:00,18.9,72.82,,,1,0,0,0,0,0.6,0.37,298.94513,0.0,0.0
1981-02-15 00:00:00+00:00,52.3,104.2833333,,,0,0,0,1,0,-0.3,0.92,261.36465,0.0,427.25
1981-02-15 00:00:00+00:00,47.54260867,7.58371693,,,0,0,1,0,0,-0.3,0.92,280.29156,0.0,304.73438
1981-02-15 00:00:00+00:00,23.27,5.6,,,0,1,0,0,0,-0.3,0.92,282.77576,0.0,2246.375
1981-02-15 00:00:00+00:00,69.1,-105.1166667,,,0,0,0,0,1,-0.3,0.92,234.5223,0.0,0.0
1981-02-15 00:00:00+00:00,0.38,6.72,,,1,0,0,0,0,-0.3,0.92,298.55704,5.319331e-05,0.0
1981-02-15 00:00:00+00:00,-22.66416667,-48.06,,,0,0,1,0,0,-0.3,0.92,296.7208,0.00011298619,490.46875
1981-02-15 00:00:00+00:00,-67.57,-68.13,,,0,0,0,0,1,-0.3,0.92,,,11.128906
1981-02-15 00:00:00+00:00,49.67,-93.72,,,0,0,0,1,0,-0.3,0.92,251.00389,0.0,427.09375
1981-02-15 00:00:00+00:00,29.7,91.13333333,,,0,0,0,0,1,-0.3,0.92,277.7737,0.0,3735.25
1981-02-15 00:00:00+00:00,12.54194444,39.76972222,,,0,1,0,0,0,-0.3,0.92,293.06583,0.0,1782.5
1981-02-15 00:00:00+00:00,18.9,72.82,,,1,0,0,0,0,-0.3,0.92,297.21725,0.0,0.0
1981-03-15 00:00:00+00:00,52.3,104.2833333,,,0,0,0,1,0,-2.1,-1.19,269.52975,0.0,427.25
1981-03-15 00:00:00+00:00,47.54260867,7.58371693,,,0,0,1,0,0,-2.1,-1.19,274.73065,0.0,304.73438
1981-03-15 00:00:00+00:00,23.27,5.6,,,0,1,0,0,0,-2.1,-1.19,290.6653,0.0,2246.375
1981-03-15 00:00:00+00:00,69.1,-105.1166667,,,0,0,0,0,1,-2.1,-1.19,238.02963,0.0,0.0
1981-03-15 00:00:00+00:00,0.38,6.72,,,1,0,0,0,0,-2.1,-1.19,299.74496,3.5465608e-05,0.0
1981-03-15 00:00:00+00:00,-22.66416667,-48.06,,,0,0,1,0,0,-2.1,-1.19,295.73764,8.470934e-05,490.46875
1981-03-15 00:00:00+00:00,-67.57,-68.13,,,0,0,0,0,1,-2.1,-1.19,,,11.128906
1981-03-15 00:00:00+00:00,49.67,-93.72,,,0,0,0,1,0,-2.1,-1.19,271.26538,0.0,427.09375
1981-03-15 00:00:00+00:00,29.7,91.13333333,,,0,0,0,0,1,-2.1,-1.19,280.947,0.0,3735.25
1981-03-15 00:00:00+00:00,12.54194444,39.76972222,,,0,1,0,0,0,-2.1,-1.19,295.25507,0.0,1782.5
1981-03-15 00:00:00+00:00,18.9,72.82,,,1,0,0,0,0,-2.1,-1.19,298.61267,0.0,0.0
1981-04-15 00:00:00+00:00,52.3,104.2833333,,,0,0,0,1,0,-0.2,0.36,274.22626,8.32982e-06,427.25
1981-04-15 00:00:00+00:00,47.54260867,7.58371693,,,0,0,1,0,0,-0.2,0.36,283.39053,0.00016009451,304.73438
1981-04-15 00:00:00+00:00,23.27,5.6,,,0,1,0,0,0,-0.2,0.36,290.58606,0.0,2246.375
1981-04-15 00:00:00+00:00,69.1,-105.1166667,,,0,0,0,0,1,-0.2,0.36,256.1341,0.0,0.0
1981-04-15 00:00:00+00:00,0.38,6.72,,,1,0,0,0,0,-0.2,0.36,299.5253,3.30535e-05,0.0
1981-04-15 00:00:00+00:00,-22.66416667,-48.06,,,0,0,1,0,0,-0.2,0.36,297.37094,5.644722e-05,490.46875
1981-04-15 00:00:00+00:00,-67.57,-68.13,,,0,0,0,0,1,-0.2,0.36,,,11.128906
1981-04-15 00:00:00+00:00,49.67,-93.72,,,0,0,0,1,0,-0.2,0.36,284.46896,0.0,427.09375
1981-04-15 00:00:00+00:00,29.7,91.13333333,,,0,0,0,0,1,-0.2,0.36,284.98965,0.0,3735.25
1981-04-15 00:00:00+00:00,12.54194444,39.76972222,,,0,1,0,0,0,-0.2,0.36,296.3184,0.0,1782.5
1981-04-15 00:00:00+00:00,18.9,72.82,,,1,0,0,0,0,-0.2,0.36,304.29016,0.0,0.0
1981-05-15 00:00:00+00:00,52.3,104.2833333,,,0,0,0,1,0,1.3,0.2,287.74197,0.0,427.25
1981-05-15 00:00:00+00:00,47.54260867,7.58371693,,,0,0,1,0,0,1.3,0.2,288.5446,0.0,304.73438
1981-05-15 00:00:00+00:00,23.27,5.6,,,0,1,0,0,0,1.3,0.2,295.8496,0.0,2246.375
1981-05-15 00:00:00+00:00,69.1,-105.1166667,,,0,0,0,0,1,1.3,0.2,270.03156,3.0697145e-05,0.0
1981-05-15 00:00:00+00:00,0.38,6.72,,,1,0,0,0,0,1.3,0.2,298.64203,2.798015e-05,0.0
1981-05-15 00:00:00+00:00,-22.66416667,-48.06,,,0,0,1,0,0,1.3,0.2,295.36813,1.0107051e-05,490.46875
1981-05-15 00:00:00+00:00,-67.57,-68.13,,,0,0,0,0,1,1.3,0.2,,,11.128906
1981-05-15 00:00:00+00:00,49.67,-93.72,,,0,0,0,1,0,1.3,0.2,291.13916,0.0,427.09375
1981-05-15 00:00:00+00:00,29.7,91.13333333,,,0,0,0,0,1,1.3,0.2,286.72012,0.0,3735.25
1981-05-15 00:00:00+00:00,12.54194444,39.76972222,,,0,1,0,0,0,1.3,0.2,297.1503,0.0,1782.5
1981-05-15 00:00:00+00:00,18.9,72.82,,,1,0,0,0,0,1.3,0.2,303.8074,0.0,0.0
1981-06-15 00:00:00+00:00,52.3,104.2833333,,,0,0,0,1,0,2.0,-0.45,288.83884,0.0,427.25
1981-06-15 00:00:00+00:00,47.54260867,7.58371693,,,0,0,1,0,0,2.0,-0.45,293.66882,7.2950614e-05,304.73438
1981-06-15 00:00:00+00:00,23.27,5.6,,,0,1,0,0,0,2.0,-0.45,301.52936,0.0,2246.375
1981-06-15 00:00:00+00:00,69.1,-105.1166667,,,0,0,0,0,1,2.0,-0.45,276.14972,1.2580284e-05,0.0
1981-06-15 00:00:00+00:00,0.38,6.72,,,1,0,0,0,0,2.0,-0.45,295.69174,5.0271523e-05,0.0
1981-06-15 00:00:00+00:00,-22.66416667,-48.06,,,0,0,1,0,0,2.0,-0.45,290.20938,3.9254966e-05,490.46875
1981-06-15 00:00:00+00:00,-67.57,-68.13,,,0,0,0,0,1,2.0,-0.45,,,11.128906
1981-06-15 00:00:00+00:00,49.67,-93.72,,,0,0,0,1,0,2.0,-0.45,289.45444,9.6332515e-06,427.09375
1981-06-15 00:00:00+00:00,29.7,91.13333333,,,0,0,0,0,1,2.0,-0.45,291.57837,1.9348137e-05,3735.25
1981-06-15 00:00:00+00:00,12.54194444,39.76972222,,,0,1,0,0,0,2.0,-0.45,295.84662,0.0,1782.5
1981-06-15 00:00:00+00:00,18.9,72.82,,,1,0,0,0,0,2.0,-0.45,302.46576,0.00010486865,0.0
1981-07-15 00:00:00+00:00,52.3,104.2833333,,,0,0,0,1,0,1.4,0.05,294.13528,0.0,427.25
1981-07-15 00:00:00+00:00,47.54260867,7.58371693,,,0,0,1,0,0,1.4,0.05,289.90414,0.0,304.73438
1981-07-15 00:00:00+00:00,23.27,5.6,,,0,1,0,0,0,1.4,0.05,300.50797,0.0,2246.375
1981-07-15 00:00:00+00:00,69.1,-105.1166667,,,0,0,0,0,1,1.4,0.05,277.30212,0.0,0.0
1981-07-15 00:00:00+00:00,0.38,6.72,,,1,0,0,0,0,1.4,0.05,295.075,2.4479655e-06,0.0
1981-07-15 00:00:00+00:00,-22.66416667,-48.06,,,0,0,1,0,0,1.4,0.05,293.0299,0.0,490.46875
1981-07-15 00:00:00+00:00,-67.57,-68.13,,,0,0,0,0,1,1.4,0.05,,,11.128906
1981-07-15 00:00:00+00:00,49.67,-93.72,,,0,0,0,1,0,1.4,0.05,292.9012,0.0,427.09375
1981-07-15 00:00:00+00:00,29.7,91.13333333,,,0,0,0,0,1,1.4,0.05,290.8018,0.0,3735.25
1981-07-15 00:00:00+00:00,12.54194444,39.76972222,,,0,1,0,0,0,1.4,0.05,292.2046,0.0,1782.5
1981-07-15 00:00:00+00:00,18.9,72.82,,,1,0,0,0,0,1.4,0.05,300.21844,0.0002928936,0.0
1981-08-15 00:00:00+00:00,52.3,104.2833333,,,0,0,0,1,0,1.2,0.39,285.9923,0.0,427.25
1981-08-15 00:00:00+00:00,47.54260867,7.58371693,,,0,0,1,0,0,1.2,0.39,284.56445,2.9977362e-05,304.73438
1981-08-15 00:00:00+00:00,23.27,5.6,,,0,1,0,0,0,1.2,0.39,299.5684,0.0,2246.375
1981-08-15 00:00:00+00:00,69.1,-105.1166667,,,0,0,0,0,1,1.2,0.39,289.01764,2.3243656e-05,0.0
1981-08-15 00:00:00+00:00,0.38,6.72,,,1,0,0,0,0,1.2,0.39,294.9868,6.555746e-06,0.0
1981-08-15 00:00:00+00:00,-22.66416667,-48.06,,,0,0,1,0,0,1.2,0.39,291.52896,0.0,490.46875
1981-08-15 00:00:00+00:00,-67.57,-68.13,,,0,0,0,0,1,1.2,0.39,,,11.128906
1981-08-15 00:00:00+00:00,49.67,-93.72,,,0,0,0,1,0,1.2,0.39,288.94238,0.0,427.09375
1981-08-15 00:00:00+00:00,29.7,91.13333333,,,0,0,0,0,1,1.2,0.39,291.9112,4.670123e-05,3735.25
1981-08-15 00:00:00+00:00,12.54194444,39.76972222,,,0,1,0,0,0,1.2,0.39,292.8524,0.0,1782.5
1981-08-15 00:00:00+00:00,18.9,72.82,,,1,0,0,0,0,1.2,0.39,301.02344,3.1349922e-05,0.0
1981-09-15 00:00:00+00:00,52.3,104.2833333,,,0,0,0,1,0,0.5,-1.45,281.8891,0.0,427.25
1981-09-15 00:00:00+00:00,47.54260867,7.58371693,,,0,0,1,0,0,0.5,-1.45,284.086,0.0,304.73438
1981-09-15 00:00:00+00:00,23.27,5.6,,,0,1,0,0,0,0.5,-1.45,297.4543,3.9421443e-06,2246.375
1981-09-15 00:00:00+00:00,69.1,-105.1166667,,,0,0,0,0,1,0.5,-1.45,273.87457,0.0,0.0
1981-09-15 00:00:00+00:00,0.38,6.72,,,1,0,0,0,0,0.5,-1.45,296.94073,4.0348874e-07,0.0
1981-09-15 00:00:00+00:00,-22.66416667,-48.06,,,0,0,1,0,0,0.5,-1.45,298.02304,0.0,490.46875
1981-09-15 00:00:00+00:00,-67.57,-68.13,,,0,0,0,0,1,0.5,-1.45,,,11.128906
1981-09-15 00:00:00+00:00,49.67,-93.72,,,0,0,0,1,0,0.5,-1.45,278.58517,0.0,427.09375
1981-09-15 00:00:00+00:00,29.7,91.13333333,,,0,0,0,0,1,0.5,-1.45,289.1019,1.8344022e-05,3735.25
1981-09-15 00:00:00+00:00,12.54194444,39.76972222,,,0,1,0,0,0,0.5,-1.45,292.7537,4.1404965e-05,1782.5
1981-09-15 00:00:00+00:00,18.9,72.82,,,1,0,0,0,0,0.5,-1.45,300.85187,2.6065607e-05,0.0
1981-10-15 00:00:00+00:00,52.3,104.2833333,,,0,0,0,1,0,-0.6,-1.35,274.86972,0.0,427.25
1981-10-15 00:00:00+00:00,47.54260867,7.58371693,,,0,0,1,0,0,-0.6,-1.35,283.77826,4.0769133e-05,304.73438
1981-10-15 00:00:00+00:00,23.27,5.6,,,0,1,0,0,0,-0.6,-1.35,294.06628,0.0,2246.375
1981-10-15 00:00:00+00:00,69.1,-105.1166667,,,0,0,0,0,1,-0.6,-1.35,264.80087,4.1677454e-06,0.0
1981-10-15 00:00:00+00:00,0.38,6.72,,,1,0,0,0,0,-0.6,-1.35,296.90695,5.1250518e-05,0.0
1981-10-15 00:00:00+00:00,-22.66416667,-48.06,,,0,0,1,0,0,-0.6,-1.35,300.76886,4.940329e-06,490.46875
1981-10-15 00:00:00+00:00,-67.57,-68.13,,,0,0,0,0,1,-0.6,-1.35,,,11.128906
1981-10-15 00:00:00+00:00,49.67,-93.72,,,0,0,0,1,0,-0.6,-1.35,280.30655,0.0,427.09375
1981-10-15 00:00:00+00:00,29.7,91.13333333,,,0,0,0,0,1,-0.6,-1.35,286.662,0.0,3735.25
1981-10-15 00:00:00+00:00,12.54194444,39.76972222,,,0,1,0,0,0,-0.6,-1.35,292.98618,0.0,1782.5
1981-10-15 00:00:00+00:00,18.9,72.82,,,1,0,0,0,0,-0.6,-1.35,301.92487,5.75034e-06,0.0
1981-11-15 00:00:00+00:00,52.3,104.2833333,,,0,0,0,1,0,0.3,-0.38,265.10846,2.163826e-05,427.25
1981-11-15 00:00:00+00:00,47.54260867,7.58371693,,,0,0,1,0,0,0.3,-0.38,273.46017,0.0,304.73438
1981-11-15 00:00:00+00:00,23.27,5.6,,,0,1,0,0,0,0.3,-0.38,287.02435,0.0,2246.375
1981-11-15 00:00:00+00:00,69.1,-105.1166667,,,0,0,0,0,1,0.3,-0.38,245.33562,0.0,0.0
1981-11-15 00:00:00+00:00,0.38,6.72,,,1,0,0,0,0,0.3,-0.38,298.05118,0.00010091903,0.0
1981-11-15 00:00:00+00:00,-22.66416667,-48.06,,,0,0,1,0,0,0.3,-0.38,297.26895,0.00013089347,490.46875
1981-11-15 00:00:00+00:00,-67.57,-68.13,,,0,0,0,0,1,0.3,-0.38,,,11.128906
1981-11-15 00:00:00+00:00,49.67,-93.72,,,0,0,0,1,0,0.3,-0.38,273.45547,0.0,427.09375
1981-11-15 00:00:00+00:00,29.7,91.13333333,,,0,0,0,0,1,0.3,-0.38,280.16275,0.0,3735.25
1981-11-15 00:00:00+00:00,12.54194444,39.76972222,,,0,1,0,0,0,0.3,-0.38,290.5329,0.0,1782.5
1981-11-15 00:00:00+00:00,18.9,72.82,,,1,0,0,0,0,0.3,-0.38,301.02124,1.122473e-05,0.0
1981-12-15 00:00:00+00:00,52.3,104.2833333,,,0,0,0,1,0,0.8,-0.02,257.74542,0.0,427.25
1981-12-15 00:00:00+00:00,47.54260867,7.58371693,,,0,0,1,0,0,0.8,-0.02,273.47183,0.0,304.73438
1981-12-15 00:00:00+00:00,23.27,5.6,,,0,1,0,0,0,0.8,-0.02,280.6739,0.0,2246.375
1981-12-15 00:00:00+00:00,69.1,-105.1166667,,,0,0,0,0,1,0.8,-0.02,240.26215,0.0,0.0
1981-12-15 00:00:00+00:00,0.38,6.72,,,1,0,0,0,0,0.8,-0.02,296.90173,0.00012215319,0.0
1981-12-15 00:00:00+00:00,-22.66416667,-48.06,,,0,0,1,0,0,0.8,-0.02,295.53372,0.0,490.46875
1981-12-15 00:00:00+00:00,-67.57,-68.13,,,0,0,0,0,1,0.8,-0.02,,,11.128906
1981-12-15 00:00:00+00:00,49.67,-93.72,,,0,0,0,1,0,0.8,-0.02,269.63226,0.0,427.09375
1981-12-15 00:00:00+00:00,29.7,91.13333333,,,0,0,0,0,1,0.8,-0.02,279.17044,1.1368019e-05,3735.25
1981-12-15 00:00:00+00:00,12.54194444,39.76972222,,,0,1,0,0,0,0.8,-0.02,291.10507,0.0,1782.5
1981-12-15 00:00:00+00:00,18.9,72.82,,,1,0,0,0,0,0.8,-0.02,296.7732,0.0,0.0
1982-01-15 00:00:00+00:00,52.3,104.2833333,,,0,0,0,1,0,2.0,-0.89,245.829,0.0,427.25
1982-01-15 00:00:00+00:00,47.54260867,7.58371693,,,0,0,1,0,0,2.0,-0.89,276.2952,6.735475e-05,304.73438
1982-01-15 00:00:00+00:00,23.27,5.6,,,0,1,0,0,0,2.0,-0.89,280.75793,0.0,2246.375
1982-01-15 00:00:00+00:00,69.1,-105.1166667,,,0,0,0,0,1,2.0,-0.89,243.25162,0.0,0.0
1982-01-15 00:00:00+00:00,0.38,6.72,,,1,0,0,0,0,2.0,-0.89,299.2951,3.725231e-05,0.0
1982-01-15 00:00:00+00:00,-22.66416667,-48.06,,,0,0,1,0,0,2.0,-0.89,297.21497,0.00019246108,490.46875
1982-01-15 00:00:00+00:00,-67.57,-68.13,,,0,0,0,0,1,2.0,-0.89,,,11.128906
1982-01-15 00:00:00+00:00,49.67,-93.72,,,0,0,0,1,0,2.0,-0.89,249.9907,9.5308615e-06,427.09375
1982-01-15 00:00:00+00:00,29.7,91.13333333,,,0,0,0,0,1,2.0,-0.89,279.89444,0.0,3735.25
1982-01-15 00:00:00+00:00,12.54194444,39.76972222,,,0,1,0,0,0,2.0,-0.89,288.77286,0.0,1782.5
1982-01-15 00:00:00+00:00,18.9,72.82,,,1,0,0,0,0,2.0,-0.89,297.6737,0.0,0.0
1982-02-15 00:00:00+00:00,52.3,104.2833333,,,0,0,0,1,0,0.4,1.15,257.26865,0.0,427.25
1982-02-15 00:00:00+00:00,47.54260867,7.58371693,,,0,0,1,0,0,0.4,1.15,274.09808,0.0,304.73438
1982-02-15 00:00:00+00:00,23.27,5.6,,,0,1,0,0,0,0.4,1.15,281.4431,0.0,2246.375
1982-02-15 00:00:00+00:00,69.1,-105.1166667,,,0,0,0,0,1,0.4,1.15,236.86223,0.0,0.0
1982-02-15 00:00:00+00:00,0.38,6.72,,,1,0,0,0,0,0.4,1.15,297.99002,8.231546e-05,0.0
1982-02-15 00:00:00+00:00,-22.66416667,-48.06,,,0,0,1,0,0,0.4,1.15,299.38602,1.3853834e-05,490.46875
1982-02-15 00:00:00+00:00,-67.57,-68.13,,,0,0,0,0,1,0.4,1.15,,,11.128906
1982-02-15 00:00:00+00:00,49.67,-93.72,,,0,0,0,1,0,0.4,1.15,261.97662,2.1866485e-05,427.09375
1982-02-15 00:00:00+00:00,29.7,91.13333333,,,0,0,0,0,1,0.4,1.15,280.99783,0.0,3735.25
1982-02-15 00:00:00+00:00,12.54194444,39.76972222,,,0,1,0,0,0,0.4,1.15,291.29443,0.0,1782.5
1982-02-15 00:00:00+00:00,18.9,72.82,,,1,0,0,0,0,0.4,1.15,299.65482,0.0,0.0
1982-03-15 00:00:00+00:00,52.3,104.2833333,,,0,0,0,1,0,1.0,1.15,270.22516,0.0,427.25
1982-03-15 00:00:00+00:00,47.54260867,7.58371693,,,0,0,1,0,0,1.0,1.15,277.6955,0.000101708916,304.73438
1982-03-15 00:00:00+00:00,23.27,5.6,,,0,1,0,0,0,1.0,1.15,285.63812,0.0,2246.375
1982-03-15 00:00:00+00:00,69.1,-105.1166667,,,0,0,0,0,1,1.0,1.15,239.63435,0.0,0.0
1982-03-15 00:00:00+00:00,0.38,6.72,,,1,0,0,0,0,1.0,1.15,299.0976,6.417493e-05,0.0
1982-03-15 00:00:00+00:00,-22.66416667,-48.06,,,0,0,1,0,0,1.0,1.15,296.83862,8.763235e-05,490.46875
1982-03-15 00:00:00+00:00,-67.57,-68.13,,,0,0,0,0,1,1.0,1.15,,,11.128906
1982-03-15 00:00:00+00:00,49.67,-93.72,,,0,0,0,1,0,1.0,1.15,269.99442,2.2807531e-05,427.09375
1982-03-15 00:00:00+00:00,29.7,91.13333333,,,0,0,0,0,1,1.0,1.15,279.82687,0.0,3735.25
1982-03-15 00:00:00+00:00,12.54194444,39.76972222,,,0,1,0,0,0,1.0,1.15,293.79852,0.0,1782.5
1982-03-15 00:00:00+00:00,18.9,72.82,,,1,0,0,0,0,1.0,1.15,301.46545,0.0,0.0
1982-04-15 00:00:00+00:00,52.3,104.2833333,,,0,0,0,1,0,0.1,0.1,279.1496,0.0,427.25
1982-04-15 00:00:00+00:00,47.54260867,7.58371693,,,0,0,1,0,0,0.1,0.1,280.99603,0.0,304.73438
1982-04-15 00:00:00+00:00,23.27,5.6,,,0,1,0,0,0,0.1,0.1,287.6715,0.0,2246.375
1982-04-15 00:00:00+00:00,69.1,-105.1166667,,,0,0,0,0,1,0.1,0.1,251.47597,0.0,0.0
1982-04-15 00:00:00+00:00,0.38,6.72,,,1,0,0,0,0,0.1,0.1,297.90332,8.8373476e-05,0.0
1982-04-15 00:00:00+00:00,-22.66416667,-48.06,,,0,0,1,0,0,0.1,0.1,293.13715,0.0,490.46875
1982-04-15 00:00:00+00:00,-67.57,-68.13,,,0,0,0,0,1,0.1,0.1,,,11.128906
1982-04-15 00:00:00+00:00,49.67,-93.72,,,0,0,0,1,0,0.1,0.1,274.54114,1.0890641e-05,427.09375
1982-04-15 00:00:00+00:00,29.7,91.13333333,,,0,0,0,0,1,0.1,0.1,281.22522,0.0,3735.25
1982-04-15 00:00:00+00:00,12.54194444,39.76972222,,,0,1,0,0,0,0.1,0.1,295.8904,0.0,1782.5
1982-04-15 00:00:00+00:00,18.9,72.82,,,1,0,0,0,0,0.1,0.1,301.0357,0.0,0.0
1982-05-15 00:00:00+00:00,52.3,104.2833333,,,0,0,0,1,0,-0.6,-0.53,275.96005,2.3891553e-05,427.25
1982-05-15 00:00:00+00:00,47.54260867,7.58371693,,,0,0,1,0,0,-0.6,-0.53,279.9887,3.1699186e-05,304.73438
1982-05-15 00:00:00+00:00,23.27,5.6,,,0,1,0,0,0,-0.6,-0.53,300.87787,0.0,2246.375
1982-05-15 00:00:00+00:00,69.1,-105.1166667,,,0,0,0,0,1,-0.6,-0.53,260.3101,0.0,0.0
1982-05-15 00:00:00+00:00,0.38,6.72,,,1,0,0,0,0,-0.6,-0.53,298.4002,5.4539114e-06,0.0
1982-05-15 00:00:00+00:00,-22.66416667,-48.06,,,0,0,1,0,0,-0.6,-0.53,289.28708,0.0,490.46875
1982-05-15 00:00:00+00:00,-67.57,-68.13,,,0,0,0,0,1,-0.6,-0.53,,,11.128906
1982-05-15 00:00:00+00:00,49.67,-93.72,,,0,0,0,1,0,-0.6,-0.53,280.8261,0.0,427.09375
1982-05-15 00:00:00+00:00,29.7,91.13333333,,,0,0,0,0,1,-0.6,-0.53,289.64816,0.0,3735.25
1982-05-15 00:00:00+00:00,12.54194444,39.76972222,,,0,1,0,0,0,-0.6,-0.53,297.08362,0.0,1782.5
1982-05-15 00:00:00+00:00,18.9,72.82,,,1,0,0,0,0,-0.6,-0.53,302.82712,0.0,0.0
1982-06-15 00:00:00+00:00,52.3,104.2833333,,,0,0,0,1,0,-1.7,-1.63,285.96686,0.00014217175,427.25
1982-06-15 00:00:00+00:00,47.54260867,7.58371693,,,0,0,1,0,0,-1.7,-1.63,285.03217,0.00016772663,304.73438
1982-06-15 00:00:00+00:00,23.27,5.6,,,0,1,0,0,0,-1.7,-1.63,298.7607,0.0,2246.375
1982-06-15 00:00:00+00:00,69.1,-105.1166667,,,0,0,0,0,1,-1.7,-1.63,271.63766,2.507335e-05,0.0
1982-06-15 00:00:00+00:00,0.38,6.72,,,1,0,0,0,0,-1.7,-1.63,295.93875,1.7697895e-06,0.0
1982-06-15 00:00:00+00:00,-22.66416667,-48.06,,,0,0,1,0,0,-1.7,-1.63,289.95166,0.0,490.46875
1982-06-15 00:00:00+00:00,-67.57,-68.13,,,0,0,0,0,1,-1.7,-1.63,,,11.128906
1982-06-15 00:00:00+00:00,49.67,-93.72,,,0,0,0,1,0,-1.7,-1.63,292.45514,0.0,427.09375
1982-06-15 00:00:00+00:00,29.7,91.13333333,,,0,0,0,0,1,-1.7,-1.63,293.525,0.0,3735.25
1982-06-15 00:00:00+00:00,12.54194444,39.76972222,,,0,1,0,0,0,-1.7,-1.63,295.7917,0.0,1782.5
1982-06-15 00:00:00+00:00,18.9,72.82,,,1,0,0,0,0,-1.7,-1.63,300.63635,0.000103308754,0.0
1982-07-15 00:00:00+00:00,52.3,104.2833333,,,0,0,0,1,0,-2.5,1.15,289.83777,0.0,427.25
1982-07-15 00:00:00+00:00,47.54260867,7.58371693,,,0,0,1,0,0,-2.5,1.15,296.0332,0.0,304.73438
1982-07-15 00:00:00+00:00,23.27,5.6,,,0,1,0,0,0,-2.5,1.15,298.0854,6.9870885e-06,2246.375
1982-07-15 00:00:00+00:00,69.1,-105.1166667,,,0,0,0,0,1,-2.5,1.15,285.40454,6.837e-05,0.0
1982-07-15 00:00:00+00:00,0.38,6.72,,,1,0,0,0,0,-2.5,1.15,295.6344,1.0824724e-06,0.0
1982-07-15 00:00:00+00:00,-22.66416667,-48.06,,,0,0,1,0,0,-2.5,1.15,290.76624,0.0,490.46875
1982-07-15 00:00:00+00:00,-67.57,-68.13,,,0,0,0,0,1,-2.5,1.15,,,11.128906
1982-07-15 00:00:00+00:00,49.67,-93.72,,,0,0,0,1,0,-2.5,1.15,287.9273,0.00015622398,427.09375
1982-07-15 00:00:00+00:00,29.7,91.13333333,,,0,0,0,0,1,-2.5,1.15,291.46933,6.0414975e-05,3735.25
1982-07-15 00:00:00+00:00,12.54194444,39.76972222,,,0,1,0,0,0,-2.5,1.15,293.37985,0.0,1782.5
1982-07-15 00:00:00+00:00,18.9,72.82,,,1,0,0,0,0,-2.5,1.15,300.40808,9.4220784e-05,0.0
1982-08-15 00:00:00+00:00,52.3,104.2833333,,,0,0,0,1,0,-2.9,0.26,291.54288,0.0,427.25
1982-08-15 00:00:00+00:00,47.54260867,7.58371693,,,0,0,1,0,0,-2.9,0.26,292.1158,3.865868e-05,304.73438
1982-08-15 00:00:00+00:00,23.27,5.6,,,0,1,0,0,0,-2.9,0.26,296.6002,9.488161e-06,2246.375
1982-08-15 00:00:00+00:00,69.1,-105.1166667,,,0,0,0,0,1,-2.9,0.26,279.68073,5.792191e-06,0.0
1982-08-15 00:00:00+00:00,0.38,6.72,,,1,0,0,0,0,-2.9,0.26,295.21454,5.74089e-06,0.0
1982-08-15 00:00:00+00:00,-22.66416667,-48.06,,,0,0,1,0,0,-2.9,0.26,294.852,0.0,490.46875
1982-08-15 00:00:00+00:00,-67.57,-68.13,,,0,0,0,0,1,-2.9,0.26,,,11.128906
1982-08-15 00:00:00+00:00,49.67,-93.72,,,0,0,0,1,0,-2.9,0.26,289.31723,0.0,427.09375
1982-08-15 00:00:00+00:00,29.7,91.13333333,,,0,0,0,0,1,-2.9,0.26,290.73822,5.4437474e-05,3735.25
1982-08-15 00:00:00+00:00,12.54194444,39.76972222,,,0,1,0,0,0,-2.9,0.26,291.93542,0.0,1782.5
1982-08-15 00:00:00+00:00,18.9,72.82,,,1,0,0,0,0,-2.9,0.26,300.08057,3.6417423e-05,0.0
1982-09-15 00:00:00+00:00,52.3,104.2833333,,,0,0,0,1,0,-2.9,1.76,283.80078,1.1881103e-05,427.25
1982-09-15 00:00:00+00:00,47.54260867,7.58371693,,,0,0,1,0,0,-2.9,1.76,289.0996,0.0,304.73438
1982-09-15 00:00:00+00:00,23.27,5.6,,,0,1,0,0,0,-2.9,1.76,296.1154,0.0,2246.375
1982-09-15 00:00:00+00:00,69.1,-105.1166667,,,0,0,0,0,1,-2.9,1.76,270.2079,0.0,0.0
1982-09-15 00:00:00+00:00,0.38,6.72,,,1,0,0,0,0,-2.9,1.76,296.0497,1.5683161e-05,0.0
1982-09-15 00:00:00+00:00,-22.66416667,-48.06,,,0,0,1,0,0,-2.9,1.76,294.132,2.6350912e-05,490.46875
1982-09-15 00:00:00+00:00,-67.57,-68.13,,,0,0,0,0,1,-2.9,1.76,,,11.128906
1982-09-15 00:00:00+00:00,49.67,-93.72,,,0,0,0,1,0,-2.9,1.76,293.23615,0.0,427.09375
1982-09-15 00:00:00+00:00,29.7,91.13333333,,,0,0,0,0,1,-2.9,1.76,286.17685,0.0,3735.25
1982-09-15 00:00:00+00:00,12.54194444,39.76972222,,,0,1,0,0,0,-2.9,1.76,291.97586,0.0,1782.5
1982-09-15 00:00:00+00:00,18.9,72.82,,,1,0,0,0,0,-2.9,1.76,300.38766,4.6207944e-05,0.0
1982-10-15 00:00:00+00:00,52.3,104.2833333,,,0,0,0,1,0,-2.8,-0.74,275.77094,0.0,427.25
1982-10-15 00:00:00+00:00,47.54260867,7.58371693,,,0,0,1,0,0,-2.8,-0.74,282.39572,5.0522736e-05,304.73438
1982-10-15 00:00:00+00:00,23.27,5.6,,,0,1,0,0,0,-2.8,-0.74,290.37317,0.0,2246.375
1982-10-15 00:00:00+00:00,69.1,-105.1166667,,,0,0,0,0,1,-2.8,-0.74,271.166,2.4060368e-05,0.0
1982-10-15 00:00:00+00:00,0.38,6.72,,,1,0,0,0,0,-2.8,-0.74,296.41403,5.786786e-05,0.0
1982-10-15 00:00:00+00:00,-22.66416667,-48.06,,,0,0,1,0,0,-2.8,-0.74,291.3514,0.0,490.46875
1982-10-15 00:00:00+00:00,-67.57,-68.13,,,0,0,0,0,1,-2.8,-0.74,,,11.128906
1982-10-15 00:00:00+00:00,49.67,-93.72,,,0,0,0,1,0,-2.8,-0.74,284.8148,4.2390915e-05,427.09375
1982-10-15 00:00:00+00:00,29.7,91.13333333,,,0,0,0,0,1,-2.8,-0.74,285.7834,4.5456486e-06,3735.25
1982-10-15 00:00:00+00:00,12.54194444,39.76972222,,,0,1,0,0,0,-2.8,-0.74,292.102,0.0,1782.5
1982-10-15 00:00:00+00:00,18.9,72.82,,,1,0,0,0,0,-2.8,-0.74,299.93866,3.663302e-05,0.0
1982-11-15 00:00:00+00:00,52.3,104.2833333,,,0,0,0,1,0,-4.3,1.6,263.52435,0.0,427.25
1982-11-15 00:00:00+00:00,47.54260867,7.58371693,,,0,0,1,0,0,-4.3,1.6,274.35712,0.0,304.73438
1982-11-15 00:00:00+00:00,23.27,5.6,,,0,1,0,0,0,-4.3,1.6,287.3756,0.0,2246.375
1982-11-15 00:00:00+00:00,69.1,-105.1166667,,,0,0,0,0,1,-4.3,1.6,242.59052,0.0,0.0
1982-11-15 00:00:00+00:00,0.38,6.72,,,1,0,0,0,0,-4.3,1.6,297.38052,2.519494e-05,0.0
1982-11-15 00:00:00+00:00,-22.66416667,-48.06,,,0,0,1,0,0,-4.3,1.6,297.92215,8.8454486e-05,490.46875
1982-11-15 00:00:00+00:00,-67.57,-68.13,,,0,0,0,0,1,-4.3,1.6,,,11.128906
1982-11-15 00:00:00+00:00,49.67,-93.72,,,0,0,0,1,0,-4.3,1.6,270.56406,0.0,427.09375
1982-11-15 00:00:00+00:00,29.7,91.13333333,,,0,0,0,0,1,-4.3,1.6,278.81622,0.0,3735.25
1982-11-15 00:00:00+00:00,12.54194444,39.76972222,,,0,1,0,0,0,-4.3,1.6,290.5352,0.0,1782.5
1982-11-15 00:00:00+00:00,18.9,72.82,,,1,0,0,0,0,-4.3,1.6,299.13235,0.0,0.0
1982-12-15 00:00:00+00:00,52.3,104.2833333,,,0,0,0,1,0,-3.7,1.78,260.60187,0.0,427.25
1982-12-15 00:00:00+00:00,47.54260867,7.58371693,,,0,0,1,0,0,-3.7,1.78,280.15308,6.8475165e-05,304.73438
1982-12-15 00:00:00+00:00,23.27,5.6,,,0,1,0,0,0,-3.7,1.78,283.238,0.0,2246.375
1982-12-15 00:00:00+00:00,69.1,-105.1166667,,,0,0,0,0,1,-3.7,1.78,253.00543,0.0,0.0
1982-12-15 00:00:00+00:00,0.38,6.72,,,1,0,0,0,0,-3.7,1.78,298.06577,9.361313e-05,0.0
1982-12-15 00:00:00+00:00,-22.66416667,-48.06,,,0,0,1,0,0,-3.7,1.78,295.27246,8.95055e-06,490.46875
1982-12-15 00:00:00+00:00,-67.57,-68.13,,,0,0,0,0,1,-3.7,1.78,,,11.128906
1982-12-15 00:00:00+00:00,49.67,-93.72,,,0,0,0,1,0,-3.7,1.78,263.28372,0.0,427.09375
1982-12-15 00:00:00+00:00,29.7,91.13333333,,,0,0,0,0,1,-3.7,1.78,278.5377,1.8238074e-05,3735.25
1982-12-15 00:00:00+00:00,12.54194444,39.76972222,,,0,1,0,0,0,-3.7,1.78,290.3391,0.0,1782.5
1982-12-15 00:00:00+00:00,18.9,72.82,,,1,0,0,0,0,-3.7,1.78,297.64505,0.0,0.0
1983-01-15 00:00:00+00:00,52.3,104.2833333,,,0,0,0,1,0,-5.8,1.59,249.28098,0.0,427.25
1983-01-15 00:00:00+00:00,47.54260867,7.58371693,,,0,0,1,0,0,-5.8,1.59,274.6128,0.0,304.73438
1983-01-15 00:00:00+00:00,23.27,5.6,,,0,1,0,0,0,-5.8,1.59,280.24667,0.0,2246.375
1983-01-15 00:00:00+00:00,69.1,-105.1166667,,,0,0,0,0,1,-5.8,1.59,246.34953,4.407104e-06,0.0
1983-01-15 00:00:00+00:00,0.38,6.72,,,1,0,0,0,0,-5.8,1.59,298.97522,2.9622792e-05,0.0
1983-01-15 00:00:00+00:00,-22.66416667,-48.06,,,0,0,1,0,0,-5.8,1.59,297.00003,0.0,490.46875
1983-01-15 00:00:00+00:00,-67.57,-68.13,,,0,0,0,0,1,-5.8,1.59,,,11.128906
1983-01-15 00:00:00+00:00,49.67,-93.72,,,0,0,0,1,0,-5.8,1.59,262.78455,0.0,427.09375
1983-01-15 00:00:00+00:00,29.7,91.13333333,,,0,0,0,0,1,-5.8,1.59,271.6887,0.0,3735.25
1983-01-15 00:00:00+00:00,12.54194444,39.76972222,,,0,1,0,0,0,-5.8,1.59,292.33725,0.0,1782.5
1983-01-15 00:00:00+00:00,18.9,72.82,,,1,0,0,0,0,-5.8,1.59,297.05914,0.0,0.0
1983-02-15 00:00:00+00:00,52.3,104.2833333,,,0,0,0,1,0,-6.0,-0.53,250.42755,0.0,427.25
1983-02-15 00:00:00+00:00,47.54260867,7.58371693,,,0,0,1,0,0,-6.0,-0.53,274.06406,0.0,304.73438
1983-02-15 00:00:00+00:00,23.27,5.6,,,0,1,0,0,0,-6.0,-0.53,278.86307,0.0,2246.375
1983-02-15 00:00:00+00:00,69.1,-105.1166667,,,0,0,0,0,1,-6.0,-0.53,231.09804,0.0,0.0
1983-02-15 00:00:00+00:00,0.38,6.72,,,1,0,0,0,0,-6.0,-0.53,299.1111,1.3748926e-05,0.0
1983-02-15 00:00:00+00:00,-22.66416667,-48.06,,,0,0,1,0,0,-6.0,-0.53,299.92328,4.543674e-05,490.46875
1983-02-15 00:00:00+00:00,-67.57,-68.13,,,0,0,0,0,1,-6.0,-0.53,,,11.128906
1983-02-15 00:00:00+00:00,49.67,-93.72,,,0,0,0,1,0,-6.0,-0.53,260.63425,0.0,427.09375
1983-02-15 00:00:00+00:00,29.7,91.13333333,,,0,0,0,0,1,-6.0,-0.53,279.04245,0.0,3735.25
1983-02-15 00:00:00+00:00,12.54194444,39.76972222,,,0,1,0,0,0,-6.0,-0.53,292.2356,0.0,1782.5
1983-02-15 00:00:00+00:00,18.9,72.82,,,1,0,0,0,0,-6.0,-0.53,299.11862,0.0,0.0
1983-03-15 00:00:00+00:00,52.3,104.2833333,,,0,0,0,1,0,-4.0,0.95,267.67508,1.924092e-05,427.25
1983-03-15 00:00:00+00:00,47.54260867,7.58371693,,,0,0,1,0,0,-4.0,0.95,278.97122,0.0,304.73438
1983-03-15 00:00:00+00:00,23.27,5.6,,,0,1,0,0,0,-4.0,0.95,287.70554,0.0,2246.375
1983-03-15 00:00:00+00:00,69.1,-105.1166667,,,0,0,0,0,1,-4.0,0.95,250.3088,1.373028e-05,0.0
1983-03-15 00:00:00+00:00,0.38,6.72,,,1,0,0,0,0,-4.0,0.95,300.14526,2.9584728e-05,0.0
1983-03-15 00:00:00+00:00,-22.66416667,-48.06,,,0,0,1,0,0,-4.0,0.95,300.05173,1.3886144e-05,490.46875
1983-03-15 00:00:00+00:00,-67.57,-68.13,,,0,0,0,0,1,-4.0,0.95,,,11.128906
1983-03-15 00:00:00+00:00,49.67,-93.72,,,0,0,0,1,0,-4.0,0.95,272.36603,0.0,427.09375
1983-03-15 00:00:00+00:00,29.7,91.13333333,,,0,0,0,0,1,-4.0,0.95,283.1674,0.0,3735.25
1983-03-15 00:00:00+00:00,12.54194444,39.76972222,,,0,1,0,0,0,-4.0,0.95,292.7306,0.0,1782.5
1983-03-15 00:00:00+00:00,18.9,72.82,,,1,0,0,0,0,-4.0,0.95,300.96936,0.0,0.0
1983-04-15 00:00:00+00:00,52.3,104.2833333,,,0,0,0,1,0,-1.5,-0.85,276.31146,1.2994941e-05,427.25
1983-04-15 00:00:00+00:00,47.54260867,7.58371693,,,0,0,1,0,0,-1.5,-0.85,277.21793,0.0,304.73438
1983-04-15 00:00:00+00:00,23.27,5.6,,,0,1,0,0,0,-1.5,-0.85,295.22946,0.0,2246.375
1983-04-15 00:00:00+00:00,69.1,-105.1166667,,,0,0,0,0,1,-1.5,-0.85,256.3754,0.0,0.0
1983-04-15 00:00:00+00:00,0.38,6.72,,,1,0,0,0,0,-1.5,-0.85,299.49353,1.3782727e-05,0.0
1983-04-15 00:00:00+00:00,-22.66416667,-48.06,,,0,0,1,0,0,-1.5,-0.85,294.64197,0.0,490.46875
1983-04-15 00:00:00+00:00,-67.57,-68.13,,,0,0,0,0,1,-1.5,-0.85,,,11.128906
1983-04-15 00:00:00+00:00,49.67,-93.72,,,0,0,0,1,0,-1.5,-0.85,274.2069,0.0,427.09375
1983-04-15 00:00:00+00:00,29.7,91.13333333,,,0,0,0,0,1,-1.5,-0.85,283.82895,5.018626e-05,3735.25
1983-04-15 00:00:00+00:00,12.54194444,39.76972222,,,0,1,0,0,0,-1.5,-0.85,291.7255,0.0,1782.5
1983-04-15 00:00:00+00:00,18.9,72.82,,,1,0,0,0,0,-1.5,-0.85,301.63998,0.0,0.0
1983-05-15 00:00:00+00:00,52.3,104.2833333,,,0,0,0,1,0,1.0,-0.07,281.66595,1.934272e-05,427.25
1983-05-15 00:00:00+00:00,47.54260867,7.58371693,,,0,0,1,0,0,1.0,-0.07,284.453,0.0,304.73438
1983-05-15 00:00:00+00:00,23.27,5.6,,,0,1,0,0,0,1.0,-0.07,296.90775,0.0,2246.375
1983-05-15 00:00:00+00:00,69.1,-105.1166667,,,0,0,0,0,1,1.0,-0.07,268.62286,0.0,0.0
1983-05-15 00:00:00+00:00,0.38,6.72,,,1,0,0,0,0,1.0,-0.07,297.27496,0.00012577981,0.0
1983-05-15 00:00:00+00:00,-22.66416667,-48.06,,,0,0,1,0,0,1.0,-0.07,293.68192,0.0,490.46875
1983-05-15 00:00:00+00:00,-67.57,-68.13,,,0,0,0,0,1,1.0,-0.07,,,11.128906
1983-05-15 00:00:00+00:00,49.67,-93.72,,,0,0,0,1,0,1.0,-0.07,281.77347,0.0,427.09375
1983-05-15 00:00:00+00:00,29.7,91.13333333,,,0,0,0,0,1,1.0,-0.07,287.7718,1.2895217e-05,3735.25
1983-05-15 00:00:00+00:00,12.54194444,39.76972222,,,0,1,0,0,0,1.0,-0.07,293.1683,0.0,1782.5
1983-05-15 00:00:00+00:00,18.9,72.82,,,1,0,0,0,0,1.0,-0.07,303.70395,0.0,0.0
1983-06-15 00:00:00+00:00,52.3,104.2833333,,,0,0,0,1,0,0.1,0.99,288.9446,1.2028635e-05,427.25
1983-06-15 00:00:00+00:00,47.54260867,7.58371693,,,0,0,1,0,0,0.1,0.99,289.50967,0.0,304.73438
1983-06-15 00:00:00+00:00,23.27,5.6,,,0,1,0,0,0,0.1,0.99,299.11063,3.3452675e-06,2246.375
1983-06-15 00:00:00+00:00,69.1,-105.1166667,,,0,0,0,0,1,0.1,0.99,273.8383,0.0,0.0
1983-06-15 00:00:00+00:00,0.38,6.72,,,1,0,0,0,0,0.1,0.99,295.94513,2.9127652e-06,0.0
1983-06-15 00:00:00+00:00,-22.66416667,-48.06,,,0,0,1,0,0,0.1,0.99,289.7832,0.00024034204,490.46875
1983-06-15 00:00:00+00:00,-67.57,-68.13,,,0,0,0,0,1,0.1,0.99,,,11.128906
1983-06-15 00:00:00+00:00,49.67,-93.72,,,0,0,0,1,0,0.1,0.99,288.8272,0.0,427.09375
1983-06-15 00:00:00+00:00,29.7,91.13333333,,,0,0,0,0,1,0.1,0.99,286.89255,3.544337e-05,3735.25
1983-06-15 00:00:00+00:00,12.54194444,39.76972222,,,0,1,0,0,0,0.1,0.99,293.94412,0.0,1782.5
1983-06-15 00:00:00+00:00,18.9,72.82,,,1,0,0,0,0,0.1,0.99,302.3436,8.96275e-06,0.0
1983-07-15 00:00:00+00:00,52.3,104.2833333,,,0,0,0,1,0,-1.0,1.19,293.2753,3.379404e-05,427.25
1983-07-15 00:00:00+00:00,47.54260867,7.58371693,,,0,0,1,0,0,-1.0,1.19,287.1509,0.00015610801,304.73438
1983-07-15 00:00:00+00:00,23.27,5.6,,,0,1,0,0,0,-1.0,1.19,300.44382,0.0,2246.375
1983-07-15 00:00:00+00:00,69.1,-105.1166667,,,0,0,0,0,1,-1.0,1.19,283.52988,0.0,0.0
1983-07-15 00:00:00+00:00,0.38,6.72,,,1,0,0,0,0,-1.0,1.19,294.76324,3.5763335e-06,0.0
1983-07-15 00:00:00+00:00,-22.66416667,-48.06,,,0,0,1,0,0,-1.0,1.19,290.3613,0.0,490.46875
1983-07-15 00:00:00+00:00,-67.57,-68.13,,,0,0,0,0,1,-1.0,1.19,,,11.128906
1983-07-15 00:00:00+00:00,49.67,-93.72,,,0,0,0,1,0,-1.0,1.19,288.1317,0.0,427.09375
1983-07-15 00:00:00+00:00,29.7,91.13333333,,,0,0,0,0,1,-1.0,1.19,291.55252,0.0,3735.25
1983-07-15 00:00:00+00:00,12.54194444,39.76972222,,,0,1,0,0,0,-1.0,1.19,294.81482,0.0,1782.5
1983-07-15 00:00:00+00:00,18.9,72.82,,,1,0,0,0,0,-1.0,1.19,300.54218,0.00031167746,0.0
1983-08-15 00:00:00+00:00,52.3,104.2833333,,,0,0,0,1,0,0.2,1.61,285.11166,0.00015106545,427.25
1983-08-15 00:00:00+00:00,47.54260867,7.58371693,,,0,0,1,0,0,0.2,1.61,290.51962,0.0,304.73438
1983-08-15 00:00:00+00:00,23.27,5.6,,,0,1,0,0,0,0.2,1.61,300.28934,0.0,2246.375
1983-08-15 00:00:00+00:00,69.1,-105.1166667,,,0,0,0,0,1,0.2,1.61,278.2645,4.102721e-06,0.0
1983-08-15 00:00:00+00:00,0.38,6.72,,,1,0,0,0,0,0.2,1.61,297.6392,0.0,0.0
1983-08-15 00:00:00+00:00,-22.66416667,-48.06,,,0,0,1,0,0,0.2,1.61,293.7518,8.732241e-06,490.46875
1983-08-15 00:00:00+00:00,-67.57,-68.13,,,0,0,0,0,1,0.2,1.61,,,11.128906
1983-08-15 00:00:00+00:00,49.67,-93.72,,,0,0,0,1,0,0.2,1.61,291.27002,0.0,427.09375
1983-08-15 00:00:00+00:00,29.7,91.13333333,,,0,0,0,0,1,0.2,1.61,291.39532,0.0,3735.25
1983-08-15 00:00:00+00:00,12.54194444,39.76972222,,,0,1,0,0,0,0.2,1.61,293.0039,0.0,1782.5
1983-08-15 00:00:00+00:00,18.9,72.82,,,1,0,0,0,0,0.2,1.61,299.12183,0.00013941679,0.0
1983-09-15 00:00:00+00:00,52.3,104.2833333,,,0,0,0,1,0,1.4,-1.12,275.3088,0.0,427.25
1983-09-15 00:00:00+00:00,47.54260867,7.58371693,,,0,0,1,0,0,1.4,-1.12,289.42654,0.00016880364,304.73438
1983-09-15 00:00:00+00:00,23.27,5.6,,,0,1,0,0,0,1.4,-1.12,297.86267,0.0,2246.375
1983-09-15 00:00:00+00:00,69.1,-105.1166667,,,0,0,0,0,1,1.4,-1.12,273.85217,0.0,0.0
1983-09-15 00:00:00+00:00,0.38,6.72,,,1,0,0,0,0,1.4,-1.12,295.85242,4.3568776e-05,0.0
1983-09-15 00:00:00+00:00,-22.66416667,-48.06,,,0,0,1,0,0,1.4,-1.12,293.7978,0.0,490.46875
1983-09-15 00:00:00+00:00,-67.57,-68.13,,,0,0,0,0,1,1.4,-1.12,,,11.128906
1983-09-15 00:00:00+00:00,49.67,-93.72,,,0,0,0,1,0,1.4,-1.12,278.34476,7.9877145e-06,427.09375
1983-09-15 00:00:00+00:00,29.7,91.13333333,,,0,0,0,0,1,1.4,-1.12,289.5488,2.1619506e-05,3735.25
1983-09-15 00:00:00+00:00,12.54194444,39.76972222,,,0,1,0,0,0,1.4,-1.12,292.91458,0.0,1782.5
1983-09-15 00:00:00+00:00,18.9,72.82,,,1,0,0,0,0,1.4,-1.12,301.20874,0.0,0.0
1983-10-15 00:00:00+00:00,52.3,104.2833333,,,0,0,0,1,0,0.7,0.65,267.33752,0.0,427.25
1983-10-15 00:00:00+00:00,47.54260867,7.58371693,,,0,0,1,0,0,0.7,0.65,282.1118,0.00013459293,304.73438
1983-10-15 00:00:00+00:00,23.27,5.6,,,0,1,0,0,0,0.7,0.65,292.1375,0.0,2246.375
1983-10-15 00:00:00+00:00,69.1,-105.1166667,,,0,0,0,0,1,0.7,0.65,261.4575,0.0,0.0
1983-10-15 00:00:00+00:00,0.38,6.72,,,1,0,0,0,0,0.7,0.65,296.43176,1.8111321e-05,0.0
1983-10-15 00:00:00+00:00,-22.66416667,-48.06,,,0,0,1,0,0,0.7,0.65,294.84293,0.00010249541,490.46875
1983-10-15 00:00:00+00:00,-67.57,-68.13,,,0,0,0,0,1,0.7,0.65,,,11.128906
1983-10-15 00:00:00+00:00,49.67,-93.72,,,0,0,0,1,0,0.7,0.65,267.08203,0.0,427.09375
1983-10-15 00:00:00+00:00,29.7,91.13333333,,,0,0,0,0,1,0.7,0.65,284.74548,0.0,3735.25
1983-10-15 00:00:00+00:00,12.54194444,39.76972222,,,0,1,0,0,0,0.7,0.65,293.4503,0.0,1782.5
1983-10-15 00:00:00+00:00,18.9,72.82,,,1,0,0,0,0,0.7,0.65,301.72784,0.0,0.0
1983-11-15 00:00:00+00:00,52.3,104.2833333,,,0,0,0,1,0,-0.2,-0.98,265.69424,0.0,427.25
1983-11-15 00:00:00+00:00,47.54260867,7.58371693,,,0,0,1,0,0,-0.2,-0.98,277.543,0.0,304.73438
1983-11-15 00:00:00+00:00,23.27,5.6,,,0,1,0,0,0,-0.2,-0.98,285.8518,0.0,2246.375
1983-11-15 00:00:00+00:00,69.1,-105.1166667,,,0,0,0,0,1,-0.2,-0.98,245.3554,0.0,0.0
1983-11-15 00:00:00+00:00,0.38,6.72,,,1,0,0,0,0,-0.2,-0.98,296.42468,0.00010042025,0.0
1983-11-15 00:00:00+00:00,-22.66416667,-48.06,,,0,0,1,0,0,-0.2,-0.98,297.8405,1.602382e-05,490.46875
1983-11-15 00:00:00+00:00,-67.57,-68.13,,,0,0,0,0,1,-0.2,-0.98,,,11.128906
1983-11-15 00:00:00+00:00,49.67,-93.72,,,0,0,0,1,0,-0.2,-0.98,272.1316,9.092538e-06,427.09375
1983-11-15 00:00:00+00:00,29.7,91.13333333,,,0,0,0,0,1,-0.2,-0.98,274.46024,0.0,3735.25
1983-11-15 00:00:00+00:00,12.54194444,39.76972222,,,0,1,0,0,0,-0.2,-0.98,292.13965,0.0,1782.5
1983-11-15 00:00:00+00:00,18.9,72.82,,,1,0,0,0,0,-0.2,-0.98,300.8058,0.0,0.0
1983-12-15 00:00:00+00:00,52.3,104.2833333,,,0,0,0,1,0,0.0,0.29,267.5196,0.0,427.25
1983-12-15 00:00:00+00:00,47.54260867,7.58371693,,,0,0,1,0,0,0.0,0.29,269.29114,5.205774e-05,304.73438
1983-12-15 00:00:00+00:00,23.27,5.6,,,0,1,0,0,0,0.0,0.29,285.4409,0.0,2246.375
1983-12-15 00:00:00+00:00,69.1,-105.1166667,,,0,0,0,0,1,0.0,0.29,248.23225,0.0,0.0
1983-12-15 00:00:00+00:00,0.38,6.72,,,1,0,0,0,0,0.0,0.29,297.82327,2.6970265e-05,0.0
1983-12-15 00:00:00+00:00,-22.66416667,-48.06,,,0,0,1,0,0,0.0,0.29,296.3681,9.358428e-05,490.46875
1983-12-15 00:00:00+00:00,-67.57,-68.13,,,0,0,0,0,1,0.0,0.29,,,11.128906
1983-12-15 00:00:00+00:00,49.67,-93.72,,,0,0,0,1,0,0.0,0.29,252.35843,0.0,427.09375
1983-12-15 00:00:00+00:00,29.7,91.13333333,,,0,0,0,0,1,0.0,0.29,273.4697,0.0,3735.25
1983-12-15 00:00:00+00:00,12.54194444,39.76972222,,,0,1,0,0,0,0.0,0.29,291.31143,0.0,1782.5
1983-12-15 00:00:00+00:00,18.9,72.82,,,1,0,0,0,0,0.0,0.29,299.50058,0.0,0.0
1984-01-15 00:00:00+00:00,52.3,104.2833333,,,0,0,0,1,0,0.3,1.66,256.44592,7.799722e-06,427.25
1984-01-15 00:00:00+00:00,47.54260867,7.58371693,,,0,0,1,0,0,0.3,1.66,273.4665,5.684985e-05,304.73438
1984-01-15 00:00:00+00:00,23.27,5.6,,,0,1,0,0,0,0.3,1.66,282.63702,0.0,2246.375
1984-01-15 00:00:00+00:00,69.1,-105.1166667,,,0,0,0,0,1,0.3,1.66,236.5425,0.0,0.0
1984-01-15 00:00:00+00:00,0.38,6.72,,,1,0,0,0,0,0.3,1.66,297.53983,9.121415e-05,0.0
1984-01-15 00:00:00+00:00,-22.66416667,-48.06,,,0,0,1,0,0,0.3,1.66,299.14566,3.6245274e-05,490.46875
1984-01-15 00:00:00+00:00,-67.57,-68.13,,,0,0,0,0,1,0.3,1.66,,,11.128906
1984-01-15 00:00:00+00:00,49.67,-93.72,,,0,0,0,1,0,0.3,1.66,257.43732,0.0,427.09375
1984-01-15 00:00:00+00:00,29.7,91.13333333,,,0,0,0,0,1,0.3,1.66,279.46686,0.0,3735.25
1984-01-15 00:00:00+00:00,12.54194444,39.76972222,,,0,1,0,0,0,0.3,1.66,288.21066,0.0,1782.5
1984-01-15 00:00:00+00:00,18.9,72.82,,,1,0,0,0,0,0.3,1.66,296.17072,0.0,0.0
1984-02-15 00:00:00+00:00,52.3,104.2833333,,,0,0,0,1,0,1.4,0.72,269.05908,0.0,427.25
1984-02-15 00:00:00+00:00,47.54260867,7.58371693,,,0,0,1,0,0,1.4,0.72,268.95493,0.0,304.73438
1984-02-15 00:00:00+00:00,23.27,5.6,,,0,1,0,0,0,1.4,0.72,284.4727,0.0,2246.375
1984-02-15 00:00:00+00:00,69.1,-105.1166667,,,0,0,0,0,1,1.4,0.72,247.04655,0.0,0.0
1984-02-15 00:00:00+00:00,0.38,6.72,,,1,0,0,0,0,1.4,0.72,299.45078,2.0059557e-05,0.0
1984-02-15 00:00:00+00:00,-22.66416667,-48.06,,,0,0,1,0,0,1.4,0.72,297.88177,0.0,490.46875
1984-02-15 00:00:00+00:00,-67.57,-68.13,,,0,0,0,0,1,1.4,0.72,,,11.128906
1984-02-15 00:00:00+00:00,49.67,-93.72,,,0,0,0,1,0,1.4,0.72,266.1764,0.0,427.09375
1984-02-15 00:00:00+00:00,29.7,91.13333333,,,0,0,0,0,1,1.4,0.72,274.8326,0.0,3735.25
1984-02-15 00:00:00+00:00,12.54194444,39.76972222,,,0,1,0,0,0,1.4,0.72,291.86893,0.0,1782.5
1984-02-15 00:00:00+00:00,18.9,72.82,,,1,0,0,0,0,1.4,0.72,299.32767,0.0,0.0
1984-03-15 00:00:00+00:00,52.3,104.2833333,,,0,0,0,1,0,-0.4,-0.37,267.93008,0.0,427.25
1984-03-15 00:00:00+00:00,47.54260867,7.58371693,,,0,0,1,0,0,-0.4,-0.37,279.36658,1.4248522e-05,304.73438
1984-03-15 00:00:00+00:00,23.27,5.6,,,0,1,0,0,0,-0.4,-0.37,290.22287,0.0,2246.375
1984-03-15 00:00:00+00:00,69.1,-105.1166667,,,0,0,0,0,1,-0.4,-0.37,241.23877,0.0,0.0
1984-03-15 00:00:00+00:00,0.38,6.72,,,1,0,0,0,0,-0.4,-0.37,300.0728,9.983625e-06,0.0
1984-03-15 00:00:00+00:00,-22.66416667,-48.06,,,0,0,1,0,0,-0.4,-0.37,297.51175,9.380012e-05,490.46875
1984-03-15 00:00:00+00:00,-67.57,-68.13,,,0,0,0,0,1,-0.4,-0.37,,,11.128906
1984-03-15 00:00:00+00:00,49.67,-93.72,,,0,0,0,1,0,-0.4,-0.37,262.71127,0.0,427.09375
1984-03-15 00:00:00+00:00,29.7,91.13333333,,,0,0,0,0,1,-0.4,-0.37,282.08893,0.0,3735.25
1984-03-15 00:00:00+00:00,12.54194444,39.76972222,,,0,1,0,0,0,-0.4,-0.37,292.51346,0.0,1782.5
1984-03-15 00:00:00+00:00,18.9,72.82,,,1,0,0,0,0,-0.4,-0.37,298.39432,0.0,0.0
1984-04-15 00:00:00+00:00,52.3,104.2833333,,,0,0,0,1,0,0.6,-0.28,269.0722,8.4878e-06,427.25
1984-04-15 00:00:00+00:00,47.54260867,7.58371693,,,0,0,1,0,0,0.6,-0.28,275.737,2.8049331e-05,304.73438
1984-04-15 00:00:00+00:00,23.27,5.6,,,0,1,0,0,0,0.6,-0.28,291.31674,0.0,2246.375
1984-04-15 00:00:00+00:00,69.1,-105.1166667,,,0,0,0,0,1,0.6,-0.28,249.34332,0.0,0.0
1984-04-15 00:00:00+00:00,0.38,6.72,,,1,0,0,0,0,0.6,-0.28,299.06757,1.7768883e-05,0.0
1984-04-15 00:00:00+00:00,-22.66416667,-48.06,,,0,0,1,0,0,0.6,-0.28,292.05774,0.0,490.46875
1984-04-15 00:00:00+00:00,-67.57,-68.13,,,0,0,0,0,1,0.6,-0.28,,,11.128906
1984-04-15 00:00:00+00:00,49.67,-93.72,,,0,0,0,1,0,0.6,-0.28,284.45712,0.0,427.09375
1984-04-15 00:00:00+00:00,29.7,91.13333333,,,0,0,0,0,1,0.6,-0.28,286.35648,0.0,3735.25
1984-04-15 00:00:00+00:00,12.54194444,39.76972222,,,0,1,0,0,0,0.6,-0.28,295.5279,0.0,1782.5
1984-04-15 00:00:00+00:00,18.9,72.82,,,1,0,0,0,0,0.6,-0.28,300.64978,0.0,0.0
1984-05-15 00:00:00+00:00,52.3,104.2833333,,,0,0,0,1,0,0.3,0.54,286.46884,0.0,427.25
1984-05-15 00:00:00+00:00,47.54260867,7.58371693,,,0,0,1,0,0,0.3,0.54,285.6295,0.0,304.73438
1984-05-15 00:00:00+00:00,23.27,5.6,,,0,1,0,0,0,0.3,0.54,296.65765,0.0,2246.375
1984-05-15 00:00:00+00:00,69.1,-105.1166667,,,0,0,0,0,1,0.3,0.54,263.96564,0.0,0.0
1984-05-15 00:00:00+00:00,0.38,6.72,,,1,0,0,0,0,0.3,0.54,296.73566,7.2169125e-05,0.0
1984-05-15 00:00:00+00:00,-22.66416667,-48.06,,,0,0,1,0,0,0.3,0.54,293.15268,3.2109412e-05,490.46875
1984-05-15 00:00:00+00:00,-67.57,-68.13,,,0,0,0,0,1,0.3,0.54,,,11.128906
1984-05-15 00:00:00+00:00,49.67,-93.72,,,0,0,0,1,0,0.3,0.54,281.03027,1.0534147e-05,427.09375
1984-05-15 00:00:00+00:00,29.7,91.13333333,,,0,0,0,0,1,0.3,0.54,286.26163,0.0,3735.25
1984-05-15 00:00:00+00:00,12.54194444,39.76972222,,,0,1,0,0,0,0.3,0.54,292.51175,0.00017823864,1782.5
1984-05-15 00:00:00+00:00,18.9,72.82,,,1,0,0,0,0,0.3,0.54,303.2396,0.0,0.0
1984-06-15 00:00:00+00:00,52.3,104.2833333,,,0,0,0,1,0,-0.6,-0.42,287.7069,1.744091e-05,427.25
1984-06-15 00:00:00+00:00,47.54260867,7.58371693,,,0,0,1,0,0,-0.6,-0.42,287.4523,0.0,304.73438
1984-06-15 00:00:00+00:00,23.27,5.6,,,0,1,0,0,0,-0.6,-0.42,300.83,0.0,2246.375
1984-06-15 00:00:00+00:00,69.1,-105.1166667,,,0,0,0,0,1,-0.6,-0.42,274.11374,0.0,0.0
1984-06-15 00:00:00+00:00,0.38,6.72,,,1,0,0,0,0,-0.6,-0.42,296.75974,0.0,0.0
1984-06-15 00:00:00+00:00,-22.66416667,-48.06,,,0,0,1,0,0,-0.6,-0.42,291.8081,0.0,490.46875
1984-06-15 00:00:00+00:00,-67.57,-68.13,,,0,0,0,0,1,-0.6,-0.42,,,11.128906
1984-06-15 00:00:00+00:00,49.67,-93.72,,,0,0,0,1,0,-0.6,-0.42,294.1046,0.0,427.09375
1984-06-15 00:00:00+00:00,29.7,91.13333333,,,0,0,0,0,1,-0.6,-0.42,289.38824,4.0049996e-05,3735.25
1984-06-15 00:00:00+00:00,12.54194444,39.76972222,,,0,1,0,0,0,-0.6,-0.42,295.67847,0.0,1782.5
1984-06-15 00:00:00+00:00,18.9,72.82,,,1,0,0,0,0,-0.6,-0.42,301.20834,1.2046656e-05,0.0
1984-07-15 00:00:00+00:00,52.3,104.2833333,,,0,0,0,1,0,0.3,-0.07,291.9832,0.0,427.25
1984-07-15 00:00:00+00:00,47.54260867,7.58371693,,,0,0,1,0,0,0.3,-0.07,285.44153,8.081156e-05,304.73438
1984-07-15 00:00:00+00:00,23.27,5.6,,,0,1,0,0,0,0.3,-0.07,300.78748,0.0,2246.375
1984-07-15 00:00:00+00:00,69.1,-105.1166667,,,0,0,0,0,1,0.3,-0.07,279.1008,0.0,0.0
1984-07-15 00:00:00+00:00,0.38,6.72,,,1,0,0,0,0,0.3,-0.07,294.90427,8.881134e-06,0.0
1984-07-15 00:00:00+00:00,-22.66416667,-48.06,,,0,0,1,0,0,0.3,-0.07,297.2862,0.0,490.46875
1984-07-15 00:00:00+00:00,-67.57,-68.13,,,0,0,0,0,1,0.3,-0.07,,,11.128906
1984-07-15 00:00:00+00:00,49.67,-93.72,,,0,0,0,1,0,0.3,-0.07,293.84262,0.0,427.09375
1984-07-15 00:00:00+00:00,29.7,91.13333333,,,0,0,0,0,1,0.3,-0.07,290.3984,8.072097e-05,3735.25
1984-07-15 00:00:00+00:00,12.54194444,39.76972222,,,0,1,0,0,0,0.3,-0.07,293.17734,0.0,1782.5
1984-07-15 00:00:00+00:00,18.9,72.82,,,1,0,0,0,0,0.3,-0.07,300.51306,8.57402e-05,0.0
1984-08-15 00:00:00+00:00,52.3,104.2833333,,,0,0,0,1,0,0.7,1.15,288.9228,0.00018471295,427.25
1984-08-15 00:00:00+00:00,47.54260867,7.58371693,,,0,0,1,0,0,0.7,1.15,286.71976,3.30442e-05,304.73438
1984-08-15 00:00:00+00:00,23.27,5.6,,,0,1,0,0,0,0.7,1.15,299.0366,0.0,2246.375
1984-08-15 00:00:00+00:00,69.1,-105.1166667,,,0,0,0,0,1,0.7,1.15,279.462,0.0,0.0
1984-08-15 00:00:00+00:00,0.38,6.72,,,1,0,0,0,0,0.7,1.15,295.66068,1.5628731e-06,0.0
1984-08-15 00:00:00+00:00,-22.66416667,-48.06,,,0,0,1,0,0,0.7,1.15,294.35312,0.0,490.46875
1984-08-15 00:00:00+00:00,-67.57,-68.13,,,0,0,0,0,1,0.7,1.15,,,11.128906
1984-08-15 00:00:00+00:00,49.67,-93.72,,,0,0,0,1,0,0.7,1.15,288.18457,6.5956636e-05,427.09375
1984-08-15 00:00:00+00:00,29.7,91.13333333,,,0,0,0,0,1,0.7,1.15,290.69693,0.00013489039,3735.25
1984-08-15 00:00:00+00:00,12.54194444,39.76972222,,,0,1,0,0,0,0.7,1.15,292.06094,0.00013182245,1782.5
1984-08-15 00:00:00+00:00,18.9,72.82,,,1,0,0,0,0,0.7,1.15,299.02948,0.00010012596,0.0
1984-09-15 00:00:00+00:00,52.3,104.2833333,,,0,0,0,1,0,0.2,0.17,281.13565,0.0,427.25
1984-09-15 00:00:00+00:00,47.54260867,7.58371693,,,0,0,1,0,0,0.2,0.17,287.68552,0.0,304.73438
1984-09-15 00:00:00+00:00,23.27,5.6,,,0,1,0,0,0,0.2,0.17,295.358,0.0,2246.375
1984-09-15 00:00:00+00:00,69.1,-105.1166667,,,0,0,0,0,1,0.2,0.17,271.08112,0.0,0.0
1984-09-15 00:00:00+00:00,0.38,6.72,,,1,0,0,0,0,0.2,0.17,297.187,1.6697977e-06,0.0
1984-09-15 00:00:00+00:00,-22.66416667,-48.06,,,0,0,1,0,0,0.2,0.17,291.92944,2.7793146e-06,490.46875
1984-09-15 00:00:00+00:00,-67.57,-68.13,,,0,0,0,0,1,0.2,0.17,,,11.128906
1984-09-15 00:00:00+00:00,49.67,-93.72,,,0,0,0,1,0,0.2,0.17,280.0507,0.0,427.09375
1984-09-15 00:00:00+00:00,29.7,91.13333333,,,0,0,0,0,1,0.2,0.17,290.12262,0.0,3735.25
1984-09-15 00:00:00+00:00,12.54194444,39.76972222,,,0,1,0,0,0,0.2,0.17,292.52777,0.0,1782.5
1984-09-15 00:00:00+00:00,18.9,72.82,,,1,0,0,0,0,0.2,0.17,300.8921,2.6745523e-05,0.0
1984-10-15 00:00:00+00:00,52.3,104.2833333,,,0,0,0,1,0,-0.5,-0.07,271.0423,8.640095e-06,427.25
1984-10-15 00:00:00+00:00,47.54260867,7.58371693,,,0,0,1,0,0,-0.5,-0.07,286.03464,0.0,304.73438
1984-10-15 00:00:00+00:00,23.27,5.6,,,0,1,0,0,0,-0.5,-0.07,290.1304,0.0,2246.375
1984-10-15 00:00:00+00:00,69.1,-105.1166667,,,0,0,0,0,1,-0.5,-0.07,250.39784,0.0,0.0
1984-10-15 00:00:00+00:00,0.38,6.72,,,1,0,0,0,0,-0.5,-0.07,297.11414,1.816004e-06,0.0
1984-10-15 00:00:00+00:00,-22.66416667,-48.06,,,0,0,1,0,0,-0.5,-0.07,296.26767,0.0,490.46875
1984-10-15 00:00:00+00:00,-67.57,-68.13,,,0,0,0,0,1,-0.5,-0.07,,,11.128906
1984-10-15 00:00:00+00:00,49.67,-93.72,,,0,0,0,1,0,-0.5,-0.07,272.74475,0.0,427.09375
1984-10-15 00:00:00+00:00,29.7,91.13333333,,,0,0,0,0,1,-0.5,-0.07,287.03394,0.0,3735.25
1984-10-15 00:00:00+00:00,12.54194444,39.76972222,,,0,1,0,0,0,-0.5,-0.07,292.3402,0.0,1782.5
1984-10-15 00:00:00+00:00,18.9,72.82,,,1,0,0,0,0,-0.5,-0.07,300.81155,8.726347e-06,0.0
1984-11-15 00:00:00+00:00,52.3,104.2833333,,,0,0,0,1,0,0.4,-0.06,272.09384,0.0,427.25
1984-11-15 00:00:00+00:00,47.54260867,7.58371693,,,0,0,1,0,0,0.4,-0.06,274.41617,3.18069e-05,304.73438
1984-11-15 00:00:00+00:00,23.27,5.6,,,0,1,0,0,0,0.4,-0.06,289.51385,0.0,2246.375
1984-11-15 00:00:00+00:00,69.1,-105.1166667,,,0,0,0,0,1,0.4,-0.06,243.78477,0.0,0.0
1984-11-15 00:00:00+00:00,0.38,6.72,,,1,0,0,0,0,0.4,-0.06,298.05576,8.0733764e-05,0.0
1984-11-15 00:00:00+00:00,-22.66416667,-48.06,,,0,0,1,0,0,0.4,-0.06,294.1978,2.4720739e-05,490.46875
1984-11-15 00:00:00+00:00,-67.57,-68.13,,,0,0,0,0,1,0.4,-0.06,,,11.128906
1984-11-15 00:00:00+00:00,49.67,-93.72,,,0,0,0,1,0,0.4,-0.06,257.5676,2.0185089e-05,427.09375
1984-11-15 00:00:00+00:00,29.7,91.13333333,,,0,0,0,0,1,0.4,-0.06,278.42108,0.0,3735.25
1984-11-15 00:00:00+00:00,12.54194444,39.76972222,,,0,1,0,0,0,0.4,-0.06,294.40344,0.0,1782.5
1984-11-15 00:00:00+00:00,18.9,72.82,,,1,0,0,0,0,0.4,-0.06,300.21588,0.0,0.0
1984-12-15 00:00:00+00:00,52.3,104.2833333,,,0,0,0,1,0,-0.2,0.0,260.85788,0.0,427.25
1984-12-15 00:00:00+00:00,47.54260867,7.58371693,,,0,0,1,0,0,-0.2,0.0,270.4843,3.0440293e-05,304.73438
1984-12-15 00:00:00+00:00,23.27,5.6,,,0,1,0,0,0,-0.2,0.0,282.70987,0.0,2246.375
1984-12-15 00:00:00+00:00,69.1,-105.1166667,,,0,0,0,0,1,-0.2,0.0,246.46657,0.0,0.0
1984-12-15 00:00:00+00:00,0.38,6.72,,,1,0,0,0,0,-0.2,0.0,297.67114,0.00010994809,0.0
1984-12-15 00:00:00+00:00,-22.66416667,-48.06,,,0,0,1,0,0,-0.2,0.0,296.83508,0.000111563524,490.46875
1984-12-15 00:00:00+00:00,-67.57,-68.13,,,0,0,0,0,1,-0.2,0.0,,,11.128906
1984-12-15 00:00:00+00:00,49.67,-93.72,,,0,0,0,1,0,-0.2,0.0,252.1587,0.0,427.09375
1984-12-15 00:00:00+00:00,29.7,91.13333333,,,0,0,0,0,1,-0.2,0.0,274.43814,0.0,3735.25
1984-12-15 00:00:00+00:00,12.54194444,39.76972222,,,0,1,0,0,0,-0.2,0.0,289.71515,0.0,1782.5
1984-12-15 00:00:00+00:00,18.9,72.82,,,1,0,0,0,0,-0.2,0.0,299.18362,0.0,0.0
1985-01-15 00:00:00+00:00,52.3,104.2833333,,,0,0,0,1,0,-0.5,-1.61,249.66908,0.0,427.25
1985-01-15 00:00:00+00:00,47.54260867,7.58371693,,,0,0,1,0,0,-0.5,-1.61,265.06323,0.0,304.73438
1985-01-15 00:00:00+00:00,23.27,5.6,,,0,1,0,0,0,-0.5,-1.61,281.98965,0.0,2246.375
1985-01-15 00:00:00+00:00,69.1,-105.1166667,,,0,0,0,0,1,-0.5,-1.61,243.65854,0.0,0.0
1985-01-15 00:00:00+00:00,0.38,6.72,,,1,0,0,0,0,-0.5,-1.61,298.09622,3.3592485e-05,0.0
1985-01-15 00:00:00+00:00,-22.66416667,-48.06,,,0,0,1,0,0,-0.5,-1.61,298.91754,1.9227458e-05,490.46875
1985-01-15 00:00:00+00:00,-67.57,-68.13,,,0,0,0,0,1,-0.5,-1.61,,,11.128906
1985-01-15 00:00:00+00:00,49.67,-93.72,,,0,0,0,1,0,-0.5,-1.61,247.93349,0.0,427.09375
1985-01-15 00:00:00+00:00,29.7,91.13333333,,,0,0,0,0,1,-0.5,-1.61,267.27557,2.19529e-06,3735.25
1985-01-15 00:00:00+00:00,12.54194444,39.76972222,,,0,1,0,0,0,-0.5,-1.61,290.98877,0.0,1782.5
1985-01-15 00:00:00+00:00,18.9,72.82,,,1,0,0,0,0,-0.5,-1.61,297.89545,0.0,0.0
1985-02-15 00:00:00+00:00,52.3,104.2833333,,,0,0,0,1,0,2.0,-0.49,262.43063,0.0,427.25
1985-02-15 00:00:00+00:00,47.54260867,7.58371693,,,0,0,1,0,0,2.0,-0.49,278.89148,0.0,304.73438
1985-02-15 00:00:00+00:00,23.27,5.6,,,0,1,0,0,0,2.0,-0.49,284.0205,0.0,2246.375
1985-02-15 00:00:00+00:00,69.1,-105.1166667,,,0,0,0,0,1,2.0,-0.49,240.55202,2.3603958e-05,0.0
1985-02-15 00:00:00+00:00,0.38,6.72,,,1,0,0,0,0,2.0,-0.49,298.6484,9.481932e-05,0.0
1985-02-15 00:00:00+00:00,-22.66416667,-48.06,,,0,0,1,0,0,2.0,-0.49,297.22516,0.00016514632,490.46875
1985-02-15 00:00:00+00:00,-67.57,-68.13,,,0,0,0,0,1,2.0,-0.49,,,11.128906
1985-02-15 00:00:00+00:00,49.67,-93.72,,,0,0,0,1,0,2.0,-0.49,264.57513,0.0,427.09375
1985-02-15 00:00:00+00:00,29.7,91.13333333,,,0,0,0,0,1,2.0,-0.49,273.73138,0.0,3735.25
1985-02-15 00:00:00+00:00,12.54194444,39.76972222,,,0,1,0,0,0,2.0,-0.49,292.19067,0.0,1782.5
1985-02-15 00:00:00+00:00,18.9,72.82,,,1,0,0,0,0,2.0,-0.49,299.20477,0.0,0.0
1985-03-15 00:00:00+00:00,52.3,104.2833333,,,0,0,0,1,0,1.3,0.2,271.0488,0.0,427.25
1985-03-15 00:00:00+00:00,47.54260867,7.58371693,,,0,0,1,0,0,1.3,0.2,274.6563,3.0633833e-05,304.73438
1985-03-15 00:00:00+00:00,23.27,5.6,,,0,1,0,0,0,1.3,0.2,285.05737,0.0,2246.375
1985-03-15 00:00:00+00:00,69.1,-105.1166667,,,0,0,0,0,1,1.3,0.2,251.24556,0.0,0.0
1985-03-15 00:00:00+00:00,0.38,6.72,,,1,0,0,0,0,1.3,0.2,298.88458,3.9477065e-05,0.0
1985-03-15 00:00:00+00:00,-22.66416667,-48.06,,,0,0,1,0,0,1.3,0.2,297.7548,0.0,490.46875
1985-03-15 00:00:00+00:00,-67.57,-68.13,,,0,0,0,0,1,1.3,0.2,,,11.128906
1985-03-15 00:00:00+00:00,49.67,-93.72,,,0,0,0,1,0,1.3,0.2,258.73114,0.0,427.09375
1985-03-15 00:00:00+00:00,29.7,91.13333333,,,0,0,0,0,1,1.3,0.2,278.2189,0.0,3735.25
1985-03-15 00:00:00+00:00,12.54194444,39.76972222,,,0,1,0,0,0,1.3,0.2,293.45856,0.0,1782.5
1985-03-15 00:00:00+00:00,18.9,72.82,,,1,0,0,0,0,1.3,0.2,301.3415,0.0,0.0
1985-04-15 00:00:00+00:00,52.3,104.2833333,,,0,0,0,1,0,1.9,0.32,278.84625,0.0,427.25
1985-04-15 00:00:00+00:00,47.54260867,7.58371693,,,0,0,1,0,0,1.9,0.32,286.34952,2.6704713e-05,304.73438
1985-04-15 00:00:00+00:00,23.27,5.6,,,0,1,0,0,0,1.9,0.32,293.21442,0.0,2246.375
1985-04-15 00:00:00+00:00,69.1,-105.1166667,,,0,0,0,0,1,1.9,0.32,253.95343,0.0,0.0
1985-04-15 00:00:00+00:00,0.38,6.72,,,1,0,0,0,0,1.9,0.32,298.67398,3.4071087e-05,0.0
1985-04-15 00:00:00+00:00,-22.66416667,-48.06,,,0,0,1,0,0,1.9,0.32,296.56055,0.0,490.46875
1985-04-15 00:00:00+00:00,-67.57,-68.13,,,0,0,0,0,1,1.9,0.32,,,11.128906
1985-04-15 00:00:00+00:00,49.67,-93.72,,,0,0,0,1,0,1.9,0.32,272.90552,0.00011560404,427.09375
1985-04-15 00:00:00+00:00,29.7,91.13333333,,,0,0,0,0,1,1.9,0.32,282.58282,0.0,3735.25
1985-04-15 00:00:00+00:00,12.54194444,39.76972222,,,0,1,0,0,0,1.9,0.32,294.742,0.0,1782.5
1985-04-15 00:00:00+00:00,18.9,72.82,,,1,0,0,0,0,1.9,0.32,302.88904,0.0,0.0
1985-05-15 00:00:00+00:00,52.3,104.2833333,,,0,0,0,1,0,0.7,-0.49,279.69043,1.02549375e-05,427.25
1985-05-15 00:00:00+00:00,47.54260867,7.58371693,,,0,0,1,0,0,0.7,-0.49,288.42917,0.00033058925,304.73438
1985-05-15 00:00:00+00:00,23.27,5.6,,,0,1,0,0,0,0.7,-0.49,293.43524,0.0,2246.375
1985-05-15 00:00:00+00:00,69.1,-105.1166667,,,0,0,0,0,1,0.7,-0.49,263.65067,0.0,0.0
1985-05-15 00:00:00+00:00,0.38,6.72,,,1,0,0,0,0,0.7,-0.49,295.86075,5.8303816e-05,0.0
1985-05-15 00:00:00+00:00,-22.66416667,-48.06,,,0,0,1,0,0,0.7,-0.49,292.77954,0.00012214294,490.46875
1985-05-15 00:00:00+00:00,-67.57,-68.13,,,0,0,0,0,1,0.7,-0.49,,,11.128906
1985-05-15 00:00:00+00:00,49.67,-93.72,,,0,0,0,1,0,0.7,-0.49,280.85464,0.0,427.09375
1985-05-15 00:00:00+00:00,29.7,91.13333333,,,0,0,0,0,1,0.7,-0.49,287.34512,0.0,3735.25
1985-05-15 00:00:00+00:00,12.54194444,39.76972222,,,0,1,0,0,0,0.7,-0.49,293.83728,0.0,1782.5
1985-05-15 00:00:00+00:00,18.9,72.82,,,1,0,0,0,0,0.7,-0.49,302.51935,3.4355696e-06,0.0
1985-06-15 00:00:00+00:00,52.3,104.2833333,,,0,0,0,1,0,-0.6,-0.8,292.09348,0.0,427.25
1985-06-15 00:00:00+00:00,47.54260867,7.58371693,,,0,0,1,0,0,-0.6,-0.8,284.63626,6.674193e-05,304.73438
1985-06-15 00:00:00+00:00,23.27,5.6,,,0,1,0,0,0,-0.6,-0.8,297.471,9.637831e-06,2246.375
1985-06-15 00:00:00+00:00,69.1,-105.1166667,,,0,0,0,0,1,-0.6,-0.8,275.1311,0.0,0.0
1985-06-15 00:00:00+00:00,0.38,6.72,,,1,0,0,0,0,-0.6,-0.8,295.66364,1.7325014e-05,0.0
1985-06-15 00:00:00+00:00,-22.66416667,-48.06,,,0,0,1,0,0,-0.6,-0.8,290.1742,0.0,490.46875
1985-06-15 00:00:00+00:00,-67.57,-68.13,,,0,0,0,0,1,-0.6,-0.8,,,11.128906
1985-06-15 00:00:00+00:00,49.67,-93.72,,,0,0,0,1,0,-0.6,-0.8,291.7208,0.0,427.09375
1985-06-15 00:00:00+00:00,29.7,91.13333333,,,0,0,0,0,1,-0.6,-0.8,293.80945,0.0,3735.25
1985-06-15 00:00:00+00:00,12.54194444,39.76972222,,,0,1,0,0,0,-0.6,-0.8,296.65048,0.0,1782.5
1985-06-15 00:00:00+00:00,18.9,72.82,,,1,0,0,0,0,-0.6,-0.8,301.47452,0.00028837722,0.0
1985-07-15 00:00:00+00:00,52.3,104.2833333,,,0,0,0,1,0,-0.2,1.22,290.848,0.0,427.25
1985-07-15 00:00:00+00:00,47.54260867,7.58371693,,,0,0,1,0,0,-0.2,1.22,297.2248,0.0,304.73438
1985-07-15 00:00:00+00:00,23.27,5.6,,,0,1,0,0,0,-0.2,1.22,299.0431,0.0,2246.375
1985-07-15 00:00:00+00:00,69.1,-105.1166667,,,0,0,0,0,1,-0.2,1.22,280.22003,1.799666e-05,0.0
1985-07-15 00:00:00+00:00,0.38,6.72,,,1,0,0,0,0,-0.2,1.22,294.69772,9.069171e-06,0.0
1985-07-15 00:00:00+00:00,-22.66416667,-48.06,,,0,0,1,0,0,-0.2,1.22,288.06012,0.0,490.46875
1985-07-15 00:00:00+00:00,-67.57,-68.13,,,0,0,0,0,1,-0.2,1.22,,,11.128906
1985-07-15 00:00:00+00:00,49.67,-93.72,,,0,0,0,1,0,-0.2,1.22,292.6136,6.604213e-05,427.09375
1985-07-15 00:00:00+00:00,29.7,91.13333333,,,0,0,0,0,1,-0.2,1.22,292.40332,0.0,3735.25
1985-07-15 00:00:00+00:00,12.54194444,39.76972222,,,0,1,0,0,0,-0.2,1.22,292.373,0.0,1782.5
1985-07-15 00:00:00+00:00,18.9,72.82,,,1,0,0,0,0,-0.2,1.22,300.10928,0.00018161282,0.0
1985-08-15 00:00:00+00:00,52.3,104.2833333,,,0,0,0,1,0,1.6,-0.48,294.2249,0.0,427.25
1985-08-15 00:00:00+00:00,47.54260867,7.58371693,,,0,0,1,0,0,1.6,-0.48,298.01566,0.0,304.73438
1985-08-15 00:00:00+00:00,23.27,5.6,,,0,1,0,0,0,1.6,-0.48,296.63052,0.0,2246.375
1985-08-15 00:00:00+00:00,69.1,-105.1166667,,,0,0,0,0,1,1.6,-0.48,284.227,5.8683836e-05,0.0
1985-08-15 00:00:00+00:00,0.38,6.72,,,1,0,0,0,0,1.6,-0.48,295.9116,8.810083e-07,0.0
1985-08-15 00:00:00+00:00,-22.66416667,-48.06,,,0,0,1,0,0,1.6,-0.48,292.66614,0.0,490.46875
1985-08-15 00:00:00+00:00,-67.57,-68.13,,,0,0,0,0,1,1.6,-0.48,,,11.128906
1985-08-15 00:00:00+00:00,49.67,-93.72,,,0,0,0,1,0,1.6,-0.48,292.6189,0.0,427.09375
1985-08-15 00:00:00+00:00,29.7,91.13333333,,,0,0,0,0,1,1.6,-0.48,291.02866,5.4330416e-05,3735.25
1985-08-15 00:00:00+00:00,12.54194444,39.76972222,,,0,1,0,0,0,1.6,-0.48,293.0232,0.00013035808,1782.5
1985-08-15 00:00:00+00:00,18.9,72.82,,,1,0,0,0,0,1.6,-0.48,299.94012,3.3179913e-05,0.0
1985-09-15 00:00:00+00:00,52.3,104.2833333,,,0,0,0,1,0,0.0,-0.52,280.68057,0.0,427.25
1985-09-15 00:00:00+00:00,47.54260867,7.58371693,,,0,0,1,0,0,0.0,-0.52,286.56296,0.0001080082,304.73438
1985-09-15 00:00:00+00:00,23.27,5.6,,,0,1,0,0,0,0.0,-0.52,297.32535,0.0,2246.375
1985-09-15 00:00:00+00:00,69.1,-105.1166667,,,0,0,0,0,1,0.0,-0.52,276.8114,3.6459696e-06,0.0
1985-09-15 00:00:00+00:00,0.38,6.72,,,1,0,0,0,0,0.0,-0.52,296.34967,5.8214482e-05,0.0
1985-09-15 00:00:00+00:00,-22.66416667,-48.06,,,0,0,1,0,0,0.0,-0.52,293.3866,0.0,490.46875
1985-09-15 00:00:00+00:00,-67.57,-68.13,,,0,0,0,0,1,0.0,-0.52,,,11.128906
1985-09-15 00:00:00+00:00,49.67,-93.72,,,0,0,0,1,0,0.0,-0.52,285.40128,0.0,427.09375
1985-09-15 00:00:00+00:00,29.7,91.13333333,,,0,0,0,0,1,0.0,-0.52,288.89755,5.3522846e-05,3735.25
1985-09-15 00:00:00+00:00,12.54194444,39.76972222,,,0,1,0,0,0,0.0,-0.52,293.26355,0.0,1782.5
1985-09-15 00:00:00+00:00,18.9,72.82,,,1,0,0,0,0,0.0,-0.52,299.62128,3.084716e-05,0.0
1985-10-15 00:00:00+00:00,52.3,104.2833333,,,0,0,0,1,0,-0.6,0.9,277.4337,0.0,427.25
1985-10-15 00:00:00+00:00,47.54260867,7.58371693,,,0,0,1,0,0,-0.6,0.9,282.1694,0.0,304.73438
1985-10-15 00:00:00+00:00,23.27,5.6,,,0,1,0,0,0,-0.6,0.9,290.13028,0.0,2246.375
1985-10-15 00:00:00+00:00,69.1,-105.1166667,,,0,0,0,0,1,-0.6,0.9,264.89722,0.0,0.0
1985-10-15 00:00:00+00:00,0.38,6.72,,,1,0,0,0,0,-0.6,0.9,296.69333,7.9685735e-05,0.0
1985-10-15 00:00:00+00:00,-22.66416667,-48.06,,,0,0,1,0,0,-0.6,0.9,297.26382,0.00010986013,490.46875
1985-10-15 00:00:00+00:00,-67.57,-68.13,,,0,0,0,0,1,-0.6,0.9,,,11.128906
1985-10-15 00:00:00+00:00,49.67,-93.72,,,0,0,0,1,0,-0.6,0.9,277.97443,0.0,427.09375
1985-10-15 00:00:00+00:00,29.7,91.13333333,,,0,0,0,0,1,-0.6,0.9,284.17053,0.0,3735.25
1985-10-15 00:00:00+00:00,12.54194444,39.76972222,,,0,1,0,0,0,-0.6,0.9,291.541,0.0,1782.5
1985-10-15 00:00:00+00:00,18.9,72.82,,,1,0,0,0,0,-0.6,0.9,302.37253,0.0,0.0
1985-11-15 00:00:00+00:00,52.3,104.2833333,,,0,0,0,1,0,-0.3,-0.67,269.34348,0.0,427.25
1985-11-15 00:00:00+00:00,47.54260867,7.58371693,,,0,0,1,0,0,-0.3,-0.67,280.61484,0.0,304.73438
1985-11-15 00:00:00+00:00,23.27,5.6,,,0,1,0,0,0,-0.3,-0.67,286.1476,0.0,2246.375
1985-11-15 00:00:00+00:00,69.1,-105.1166667,,,0,0,0,0,1,-0.3,-0.67,249.0581,0.0,0.0
1985-11-15 00:00:00+00:00,0.38,6.72,,,1,0,0,0,0,-0.3,-0.67,296.81036,0.000103682476,0.0
1985-11-15 00:00:00+00:00,-22.66416667,-48.06,,,0,0,1,0,0,-0.3,-0.67,298.74307,3.066577e-05,490.46875
1985-11-15 00:00:00+00:00,-67.57,-68.13,,,0,0,0,0,1,-0.3,-0.67,,,11.128906
1985-11-15 00:00:00+00:00,49.67,-93.72,,,0,0,0,1,0,-0.3,-0.67,269.3001,0.0,427.09375
1985-11-15 00:00:00+00:00,29.7,91.13333333,,,0,0,0,0,1,-0.3,-0.67,271.84296,0.0,3735.25
1985-11-15 00:00:00+00:00,12.54194444,39.76972222,,,0,1,0,0,0,-0.3,-0.67,291.59897,0.0,1782.5
1985-11-15 00:00:00+00:00,18.9,72.82,,,1,0,0,0,0,-0.3,-0.67,302.2701,1.992083e-06,0.0
1985-12-15 00:00:00+00:00,52.3,104.2833333,,,0,0,0,1,0,0.4,0.22,266.4501,0.0,427.25
1985-12-15 00:00:00+00:00,47.54260867,7.58371693,,,0,0,1,0,0,0.4,0.22,275.54587,3.1933767e-05,304.73438
1985-12-15 00:00:00+00:00,23.27,5.6,,,0,1,0,0,0,0.4,0.22,284.55765,0.0,2246.375
1985-12-15 00:00:00+00:00,69.1,-105.1166667,,,0,0,0,0,1,0.4,0.22,242.45178,0.0,0.0
1985-12-15 00:00:00+00:00,0.38,6.72,,,1,0,0,0,0,0.4,0.22,298.1346,6.437832e-05,0.0
1985-12-15 00:00:00+00:00,-22.66416667,-48.06,,,0,0,1,0,0,0.4,0.22,295.6032,0.0,490.46875
1985-12-15 00:00:00+00:00,-67.57,-68.13,,,0,0,0,0,1,0.4,0.22,,,11.128906
1985-12-15 00:00:00+00:00,49.67,-93.72,,,0,0,0,1,0,0.4,0.22,245.10747,0.0,427.09375
1985-12-15 00:00:00+00:00,29.7,91.13333333,,,0,0,0,0,1,0.4,0.22,278.41623,0.0,3735.25
1985-12-15 00:00:00+00:00,12.54194444,39.76972222,,,0,1,0,0,0,0.4,0.22,290.3448,2.7967677e-05,1782.5
1985-12-15 00:00:00+00:00,18.9,72.82,,,1,0,0,0,0,0.4,0.22,300.11615,0.0,0.0
1986-01-15 00:00:00+00:00,52.3,104.2833333,,,0,0,0,1,0,1.6,1.11,260.4184,0.0,427.25
1986-01-15 00:00:00+00:00,47.54260867,7.58371693,,,0,0,1,0,0,1.6,1.11,274.6531,7.333389e-05,304.73438
1986-01-15 00:00:00+00:00,23.27,5.6,,,0,1,0,0,0,1.6,1.11,276.57376,0.0,2246.375
1986-01-15 00:00:00+00:00,69.1,-105.1166667,,,0,0,0,0,1,1.6,1.11,232.66759,0.0,0.0
1986-01-15 00:00:00+00:00,0.38,6.72,,,1,0,0,0,0,1.6,1.11,298.2512,0.0001012183,0.0
1986-01-15 00:00:00+00:00,-22.66416667,-48.06,,,0,0,1,0,0,1.6,1.11,302.16074,7.002971e-05,490.46875
1986-01-15 00:00:00+00:00,-67.57,-68.13,,,0,0,0,0,1,1.6,1.11,,,11.128906
1986-01-15 00:00:00+00:00,49.67,-93.72,,,0,0,0,1,0,1.6,1.11,259.90182,3.0113299e-05,427.09375
1986-01-15 00:00:00+00:00,29.7,91.13333333,,,0,0,0,0,1,1.6,1.11,276.0244,7.5741646e-06,3735.25
1986-01-15 00:00:00+00:00,12.54194444,39.76972222,,,0,1,0,0,0,1.6,1.11,292.78726,0.0,1782.5
1986-01-15 00:00:00+00:00,18.9,72.82,,,1,0,0,0,0,1.6,1.11,297.23273,0.0,0.0
1986-02-15 00:00:00+00:00,52.3,104.2833333,,,0,0,0,1,0,-1.7,-1.0,258.31735,0.0,427.25
1986-02-15 00:00:00+00:00,47.54260867,7.58371693,,,0,0,1,0,0,-1.7,-1.0,275.49167,1.7538292e-05,304.73438
1986-02-15 00:00:00+00:00,23.27,5.6,,,0,1,0,0,0,-1.7,-1.0,288.27518,0.0,2246.375
1986-02-15 00:00:00+00:00,69.1,-105.1166667,,,0,0,0,0,1,-1.7,-1.0,235.17003,2.8657075e-06,0.0
1986-02-15 00:00:00+00:00,0.38,6.72,,,1,0,0,0,0,-1.7,-1.0,299.80814,1.1498339e-05,0.0
1986-02-15 00:00:00+00:00,-22.66416667,-48.06,,,0,0,1,0,0,-1.7,-1.0,298.90515,4.5910336e-05,490.46875
1986-02-15 00:00:00+00:00,-67.57,-68.13,,,0,0,0,0,1,-1.7,-1.0,,,11.128906
1986-02-15 00:00:00+00:00,49.67,-93.72,,,0,0,0,1,0,-1.7,-1.0,270.48795,0.0,427.09375
1986-02-15 00:00:00+00:00,29.7,91.13333333,,,0,0,0,0,1,-1.7,-1.0,281.0075,0.0,3735.25
1986-02-15 00:00:00+00:00,12.54194444,39.76972222,,,0,1,0,0,0,-1.7,-1.0,290.48764,0.0,1782.5
1986-02-15 00:00:00+00:00,18.9,72.82,,,1,0,0,0,0,-1.7,-1.0,299.97137,0.0,0.0
1986-03-15 00:00:00+00:00,52.3,104.2833333,,,0,0,0,1,0,0.8,1.71,265.97296,0.0,427.25
1986-03-15 00:00:00+00:00,47.54260867,7.58371693,,,0,0,1,0,0,0.8,1.71,276.64883,0.0,304.73438
1986-03-15 00:00:00+00:00,23.27,5.6,,,0,1,0,0,0,0.8,1.71,288.77338,6.3545194e-06,2246.375
1986-03-15 00:00:00+00:00,69.1,-105.1166667,,,0,0,0,0,1,0.8,1.71,240.29906,0.0,0.0
1986-03-15 00:00:00+00:00,0.38,6.72,,,1,0,0,0,0,0.8,1.71,297.62668,0.00015784155,0.0
1986-03-15 00:00:00+00:00,-22.66416667,-48.06,,,0,0,1,0,0,0.8,1.71,297.08972,0.0001168397,490.46875
1986-03-15 00:00:00+00:00,-67.57,-68.13,,,0,0,0,0,1,0.8,1.71,,,11.128906
1986-03-15 00:00:00+00:00,49.67,-93.72,,,0,0,0,1,0,0.8,1.71,264.45422,0.0,427.09375
1986-03-15 00:00:00+00:00,29.7,91.13333333,,,0,0,0,0,1,0.8,1.71,280.65768,0.0,3735.25
1986-03-15 00:00:00+00:00,12.54194444,39.76972222,,,0,1,0,0,0,0.8,1.71,294.33585,0.0,1782.5
1986-03-15 00:00:00+00:00,18.9,72.82,,,1,0,0,0,0,0.8,1.71,301.16183,0.0,0.0
1986-04-15 00:00:00+00:00,52.3,104.2833333,,,0,0,0,1,0,0.5,-0.59,270.78174,0.0,427.25
1986-04-15 00:00:00+00:00,47.54260867,7.58371693,,,0,0,1,0,0,0.5,-0.59,282.91666,4.8313672e-05,304.73438
1986-04-15 00:00:00+00:00,23.27,5.6,,,0,1,0,0,0,0.5,-0.59,289.00922,0.0,2246.375
1986-04-15 00:00:00+00:00,69.1,-105.1166667,,,0,0,0,0,1,0.5,-0.59,252.75996,5.9419533e-05,0.0
1986-04-15 00:00:00+00:00,0.38,6.72,,,1,0,0,0,0,0.5,-0.59,298.48026,6.12817e-05,0.0
1986-04-15 00:00:00+00:00,-22.66416667,-48.06,,,0,0,1,0,0,0.5,-0.59,296.75916,0.0,490.46875
1986-04-15 00:00:00+00:00,-67.57,-68.13,,,0,0,0,0,1,0.5,-0.59,,,11.128906
1986-04-15 00:00:00+00:00,49.67,-93.72,,,0,0,0,1,0,0.5,-0.59,284.82104,0.0,427.09375
1986-04-15 00:00:00+00:00,29.7,91.13333333,,,0,0,0,0,1,0.5,-0.59,284.39166,0.0,3735.25
1986-04-15 00:00:00+00:00,12.54194444,39.76972222,,,0,1,0,0,0,0.5,-0.59,291.69717,0.0,1782.5
1986-04-15 00:00:00+00:00,18.9,72.82,,,1,0,0,0,0,0.5,-0.59,302.09323,0.0,0.0
1986-05-15 00:00:00+00:00,52.3,104.2833333,,,0,0,0,1,0,-0.4,0.85,279.27518,6.095479e-05,427.25
1986-05-15 00:00:00+00:00,47.54260867,7.58371693,,,0,0,1,0,0,-0.4,0.85,285.0561,1.2544848e-05,304.73438
1986-05-15 00:00:00+00:00,23.27,5.6,,,0,1,0,0,0,-0.4,0.85,297.88705,0.0,2246.375
1986-05-15 00:00:00+00:00,69.1,-105.1166667,,,0,0,0,0,1,-0.4,0.85,254.89772,0.0,0.0
1986-05-15 00:00:00+00:00,0.38,6.72,,,1,0,0,0,0,-0.4,0.85,298.42365,7.824048e-06,0.0
1986-05-15 00:00:00+00:00,-22.66416667,-48.06,,,0,0,1,0,0,-0.4,0.85,293.98624,0.0,490.46875
1986-05-15 00:00:00+00:00,-67.57,-68.13,,,0,0,0,0,1,-0.4,0.85,,,11.128906
1986-05-15 00:00:00+00:00,49.67,-93.72,,,0,0,0,1,0,-0.4,0.85,275.27438,2.0112384e-05,427.09375
1986-05-15 00:00:00+00:00,29.7,91.13333333,,,0,0,0,0,1,-0.4,0.85,288.48996,0.0,3735.25
1986-05-15 00:00:00+00:00,12.54194444,39.76972222,,,0,1,0,0,0,-0.4,0.85,296.12726,0.0,1782.5
1986-05-15 00:00:00+00:00,18.9,72.82,,,1,0,0,0,0,-0.4,0.85,302.93738,2.9093508e-06,0.0
1986-06-15 00:00:00+00:00,52.3,104.2833333,,,0,0,0,1,0,1.6,1.22,284.82104,1.5073266e-05,427.25
1986-06-15 00:00:00+00:00,47.54260867,7.58371693,,,0,0,1,0,0,1.6,1.22,288.5126,8.053887e-05,304.73438
1986-06-15 00:00:00+00:00,23.27,5.6,,,0,1,0,0,0,1.6,1.22,298.30212,0.0,2246.375
1986-06-15 00:00:00+00:00,69.1,-105.1166667,,,0,0,0,0,1,1.6,1.22,277.25653,0.0,0.0
1986-06-15 00:00:00+00:00,0.38,6.72,,,1,0,0,0,0,1.6,1.22,295.38907,5.7962097e-06,0.0
1986-06-15 00:00:00+00:00,-22.66416667,-48.06,,,0,0,1,0,0,1.6,1.22,292.2023,9.721631e-06,490.46875
1986-06-15 00:00:00+00:00,-67.57,-68.13,,,0,0,0,0,1,1.6,1.22,,,11.128906
1986-06-15 00:00:00+00:00,49.67,-93.72,,,0,0,0,1,0,1.6,1.22,285.92798,3.393769e-05,427.09375
1986-06-15 00:00:00+00:00,29.7,91.13333333,,,0,0,0,0,1,1.6,1.22,292.03525,0.0,3735.25
1986-06-15 00:00:00+00:00,12.54194444,39.76972222,,,0,1,0,0,0,1.6,1.22,296.34177,0.0,1782.5
1986-06-15 00:00:00+00:00,18.9,72.82,,,1,0,0,0,0,1.6,1.22,301.39554,0.0002176745,0.0
1986-07-15 00:00:00+00:00,52.3,104.2833333,,,0,0,0,1,0,0.5,0.12,293.32507,0.0,427.25
1986-07-15 00:00:00+00:00,47.54260867,7.58371693,,,0,0,1,0,0,0.5,0.12,288.46585,0.000112432055,304.73438
1986-07-15 00:00:00+00:00,23.27,5.6,,,0,1,0,0,0,0.5,0.12,298.45004,0.0,2246.375
1986-07-15 00:00:00+00:00,69.1,-105.1166667,,,0,0,0,0,1,0.5,0.12,290.59677,4.514131e-05,0.0
1986-07-15 00:00:00+00:00,0.38,6.72,,,1,0,0,0,0,0.5,0.12,294.80328,5.2038763e-06,0.0
1986-07-15 00:00:00+00:00,-22.66416667,-48.06,,,0,0,1,0,0,0.5,0.12,287.91977,4.7894428e-05,490.46875
1986-07-15 00:00:00+00:00,-67.57,-68.13,,,0,0,0,0,1,0.5,0.12,,,11.128906
1986-07-15 00:00:00+00:00,49.67,-93.72,,,0,0,0,1,0,0.5,0.12,291.1596,0.0,427.09375
1986-07-15 00:00:00+00:00,29.7,91.13333333,,,0,0,0,0,1,0.5,0.12,291.71475,9.2914306e-05,3735.25
1986-07-15 00:00:00+00:00,12.54194444,39.76972222,,,0,1,0,0,0,0.5,0.12,291.7259,0.00015816897,1782.5
1986-07-15 00:00:00+00:00,18.9,72.82,,,1,0,0,0,0,0.5,0.12,300.1759,0.00014408767,0.0
1986-08-15 00:00:00+00:00,52.3,104.2833333,,,0,0,0,1,0,-0.6,-1.09,292.18018,0.0,427.25
1986-08-15 00:00:00+00:00,47.54260867,7.58371693,,,0,0,1,0,0,-0.6,-1.09,290.34967,0.0,304.73438
1986-08-15 00:00:00+00:00,23.27,5.6,,,0,1,0,0,0,-0.6,-1.09,296.80655,1.2620323e-05,2246.375
1986-08-15 00:00:00+00:00,69.1,-105.1166667,,,0,0,0,0,1,-0.6,-1.09,279.1111,0.0,0.0
1986-08-15 00:00:00+00:00,0.38,6.72,,,1,0,0,0,0,-0.6,-1.09,295.72116,0.0,0.0
1986-08-15 00:00:00+00:00,-22.66416667,-48.06,,,0,0,1,0,0,-0.6,-1.09,296.32855,0.0,490.46875
1986-08-15 00:00:00+00:00,-67.57,-68.13,,,0,0,0,0,1,-0.6,-1.09,,,11.128906
1986-08-15 00:00:00+00:00,49.67,-93.72,,,0,0,0,1,0,-0.6,-1.09,289.39972,0.0,427.09375
1986-08-15 00:00:00+00:00,29.7,91.13333333,,,0,0,0,0,1,-0.6,-1.09,291.85345,0.0,3735.25
1986-08-15 00:00:00+00:00,12.54194444,39.76972222,,,0,1,0,0,0,-0.6,-1.09,293.05334,0.0,1782.5
1986-08-15 00:00:00+00:00,18.9,72.82,,,1,0,0,0,0,-0.6,-1.09,300.45422,5.20718e-05,0.0
1986-09-15 00:00:00+00:00,52.3,104.2833333,,,0,0,0,1,0,-0.8,-1.12,286.86447,0.0,427.25
1986-09-15 00:00:00+00:00,47.54260867,7.58371693,,,0,0,1,0,0,-0.8,-1.12,284.68,0.0,304.73438
1986-09-15 00:00:00+00:00,23.27,5.6,,,0,1,0,0,0,-0.8,-1.12,297.68533,0.0,2246.375
1986-09-15 00:00:00+00:00,69.1,-105.1166667,,,0,0,0,0,1,-0.8,-1.12,276.16864,0.0,0.0
1986-09-15 00:00:00+00:00,0.38,6.72,,,1,0,0,0,0,-0.8,-1.12,297.16736,1.4911404e-06,0.0
1986-09-15 00:00:00+00:00,-22.66416667,-48.06,,,0,0,1,0,0,-0.8,-1.12,298.6746,0.0,490.46875
1986-09-15 00:00:00+00:00,-67.57,-68.13,,,0,0,0,0,1,-0.8,-1.12,,,11.128906
1986-09-15 00:00:00+00:00,49.67,-93.72,,,0,0,0,1,0,-0.8,-1.12,286.9678,0.0,427.09375
1986-09-15 00:00:00+00:00,29.7,91.13333333,,,0,0,0,0,1,-0.8,-1.12,288.8184,5.0400475e-05,3735.25
1986-09-15 00:00:00+00:00,12.54194444,39.76972222,,,0,1,0,0,0,-0.8,-1.12,291.94553,0.0,1782.5
1986-09-15 00:00:00+00:00,18.9,72.82,,,1,0,0,0,0,-0.8,-1.12,300.55276,1.1652561e-05,0.0
1986-10-15 00:00:00+00:00,52.3,104.2833333,,,0,0,0,1,0,1.1,1.55,279.26245,0.0,427.25
1986-10-15 00:00:00+00:00,47.54260867,7.58371693,,,0,0,1,0,0,1.1,1.55,289.96988,2.2816635e-05,304.73438
1986-10-15 00:00:00+00:00,23.27,5.6,,,0,1,0,0,0,1.1,1.55,294.253,0.0,2246.375
1986-10-15 00:00:00+00:00,69.1,-105.1166667,,,0,0,0,0,1,1.1,1.55,266.1552,0.0,0.0
1986-10-15 00:00:00+00:00,0.38,6.72,,,1,0,0,0,0,1.1,1.55,297.48038,1.5175477e-05,0.0
1986-10-15 00:00:00+00:00,-22.66416667,-48.06,,,0,0,1,0,0,1.1,1.55,293.53543,0.00017162447,490.46875
1986-10-15 00:00:00+00:00,-67.57,-68.13,,,0,0,0,0,1,1.1,1.55,,,11.128906
1986-10-15 00:00:00+00:00,49.67,-93.72,,,0,0,0,1,0,1.1,1.55,277.6369,0.0001395617,427.09375
1986-10-15 00:00:00+00:00,29.7,91.13333333,,,0,0,0,0,1,1.1,1.55,288.53598,0.0,3735.25
1986-10-15 00:00:00+00:00,12.54194444,39.76972222,,,0,1,0,0,0,1.1,1.55,293.11926,0.0,1782.5
1986-10-15 00:00:00+00:00,18.9,72.82,,,1,0,0,0,0,1.1,1.55,301.23822,0.00012346002,0.0
1986-11-15 00:00:00+00:00,52.3,104.2833333,,,0,0,0,1,0,-2.0,2.29,266.92316,0.0,427.25
1986-11-15 00:00:00+00:00,47.54260867,7.58371693,,,0,0,1,0,0,-2.0,2.29,277.42212,7.09582e-05,304.73438
1986-11-15 00:00:00+00:00,23.27,5.6,,,0,1,0,0,0,-2.0,2.29,287.88342,0.0,2246.375
1986-11-15 00:00:00+00:00,69.1,-105.1166667,,,0,0,0,0,1,-2.0,2.29,250.12076,0.0,0.0
1986-11-15 00:00:00+00:00,0.38,6.72,,,1,0,0,0,0,-2.0,2.29,297.5946,8.581836e-05,0.0
1986-11-15 00:00:00+00:00,-22.66416667,-48.06,,,0,0,1,0,0,-2.0,2.29,295.81418,0.00012771453,490.46875
1986-11-15 00:00:00+00:00,-67.57,-68.13,,,0,0,0,0,1,-2.0,2.29,,,11.128906
1986-11-15 00:00:00+00:00,49.67,-93.72,,,0,0,0,1,0,-2.0,2.29,264.72217,8.570078e-06,427.09375
1986-11-15 00:00:00+00:00,29.7,91.13333333,,,0,0,0,0,1,-2.0,2.29,277.72064,0.0,3735.25
1986-11-15 00:00:00+00:00,12.54194444,39.76972222,,,0,1,0,0,0,-2.0,2.29,291.89923,0.0,1782.5
1986-11-15 00:00:00+00:00,18.9,72.82,,,1,0,0,0,0,-2.0,2.29,299.4439,0.0,0.0
1986-12-15 00:00:00+00:00,52.3,104.2833333,,,0,0,0,1,0,-2.4,0.99,265.77716,1.373894e-05,427.25
1986-12-15 00:00:00+00:00,47.54260867,7.58371693,,,0,0,1,0,0,-2.4,0.99,275.51282,0.00013880958,304.73438
1986-12-15 00:00:00+00:00,23.27,5.6,,,0,1,0,0,0,-2.4,0.99,282.21338,0.0,2246.375
1986-12-15 00:00:00+00:00,69.1,-105.1166667,,,0,0,0,0,1,-2.4,0.99,255.50844,0.0,0.0
1986-12-15 00:00:00+00:00,0.38,6.72,,,1,0,0,0,0,-2.4,0.99,297.63925,6.618817e-05,0.0
1986-12-15 00:00:00+00:00,-22.66416667,-48.06,,,0,0,1,0,0,-2.4,0.99,297.66107,0.0,490.46875
1986-12-15 00:00:00+00:00,-67.57,-68.13,,,0,0,0,0,1,-2.4,0.99,,,11.128906
1986-12-15 00:00:00+00:00,49.67,-93.72,,,0,0,0,1,0,-2.4,0.99,253.61386,7.755695e-06,427.09375
1986-12-15 00:00:00+00:00,29.7,91.13333333,,,0,0,0,0,1,-2.4,0.99,277.06738,7.346762e-06,3735.25
1986-12-15 00:00:00+00:00,12.54194444,39.76972222,,,0,1,0,0,0,-2.4,0.99,292.01154,0.0,1782.5
1986-12-15 00:00:00+00:00,18.9,72.82,,,1,0,0,0,0,-2.4,0.99,297.4518,0.0,0.0
1987-01-15 00:00:00+00:00,52.3,104.2833333,,,0,0,0,1,0,-1.1,-1.15,251.3755,1.5222558e-05,427.25
1987-01-15 00:00:00+00:00,47.54260867,7.58371693,,,0,0,1,0,0,-1.1,-1.15,272.38068,0.0,304.73438
1987-01-15 00:00:00+00:00,23.27,5.6,,,0,1,0,0,0,-1.1,-1.15,282.83307,0.0,2246.375
1987-01-15 00:00:00+00:00,69.1,-105.1166667,,,0,0,0,0,1,-1.1,-1.15,239.53036,0.0,0.0
1987-01-15 00:00:00+00:00,0.38,6.72,,,1,0,0,0,0,-1.1,-1.15,299.02222,4.2136468e-05,0.0
1987-01-15 00:00:00+00:00,-22.66416667,-48.06,,,0,0,1,0,0,-1.1,-1.15,297.46832,1.8098033e-05,490.46875
1987-01-15 00:00:00+00:00,-67.57,-68.13,,,0,0,0,0,1,-1.1,-1.15,,,11.128906
1987-01-15 00:00:00+00:00,49.67,-93.72,,,0,0,0,1,0,-1.1,-1.15,254.90999,0.0,427.09375
1987-01-15 00:00:00+00:00,29.7,91.13333333,,,0,0,0,0,1,-1.1,-1.15,273.45224,0.0,3735.25
1987-01-15 00:00:00+00:00,12.54194444,39.76972222,,,0,1,0,0,0,-1.1,-1.15,290.8427,0.0,1782.5
1987-01-15 00:00:00+00:00,18.9,72.82,,,1,0,0,0,0,-1.1,-1.15,296.26117,0.0,0.0
1987-02-15 00:00:00+00:00,52.3,104.2833333,,,0,0,0,1,0,-2.1,-0.73,262.42822,0.0,427.25
1987-02-15 00:00:00+00:00,47.54260867,7.58371693,,,0,0,1,0,0,-2.1,-0.73,268.69986,7.1373747e-06,304.73438
1987-02-15 00:00:00+00:00,23.27,5.6,,,0,1,0,0,0,-2.1,-0.73,281.27026,0.0,2246.375
1987-02-15 00:00:00+00:00,69.1,-105.1166667,,,0,0,0,0,1,-2.1,-0.73,248.23918,2.6092887e-06,0.0
1987-02-15 00:00:00+00:00,0.38,6.72,,,1,0,0,0,0,-2.1,-0.73,298.0325,9.659644e-05,0.0
1987-02-15 00:00:00+00:00,-22.66416667,-48.06,,,0,0,1,0,0,-2.1,-0.73,294.6876,0.00010563559,490.46875
1987-02-15 00:00:00+00:00,-67.57,-68.13,,,0,0,0,0,1,-2.1,-0.73,,,11.128906
1987-02-15 00:00:00+00:00,49.67,-93.72,,,0,0,0,1,0,-2.1,-0.73,267.43008,0.0,427.09375
1987-02-15 00:00:00+00:00,29.7,91.13333333,,,0,0,0,0,1,-2.1,-0.73,275.26532,0.0,3735.25
1987-02-15 00:00:00+00:00,12.54194444,39.76972222,,,0,1,0,0,0,-2.1,-0.73,292.94067,0.0,1782.5
1987-02-15 00:00:00+00:00,18.9,72.82,,,1,0,0,0,0,-2.1,-0.73,298.23526,0.0,0.0
1987-03-15 00:00:00+00:00,52.3,104.2833333,,,0,0,0,1,0,-2.1,0.14,262.43613,0.0,427.25
1987-03-15 00:00:00+00:00,47.54260867,7.58371693,,,0,0,1,0,0,-2.1,0.14,279.6741,0.0,304.73438
1987-03-15 00:00:00+00:00,23.27,5.6,,,0,1,0,0,0,-2.1,0.14,286.8724,0.0,2246.375
1987-03-15 00:00:00+00:00,69.1,-105.1166667,,,0,0,0,0,1,-2.1,0.14,239.34772,0.0,0.0
1987-03-15 00:00:00+00:00,0.38,6.72,,,1,0,0,0,0,-2.1,0.14,298.27734,0.00016196605,0.0
1987-03-15 00:00:00+00:00,-22.66416667,-48.06,,,0,0,1,0,0,-2.1,0.14,294.72354,0.0,490.46875
1987-03-15 00:00:00+00:00,-67.57,-68.13,,,0,0,0,0,1,-2.1,0.14,,,11.128906
1987-03-15 00:00:00+00:00,49.67,-93.72,,,0,0,0,1,0,-2.1,0.14,274.12216,0.0,427.09375
1987-03-15 00:00:00+00:00,29.7,91.13333333,,,0,0,0,0,1,-2.1,0.14,280.96014,0.0,3735.25
1987-03-15 00:00:00+00:00,12.54194444,39.76972222,,,0,1,0,0,0,-2.1,0.14,294.68515,0.0,1782.5
1987-03-15 00:00:00+00:00,18.9,72.82,,,1,0,0,0,0,-2.1,0.14,301.62094,0.0,0.0
1987-04-15 00:00:00+00:00,52.3,104.2833333,,,0,0,0,1,0,-2.3,2.0,268.90405,0.0,427.25
1987-04-15 00:00:00+00:00,47.54260867,7.58371693,,,0,0,1,0,0,-2.3,2.0,277.0656,0.00012143157,304.73438
1987-04-15 00:00:00+00:00,23.27,5.6,,,0,1,0,0,0,-2.3,2.0,293.18814,0.0,2246.375
1987-04-15 00:00:00+00:00,69.1,-105.1166667,,,0,0,0,0,1,-2.3,2.0,252.78912,0.0,0.0
1987-04-15 00:00:00+00:00,0.38,6.72,,,1,0,0,0,0,-2.3,2.0,298.62396,9.697415e-05,0.0
1987-04-15 00:00:00+00:00,-22.66416667,-48.06,,,0,0,1,0,0,-2.3,2.0,296.20667,5.5182286e-06,490.46875
1987-04-15 00:00:00+00:00,-67.57,-68.13,,,0,0,0,0,1,-2.3,2.0,,,11.128906
1987-04-15 00:00:00+00:00,49.67,-93.72,,,0,0,0,1,0,-2.3,2.0,264.96588,0.0,427.09375
1987-04-15 00:00:00+00:00,29.7,91.13333333,,,0,0,0,0,1,-2.3,2.0,284.46725,0.0,3735.25
1987-04-15 00:00:00+00:00,12.54194444,39.76972222,,,0,1,0,0,0,-2.3,2.0,297.4878,0.0,1782.5
1987-04-15 00:00:00+00:00,18.9,72.82,,,1,0,0,0,0,-2.3,2.0,301.17273,0.0,0.0
1987-05-15 00:00:00+00:00,52.3,104.2833333,,,0,0,0,1,0,-2.1,0.98,280.01324,9.451428e-06,427.25
1987-05-15 00:00:00+00:00,47.54260867,7.58371693,,,0,0,1,0,0,-2.1,0.98,287.28497,0.0,304.73438
1987-05-15 00:00:00+00:00,23.27,5.6,,,0,1,0,0,0,-2.1,0.98,297.4856,0.0,2246.375
1987-05-15 00:00:00+00:00,69.1,-105.1166667,,,0,0,0,0,1,-2.1,0.98,258.08517,0.0,0.0
1987-05-15 00:00:00+00:00,0.38,6.72,,,1,0,0,0,0,-2.1,0.98,297.04916,4.0292925e-05,0.0
1987-05-15 00:00:00+00:00,-22.66416667,-48.06,,,0,0,1,0,0,-2.1,0.98,292.8365,0.0,490.46875
1987-05-15 00:00:00+00:00,-67.57,-68.13,,,0,0,0,0,1,-2.1,0.98,,,11.128906
1987-05-15 00:00:00+00:00,49.67,-93.72,,,0,0,0,1,0,-2.1,0.98,278.46103,0.0,427.09375
1987-05-15 00:00:00+00:00,29.7,91.13333333,,,0,0,0,0,1,-2.1,0.98,287.98526,0.0,3735.25
1987-05-15 00:00:00+00:00,12.54194444,39.76972222,,,0,1,0,0,0,-2.1,0.98,296.57846,0.0,1782.5
1987-05-15 00:00:00+00:00,18.9,72.82,,,1,0,0,0,0,-2.1,0.98,302.24118,4.801944e-06,0.0
1987-06-15 00:00:00+00:00,52.3,104.2833333,,,0,0,0,1,0,-1.8,-1.82,282.18338,7.68899e-05,427.25
1987-06-15 00:00:00+00:00,47.54260867,7.58371693,,,0,0,1,0,0,-1.8,-1.82,286.4357,7.057777e-05,304.73438
1987-06-15 00:00:00+00:00,23.27,5.6,,,0,1,0,0,0,-1.8,-1.82,298.5797,0.0,2246.375
1987-06-15 00:00:00+00:00,69.1,-105.1166667,,,0,0,0,0,1,-1.8,-1.82,275.5762,0.0,0.0
1987-06-15 00:00:00+00:00,0.38,6.72,,,1,0,0,0,0,-1.8,-1.82,295.8884,3.4869907e-05,0.0
1987-06-15 00:00:00+00:00,-22.66416667,-48.06,,,0,0,1,0,0,-1.8,-1.82,294.30573,1.1270481e-05,490.46875
1987-06-15 00:00:00+00:00,-67.57,-68.13,,,0,0,0,0,1,-1.8,-1.82,,,11.128906
1987-06-15 00:00:00+00:00,49.67,-93.72,,,0,0,0,1,0,-1.8,-1.82,288.16147,6.2519925e-05,427.09375
1987-06-15 00:00:00+00:00,29.7,91.13333333,,,0,0,0,0,1,-1.8,-1.82,294.8318,0.0,3735.25
1987-06-15 00:00:00+00:00,12.54194444,39.76972222,,,0,1,0,0,0,-1.8,-1.82,294.22968,4.2806087e-06,1782.5
1987-06-15 00:00:00+00:00,18.9,72.82,,,1,0,0,0,0,-1.8,-1.82,301.32114,0.00028892362,0.0
1987-07-15 00:00:00+00:00,52.3,104.2833333,,,0,0,0,1,0,-2.2,0.52,293.45493,0.0,427.25
1987-07-15 00:00:00+00:00,47.54260867,7.58371693,,,0,0,1,0,0,-2.2,0.52,286.16498,0.0,304.73438
1987-07-15 00:00:00+00:00,23.27,5.6,,,0,1,0,0,0,-2.2,0.52,298.60632,0.0,2246.375
1987-07-15 00:00:00+00:00,69.1,-105.1166667,,,0,0,0,0,1,-2.2,0.52,281.3734,0.0,0.0
1987-07-15 00:00:00+00:00,0.38,6.72,,,1,0,0,0,0,-2.2,0.52,295.1016,2.1585984e-06,0.0
1987-07-15 00:00:00+00:00,-22.66416667,-48.06,,,0,0,1,0,0,-2.2,0.52,290.83267,2.9665169e-05,490.46875
1987-07-15 00:00:00+00:00,-67.57,-68.13,,,0,0,0,0,1,-2.2,0.52,,,11.128906
1987-07-15 00:00:00+00:00,49.67,-93.72,,,0,0,0,1,0,-2.2,0.52,294.47855,0.0,427.09375
1987-07-15 00:00:00+00:00,29.7,91.13333333,,,0,0,0,0,1,-2.2,0.52,289.69437,0.00038513026,3735.25
1987-07-15 00:00:00+00:00,12.54194444,39.76972222,,,0,1,0,0,0,-2.2,0.52,292.54385,0.00016200283,1782.5
1987-07-15 00:00:00+00:00,18.9,72.82,,,1,0,0,0,0,-2.2,0.52,300.04898,0.00018120129,0.0
1987-08-15 00:00:00+00:00,52.3,104.2833333,,,0,0,0,1,0,-1.5,-0.83,289.29633,2.0217205e-05,427.25
1987-08-15 00:00:00+00:00,47.54260867,7.58371693,,,0,0,1,0,0,-1.5,-0.83,295.06558,0.0,304.73438
1987-08-15 00:00:00+00:00,23.27,5.6,,,0,1,0,0,0,-1.5,-0.83,300.41873,0.0,2246.375
1987-08-15 00:00:00+00:00,69.1,-105.1166667,,,0,0,0,0,1,-1.5,-0.83,281.46133,4.923228e-06,0.0
1987-08-15 00:00:00+00:00,0.38,6.72,,,1,0,0,0,0,-1.5,-0.83,294.7932,1.9591796e-06,0.0
1987-08-15 00:00:00+00:00,-22.66416667,-48.06,,,0,0,1,0,0,-1.5,-0.83,292.3452,1.7952641e-05,490.46875
1987-08-15 00:00:00+00:00,-67.57,-68.13,,,0,0,0,0,1,-1.5,-0.83,,,11.128906
1987-08-15 00:00:00+00:00,49.67,-93.72,,,0,0,0,1,0,-1.5,-0.83,295.89417,4.4005337e-05,427.09375
1987-08-15 00:00:00+00:00,29.7,91.13333333,,,0,0,0,0,1,-1.5,-0.83,289.9163,0.0,3735.25
1987-08-15 00:00:00+00:00,12.54194444,39.76972222,,,0,1,0,0,0,-1.5,-0.83,294.46466,0.0,1782.5
1987-08-15 00:00:00+00:00,18.9,72.82,,,1,0,0,0,0,-1.5,-0.83,300.0922,0.0001251172,0.0
1987-09-15 00:00:00+00:00,52.3,104.2833333,,,0,0,0,1,0,-1.7,-1.22,281.36685,4.852264e-05,427.25
1987-09-15 00:00:00+00:00,47.54260867,7.58371693,,,0,0,1,0,0,-1.7,-1.22,281.17358,0.0,304.73438
1987-09-15 00:00:00+00:00,23.27,5.6,,,0,1,0,0,0,-1.7,-1.22,299.28165,0.0,2246.375
1987-09-15 00:00:00+00:00,69.1,-105.1166667,,,0,0,0,0,1,-1.7,-1.22,270.9049,0.0,0.0
1987-09-15 00:00:00+00:00,0.38,6.72,,,1,0,0,0,0,-1.7,-1.22,296.79694,6.915856e-06,0.0
1987-09-15 00:00:00+00:00,-22.66416667,-48.06,,,0,0,1,0,0,-1.7,-1.22,296.97415,2.4487274e-05,490.46875
1987-09-15 00:00:00+00:00,-67.57,-68.13,,,0,0,0,0,1,-1.7,-1.22,,,11.128906
1987-09-15 00:00:00+00:00,49.67,-93.72,,,0,0,0,1,0,-1.7,-1.22,287.0677,2.4127403e-05,427.09375
1987-09-15 00:00:00+00:00,29.7,91.13333333,,,0,0,0,0,1,-1.7,-1.22,289.2509,2.535131e-05,3735.25
1987-09-15 00:00:00+00:00,12.54194444,39.76972222,,,0,1,0,0,0,-1.7,-1.22,292.3197,0.0,1782.5
1987-09-15 00:00:00+00:00,18.9,72.82,,,1,0,0,0,0,-1.7,-1.22,300.00296,0.00033379317,0.0
1987-10-15 00:00:00+00:00,52.3,104.2833333,,,0,0,0,1,0,-0.6,0.14,271.0973,0.0,427.25
1987-10-15 00:00:00+00:00,47.54260867,7.58371693,,,0,0,1,0,0,-0.6,0.14,279.96643,0.0,304.73438
1987-10-15 00:00:00+00:00,23.27,5.6,,,0,1,0,0,0,-0.6,0.14,292.74295,0.0,2246.375
1987-10-15 00:00:00+00:00,69.1,-105.1166667,,,0,0,0,0,1,-0.6,0.14,264.1207,0.0,0.0
1987-10-15 00:00:00+00:00,0.38,6.72,,,1,0,0,0,0,-0.6,0.14,297.07574,2.8846418e-05,0.0
1987-10-15 00:00:00+00:00,-22.66416667,-48.06,,,0,0,1,0,0,-0.6,0.14,294.40317,0.0,490.46875
1987-10-15 00:00:00+00:00,-67.57,-68.13,,,0,0,0,0,1,-0.6,0.14,,,11.128906
1987-10-15 00:00:00+00:00,49.67,-93.72,,,0,0,0,1,0,-0.6,0.14,279.2234,5.3852626e-05,427.09375
1987-10-15 00:00:00+00:00,29.7,91.13333333,,,0,0,0,0,1,-0.6,0.14,285.75638,0.0,3735.25
1987-10-15 00:00:00+00:00,12.54194444,39.76972222,,,0,1,0,0,0,-0.6,0.14,295.10275,0.0,1782.5
1987-10-15 00:00:00+00:00,18.9,72.82,,,1,0,0,0,0,-0.6,0.14,302.2574,0.0,0.0
1987-11-15 00:00:00+00:00,52.3,104.2833333,,,0,0,0,1,0,-0.0,0.18,266.33023,0.0,427.25
1987-11-15 00:00:00+00:00,47.54260867,7.58371693,,,0,0,1,0,0,-0.0,0.18,270.60492,1.9461331e-05,304.73438
1987-11-15 00:00:00+00:00,23.27,5.6,,,0,1,0,0,0,-0.0,0.18,288.15375,0.0,2246.375
1987-11-15 00:00:00+00:00,69.1,-105.1166667,,,0,0,0,0,1,-0.0,0.18,247.75883,0.0,0.0
1987-11-15 00:00:00+00:00,0.38,6.72,,,1,0,0,0,0,-0.0,0.18,296.9046,6.291623e-05,0.0
1987-11-15 00:00:00+00:00,-22.66416667,-48.06,,,0,0,1,0,0,-0.0,0.18,297.96732,0.0,490.46875
1987-11-15 00:00:00+00:00,-67.57,-68.13,,,0,0,0,0,1,-0.0,0.18,,,11.128906
1987-11-15 00:00:00+00:00,49.67,-93.72,,,0,0,0,1,0,-0.0,0.18,266.77057,2.4667297e-05,427.09375
1987-11-15 00:00:00+00:00,29.7,91.13333333,,,0,0,0,0,1,-0.0,0.18,277.86435,0.0,3735.25
1987-11-15 00:00:00+00:00,12.54194444,39.76972222,,,0,1,0,0,0,-0.0,0.18,292.12775,0.0,1782.5
1987-11-15 00:00:00+00:00,18.9,72.82,,,1,0,0,0,0,-0.0,0.18,299.004,0.0001337592,0.0
1987-12-15 00:00:00+00:00,52.3,104.2833333,,,0,0,0,1,0,-0.8,0.32,260.23413,9.408518e-06,427.25
1987-12-15 00:00:00+00:00,47.54260867,7.58371693,,,0,0,1,0,0,-0.8,0.32,276.00406,4.769407e-05,304.73438
1987-12-15 00:00:00+00:00,23.27,5.6,,,0,1,0,0,0,-0.8,0.32,282.56158,0.0,2246.375
1987-12-15 00:00:00+00:00,69.1,-105.1166667,,,0,0,0,0,1,-0.8,0.32,236.36696,0.0,0.0
1987-12-15 00:00:00+00:00,0.38,6.72,,,1,0,0,0,0,-0.8,0.32,298.827,1.3432567e-05,0.0
1987-12-15 00:00:00+00:00,-22.66416667,-48.06,,,0,0,1,0,0,-0.8,0.32,295.58746,0.00019997,490.46875
1987-12-15 00:00:00+00:00,-67.57,-68.13,,,0,0,0,0,1,-0.8,0.32,,,11.128906
1987-12-15 00:00:00+00:00,49.67,-93.72,,,0,0,0,1,0,-0.8,0.32,243.84364,0.0,427.09375
1987-12-15 00:00:00+00:00,29.7,91.13333333,,,0,0,0,0,1,-0.8,0.32,277.75803,0.0,3735.25
1987-12-15 00:00:00+00:00,12.54194444,39.76972222,,,0,1,0,0,0,-0.8,0.32,290.8877,0.0,1782.5
1987-12-15 00:00:00+00:00,18.9,72.82,,,1,0,0,0,0,-0.8,0.32,296.0488,0.0,0.0
1988-01-15 00:00:00+00:00,52.3,104.2833333,,,0,0,0,1,0,-0.2,1.02,255.54121,0.0,427.25
1988-01-15 00:00:00+00:00,47.54260867,7.58371693,,,0,0,1,0,0,-0.2,1.02,268.3518,0.0,304.73438
1988-01-15 00:00:00+00:00,23.27,5.6,,,0,1,0,0,0,-0.2,1.02,282.3343,0.0,2246.375
1988-01-15 00:00:00+00:00,69.1,-105.1166667,,,0,0,0,0,1,-0.2,1.02,246.6947,0.0,0.0
1988-01-15 00:00:00+00:00,0.38,6.72,,,1,0,0,0,0,-0.2,1.02,298.6944,4.9964627e-05,0.0
1988-01-15 00:00:00+00:00,-22.66416667,-48.06,,,0,0,1,0,0,-0.2,1.02,299.0621,0.0001019093,490.46875
1988-01-15 00:00:00+00:00,-67.57,-68.13,,,0,0,0,0,1,-0.2,1.02,,,11.128906
1988-01-15 00:00:00+00:00,49.67,-93.72,,,0,0,0,1,0,-0.2,1.02,245.65714,0.0,427.09375
1988-01-15 00:00:00+00:00,29.7,91.13333333,,,0,0,0,0,1,-0.2,1.02,272.25534,0.0,3735.25
1988-01-15 00:00:00+00:00,12.54194444,39.76972222,,,0,1,0,0,0,-0.2,1.02,293.26804,0.0,1782.5
1988-01-15 00:00:00+00:00,18.9,72.82,,,1,0,0,0,0,-0.2,1.02,297.2607,0.0,0.0
1988-02-15 00:00:00+00:00,52.3,104.2833333,,,0,0,0,1,0,-0.6,0.76,261.68945,0.0,427.25
1988-02-15 00:00:00+00:00,47.54260867,7.58371693,,,0,0,1,0,0,-0.6,0.76,277.00778,0.0,304.73438
1988-02-15 00:00:00+00:00,23.27,5.6,,,0,1,0,0,0,-0.6,0.76,282.1901,0.0,2246.375
1988-02-15 00:00:00+00:00,69.1,-105.1166667,,,0,0,0,0,1,-0.6,0.76,246.21191,2.8519335e-06,0.0
1988-02-15 00:00:00+00:00,0.38,6.72,,,1,0,0,0,0,-0.6,0.76,298.41168,8.7474706e-05,0.0
1988-02-15 00:00:00+00:00,-22.66416667,-48.06,,,0,0,1,0,0,-0.6,0.76,297.29724,0.00016768299,490.46875
1988-02-15 00:00:00+00:00,-67.57,-68.13,,,0,0,0,0,1,-0.6,0.76,,,11.128906
1988-02-15 00:00:00+00:00,49.67,-93.72,,,0,0,0,1,0,-0.6,0.76,252.88885,0.0,427.09375
1988-02-15 00:00:00+00:00,29.7,91.13333333,,,0,0,0,0,1,-0.6,0.76,277.88657,0.0,3735.25
1988-02-15 00:00:00+00:00,12.54194444,39.76972222,,,0,1,0,0,0,-0.6,0.76,289.18137,0.00018968449,1782.5
1988-02-15 00:00:00+00:00,18.9,72.82,,,1,0,0,0,0,-0.6,0.76,297.4822,0.0,0.0
1988-03-15 00:00:00+00:00,52.3,104.2833333,,,0,0,0,1,0,1.1,-0.17,261.81168,0.0,427.25
1988-03-15 00:00:00+00:00,47.54260867,7.58371693,,,0,0,1,0,0,1.1,-0.17,270.75116,2.4999063e-05,304.73438
1988-03-15 00:00:00+00:00,23.27,5.6,,,0,1,0,0,0,1.1,-0.17,289.2124,0.0,2246.375
1988-03-15 00:00:00+00:00,69.1,-105.1166667,,,0,0,0,0,1,1.1,-0.17,242.7569,1.0972663e-05,0.0
1988-03-15 00:00:00+00:00,0.38,6.72,,,1,0,0,0,0,1.1,-0.17,298.9472,9.9103316e-05,0.0
1988-03-15 00:00:00+00:00,-22.66416667,-48.06,,,0,0,1,0,0,1.1,-0.17,297.16058,4.665658e-05,490.46875
1988-03-15 00:00:00+00:00,-67.57,-68.13,,,0,0,0,0,1,1.1,-0.17,,,11.128906
1988-03-15 00:00:00+00:00,49.67,-93.72,,,0,0,0,1,0,1.1,-0.17,251.11755,0.0,427.09375
1988-03-15 00:00:00+00:00,29.7,91.13333333,,,0,0,0,0,1,1.1,-0.17,280.08493,0.0,3735.25
1988-03-15 00:00:00+00:00,12.54194444,39.76972222,,,0,1,0,0,0,1.1,-0.17,292.40237,0.0,1782.5
1988-03-15 00:00:00+00:00,18.9,72.82,,,1,0,0,0,0,1.1,-0.17,298.9955,2.9777411e-06,0.0
1988-04-15 00:00:00+00:00,52.3,104.2833333,,,0,0,0,1,0,0.2,-1.17,278.18008,0.0,427.25
1988-04-15 00:00:00+00:00,47.54260867,7.58371693,,,0,0,1,0,0,0.2,-1.17,275.43225,0.0,304.73438
1988-04-15 00:00:00+00:00,23.27,5.6,,,0,1,0,0,0,0.2,-1.17,289.44904,9.690153e-05,2246.375
1988-04-15 00:00:00+00:00,69.1,-105.1166667,,,0,0,0,0,1,0.2,-1.17,248.31136,5.503986e-06,0.0
1988-04-15 00:00:00+00:00,0.38,6.72,,,1,0,0,0,0,0.2,-1.17,299.13638,4.8033275e-05,0.0
1988-04-15 00:00:00+00:00,-22.66416667,-48.06,,,0,0,1,0,0,0.2,-1.17,296.25168,1.0054702e-05,490.46875
1988-04-15 00:00:00+00:00,-67.57,-68.13,,,0,0,0,0,1,0.2,-1.17,,,11.128906
1988-04-15 00:00:00+00:00,49.67,-93.72,,,0,0,0,1,0,0.2,-1.17,276.50452,7.3027586e-05,427.09375
1988-04-15 00:00:00+00:00,29.7,91.13333333,,,0,0,0,0,1,0.2,-1.17,282.0894,0.0,3735.25
1988-04-15 00:00:00+00:00,12.54194444,39.76972222,,,0,1,0,0,0,0.2,-1.17,295.43228,0.0,1782.5
1988-04-15 00:00:00+00:00,18.9,72.82,,,1,0,0,0,0,0.2,-1.17,300.88538,0.0,0.0
1988-05-15 00:00:00+00:00,52.3,104.2833333,,,0,0,0,1,0,1.5,0.63,281.1645,0.0,427.25
1988-05-15 00:00:00+00:00,47.54260867,7.58371693,,,0,0,1,0,0,1.5,0.63,282.09308,3.556869e-05,304.73438
1988-05-15 00:00:00+00:00,23.27,5.6,,,0,1,0,0,0,1.5,0.63,295.59366,0.0,2246.375
1988-05-15 00:00:00+00:00,69.1,-105.1166667,,,0,0,0,0,1,1.5,0.63,268.32913,0.0,0.0
1988-05-15 00:00:00+00:00,0.38,6.72,,,1,0,0,0,0,1.5,0.63,298.129,2.7084767e-05,0.0
1988-05-15 00:00:00+00:00,-22.66416667,-48.06,,,0,0,1,0,0,1.5,0.63,294.0046,0.0,490.46875
1988-05-15 00:00:00+00:00,-67.57,-68.13,,,0,0,0,0,1,1.5,0.63,,,11.128906
1988-05-15 00:00:00+00:00,49.67,-93.72,,,0,0,0,1,0,1.5,0.63,284.94687,1.2549334e-05,427.09375
1988-05-15 00:00:00+00:00,29.7,91.13333333,,,0,0,0,0,1,1.5,0.63,285.56366,1.3782522e-05,3735.25
1988-05-15 00:00:00+00:00,12.54194444,39.76972222,,,0,1,0,0,0,1.5,0.63,295.47015,0.0,1782.5
1988-05-15 00:00:00+00:00,18.9,72.82,,,1,0,0,0,0,1.5,0.63,302.91608,3.5954774e-06,0.0
1988-06-15 00:00:00+00:00,52.3,104.2833333,,,0,0,0,1,0,0.1,0.88,290.20105,0.0,427.25
1988-06-15 00:00:00+00:00,47.54260867,7.58371693,,,0,0,1,0,0,0.1,0.88,291.99387,5.3549928e-05,304.73438
1988-06-15 00:00:00+00:00,23.27,5.6,,,0,1,0,0,0,0.1,0.88,296.84195,9.2989585e-06,2246.375
1988-06-15 00:00:00+00:00,69.1,-105.1166667,,,0,0,0,0,1,0.1,0.88,277.1519,1.4583225e-05,0.0
1988-06-15 00:00:00+00:00,0.38,6.72,,,1,0,0,0,0,0.1,0.88,297.45782,0.0,0.0
1988-06-15 00:00:00+00:00,-22.66416667,-48.06,,,0,0,1,0,0,0.1,0.88,289.93323,0.0,490.46875
1988-06-15 00:00:00+00:00,-67.57,-68.13,,,0,0,0,0,1,0.1,0.88,,,11.128906
1988-06-15 00:00:00+00:00,49.67,-93.72,,,0,0,0,1,0,0.1,0.88,290.1162,0.0,427.09375
1988-06-15 00:00:00+00:00,29.7,91.13333333,,,0,0,0,0,1,0.1,0.88,292.65216,2.7709062e-05,3735.25
1988-06-15 00:00:00+00:00,12.54194444,39.76972222,,,0,1,0,0,0,0.1,0.88,295.53403,1.0085199e-05,1782.5
1988-06-15 00:00:00+00:00,18.9,72.82,,,1,0,0,0,0,0.1,0.88,301.5359,0.00016029534,0.0
1988-07-15 00:00:00+00:00,52.3,104.2833333,,,0,0,0,1,0,1.7,-0.35,289.81003,0.0,427.25
1988-07-15 00:00:00+00:00,47.54260867,7.58371693,,,0,0,1,0,0,1.7,-0.35,294.9513,0.0,304.73438
1988-07-15 00:00:00+00:00,23.27,5.6,,,0,1,0,0,0,1.7,-0.35,300.01663,0.0,2246.375
1988-07-15 00:00:00+00:00,69.1,-105.1166667,,,0,0,0,0,1,1.7,-0.35,279.6426,0.0,0.0
1988-07-15 00:00:00+00:00,0.38,6.72,,,1,0,0,0,0,1.7,-0.35,296.70062,0.0,0.0
1988-07-15 00:00:00+00:00,-22.66416667,-48.06,,,0,0,1,0,0,1.7,-0.35,292.52203,0.0,490.46875
1988-07-15 00:00:00+00:00,-67.57,-68.13,,,0,0,0,0,1,1.7,-0.35,,,11.128906
1988-07-15 00:00:00+00:00,49.67,-93.72,,,0,0,0,1,0,1.7,-0.35,295.60358,1.874926e-05,427.09375
1988-07-15 00:00:00+00:00,29.7,91.13333333,,,0,0,0,0,1,1.7,-0.35,291.45798,0.0,3735.25
1988-07-15 00:00:00+00:00,12.54194444,39.76972222,,,0,1,0,0,0,1.7,-0.35,293.0533,0.0,1782.5
1988-07-15 00:00:00+00:00,18.9,72.82,,,1,0,0,0,0,1.7,-0.35,300.42032,8.0770245e-05,0.0
1988-08-15 00:00:00+00:00,52.3,104.2833333,,,0,0,0,1,0,2.5,0.04,291.33353,2.9023422e-05,427.25
1988-08-15 00:00:00+00:00,47.54260867,7.58371693,,,0,0,1,0,0,2.5,0.04,286.8671,1.7506562e-05,304.73438
1988-08-15 00:00:00+00:00,23.27,5.6,,,0,1,0,0,0,2.5,0.04,299.94305,0.0,2246.375
1988-08-15 00:00:00+00:00,69.1,-105.1166667,,,0,0,0,0,1,2.5,0.04,276.81754,0.0,0.0
1988-08-15 00:00:00+00:00,0.38,6.72,,,1,0,0,0,0,2.5,0.04,295.95712,4.4196704e-06,0.0
1988-08-15 00:00:00+00:00,-22.66416667,-48.06,,,0,0,1,0,0,2.5,0.04,295.4789,0.0,490.46875
1988-08-15 00:00:00+00:00,-67.57,-68.13,,,0,0,0,0,1,2.5,0.04,,,11.128906
1988-08-15 00:00:00+00:00,49.67,-93.72,,,0,0,0,1,0,2.5,0.04,288.22757,0.0,427.09375
1988-08-15 00:00:00+00:00,29.7,91.13333333,,,0,0,0,0,1,2.5,0.04,292.16022,6.7118184e-05,3735.25
1988-08-15 00:00:00+00:00,12.54194444,39.76972222,,,0,1,0,0,0,2.5,0.04,294.2091,0.0,1782.5
1988-08-15 00:00:00+00:00,18.9,72.82,,,1,0,0,0,0,2.5,0.04,300.87805,0.00011927204,0.0
1988-09-15 00:00:00+00:00,52.3,104.2833333,,,0,0,0,1,0,3.0,-0.99,281.71835,2.9449897e-05,427.25
1988-09-15 00:00:00+00:00,47.54260867,7.58371693,,,0,0,1,0,0,3.0,-0.99,285.81372,0.0,304.73438
1988-09-15 00:00:00+00:00,23.27,5.6,,,0,1,0,0,0,3.0,-0.99,297.82153,0.0,2246.375
1988-09-15 00:00:00+00:00,69.1,-105.1166667,,,0,0,0,0,1,3.0,-0.99,271.7607,0.0,0.0
1988-09-15 00:00:00+00:00,0.38,6.72,,,1,0,0,0,0,3.0,-0.99,295.65527,5.8000398e-05,0.0
1988-09-15 00:00:00+00:00,-22.66416667,-48.06,,,0,0,1,0,0,3.0,-0.99,293.38828,1.1210913e-05,490.46875
1988-09-15 00:00:00+00:00,-67.57,-68.13,,,0,0,0,0,1,3.0,-0.99,,,11.128906
1988-09-15 00:00:00+00:00,49.67,-93.72,,,0,0,0,1,0,3.0,-0.99,288.01144,0.0,427.09375
1988-09-15 00:00:00+00:00,29.7,91.13333333,,,0,0,0,0,1,3.0,-0.99,290.5078,0.0,3735.25
1988-09-15 00:00:00+00:00,12.54194444,39.76972222,,,0,1,0,0,0,3.0,-0.99,292.47952,0.0,1782.5
1988-09-15 00:00:00+00:00,18.9,72.82,,,1,0,0,0,0,3.0,-0.99,299.46783,0.00010440883,0.0
1988-10-15 00:00:00+00:00,52.3,104.2833333,,,0,0,0,1,0,2.3,-1.08,274.76,0.0,427.25
1988-10-15 00:00:00+00:00,47.54260867,7.58371693,,,0,0,1,0,0,2.3,-1.08,279.8107,0.00023946716,304.73438
1988-10-15 00:00:00+00:00,23.27,5.6,,,0,1,0,0,0,2.3,-1.08,294.3829,0.0,2246.375
1988-10-15 00:00:00+00:00,69.1,-105.1166667,,,0,0,0,0,1,2.3,-1.08,267.2411,0.0,0.0
1988-10-15 00:00:00+00:00,0.38,6.72,,,1,0,0,0,0,2.3,-1.08,296.4219,9.573157e-05,0.0
1988-10-15 00:00:00+00:00,-22.66416667,-48.06,,,0,0,1,0,0,2.3,-1.08,294.8202,1.1349093e-05,490.46875
1988-10-15 00:00:00+00:00,-67.57,-68.13,,,0,0,0,0,1,2.3,-1.08,,,11.128906
1988-10-15 00:00:00+00:00,49.67,-93.72,,,0,0,0,1,0,2.3,-1.08,276.55063,0.0,427.09375
1988-10-15 00:00:00+00:00,29.7,91.13333333,,,0,0,0,0,1,2.3,-1.08,287.73178,0.0,3735.25
1988-10-15 00:00:00+00:00,12.54194444,39.76972222,,,0,1,0,0,0,2.3,-1.08,291.55768,0.0,1782.5
1988-10-15 00:00:00+00:00,18.9,72.82,,,1,0,0,0,0,2.3,-1.08,300.88657,2.1134614e-05,0.0
1988-11-15 00:00:00+00:00,52.3,104.2833333,,,0,0,0,1,0,2.8,-0.34,265.4389,0.0,427.25
1988-11-15 00:00:00+00:00,47.54260867,7.58371693,,,0,0,1,0,0,2.8,-0.34,276.67505,3.6850135e-05,304.73438
1988-11-15 00:00:00+00:00,23.27,5.6,,,0,1,0,0,0,2.8,-0.34,285.12173,0.0,2246.375
1988-11-15 00:00:00+00:00,69.1,-105.1166667,,,0,0,0,0,1,2.8,-0.34,244.43918,0.0,0.0
1988-11-15 00:00:00+00:00,0.38,6.72,,,1,0,0,0,0,2.8,-0.34,298.2042,5.3226733e-05,0.0
1988-11-15 00:00:00+00:00,-22.66416667,-48.06,,,0,0,1,0,0,2.8,-0.34,295.63666,0.0,490.46875
1988-11-15 00:00:00+00:00,-67.57,-68.13,,,0,0,0,0,1,2.8,-0.34,,,11.128906
1988-11-15 00:00:00+00:00,49.67,-93.72,,,0,0,0,1,0,2.8,-0.34,256.42477,2.5167741e-05,427.09375
1988-11-15 00:00:00+00:00,29.7,91.13333333,,,0,0,0,0,1,2.8,-0.34,281.57037,0.0,3735.25
1988-11-15 00:00:00+00:00,12.54194444,39.76972222,,,0,1,0,0,0,2.8,-0.34,291.29294,0.0,1782.5
1988-11-15 00:00:00+00:00,18.9,72.82,,,1,0,0,0,0,2.8,-0.34,300.66586,0.0,0.0
1988-12-15 00:00:00+00:00,52.3,104.2833333,,,0,0,0,1,0,2.0,0.61,263.4672,0.0,427.25
1988-12-15 00:00:00+00:00,47.54260867,7.58371693,,,0,0,1,0,0,2.0,0.61,275.94034,0.0,304.73438
1988-12-15 00:00:00+00:00,23.27,5.6,,,0,1,0,0,0,2.0,0.61,285.1484,0.0,2246.375
1988-12-15 00:00:00+00:00,69.1,-105.1166667,,,0,0,0,0,1,2.0,0.61,243.0307,0.0,0.0
1988-12-15 00:00:00+00:00,0.38,6.72,,,1,0,0,0,0,2.0,0.61,298.81805,5.6222016e-05,0.0
1988-12-15 00:00:00+00:00,-22.66416667,-48.06,,,0,0,1,0,0,2.0,0.61,295.1176,0.0,490.46875
1988-12-15 00:00:00+00:00,-67.57,-68.13,,,0,0,0,0,1,2.0,0.61,,,11.128906
1988-12-15 00:00:00+00:00,49.67,-93.72,,,0,0,0,1,0,2.0,0.61,243.60007,0.0,427.09375
1988-12-15 00:00:00+00:00,29.7,91.13333333,,,0,0,0,0,1,2.0,0.61,273.62604,0.0,3735.25
1988-12-15 00:00:00+00:00,12.54194444,39.76972222,,,0,1,0,0,0,2.0,0.61,290.6403,0.0,1782.5
1988-12-15 00:00:00+00:00,18.9,72.82,,,1,0,0,0,0,2.0,0.61,298.5065,0.0,0.0
1989-01-15 00:00:00+00:00,52.3,104.2833333,,,0,0,0,1,0,2.5,1.17,250.40201,5.430549e-06,427.25
1989-01-15 00:00:00+00:00,47.54260867,7.58371693,,,0,0,1,0,0,2.5,1.17,266.25885,1.3290974e-05,304.73438
1989-01-15 00:00:00+00:00,23.27,5.6,,,0,1,0,0,0,2.5,1.17,286.24283,0.0,2246.375
1989-01-15 00:00:00+00:00,69.1,-105.1166667,,,0,0,0,0,1,2.5,1.17,231.08968,0.0,0.0
1989-01-15 00:00:00+00:00,0.38,6.72,,,1,0,0,0,0,2.5,1.17,299.11246,9.785439e-06,0.0
1989-01-15 00:00:00+00:00,-22.66416667,-48.06,,,0,0,1,0,0,2.5,1.17,301.11884,2.4998255e-05,490.46875
1989-01-15 00:00:00+00:00,-67.57,-68.13,,,0,0,0,0,1,2.5,1.17,,,11.128906
1989-01-15 00:00:00+00:00,49.67,-93.72,,,0,0,0,1,0,2.5,1.17,267.749,0.0,427.09375
1989-01-15 00:00:00+00:00,29.7,91.13333333,,,0,0,0,0,1,2.5,1.17,275.4316,0.0,3735.25
1989-01-15 00:00:00+00:00,12.54194444,39.76972222,,,0,1,0,0,0,2.5,1.17,293.17197,0.0,1782.5
1989-01-15 00:00:00+00:00,18.9,72.82,,,1,0,0,0,0,2.5,1.17,299.1786,0.0,0.0
1989-02-15 00:00:00+00:00,52.3,104.2833333,,,0,0,0,1,0,2.0,2.0,257.88693,0.0,427.25
1989-02-15 00:00:00+00:00,47.54260867,7.58371693,,,0,0,1,0,0,2.0,2.0,276.2289,2.4361574e-05,304.73438
1989-02-15 00:00:00+00:00,23.27,5.6,,,0,1,0,0,0,2.0,2.0,282.36444,0.0,2246.375
1989-02-15 00:00:00+00:00,69.1,-105.1166667,,,0,0,0,0,1,2.0,2.0,246.96275,0.0,0.0
1989-02-15 00:00:00+00:00,0.38,6.72,,,1,0,0,0,0,2.0,2.0,298.30106,0.00013355186,0.0
1989-02-15 00:00:00+00:00,-22.66416667,-48.06,,,0,0,1,0,0,2.0,2.0,298.16968,0.00049511745,490.46875
1989-02-15 00:00:00+00:00,-67.57,-68.13,,,0,0,0,0,1,2.0,2.0,,,11.128906
1989-02-15 00:00:00+00:00,49.67,-93.72,,,0,0,0,1,0,2.0,2.0,260.05893,0.0,427.09375
1989-02-15 00:00:00+00:00,29.7,91.13333333,,,0,0,0,0,1,2.0,2.0,276.8779,0.0,3735.25
1989-02-15 00:00:00+00:00,12.54194444,39.76972222,,,0,1,0,0,0,2.0,2.0,291.82034,0.0,1782.5
1989-02-15 00:00:00+00:00,18.9,72.82,,,1,0,0,0,0,2.0,2.0,301.06213,0.0,0.0
1989-03-15 00:00:00+00:00,52.3,104.2833333,,,0,0,0,1,0,1.8,1.85,272.36487,0.0,427.25
1989-03-15 00:00:00+00:00,47.54260867,7.58371693,,,0,0,1,0,0,1.8,1.85,274.59216,0.0,304.73438
1989-03-15 00:00:00+00:00,23.27,5.6,,,0,1,0,0,0,1.8,1.85,291.68204,0.0,2246.375
1989-03-15 00:00:00+00:00,69.1,-105.1166667,,,0,0,0,0,1,1.8,1.85,257.13214,0.0,0.0
1989-03-15 00:00:00+00:00,0.38,6.72,,,1,0,0,0,0,1.8,1.85,299.60443,8.109967e-05,0.0
1989-03-15 00:00:00+00:00,-22.66416667,-48.06,,,0,0,1,0,0,1.8,1.85,298.52,0.0,490.46875
1989-03-15 00:00:00+00:00,-67.57,-68.13,,,0,0,0,0,1,1.8,1.85,,,11.128906
1989-03-15 00:00:00+00:00,49.67,-93.72,,,0,0,0,1,0,1.8,1.85,263.78647,0.0,427.09375
1989-03-15 00:00:00+00:00,29.7,91.13333333,,,0,0,0,0,1,1.8,1.85,279.79523,0.0,3735.25
1989-03-15 00:00:00+00:00,12.54194444,39.76972222,,,0,1,0,0,0,1.8,1.85,295.6849,0.0,1782.5
1989-03-15 00:00:00+00:00,18.9,72.82,,,1,0,0,0,0,1.8,1.85,300.96915,0.0,0.0
1989-04-15 00:00:00+00:00,52.3,104.2833333,,,0,0,0,1,0,2.7,0.28,273.3997,0.0,427.25
1989-04-15 00:00:00+00:00,47.54260867,7.58371693,,,0,0,1,0,0,2.7,0.28,283.74786,0.00010865461,304.73438
1989-04-15 00:00:00+00:00,23.27,5.6,,,0,1,0,0,0,2.7,0.28,288.84863,0.0,2246.375
1989-04-15 00:00:00+00:00,69.1,-105.1166667,,,0,0,0,0,1,2.7,0.28,258.39575,0.0,0.0
1989-04-15 00:00:00+00:00,0.38,6.72,,,1,0,0,0,0,2.7,0.28,299.56107,4.049019e-05,0.0
1989-04-15 00:00:00+00:00,-22.66416667,-48.06,,,0,0,1,0,0,2.7,0.28,293.04108,0.0,490.46875
1989-04-15 00:00:00+00:00,-67.57,-68.13,,,0,0,0,0,1,2.7,0.28,,,11.128906
1989-04-15 00:00:00+00:00,49.67,-93.72,,,0,0,0,1,0,2.7,0.28,275.46667,0.0,427.09375
1989-04-15 00:00:00+00:00,29.7,91.13333333,,,0,0,0,0,1,2.7,0.28,285.28555,0.0,3735.25
1989-04-15 00:00:00+00:00,12.54194444,39.76972222,,,0,1,0,0,0,2.7,0.28,295.07162,0.0,1782.5
1989-04-15 00:00:00+00:00,18.9,72.82,,,1,0,0,0,0,2.7,0.28,303.57126,0.0,0.0
1989-05-15 00:00:00+00:00,52.3,104.2833333,,,0,0,0,1,0,2.0,1.38,282.517,0.0,427.25
1989-05-15 00:00:00+00:00,47.54260867,7.58371693,,,0,0,1,0,0,2.0,1.38,284.0593,0.0,304.73438
1989-05-15 00:00:00+00:00,23.27,5.6,,,0,1,0,0,0,2.0,1.38,294.47644,0.0,2246.375
1989-05-15 00:00:00+00:00,69.1,-105.1166667,,,0,0,0,0,1,2.0,1.38,267.77798,0.0,0.0
1989-05-15 00:00:00+00:00,0.38,6.72,,,1,0,0,0,0,2.0,1.38,299.11536,2.2832499e-05,0.0
1989-05-15 00:00:00+00:00,-22.66416667,-48.06,,,0,0,1,0,0,2.0,1.38,294.61072,1.020753e-05,490.46875
1989-05-15 00:00:00+00:00,-67.57,-68.13,,,0,0,0,0,1,2.0,1.38,,,11.128906
1989-05-15 00:00:00+00:00,49.67,-93.72,,,0,0,0,1,0,2.0,1.38,281.5736,0.0,427.09375
1989-05-15 00:00:00+00:00,29.7,91.13333333,,,0,0,0,0,1,2.0,1.38,291.75818,0.0,3735.25
1989-05-15 00:00:00+00:00,12.54194444,39.76972222,,,0,1,0,0,0,2.0,1.38,293.3149,0.00074071455,1782.5
1989-05-15 00:00:00+00:00,18.9,72.82,,,1,0,0,0,0,2.0,1.38,303.2307,2.4322458e-06,0.0
1989-06-15 00:00:00+00:00,52.3,104.2833333,,,0,0,0,1,0,1.2,-0.27,291.39804,0.0,427.25
1989-06-15 00:00:00+00:00,47.54260867,7.58371693,,,0,0,1,0,0,1.2,-0.27,292.8175,0.0,304.73438
1989-06-15 00:00:00+00:00,23.27,5.6,,,0,1,0,0,0,1.2,-0.27,297.41388,0.0,2246.375
1989-06-15 00:00:00+00:00,69.1,-105.1166667,,,0,0,0,0,1,1.2,-0.27,273.44592,0.0,0.0
1989-06-15 00:00:00+00:00,0.38,6.72,,,1,0,0,0,0,1.2,-0.27,295.54535,2.2990955e-05,0.0
1989-06-15 00:00:00+00:00,-22.66416667,-48.06,,,0,0,1,0,0,1.2,-0.27,290.7145,0.00020358514,490.46875
1989-06-15 00:00:00+00:00,-67.57,-68.13,,,0,0,0,0,1,1.2,-0.27,,,11.128906
1989-06-15 00:00:00+00:00,49.67,-93.72,,,0,0,0,1,0,1.2,-0.27,284.4935,0.0,427.09375
1989-06-15 00:00:00+00:00,29.7,91.13333333,,,0,0,0,0,1,1.2,-0.27,289.24695,0.0,3735.25
1989-06-15 00:00:00+00:00,12.54194444,39.76972222,,,0,1,0,0,0,1.2,-0.27,296.08066,0.0,1782.5
1989-06-15 00:00:00+00:00,18.9,72.82,,,1,0,0,0,0,1.2,-0.27,300.87134,5.326971e-05,0.0
1989-07-15 00:00:00+00:00,52.3,104.2833333,,,0,0,0,1,0,1.5,0.97,293.5666,0.0,427.25
1989-07-15 00:00:00+00:00,47.54260867,7.58371693,,,0,0,1,0,0,1.5,0.97,294.122,0.00012030141,304.73438
1989-07-15 00:00:00+00:00,23.27,5.6,,,0,1,0,0,0,1.5,0.97,296.9265,7.0923365e-06,2246.375
1989-07-15 00:00:00+00:00,69.1,-105.1166667,,,0,0,0,0,1,1.5,0.97,277.74774,0.0,0.0
1989-07-15 00:00:00+00:00,0.38,6.72,,,1,0,0,0,0,1.5,0.97,297.29092,0.0,0.0
1989-07-15 00:00:00+00:00,-22.66416667,-48.06,,,0,0,1,0,0,1.5,0.97,290.06006,0.0,490.46875
1989-07-15 00:00:00+00:00,-67.57,-68.13,,,0,0,0,0,1,1.5,0.97,,,11.128906
1989-07-15 00:00:00+00:00,49.67,-93.72,,,0,0,0,1,0,1.5,0.97,295.8664,1.8929424e-05,427.09375
1989-07-15 00:00:00+00:00,29.7,91.13333333,,,0,0,0,0,1,1.5,0.97,293.45493,0.0,3735.25
1989-07-15 00:00:00+00:00,12.54194444,39.76972222,,,0,1,0,0,0,1.5,0.97,293.1788,0.0,1782.5
1989-07-15 00:00:00+00:00,18.9,72.82,,,1,0,0,0,0,1.5,0.97,300.8891,0.0003315727,0.0
1989-08-15 00:00:00+00:00,52.3,104.2833333,,,0,0,0,1,0,-0.5,0.01,292.30063,5.0417548e-05,427.25
1989-08-15 00:00:00+00:00,47.54260867,7.58371693,,,0,0,1,0,0,-0.5,0.01,290.607,0.00019239855,304.73438
1989-08-15 00:00:00+00:00,23.27,5.6,,,0,1,0,0,0,-0.5,0.01,300.4114,0.0,2246.375
1989-08-15 00:00:00+00:00,69.1,-105.1166667,,,0,0,0,0,1,-0.5,0.01,280.30026,0.0,0.0
1989-08-15 00:00:00+00:00,0.38,6.72,,,1,0,0,0,0,-0.5,0.01,295.91278,5.370569e-06,0.0
1989-08-15 00:00:00+00:00,-22.66416667,-48.06,,,0,0,1,0,0,-0.5,0.01,289.07196,0.0,490.46875
1989-08-15 00:00:00+00:00,-67.57,-68.13,,,0,0,0,0,1,-0.5,0.01,,,11.128906
1989-08-15 00:00:00+00:00,49.67,-93.72,,,0,0,0,1,0,-0.5,0.01,287.0759,0.0,427.09375
1989-08-15 00:00:00+00:00,29.7,91.13333333,,,0,0,0,0,1,-0.5,0.01,289.60202,2.4731195e-05,3735.25
1989-08-15 00:00:00+00:00,12.54194444,39.76972222,,,0,1,0,0,0,-0.5,0.01,291.71594,0.00016664212,1782.5
1989-08-15 00:00:00+00:00,18.9,72.82,,,1,0,0,0,0,-0.5,0.01,300.6638,4.6069803e-05,0.0
1989-09-15 00:00:00+00:00,52.3,104.2833333,,,0,0,0,1,0,0.8,2.05,284.43835,0.0,427.25
1989-09-15 00:00:00+00:00,47.54260867,7.58371693,,,0,0,1,0,0,0.8,2.05,290.077,1.4680021e-05,304.73438
1989-09-15 00:00:00+00:00,23.27,5.6,,,0,1,0,0,0,0.8,2.05,296.50284,3.4165414e-06,2246.375
1989-09-15 00:00:00+00:00,69.1,-105.1166667,,,0,0,0,0,1,0.8,2.05,275.08072,2.0020987e-05,0.0
1989-09-15 00:00:00+00:00,0.38,6.72,,,1,0,0,0,0,0.8,2.05,296.68286,4.3315536e-06,0.0
1989-09-15 00:00:00+00:00,-22.66416667,-48.06,,,0,0,1,0,0,0.8,2.05,296.49536,5.9324834e-06,490.46875
1989-09-15 00:00:00+00:00,-67.57,-68.13,,,0,0,0,0,1,0.8,2.05,,,11.128906
1989-09-15 00:00:00+00:00,49.67,-93.72,,,0,0,0,1,0,0.8,2.05,279.72504,0.0,427.09375
1989-09-15 00:00:00+00:00,29.7,91.13333333,,,0,0,0,0,1,0.8,2.05,289.51584,3.1395743e-05,3735.25
1989-09-15 00:00:00+00:00,12.54194444,39.76972222,,,0,1,0,0,0,0.8,2.05,293.31042,0.0,1782.5
1989-09-15 00:00:00+00:00,18.9,72.82,,,1,0,0,0,0,0.8,2.05,299.83203,8.1533086e-05,0.0
1989-10-15 00:00:00+00:00,52.3,104.2833333,,,0,0,0,1,0,1.3,-0.03,276.05258,0.0,427.25
1989-10-15 00:00:00+00:00,47.54260867,7.58371693,,,0,0,1,0,0,1.3,-0.03,282.69775,8.522698e-06,304.73438
1989-10-15 00:00:00+00:00,23.27,5.6,,,0,1,0,0,0,1.3,-0.03,295.45035,0.0,2246.375
1989-10-15 00:00:00+00:00,69.1,-105.1166667,,,0,0,0,0,1,1.3,-0.03,269.88098,0.0,0.0
1989-10-15 00:00:00+00:00,0.38,6.72,,,1,0,0,0,0,1.3,-0.03,297.3315,6.496631e-05,0.0
1989-10-15 00:00:00+00:00,-22.66416667,-48.06,,,0,0,1,0,0,1.3,-0.03,296.84122,0.000109283894,490.46875
1989-10-15 00:00:00+00:00,-67.57,-68.13,,,0,0,0,0,1,1.3,-0.03,,,11.128906
1989-10-15 00:00:00+00:00,49.67,-93.72,,,0,0,0,1,0,1.3,-0.03,279.8899,0.0,427.09375
1989-10-15 00:00:00+00:00,29.7,91.13333333,,,0,0,0,0,1,1.3,-0.03,282.07886,7.0201854e-06,3735.25
1989-10-15 00:00:00+00:00,12.54194444,39.76972222,,,0,1,0,0,0,1.3,-0.03,292.74054,0.0,1782.5
1989-10-15 00:00:00+00:00,18.9,72.82,,,1,0,0,0,0,1.3,-0.03,303.43887,0.0,0.0
1989-11-15 00:00:00+00:00,52.3,104.2833333,,,0,0,0,1,0,-0.4,0.16,270.94482,0.0,427.25
1989-11-15 00:00:00+00:00,47.54260867,7.58371693,,,0,0,1,0,0,-0.4,0.16,270.17157,0.0,304.73438
1989-11-15 00:00:00+00:00,23.27,5.6,,,0,1,0,0,0,-0.4,0.16,291.09897,0.0,2246.375
1989-11-15 00:00:00+00:00,69.1,-105.1166667,,,0,0,0,0,1,-0.4,0.16,257.54187,0.0,0.0
1989-11-15 00:00:00+00:00,0.38,6.72,,,1,0,0,0,0,-0.4,0.16,297.22412,0.00014426863,0.0
1989-11-15 00:00:00+00:00,-22.66416667,-48.06,,,0,0,1,0,0,-0.4,0.16,292.31454,5.298924e-06,490.46875
1989-11-15 00:00:00+00:00,-67.57,-68.13,,,0,0,0,0,1,-0.4,0.16,,,11.128906
1989-11-15 00:00:00+00:00,49.67,-93.72,,,0,0,0,1,0,-0.4,0.16,274.0049,0.00026916448,427.09375
1989-11-15 00:00:00+00:00,29.7,91.13333333,,,0,0,0,0,1,-0.4,0.16,282.40317,0.0,3735.25
1989-11-15 00:00:00+00:00,12.54194444,39.76972222,,,0,1,0,0,0,-0.4,0.16,290.64847,0.0,1782.5
1989-11-15 00:00:00+00:00,18.9,72.82,,,1,0,0,0,0,-0.4,0.16,301.56522,1.0628554e-05,0.0
1989-12-15 00:00:00+00:00,52.3,104.2833333,,,0,0,0,1,0,-0.9,-1.15,260.20444,0.0,427.25
1989-12-15 00:00:00+00:00,47.54260867,7.58371693,,,0,0,1,0,0,-0.9,-1.15,275.2622,0.0,304.73438
1989-12-15 00:00:00+00:00,23.27,5.6,,,0,1,0,0,0,-0.9,-1.15,286.1009,0.0,2246.375
1989-12-15 00:00:00+00:00,69.1,-105.1166667,,,0,0,0,0,1,-0.9,-1.15,242.81787,0.0,0.0
1989-12-15 00:00:00+00:00,0.38,6.72,,,1,0,0,0,0,-0.9,-1.15,297.60727,0.00016302921,0.0
1989-12-15 00:00:00+00:00,-22.66416667,-48.06,,,0,0,1,0,0,-0.9,-1.15,297.61386,1.7104698e-05,490.46875
1989-12-15 00:00:00+00:00,-67.57,-68.13,,,0,0,0,0,1,-0.9,-1.15,,,11.128906
1989-12-15 00:00:00+00:00,49.67,-93.72,,,0,0,0,1,0,-0.9,-1.15,266.00604,0.0,427.09375
1989-12-15 00:00:00+00:00,29.7,91.13333333,,,0,0,0,0,1,-0.9,-1.15,277.82834,0.0,3735.25
1989-12-15 00:00:00+00:00,12.54194444,39.76972222,,,0,1,0,0,0,-0.9,-1.15,289.7339,0.0,1782.5
1989-12-15 00:00:00+00:00,18.9,72.82,,,1,0,0,0,0,-0.9,-1.15,299.4911,0.0,0.0
