Date,Lat,Lon,O18,H2,KPN_A,KPN_B,KPN_C,KPN_D,KPN_E,ENSO,NAO,Temperature,Precipitation,Alt
1970-01-15 00:00:00+00:00,52.3,104.2833333,,,0,0,0,1,0,-1.9,-1.5,256.73495,0.0,427.25
1970-01-15 00:00:00+00:00,47.54260867,7.58371693,,,0,0,1,0,0,-1.9,-1.5,274.4822,0.0,304.73438
1970-01-15 00:00:00+00:00,23.27,5.6,,,0,1,0,0,0,-1.9,-1.5,276.6576,0.0,2246.375
1970-01-15 00:00:00+00:00,69.1,-105.1166667,,,0,0,0,0,1,-1.9,-1.5,233.37704,0.0,0.0
1970-01-15 00:00:00+00:00,0.38,6.72,,,1,0,0,0,0,-1.9,-1.5,298.16644,6.9662325e-05,0.0
1970-01-15 00:00:00+00:00,-22.66416667,-48.06,,,0,0,1,0,0,-1.9,-1.5,298.21262,0.0002747268,490.46875
1970-01-15 00:00:00+00:00,-67.57,-68.13,,,0,0,0,0,1,-1.9,-1.5,,,11.128906
1970-01-15 00:00:00+00:00,49.67,-93.72,,,0,0,0,1,0,-1.9,-1.5,255.4395,1.2167465e-05,427.09375
1970-01-15 00:00:00+00:00,29.7,91.13333333,,,0,0,0,0,1,-1.9,-1.5,277.90897,3.4600707e-05,3735.25
1970-01-15 00:00:00+00:00,12.54194444,39.76972222,,,0,1,0,0,0,-1.9,-1.5,288.65115,0.0,1782.5
1970-01-15 00:00:00+00:00,18.9,72.82,,,1,0,0,0,0,-1.9,-1.5,297.0457,0.0,0.0
1970-02-15 00:00:00+00:00,52.3,104.2833333,,,0,0,0,1,0,-1.7,0.64,258.0552,0.0,427.25
1970-02-15 00:00:00+00:00,47.54260867,7.58371693,,,0,0,1,0,0,-1.7,0.64,276.78918,1.7425591e-05,304.73438
1970-02-15 00:00:00+00:00,23.27,5.6,,,0,1,0,0,0,-1.7,0.64,284.03012,5.1455136e-06,2246.375
1970-02-15 00:00:00+00:00,69.1,-105.1166667,,,0,0,0,0,1,-1.7,0.64,243.76918,0.0,0.0
1970-02-15 00:00:00+00:00,0.38,6.72,,,1,0,0,0,0,-1.7,0.64,299.0842,7.970591e-05,0.0
1970-02-15 00:00:00+00:00,-22.66416667,-48.06,,,0,0,1,0,0,-1.7,0.64,298.34927,4.90315e-05,490.46875
1970-02-15 00:00:00+00:00,-67.57,-68.13,,,0,0,0,0,1,-1.7,0.64,,,11.128906
1970-02-15 00:00:00+00:00,49.67,-93.72,,,0,0,0,1,0,-1.7,0.64,250.97166,0.0,427.09375
1970-02-15 00:00:00+00:00,29.7,91.13333333,,,0,0,0,0,1,-1.7,0.64,275.62247,0.0,3735.25
1970-02-15 00:00:00+00:00,12.54194444,39.76972222,,,0,1,0,0,0,-1.7,0.64,290.4759,0.0,1782.5
1970-02-15 00:00:00+00:00,18.9,72.82,,,1,0,0,0,0,-1.7,0.64,300.11823,0.0,0.0
1970-03-15 00:00:00+00:00,52.3,104.2833333,,,0,0,0,1,0,1.0,-0.96,266.58435,6.332472e-06,427.25
1970-03-15 00:00:00+00:00,47.54260867,7.58371693,,,0,0,1,0,0,1.0,-0.96,282.05145,3.485229e-05,304.73438
1970-03-15 00:00:00+00:00,23.27,5.6,,,0,1,0,0,0,1.0,-0.96,286.656,0.0,2246.375
1970-03-15 00:00:00+00:00,69.1,-105.1166667,,,0,0,0,0,1,1.0,-0.96,238.83304,0.0,0.0
1970-03-15 00:00:00+00:00,0.38,6.72,,,1,0,0,0,0,1.0,-0.96,298.888,0.00014656298,0.0
1970-03-15 00:00:00+00:00,-22.66416667,-48.06,,,0,0,1,0,0,1.0,-0.96,296.48212,0.0,490.46875
1970-03-15 00:00:00+00:00,-67.57,-68.13,,,0,0,0,0,1,1.0,-0.96,,,11.128906
1970-03-15 00:00:00+00:00,49.67,-93.72,,,0,0,0,1,0,1.0,-0.96,268.7925,0.0,427.09375
1970-03-15 00:00:00+00:00,29.7,91.13333333,,,0,0,0,0,1,1.0,-0.96,283.595,0.0,3735.25
1970-03-15 00:00:00+00:00,12.54194444,39.76972222,,,0,1,0,0,0,1.0,-0.96,292.13733,0.0,1782.5
1970-03-15 00:00:00+00:00,18.9,72.82,,,1,0,0,0,0,1.0,-0.96,302.89758,0.0,0.0
1970-04-15 00:00:00+00:00,52.3,104.2833333,,,0,0,0,1,0,-0.1,-1.3,275.68378,0.0,427.25
1970-04-15 00:00:00+00:00,47.54260867,7.58371693,,,0,0,1,0,0,-0.1,-1.3,283.2964,0.0,304.73438
1970-04-15 00:00:00+00:00,23.27,5.6,,,0,1,0,0,0,-0.1,-1.3,297.8934,0.0,2246.375
1970-04-15 00:00:00+00:00,69.1,-105.1166667,,,0,0,0,0,1,-0.1,-1.3,259.06207,0.0,0.0
1970-04-15 00:00:00+00:00,0.38,6.72,,,1,0,0,0,0,-0.1,-1.3,298.42526,4.406462e-05,0.0
1970-04-15 00:00:00+00:00,-22.66416667,-48.06,,,0,0,1,0,0,-0.1,-1.3,297.25278,0.0,490.46875
1970-04-15 00:00:00+00:00,-67.57,-68.13,,,0,0,0,0,1,-0.1,-1.3,,,11.128906
1970-04-15 00:00:00+00:00,49.67,-93.72,,,0,0,0,1,0,-0.1,-1.3,272.74725,2.7572905e-05,427.09375
1970-04-15 00:00:00+00:00,29.7,91.13333333,,,0,0,0,0,1,-0.1,-1.3,284.37012,0.0,3735.25
1970-04-15 00:00:00+00:00,12.54194444,39.76972222,,,0,1,0,0,0,-0.1,-1.3,294.15112,0.0,1782.5
1970-04-15 00:00:00+00:00,18.9,72.82,,,1,0,0,0,0,-0.1,-1.3,303.9099,5.7985208e-06,0.0
1970-05-15 00:00:00+00:00,52.3,104.2833333,,,0,0,0,1,0,0.6,1.14,285.66037,0.0,427.25
1970-05-15 00:00:00+00:00,47.54260867,7.58371693,,,0,0,1,0,0,0.6,1.14,288.89197,0.0,304.73438
1970-05-15 00:00:00+00:00,23.27,5.6,,,0,1,0,0,0,0.6,1.14,295.77682,0.0,2246.375
1970-05-15 00:00:00+00:00,69.1,-105.1166667,,,0,0,0,0,1,0.6,1.14,260.22812,0.0,0.0
1970-05-15 00:00:00+00:00,0.38,6.72,,,1,0,0,0,0,0.6,1.14,296.39023,3.3544602e-05,0.0
1970-05-15 00:00:00+00:00,-22.66416667,-48.06,,,0,0,1,0,0,0.6,1.14,294.96667,0.0,490.46875
1970-05-15 00:00:00+00:00,-67.57,-68.13,,,0,0,0,0,1,0.6,1.14,,,11.128906
1970-05-15 00:00:00+00:00,49.67,-93.72,,,0,0,0,1,0,0.6,1.14,276.55167,1.4627297e-05,427.09375
1970-05-15 00:00:00+00:00,29.7,91.13333333,,,0,0,0,0,1,0.6,1.14,287.681,0.0,3735.25
1970-05-15 00:00:00+00:00,12.54194444,39.76972222,,,0,1,0,0,0,0.6,1.14,292.16025,0.00024849677,1782.5
1970-05-15 00:00:00+00:00,18.9,72.82,,,1,0,0,0,0,0.6,1.14,303.47192,0.0,0.0
1970-06-15 00:00:00+00:00,52.3,104.2833333,,,0,0,0,1,0,1.6,1.55,285.87253,0.0,427.25
1970-06-15 00:00:00+00:00,47.54260867,7.58371693,,,0,0,1,0,0,1.6,1.55,289.13464,1.6628124e-05,304.73438
1970-06-15 00:00:00+00:00,23.27,5.6,,,0,1,0,0,0,1.6,1.55,299.8528,0.0,2246.375
1970-06-15 00:00:00+00:00,69.1,-105.1166667,,,0,0,0,0,1,1.6,1.55,271.12244,0.0,0.0
1970-06-15 00:00:00+00:00,0.38,6.72,,,1,0,0,0,0,1.6,1.55,295.46683,5.0423373e-06,0.0
1970-06-15 00:00:00+00:00,-22.66416667,-48.06,,,0,0,1,0,0,1.6,1.55,290.35544,0.0,490.46875
1970-06-15 00:00:00+00:00,-67.57,-68.13,,,0,0,0,0,1,1.6,1.55,,,11.128906
1970-06-15 00:00:00+00:00,49.67,-93.72,,,0,0,0,1,0,1.6,1.55,288.55685,0.0,427.09375
1970-06-15 00:00:00+00:00,29.7,91.13333333,,,0,0,0,0,1,1.6,1.55,290.64774,7.0730275e-05,3735.25
1970-06-15 00:00:00+00:00,12.54194444,39.76972222,,,0,1,0,0,0,1.6,1.55,294.8859,4.4541066e-06,1782.5
1970-06-15 00:00:00+00:00,18.9,72.82,,,1,0,0,0,0,1.6,1.55,302.49,1.8043329e-05,0.0
1970-07-15 00:00:00+00:00,52.3,104.2833333,,,0,0,0,1,0,-0.6,0.1,291.486,0.0,427.25
1970-07-15 00:00:00+00:00,47.54260867,7.58371693,,,0,0,1,0,0,-0.6,0.1,291.6392,0.0,304.73438
1970-07-15 00:00:00+00:00,23.27,5.6,,,0,1,0,0,0,-0.6,0.1,298.23355,2.4130444e-05,2246.375
1970-07-15 00:00:00+00:00,69.1,-105.1166667,,,0,0,0,0,1,-0.6,0.1,277.9334,0.0,0.0
1970-07-15 00:00:00+00:00,0.38,6.72,,,1,0,0,0,0,-0.6,0.1,295.21783,0.0,0.0
1970-07-15 00:00:00+00:00,-22.66416667,-48.06,,,0,0,1,0,0,-0.6,0.1,291.96387,0.0,490.46875
1970-07-15 00:00:00+00:00,-67.57,-68.13,,,0,0,0,0,1,-0.6,0.1,,,11.128906
1970-07-15 00:00:00+00:00,49.67,-93.72,,,0,0,0,1,0,-0.6,0.1,289.28653,0.0,427.09375
1970-07-15 00:00:00+00:00,29.7,91.13333333,,,0,0,0,0,1,-0.6,0.1,289.0186,3.7930375e-05,3735.25
1970-07-15 00:00:00+00:00,12.54194444,39.76972222,,,0,1,0,0,0,-0.6,0.1,293.96442,0.0,1782.5
1970-07-15 00:00:00+00:00,18.9,72.82,,,1,0,0,0,0,-0.6,0.1,300.08936,0.00010449868,0.0
1970-08-15 00:00:00+00:00,52.3,104.2833333,,,0,0,0,1,0,1.0,0.1,290.26303,4.2937598e-05,427.25
1970-08-15 00:00:00+00:00,47.54260867,7.58371693,,,0,0,1,0,0,1.0,0.1,294.02625,3.647485e-05,304.73438
1970-08-15 00:00:00+00:00,23.27,5.6,,,0,1,0,0,0,1.0,0.1,299.94315,0.0,2246.375
1970-08-15 00:00:00+00:00,69.1,-105.1166667,,,0,0,0,0,1,1.0,0.1,282.28214,8.572399e-05,0.0
1970-08-15 00:00:00+00:00,0.38,6.72,,,1,0,0,0,0,1.0,0.1,295.2317,6.791726e-06,0.0
1970-08-15 00:00:00+00:00,-22.66416667,-48.06,,,0,0,1,0,0,1.0,0.1,295.89114,0.0,490.46875
1970-08-15 00:00:00+00:00,-67.57,-68.13,,,0,0,0,0,1,1.0,0.1,,,11.128906
1970-08-15 00:00:00+00:00,49.67,-93.72,,,0,0,0,1,0,1.0,0.1,290.57596,2.3853385e-05,427.09375
1970-08-15 00:00:00+00:00,29.7,91.13333333,,,0,0,0,0,1,1.0,0.1,290.46448,0.0,3735.25
1970-08-15 00:00:00+00:00,12.54194444,39.76972222,,,0,1,0,0,0,1.0,0.1,289.65005,0.00030590346,1782.5
1970-08-15 00:00:00+00:00,18.9,72.82,,,1,0,0,0,0,1.0,0.1,299.21625,0.00018992234,0.0
1970-09-15 00:00:00+00:00,52.3,104.2833333,,,0,0,0,1,0,1.9,-0.09,282.00803,0.0,427.25
1970-09-15 00:00:00+00:00,47.54260867,7.58371693,,,0,0,1,0,0,1.9,-0.09,289.2618,0.0,304.73438
1970-09-15 00:00:00+00:00,23.27,5.6,,,0,1,0,0,0,1.9,-0.09,294.80743,0.0,2246.375
1970-09-15 00:00:00+00:00,69.1,-105.1166667,,,0,0,0,0,1,1.9,-0.09,271.45877,0.0,0.0
1970-09-15 00:00:00+00:00,0.38,6.72,,,1,0,0,0,0,1.9,-0.09,296.63004,6.386329e-07,0.0
1970-09-15 00:00:00+00:00,-22.66416667,-48.06,,,0,0,1,0,0,1.9,-0.09,297.26648,0.0,490.46875
1970-09-15 00:00:00+00:00,-67.57,-68.13,,,0,0,0,0,1,1.9,-0.09,,,11.128906
1970-09-15 00:00:00+00:00,49.67,-93.72,,,0,0,0,1,0,1.9,-0.09,289.0153,0.0,427.09375
1970-09-15 00:00:00+00:00,29.7,91.13333333,,,0,0,0,0,1,1.9,-0.09,286.5245,9.188933e-05,3735.25
1970-09-15 00:00:00+00:00,12.54194444,39.76972222,,,0,1,0,0,0,1.9,-0.09,292.60684,0.0,1782.5
1970-09-15 00:00:00+00:00,18.9,72.82,,,1,0,0,0,0,1.9,-0.09,300.70267,3.63502e-05,0.0
1970-10-15 00:00:00+00:00,52.3,104.2833333,,,0,0,0,1,0,1.7,-0.92,267.7973,0.0,427.25
1970-10-15 00:00:00+00:00,47.54260867,7.58371693,,,0,0,1,0,0,1.7,-0.92,284.83722,0.0,304.73438
1970-10-15 00:00:00+00:00,23.27,5.6,,,0,1,0,0,0,1.7,-0.92,294.23038,0.0,2246.375
1970-10-15 00:00:00+00:00,69.1,-105.1166667,,,0,0,0,0,1,1.7,-0.92,249.32956,0.0,0.0
1970-10-15 00:00:00+00:00,0.38,6.72,,,1,0,0,0,0,1.7,-0.92,297.90308,8.007606e-07,0.0
1970-10-15 00:00:00+00:00,-22.66416667,-48.06,,,0,0,1,0,0,1.7,-0.92,294.7874,0.0,490.46875
1970-10-15 00:00:00+00:00,-67.57,-68.13,,,0,0,0,0,1,1.7,-0.92,,,11.128906
1970-10-15 00:00:00+00:00,49.67,-93.72,,,0,0,0,1,0,1.7,-0.92,276.76782,7.9589645e-06,427.09375
1970-10-15 00:00:00+00:00,29.7,91.13333333,,,0,0,0,0,1,1.7,-0.92,286.63776,0.0,3735.25
1970-10-15 00:00:00+00:00,12.54194444,39.76972222,,,0,1,0,0,0,1.7,-0.92,292.78217,0.0,1782.5
1970-10-15 00:00:00+00:00,18.9,72.82,,,1,0,0,0,0,1.7,-0.92,301.3924,4.4215417e-06,0.0
1970-11-15 00:00:00+00:00,52.3,104.2833333,,,0,0,0,1,0,2.6,-0.6,270.26642,1.713728e-05,427.25
1970-11-15 00:00:00+00:00,47.54260867,7.58371693,,,0,0,1,0,0,2.6,-0.6,276.22678,1.6063748e-05,304.73438
1970-11-15 00:00:00+00:00,23.27,5.6,,,0,1,0,0,0,2.6,-0.6,287.95905,0.0,2246.375
1970-11-15 00:00:00+00:00,69.1,-105.1166667,,,0,0,0,0,1,2.6,-0.6,253.0072,5.436011e-06,0.0
1970-11-15 00:00:00+00:00,0.38,6.72,,,1,0,0,0,0,2.6,-0.6,297.22714,6.49563e-05,0.0
1970-11-15 00:00:00+00:00,-22.66416667,-48.06,,,0,0,1,0,0,2.6,-0.6,295.01596,5.867443e-05,490.46875
1970-11-15 00:00:00+00:00,-67.57,-68.13,,,0,0,0,0,1,2.6,-0.6,,,11.128906
1970-11-15 00:00:00+00:00,49.67,-93.72,,,0,0,0,1,0,2.6,-0.6,264.90497,0.0,427.09375
1970-11-15 00:00:00+00:00,29.7,91.13333333,,,0,0,0,0,1,2.6,-0.6,283.00357,0.0,3735.25
1970-11-15 00:00:00+00:00,12.54194444,39.76972222,,,0,1,0,0,0,2.6,-0.6,287.67548,0.0,1782.5
1970-11-15 00:00:00+00:00,18.9,72.82,,,1,0,0,0,0,2.6,-0.6,299.51718,1.0700272e-05,0.0
1970-12-15 00:00:00+00:00,52.3,104.2833333,,,0,0,0,1,0,3.2,-1.2,258.40796,5.99002e-06,427.25
1970-12-15 00:00:00+00:00,47.54260867,7.58371693,,,0,0,1,0,0,3.2,-1.2,277.92233,6.014797e-05,304.73438
1970-12-15 00:00:00+00:00,23.27,5.6,,,0,1,0,0,0,3.2,-1.2,285.23883,0.0,2246.375
1970-12-15 00:00:00+00:00,69.1,-105.1166667,,,0,0,0,0,1,3.2,-1.2,240.3667,0.0,0.0
1970-12-15 00:00:00+00:00,0.38,6.72,,,1,0,0,0,0,3.2,-1.2,297.27625,0.00012610397,0.0
1970-12-15 00:00:00+00:00,-22.66416667,-48.06,,,0,0,1,0,0,3.2,-1.2,296.8878,7.198223e-06,490.46875
1970-12-15 00:00:00+00:00,-67.57,-68.13,,,0,0,0,0,1,3.2,-1.2,,,11.128906
1970-12-15 00:00:00+00:00,49.67,-93.72,,,0,0,0,1,0,3.2,-1.2,275.24982,6.250189e-05,427.09375
1970-12-15 00:00:00+00:00,29.7,91.13333333,,,0,0,0,0,1,3.2,-1.2,275.2213,1.5633897e-06,3735.25
1970-12-15 00:00:00+00:00,12.54194444,39.76972222,,,0,1,0,0,0,3.2,-1.2,290.9273,0.0,1782.5
1970-12-15 00:00:00+00:00,18.9,72.82,,,1,0,0,0,0,3.2,-1.2,299.5458,0.0,0.0
1971-01-15 00:00:00+00:00,52.3,104.2833333,,,0,0,0,1,0,0.6,-1.13,252.07172,0.0,427.25
1971-01-15 00:00:00+00:00,47.54260867,7.58371693,,,0,0,1,0,0,0.6,-1.13,282.9135,0.00027041562,304.73438
1971-01-15 00:00:00+00:00,23.27,5.6,,,0,1,0,0,0,0.6,-1.13,280.14368,0.0,2246.375
1971-01-15 00:00:00+00:00,69.1,-105.1166667,,,0,0,0,0,1,0.6,-1.13,249.28139,0.0,0.0
1971-01-15 00:00:00+00:00,0.38,6.72,,,1,0,0,0,0,0.6,-1.13,298.34586,4.289727e-05,0.0
1971-01-15 00:00:00+00:00,-22.66416667,-48.06,,,0,0,1,0,0,0.6,-1.13,296.76556,0.00018050248,490.46875
1971-01-15 00:00:00+00:00,-67.57,-68.13,,,0,0,0,0,1,0.6,-1.13,,,11.128906
1971-01-15 00:00:00+00:00,49.67,-93.72,,,0,0,0,1,0,0.6,-1.13,250.91713,0.0,427.09375
1971-01-15 00:00:00+00:00,29.7,91.13333333,,,0,0,0,0,1,0.6,-1.13,277.50674,0.0,3735.25
1971-01-15 00:00:00+00:00,12.54194444,39.76972222,,,0,1,0,0,0,0.6,-1.13,291.37756,0.0,1782.5
1971-01-15 00:00:00+00:00,18.9,72.82,,,1,0,0,0,0,0.6,-1.13,295.13956,0.0,0.0
1971-02-15 00:00:00+00:00,52.3,104.2833333,,,0,0,0,1,0,3.3,0.24,263.2893,5.0525203e-05,427.25
1971-02-15 00:00:00+00:00,47.54260867,7.58371693,,,0,0,1,0,0,3.3,0.24,278.3291,0.0,304.73438
1971-02-15 00:00:00+00:00,23.27,5.6,,,0,1,0,0,0,3.3,0.24,287.66635,8.094201e-06,2246.375
1971-02-15 00:00:00+00:00,69.1,-105.1166667,,,0,0,0,0,1,3.3,0.24,227.11687,0.0,0.0
1971-02-15 00:00:00+00:00,0.38,6.72,,,1,0,0,0,0,3.3,0.24,298.03204,5.093871e-05,0.0
1971-02-15 00:00:00+00:00,-22.66416667,-48.06,,,0,0,1,0,0,3.3,0.24,295.0557,0.00010554949,490.46875
1971-02-15 00:00:00+00:00,-67.57,-68.13,,,0,0,0,0,1,3.3,0.24,,,11.128906
1971-02-15 00:00:00+00:00,49.67,-93.72,,,0,0,0,1,0,3.3,0.24,253.84995,0.0,427.09375
1971-02-15 00:00:00+00:00,29.7,91.13333333,,,0,0,0,0,1,3.3,0.24,278.12402,0.0,3735.25
1971-02-15 00:00:00+00:00,12.54194444,39.76972222,,,0,1,0,0,0,3.3,0.24,290.91153,0.0,1782.5
1971-02-15 00:00:00+00:00,18.9,72.82,,,1,0,0,0,0,3.3,0.24,299.2952,0.0,0.0
1971-03-15 00:00:00+00:00,52.3,104.2833333,,,0,0,0,1,0,3.8,-0.84,268.06982,0.0,427.25
1971-03-15 00:00:00+00:00,47.54260867,7.58371693,,,0,0,1,0,0,3.8,-0.84,274.98373,0.0,304.73438
1971-03-15 00:00:00+00:00,23.27,5.6,,,0,1,0,0,0,3.8,-0.84,282.55408,0.0,2246.375
1971-03-15 00:00:00+00:00,69.1,-105.1166667,,,0,0,0,0,1,3.8,-0.84,234.52043,0.0,0.0
1971-03-15 00:00:00+00:00,0.38,6.72,,,1,0,0,0,0,3.8,-0.84,297.49377,0.0001311462,0.0
1971-03-15 00:00:00+00:00,-22.66416667,-48.06,,,0,0,1,0,0,3.8,-0.84,297.0869,3.410393e-05,490.46875
1971-03-15 00:00:00+00:00,-67.57,-68.13,,,0,0,0,0,1,3.8,-0.84,,,11.128906
1971-03-15 00:00:00+00:00,49.67,-93.72,,,0,0,0,1,0,3.8,-0.84,273.85602,0.0,427.09375
1971-03-15 00:00:00+00:00,29.7,91.13333333,,,0,0,0,0,1,3.8,-0.84,282.1403,0.0,3735.25
1971-03-15 00:00:00+00:00,12.54194444,39.76972222,,,0,1,0,0,0,3.8,-0.84,292.38422,0.0,1782.5
1971-03-15 00:00:00+00:00,18.9,72.82,,,1,0,0,0,0,3.8,-0.84,302.4123,0.0,0.0
1971-04-15 00:00:00+00:00,52.3,104.2833333,,,0,0,0,1,0,2.8,-0.24,279.92206,0.0,427.25
1971-04-15 00:00:00+00:00,47.54260867,7.58371693,,,0,0,1,0,0,2.8,-0.24,282.41602,1.7954912e-05,304.73438
1971-04-15 00:00:00+00:00,23.27,5.6,,,0,1,0,0,0,2.8,-0.24,288.85904,0.0,2246.375
1971-04-15 00:00:00+00:00,69.1,-105.1166667,,,0,0,0,0,1,2.8,-0.24,254.57262,0.0,0.0
1971-04-15 00:00:00+00:00,0.38,6.72,,,1,0,0,0,0,2.8,-0.24,297.4562,0.00011193829,0.0
1971-04-15 00:00:00+00:00,-22.66416667,-48.06,,,0,0,1,0,0,2.8,-0.24,293.54443,0.0,490.46875
1971-04-15 00:00:00+00:00,-67.57,-68.13,,,0,0,0,0,1,2.8,-0.24,,,11.128906
1971-04-15 00:00:00+00:00,49.67,-93.72,,,0,0,0,1,0,2.8,-0.24,276.88843,0.0,427.09375
1971-04-15 00:00:00+00:00,29.7,91.13333333,,,0,0,0,0,1,2.8,-0.24,284.17157,0.0,3735.25
1971-04-15 00:00:00+00:00,12.54194444,39.76972222,,,0,1,0,0,0,2.8,-0.24,297.13086,0.0,1782.5
1971-04-15 00:00:00+00:00,18.9,72.82,,,1,0,0,0,0,2.8,-0.24,300.62915,0.0,0.0
1971-05-15 00:00:00+00:00,52.3,104.2833333,,,0,0,0,1,0,1.4,0.5,289.25104,0.0,427.25
1971-05-15 00:00:00+00:00,47.54260867,7.58371693,,,0,0,1,0,0,1.4,0.5,281.7726,2.0510217e-05,304.73438
1971-05-15 00:00:00+00:00,23.27,5.6,,,0,1,0,0,0,1.4,0.5,296.35046,0.0,2246.375
1971-05-15 00:00:00+00:00,69.1,-105.1166667,,,0,0,0,0,1,1.4,0.5,265.02316,0.0,0.0
1971-05-15 00:00:00+00:00,0.38,6.72,,,1,0,0,0,0,1.4,0.5,297.10574,2.6555172e-05,0.0
1971-05-15 00:00:00+00:00,-22.66416667,-48.06,,,0,0,1,0,0,1.4,0.5,292.56747,0.0,490.46875
1971-05-15 00:00:00+00:00,-67.57,-68.13,,,0,0,0,0,1,1.4,0.5,,,11.128906
1971-05-15 00:00:00+00:00,49.67,-93.72,,,0,0,0,1,0,1.4,0.5,284.649,6.384239e-05,427.09375
1971-05-15 00:00:00+00:00,29.7,91.13333333,,,0,0,0,0,1,1.4,0.5,288.7859,0.0,3735.25
1971-05-15 00:00:00+00:00,12.54194444,39.76972222,,,0,1,0,0,0,1.4,0.5,295.5546,0.0,1782.5
1971-05-15 00:00:00+00:00,18.9,72.82,,,1,0,0,0,0,1.4,0.5,303.7902,2.4094602e-06,0.0
1971-06-15 00:00:00+00:00,52.3,104.2833333,,,0,0,0,1,0,0.7,-1.57,284.7839,0.0,427.25
1971-06-15 00:00:00+00:00,47.54260867,7.58371693,,,0,0,1,0,0,0.7,-1.57,290.96634,0.0,304.73438
1971-06-15 00:00:00+00:00,23.27,5.6,,,0,1,0,0,0,0.7,-1.57,299.6623,0.0,2246.375
1971-06-15 00:00:00+00:00,69.1,-105.1166667,,,0,0,0,0,1,0.7,-1.57,274.45135,0.0,0.0
1971-06-15 00:00:00+00:00,0.38,6.72,,,1,0,0,0,0,0.7,-1.57,296.86417,0.0,0.0
1971-06-15 00:00:00+00:00,-22.66416667,-48.06,,,0,0,1,0,0,0.7,-1.57,292.1212,0.0,490.46875
1971-06-15 00:00:00+00:00,-67.57,-68.13,,,0,0,0,0,1,0.7,-1.57,,,11.128906
1971-06-15 00:00:00+00:00,49.67,-93.72,,,0,0,0,1,0,0.7,-1.57,287.74536,9.627939e-05,427.09375
1971-06-15 00:00:00+00:00,29.7,91.13333333,,,0,0,0,0,1,0.7,-1.57,293.22665,0.0,3735.25
1971-06-15 00:00:00+00:00,12.54194444,39.76972222,,,0,1,0,0,0,0.7,-1.57,296.26447,0.0,1782.5
1971-06-15 00:00:00+00:00,18.9,72.82,,,1,0,0,0,0,0.7,-1.57,300.3493,0.00015208453,0.0
1971-07-15 00:00:00+00:00,52.3,104.2833333,,,0,0,0,1,0,0.4,0.24,295.27747,0.0,427.25
1971-07-15 00:00:00+00:00,47.54260867,7.58371693,,,0,0,1,0,0,0.4,0.24,291.67352,6.0427006e-05,304.73438
1971-07-15 00:00:00+00:00,23.27,5.6,,,0,1,0,0,0,0.4,0.24,300.5071,0.0,2246.375
1971-07-15 00:00:00+00:00,69.1,-105.1166667,,,0,0,0,0,1,0.4,0.24,287.36276,1.4121637e-05,0.0
1971-07-15 00:00:00+00:00,0.38,6.72,,,1,0,0,0,0,0.4,0.24,295.31235,0.0,0.0
1971-07-15 00:00:00+00:00,-22.66416667,-48.06,,,0,0,1,0,0,0.4,0.24,290.4501,0.0,490.46875
1971-07-15 00:00:00+00:00,-67.57,-68.13,,,0,0,0,0,1,0.4,0.24,,,11.128906
1971-07-15 00:00:00+00:00,49.67,-93.72,,,0,0,0,1,0,0.4,0.24,286.53714,0.0,427.09375
1971-07-15 00:00:00+00:00,29.7,91.13333333,,,0,0,0,0,1,0.4,0.24,290.07565,6.988408e-05,3735.25
1971-07-15 00:00:00+00:00,12.54194444,39.76972222,,,0,1,0,0,0,0.4,0.24,292.90015,0.0,1782.5
1971-07-15 00:00:00+00:00,18.9,72.82,,,1,0,0,0,0,0.4,0.24,300.0424,9.288654e-05,0.0
1971-08-15 00:00:00+00:00,52.3,104.2833333,,,0,0,0,1,0,2.5,1.55,289.02985,0.0,427.25
1971-08-15 00:00:00+00:00,47.54260867,7.58371693,,,0,0,1,0,0,2.5,1.55,286.3988,1.5522612e-05,304.73438
1971-08-15 00:00:00+00:00,23.27,5.6,,,0,1,0,0,0,2.5,1.55,297.68936,0.0,2246.375
1971-08-15 00:00:00+00:00,69.1,-105.1166667,,,0,0,0,0,1,2.5,1.55,283.5194,0.0,0.0
1971-08-15 00:00:00+00:00,0.38,6.72,,,1,0,0,0,0,2.5,1.55,295.2492,4.1242415e-06,0.0
1971-08-15 00:00:00+00:00,-22.66416667,-48.06,,,0,0,1,0,0,2.5,1.55,294.42477,0.0,490.46875
1971-08-15 00:00:00+00:00,-67.57,-68.13,,,0,0,0,0,1,2.5,1.55,,,11.128906
1971-08-15 00:00:00+00:00,49.67,-93.72,,,0,0,0,1,0,2.5,1.55,290.71124,6.591207e-05,427.09375
1971-08-15 00:00:00+00:00,29.7,91.13333333,,,0,0,0,0,1,2.5,1.55,290.83115,1.2533643e-05,3735.25
1971-08-15 00:00:00+00:00,12.54194444,39.76972222,,,0,1,0,0,0,2.5,1.55,292.80518,0.00025892322,1782.5
1971-08-15 00:00:00+00:00,18.9,72.82,,,1,0,0,0,0,2.5,1.55,300.22467,3.2387074e-05,0.0
1971-09-15 00:00:00+00:00,52.3,104.2833333,,,0,0,0,1,0,2.3,0.39,284.83292,0.0,427.25
1971-09-15 00:00:00+00:00,47.54260867,7.58371693,,,0,0,1,0,0,2.3,0.39,288.39417,0.0,304.73438
1971-09-15 00:00:00+00:00,23.27,5.6,,,0,1,0,0,0,2.3,0.39,296.79443,5.4266993e-06,2246.375
1971-09-15 00:00:00+00:00,69.1,-105.1166667,,,0,0,0,0,1,2.3,0.39,277.71875,3.945221e-06,0.0
1971-09-15 00:00:00+00:00,0.38,6.72,,,1,0,0,0,0,2.3,0.39,296.0598,1.4093604e-05,0.0
1971-09-15 00:00:00+00:00,-22.66416667,-48.06,,,0,0,1,0,0,2.3,0.39,293.17392,0.0,490.46875
1971-09-15 00:00:00+00:00,-67.57,-68.13,,,0,0,0,0,1,2.3,0.39,,,11.128906
1971-09-15 00:00:00+00:00,49.67,-93.72,,,0,0,0,1,0,2.3,0.39,289.40314,0.0,427.09375
1971-09-15 00:00:00+00:00,29.7,91.13333333,,,0,0,0,0,1,2.3,0.39,289.29965,8.89087e-05,3735.25
1971-09-15 00:00:00+00:00,12.54194444,39.76972222,,,0,1,0,0,0,2.3,0.39,292.43243,0.0,1782.5
1971-09-15 00:00:00+00:00,18.9,72.82,,,1,0,0,0,0,2.3,0.39,299.2669,0.000103996186,0.0
1971-10-15 00:00:00+00:00,52.3,104.2833333,,,0,0,0,1,0,2.8,0.58,276.60687,0.0,427.25
1971-10-15 00:00:00+00:00,47.54260867,7.58371693,,,0,0,1,0,0,2.8,0.58,288.2597,0.0,304.73438
1971-10-15 00:00:00+00:00,23.27,5.6,,,0,1,0,0,0,2.8,0.58,293.4169,0.0,2246.375
1971-10-15 00:00:00+00:00,69.1,-105.1166667,,,0,0,0,0,1,2.8,0.58,257.50882,0.0,0.0
1971-10-15 00:00:00+00:00,0.38,6.72,,,1,0,0,0,0,2.8,0.58,297.85684,2.0743953e-05,0.0
1971-10-15 00:00:00+00:00,-22.66416667,-48.06,,,0,0,1,0,0,2.8,0.58,294.0002,3.616958e-06,490.46875
1971-10-15 00:00:00+00:00,-67.57,-68.13,,,0,0,0,0,1,2.8,0.58,,,11.128906
1971-10-15 00:00:00+00:00,49.67,-93.72,,,0,0,0,1,0,2.8,0.58,279.98712,0.0,427.09375
1971-10-15 00:00:00+00:00,29.7,91.13333333,,,0,0,0,0,1,2.8,0.58,283.36685,0.0,3735.25
1971-10-15 00:00:00+00:00,12.54194444,39.76972222,,,0,1,0,0,0,2.8,0.58,292.48712,0.0,1782.5
1971-10-15 00:00:00+00:00,18.9,72.82,,,1,0,0,0,0,2.8,0.58,300.1641,3.0478644e-05,0.0
1971-11-15 00:00:00+00:00,52.3,104.2833333,,,0,0,0,1,0,0.9,-0.2,273.26764,0.0,427.25
1971-11-15 00:00:00+00:00,47.54260867,7.58371693,,,0,0,1,0,0,0.9,-0.2,277.62097,3.452271e-05,304.73438
1971-11-15 00:00:00+00:00,23.27,5.6,,,0,1,0,0,0,0.9,-0.2,287.15375,0.0,2246.375
1971-11-15 00:00:00+00:00,69.1,-105.1166667,,,0,0,0,0,1,0.9,-0.2,247.98062,0.0,0.0
1971-11-15 00:00:00+00:00,0.38,6.72,,,1,0,0,0,0,0.9,-0.2,296.79367,9.210554e-05,0.0
1971-11-15 00:00:00+00:00,-22.66416667,-48.06,,,0,0,1,0,0,0.9,-0.2,297.42664,2.5914847e-05,490.46875
1971-11-15 00:00:00+00:00,-67.57,-68.13,,,0,0,0,0,1,0.9,-0.2,,,11.128906
1971-11-15 00:00:00+00:00,49.67,-93.72,,,0,0,0,1,0,0.9,-0.2,271.149,0.0,427.09375
1971-11-15 00:00:00+00:00,29.7,91.13333333,,,0,0,0,0,1,0.9,-0.2,281.54123,0.0,3735.25
1971-11-15 00:00:00+00:00,12.54194444,39.76972222,,,0,1,0,0,0,0.9,-0.2,288.97458,0.00020021897,1782.5
1971-11-15 00:00:00+00:00,18.9,72.82,,,1,0,0,0,0,0.9,-0.2,299.2358,0.0,0.0
1971-12-15 00:00:00+00:00,52.3,104.2833333,,,0,0,0,1,0,0.4,0.6,259.46185,0.0,427.25
1971-12-15 00:00:00+00:00,47.54260867,7.58371693,,,0,0,1,0,0,0.4,0.6,274.73404,0.0,304.73438
1971-12-15 00:00:00+00:00,23.27,5.6,,,0,1,0,0,0,0.4,0.6,286.39127,0.0,2246.375
1971-12-15 00:00:00+00:00,69.1,-105.1166667,,,0,0,0,0,1,0.4,0.6,246.58932,0.0,0.0
1971-12-15 00:00:00+00:00,0.38,6.72,,,1,0,0,0,0,0.4,0.6,297.92786,3.950397e-05,0.0
1971-12-15 00:00:00+00:00,-22.66416667,-48.06,,,0,0,1,0,0,0.4,0.6,294.34457,0.00013391601,490.46875
1971-12-15 00:00:00+00:00,-67.57,-68.13,,,0,0,0,0,1,0.4,0.6,,,11.128906
1971-12-15 00:00:00+00:00,49.67,-93.72,,,0,0,0,1,0,0.4,0.6,235.55473,0.0,427.09375
1971-12-15 00:00:00+00:00,29.7,91.13333333,,,0,0,0,0,1,0.4,0.6,274.98865,0.0,3735.25
1971-12-15 00:00:00+00:00,12.54194444,39.76972222,,,0,1,0,0,0,0.4,0.6,291.4463,0.0,1782.5
1971-12-15 00:00:00+00:00,18.9,72.82,,,1,0,0,0,0,0.4,0.6,296.72748,0.0,0.0
1972-01-15 00:00:00+00:00,52.3,104.2833333,,,0,0,0,1,0,0.8,0.27,257.36942,3.204801e-05,427.25
1972-01-15 00:00:00+00:00,47.54260867,7.58371693,,,0,0,1,0,0,0.8,0.27,273.68683,0.0,304.73438
1972-01-15 00:00:00+00:00,23.27,5.6,,,0,1,0,0,0,0.8,0.27,285.29507,0.0,2246.375
1972-01-15 00:00:00+00:00,69.1,-105.1166667,,,0,0,0,0,1,0.8,0.27,240.24666,0.0,0.0
1972-01-15 00:00:00+00:00,0.38,6.72,,,1,0,0,0,0,0.8,0.27,297.99628,8.522098e-05,0.0
1972-01-15 00:00:00+00:00,-22.66416667,-48.06,,,0,0,1,0,0,0.8,0.27,297.45395,0.00014913506,490.46875
1972-01-15 00:00:00+00:00,-67.57,-68.13,,,0,0,0,0,1,0.8,0.27,,,11.128906
1972-01-15 00:00:00+00:00,49.67,-93.72,,,0,0,0,1,0,0.8,0.27,265.41708,0.0,427.09375
1972-01-15 00:00:00+00:00,29.7,91.13333333,,,0,0,0,0,1,0.8,0.27,279.35757,0.0,3735.25
1972-01-15 00:00:00+00:00,12.54194444,39.76972222,,,0,1,0,0,0,0.8,0.27,286.97675,0.0,1782.5
1972-01-15 00:00:00+00:00,18.9,72.82,,,1,0,0,0,0,0.8,0.27,296.81464,0.0,0.0
1972-02-15 00:00:00+00:00,52.3,104.2833333,,,0,0,0,1,0,1.8,0.32,267.20697,3.3573764e-05,427.25
1972-02-15 00:00:00+00:00,47.54260867,7.58371693,,,0,0,1,0,0,1.8,0.32,280.59192,2.0392521e-05,304.73438
1972-02-15 00:00:00+00:00,23.27,5.6,,,0,1,0,0,0,1.8,0.32,283.9954,0.0,2246.375
1972-02-15 00:00:00+00:00,69.1,-105.1166667,,,0,0,0,0,1,1.8,0.32,256.63956,7.88149e-06,0.0
1972-02-15 00:00:00+00:00,0.38,6.72,,,1,0,0,0,0,1.8,0.32,298.0189,0.00010931733,0.0
1972-02-15 00:00:00+00:00,-22.66416667,-48.06,,,0,0,1,0,0,1.8,0.32,296.65115,0.00014494517,490.46875
1972-02-15 00:00:00+00:00,-67.57,-68.13,,,0,0,0,0,1,1.8,0.32,,,11.128906
1972-02-15 00:00:00+00:00,49.67,-93.72,,,0,0,0,1,0,1.8,0.32,268.53952,0.0,427.09375
1972-02-15 00:00:00+00:00,29.7,91.13333333,,,0,0,0,0,1,1.8,0.32,277.63046,0.0,3735.25
1972-02-15 00:00:00+00:00,12.54194444,39.76972222,,,0,1,0,0,0,1.8,0.32,292.31183,0.0,1782.5
1972-02-15 00:00:00+00:00,18.9,72.82,,,1,0,0,0,0,1.8,0.32,298.36792,0.0,0.0
1972-03-15 00:00:00+00:00,52.3,104.2833333,,,0,0,0,1,0,1.1,0.72,270.9324,0.0,427.25
1972-03-15 00:00:00+00:00,47.54260867,7.58371693,,,0,0,1,0,0,1.1,0.72,281.05936,0.0,304.73438
1972-03-15 00:00:00+00:00,23.27,5.6,,,0,1,0,0,0,1.1,0.72,285.3385,0.0,2246.375
1972-03-15 00:00:00+00:00,69.1,-105.1166667,,,0,0,0,0,1,1.1,0.72,231.00056,0.0,0.0
1972-03-15 00:00:00+00:00,0.38,6.72,,,1,0,0,0,0,1.1,0.72,298.1743,6.0264076e-05,0.0
1972-03-15 00:00:00+00:00,-22.66416667,-48.06,,,0,0,1,0,0,1.1,0.72,296.5974,6.627278e-05,490.46875
1972-03-15 00:00:00+00:00,-67.57,-68.13,,,0,0,0,0,1,1.1,0.72,,,11.128906
1972-03-15 00:00:00+00:00,49.67,-93.72,,,0,0,0,1,0,1.1,0.72,268.66608,0.0,427.09375
1972-03-15 00:00:00+00:00,29.7,91.13333333,,,0,0,0,0,1,1.1,0.72,279.09625,0.0,3735.25
1972-03-15 00:00:00+00:00,12.54194444,39.76972222,,,0,1,0,0,0,1.1,0.72,293.6348,0.0,1782.5
1972-03-15 00:00:00+00:00,18.9,72.82,,,1,0,0,0,0,1.1,0.72,301.44513,0.0,0.0
1972-04-15 00:00:00+00:00,52.3,104.2833333,,,0,0,0,1,0,-0.2,-0.22,277.23163,9.35676e-05,427.25
1972-04-15 00:00:00+00:00,47.54260867,7.58371693,,,0,0,1,0,0,-0.2,-0.22,283.89688,0.0,304.73438
1972-04-15 00:00:00+00:00,23.27,5.6,,,0,1,0,0,0,-0.2,-0.22,291.63275,0.0,2246.375
1972-04-15 00:00:00+00:00,69.1,-105.1166667,,,0,0,0,0,1,-0.2,-0.22,261.34564,8.226811e-06,0.0
1972-04-15 00:00:00+00:00,0.38,6.72,,,1,0,0,0,0,-0.2,-0.22,298.39835,6.8148845e-05,0.0
1972-04-15 00:00:00+00:00,-22.66416667,-48.06,,,0,0,1,0,0,-0.2,-0.22,296.78537,0.0,490.46875
1972-04-15 00:00:00+00:00,-67.57,-68.13,,,0,0,0,0,1,-0.2,-0.22,,,11.128906
1972-04-15 00:00:00+00:00,49.67,-93.72,,,0,0,0,1,0,-0.2,-0.22,273.9761,0.0,427.09375
1972-04-15 00:00:00+00:00,29.7,91.13333333,,,0,0,0,0,1,-0.2,-0.22,285.12808,0.0,3735.25
1972-04-15 00:00:00+00:00,12.54194444,39.76972222,,,0,1,0,0,0,-0.2,-0.22,294.49945,0.0,1782.5
1972-04-15 00:00:00+00:00,18.9,72.82,,,1,0,0,0,0,-0.2,-0.22,300.64105,0.0,0.0
1972-05-15 00:00:00+00:00,52.3,104.2833333,,,0,0,0,1,0,-2.6,0.95,278.80344,0.0,427.25
1972-05-15 00:00:00+00:00,47.54260867,7.58371693,,,0,0,1,0,0,-2.6,0.95,288.12146,0.0,304.73438
1972-05-15 00:00:00+00:00,23.27,5.6,,,0,1,0,0,0,-2.6,0.95,293.32785,0.0,2246.375
1972-05-15 00:00:00+00:00,69.1,-105.1166667,,,0,0,0,0,1,-2.6,0.95,256.10025,0.0,0.0
1972-05-15 00:00:00+00:00,0.38,6.72,,,1,0,0,0,0,-2.6,0.95,296.17886,0.00014150993,0.0
1972-05-15 00:00:00+00:00,-22.66416667,-48.06,,,0,0,1,0,0,-2.6,0.95,294.92285,0.0,490.46875
1972-05-15 00:00:00+00:00,-67.57,-68.13,,,0,0,0,0,1,-2.6,0.95,,,11.128906
1972-05-15 00:00:00+00:00,49.67,-93.72,,,0,0,0,1,0,-2.6,0.95,278.52924,0.0,427.09375
1972-05-15 00:00:00+00:00,29.7,91.13333333,,,0,0,0,0,1,-2.6,0.95,285.97745,0.0,3735.25
1972-05-15 00:00:00+00:00,12.54194444,39.76972222,,,0,1,0,0,0,-2.6,0.95,296.3793,0.0,1782.5
1972-05-15 00:00:00+00:00,18.9,72.82,,,1,0,0,0,0,-2.6,0.95,303.54575,2.2081747e-06,0.0
1972-06-15 00:00:00+00:00,52.3,104.2833333,,,0,0,0,1,0,-0.9,0.88,292.79367,2.936382e-05,427.25
1972-06-15 00:00:00+00:00,47.54260867,7.58371693,,,0,0,1,0,0,-0.9,0.88,287.16284,0.0,304.73438
1972-06-15 00:00:00+00:00,23.27,5.6,,,0,1,0,0,0,-0.9,0.88,299.5957,0.0,2246.375
1972-06-15 00:00:00+00:00,69.1,-105.1166667,,,0,0,0,0,1,-0.9,0.88,269.73138,0.0,0.0
1972-06-15 00:00:00+00:00,0.38,6.72,,,1,0,0,0,0,-0.9,0.88,295.5708,1.0822957e-05,0.0
1972-06-15 00:00:00+00:00,-22.66416667,-48.06,,,0,0,1,0,0,-0.9,0.88,296.82053,0.0,490.46875
1972-06-15 00:00:00+00:00,-67.57,-68.13,,,0,0,0,0,1,-0.9,0.88,,,11.128906
1972-06-15 00:00:00+00:00,49.67,-93.72,,,0,0,0,1,0,-0.9,0.88,290.0636,7.3491705e-05,427.09375
1972-06-15 00:00:00+00:00,29.7,91.13333333,,,0,0,0,0,1,-0.9,0.88,289.86847,0.0,3735.25
1972-06-15 00:00:00+00:00,12.54194444,39.76972222,,,0,1,0,0,0,-0.9,0.88,296.0884,0.0,1782.5
1972-06-15 00:00:00+00:00,18.9,72.82,,,1,0,0,0,0,-0.9,0.88,301.3031,1.9064864e-05,0.0
1972-07-15 00:00:00+00:00,52.3,104.2833333,,,0,0,0,1,0,-2.4,0.18,290.79565,0.0,427.25
1972-07-15 00:00:00+00:00,47.54260867,7.58371693,,,0,0,1,0,0,-2.4,0.18,294.02704,0.0,304.73438
1972-07-15 00:00:00+00:00,23.27,5.6,,,0,1,0,0,0,-2.4,0.18,300.9259,0.0,2246.375
1972-07-15 00:00:00+00:00,69.1,-105.1166667,,,0,0,0,0,1,-2.4,0.18,280.2736,0.00013698079,0.0
1972-07-15 00:00:00+00:00,0.38,6.72,,,1,0,0,0,0,-2.4,0.18,295.48526,0.0,0.0
1972-07-15 00:00:00+00:00,-22.66416667,-48.06,,,0,0,1,0,0,-2.4,0.18,288.72565,0.0001879451,490.46875
1972-07-15 00:00:00+00:00,-67.57,-68.13,,,0,0,0,0,1,-2.4,0.18,,,11.128906
1972-07-15 00:00:00+00:00,49.67,-93.72,,,0,0,0,1,0,-2.4,0.18,291.2707,0.0,427.09375
1972-07-15 00:00:00+00:00,29.7,91.13333333,,,0,0,0,0,1,-2.4,0.18,291.32645,4.850456e-05,3735.25
1972-07-15 00:00:00+00:00,12.54194444,39.76972222,,,0,1,0,0,0,-2.4,0.18,297.32104,0.0,1782.5
1972-07-15 00:00:00+00:00,18.9,72.82,,,1,0,0,0,0,-2.4,0.18,300.2273,0.00019851544,0.0
1972-08-15 00:00:00+00:00,52.3,104.2833333,,,0,0,0,1,0,-0.8,1.32,288.47525,0.0,427.25
1972-08-15 00:00:00+00:00,47.54260867,7.58371693,,,0,0,1,0,0,-0.8,1.32,290.0621,0.00017773324,304.73438
1972-08-15 00:00:00+00:00,23.27,5.6,,,0,1,0,0,0,-0.8,1.32,298.84177,0.0,2246.375
1972-08-15 00:00:00+00:00,69.1,-105.1166667,,,0,0,0,0,1,-0.8,1.32,278.86127,8.3886625e-05,0.0
1972-08-15 00:00:00+00:00,0.38,6.72,,,1,0,0,0,0,-0.8,1.32,295.45822,2.50956e-06,0.0
1972-08-15 00:00:00+00:00,-22.66416667,-48.06,,,0,0,1,0,0,-0.8,1.32,290.8976,0.0,490.46875
1972-08-15 00:00:00+00:00,-67.57,-68.13,,,0,0,0,0,1,-0.8,1.32,,,11.128906
1972-08-15 00:00:00+00:00,49.67,-93.72,,,0,0,0,1,0,-0.8,1.32,289.3105,0.0,427.09375
1972-08-15 00:00:00+00:00,29.7,91.13333333,,,0,0,0,0,1,-0.8,1.32,287.76117,2.0826159e-05,3735.25
1972-08-15 00:00:00+00:00,12.54194444,39.76972222,,,0,1,0,0,0,-0.8,1.32,293.35162,0.00011915253,1782.5
1972-08-15 00:00:00+00:00,18.9,72.82,,,1,0,0,0,0,-0.8,1.32,299.02316,0.00011122094,0.0
1972-09-15 00:00:00+00:00,52.3,104.2833333,,,0,0,0,1,0,-2.2,-0.12,276.5347,1.4191622e-05,427.25
1972-09-15 00:00:00+00:00,47.54260867,7.58371693,,,0,0,1,0,0,-2.2,-0.12,282.33026,4.4797704e-05,304.73438
1972-09-15 00:00:00+00:00,23.27,5.6,,,0,1,0,0,0,-2.2,-0.12,299.3053,0.0,2246.375
1972-09-15 00:00:00+00:00,69.1,-105.1166667,,,0,0,0,0,1,-2.2,-0.12,271.23297,0.0,0.0
1972-09-15 00:00:00+00:00,0.38,6.72,,,1,0,0,0,0,-2.2,-0.12,296.24503,2.5796879e-05,0.0
1972-09-15 00:00:00+00:00,-22.66416667,-48.06,,,0,0,1,0,0,-2.2,-0.12,296.43066,0.0,490.46875
1972-09-15 00:00:00+00:00,-67.57,-68.13,,,0,0,0,0,1,-2.2,-0.12,,,11.128906
1972-09-15 00:00:00+00:00,49.67,-93.72,,,0,0,0,1,0,-2.2,-0.12,293.4781,1.2160434e-05,427.09375
1972-09-15 00:00:00+00:00,29.7,91.13333333,,,0,0,0,0,1,-2.2,-0.12,288.6048,8.461343e-05,3735.25
1972-09-15 00:00:00+00:00,12.54194444,39.76972222,,,0,1,0,0,0,-2.2,-0.12,295.0111,0.0,1782.5
1972-09-15 00:00:00+00:00,18.9,72.82,,,1,0,0,0,0,-2.2,-0.12,300.80768,0.0,0.0
1972-10-15 00:00:00+00:00,52.3,104.2833333,,,0,0,0,1,0,-1.5,1.09,272.07764,0.0,427.25
1972-10-15 00:00:00+00:00,47.54260867,7.58371693,,,0,0,1,0,0,-1.5,1.09,282.83154,0.0,304.73438
1972-10-15 00:00:00+00:00,23.27,5.6,,,0,1,0,0,0,-1.5,1.09,290.13168,0.0,2246.375
1972-10-15 00:00:00+00:00,69.1,-105.1166667,,,0,0,0,0,1,-1.5,1.09,264.36505,6.3578827e-06,0.0
1972-10-15 00:00:00+00:00,0.38,6.72,,,1,0,0,0,0,-1.5,1.09,296.34845,0.00014700764,0.0
1972-10-15 00:00:00+00:00,-22.66416667,-48.06,,,0,0,1,0,0,-1.5,1.09,294.47134,1.4556956e-05,490.46875
1972-10-15 00:00:00+00:00,-67.57,-68.13,,,0,0,0,0,1,-1.5,1.09,,,11.128906
1972-10-15 00:00:00+00:00,49.67,-93.72,,,0,0,0,1,0,-1.5,1.09,278.14767,0.0,427.09375
1972-10-15 00:00:00+00:00,29.7,91.13333333,,,0,0,0,0,1,-1.5,1.09,285.5278,0.0,3735.25
1972-10-15 00:00:00+00:00,12.54194444,39.76972222,,,0,1,0,0,0,-1.5,1.09,294.05753,0.0,1782.5
1972-10-15 00:00:00+00:00,18.9,72.82,,,1,0,0,0,0,-1.5,1.09,302.744,0.0,0.0
1972-11-15 00:00:00+00:00,52.3,104.2833333,,,0,0,0,1,0,-0.6,0.54,263.4033,0.0,427.25
1972-11-15 00:00:00+00:00,47.54260867,7.58371693,,,0,0,1,0,0,-0.6,0.54,280.7412,0.0,304.73438
1972-11-15 00:00:00+00:00,23.27,5.6,,,0,1,0,0,0,-0.6,0.54,283.79712,0.0,2246.375
1972-11-15 00:00:00+00:00,69.1,-105.1166667,,,0,0,0,0,1,-0.6,0.54,249.63176,0.0,0.0
1972-11-15 00:00:00+00:00,0.38,6.72,,,1,0,0,0,0,-0.6,0.54,296.44705,9.783674e-05,0.0
1972-11-15 00:00:00+00:00,-22.66416667,-48.06,,,0,0,1,0,0,-0.6,0.54,288.99167,1.18026865e-05,490.46875
1972-11-15 00:00:00+00:00,-67.57,-68.13,,,0,0,0,0,1,-0.6,0.54,,,11.128906
1972-11-15 00:00:00+00:00,49.67,-93.72,,,0,0,0,1,0,-0.6,0.54,269.64948,0.0,427.09375
1972-11-15 00:00:00+00:00,29.7,91.13333333,,,0,0,0,0,1,-0.6,0.54,278.18646,0.0,3735.25
1972-11-15 00:00:00+00:00,12.54194444,39.76972222,,,0,1,0,0,0,-0.6,0.54,290.9432,0.0,1782.5
1972-11-15 00:00:00+00:00,18.9,72.82,,,1,0,0,0,0,-0.6,0.54,302.13666,0.0,0.0
1972-12-15 00:00:00+00:00,52.3,104.2833333,,,0,0,0,1,0,-2.1,0.19,257.2609,0.0,427.25
1972-12-15 00:00:00+00:00,47.54260867,7.58371693,,,0,0,1,0,0,-2.1,0.19,278.33398,4.24573e-05,304.73438
1972-12-15 00:00:00+00:00,23.27,5.6,,,0,1,0,0,0,-2.1,0.19,283.09506,0.0,2246.375
1972-12-15 00:00:00+00:00,69.1,-105.1166667,,,0,0,0,0,1,-2.1,0.19,248.45143,3.2535847e-06,0.0
1972-12-15 00:00:00+00:00,0.38,6.72,,,1,0,0,0,0,-2.1,0.19,297.6023,4.5249784e-05,0.0
1972-12-15 00:00:00+00:00,-22.66416667,-48.06,,,0,0,1,0,0,-2.1,0.19,296.87772,9.819255e-06,490.46875
1972-12-15 00:00:00+00:00,-67.57,-68.13,,,0,0,0,0,1,-2.1,0.19,,,11.128906
1972-12-15 00:00:00+00:00,49.67,-93.72,,,0,0,0,1,0,-2.1,0.19,263.46106,6.7948818e-06,427.09375
1972-12-15 00:00:00+00:00,29.7,91.13333333,,,0,0,0,0,1,-2.1,0.19,274.959,0.0,3735.25
1972-12-15 00:00:00+00:00,12.54194444,39.76972222,,,0,1,0,0,0,-2.1,0.19,291.72128,0.0,1782.5
1972-12-15 00:00:00+00:00,18.9,72.82,,,1,0,0,0,0,-2.1,0.19,299.94125,0.0,0.0
1973-01-15 00:00:00+00:00,52.3,104.2833333,,,0,0,0,1,0,-0.5,0.04,265.1792,0.0,427.25
1973-01-15 00:00:00+00:00,47.54260867,7.58371693,,,0,0,1,0,0,-0.5,0.04,275.12164,7.5510085e-05,304.73438
1973-01-15 00:00:00+00:00,23.27,5.6,,,0,1,0,0,0,-0.5,0.04,279.41522,0.0,2246.375
1973-01-15 00:00:00+00:00,69.1,-105.1166667,,,0,0,0,0,1,-0.5,0.04,225.2102,0.0,0.0
1973-01-15 00:00:00+00:00,0.38,6.72,,,1,0,0,0,0,-0.5,0.04,297.5068,8.041065e-05,0.0
1973-01-15 00:00:00+00:00,-22.66416667,-48.06,,,0,0,1,0,0,-0.5,0.04,298.4643,0.0,490.46875
1973-01-15 00:00:00+00:00,-67.57,-68.13,,,0,0,0,0,1,-0.5,0.04,,,11.128906
1973-01-15 00:00:00+00:00,49.67,-93.72,,,0,0,0,1,0,-0.5,0.04,254.71056,0.0,427.09375
1973-01-15 00:00:00+00:00,29.7,91.13333333,,,0,0,0,0,1,-0.5,0.04,279.4614,0.0,3735.25
1973-01-15 00:00:00+00:00,12.54194444,39.76972222,,,0,1,0,0,0,-0.5,0.04,289.81055,0.0,1782.5
1973-01-15 00:00:00+00:00,18.9,72.82,,,1,0,0,0,0,-0.5,0.04,297.9242,0.0,0.0
1973-02-15 00:00:00+00:00,52.3,104.2833333,,,0,0,0,1,0,-2.3,0.85,263.90137,0.0,427.25
1973-02-15 00:00:00+00:00,47.54260867,7.58371693,,,0,0,1,0,0,-2.3,0.85,276.5703,4.3517757e-05,304.73438
1973-02-15 00:00:00+00:00,23.27,5.6,,,0,1,0,0,0,-2.3,0.85,282.17297,0.0,2246.375
1973-02-15 00:00:00+00:00,69.1,-105.1166667,,,0,0,0,0,1,-2.3,0.85,234.78043,0.0,0.0
1973-02-15 00:00:00+00:00,0.38,6.72,,,1,0,0,0,0,-2.3,0.85,297.64417,0.00017569527,0.0
1973-02-15 00:00:00+00:00,-22.66416667,-48.06,,,0,0,1,0,0,-2.3,0.85,300.41434,3.0430283e-05,490.46875
1973-02-15 00:00:00+00:00,-67.57,-68.13,,,0,0,0,0,1,-2.3,0.85,,,11.128906
1973-02-15 00:00:00+00:00,49.67,-93.72,,,0,0,0,1,0,-2.3,0.85,250.65456,0.0,427.09375
1973-02-15 00:00:00+00:00,29.7,91.13333333,,,0,0,0,0,1,-2.3,0.85,272.98615,0.0,3735.25
1973-02-15 00:00:00+00:00,12.54194444,39.76972222,,,0,1,0,0,0,-2.3,0.85,290.62,0.0,1782.5
1973-02-15 00:00:00+00:00,18.9,72.82,,,1,0,0,0,0,-2.3,0.85,297.76227,0.0,0.0
1973-03-15 00:00:00+00:00,52.3,104.2833333,,,0,0,0,1,0,1.2,0.3,268.7486,0.0,427.25
1973-03-15 00:00:00+00:00,47.54260867,7.58371693,,,0,0,1,0,0,1.2,0.3,280.37134,8.971291e-05,304.73438
1973-03-15 00:00:00+00:00,23.27,5.6,,,0,1,0,0,0,1.2,0.3,289.45248,0.0,2246.375
1973-03-15 00:00:00+00:00,69.1,-105.1166667,,,0,0,0,0,1,1.2,0.3,240.3582,0.0,0.0
1973-03-15 00:00:00+00:00,0.38,6.72,,,1,0,0,0,0,1.2,0.3,298.51678,9.760627e-05,0.0
1973-03-15 00:00:00+00:00,-22.66416667,-48.06,,,0,0,1,0,0,1.2,0.3,298.3615,2.1394919e-05,490.46875
1973-03-15 00:00:00+00:00,-67.57,-68.13,,,0,0,0,0,1,1.2,0.3,,,11.128906
1973-03-15 00:00:00+00:00,49.67,-93.72,,,0,0,0,1,0,1.2,0.3,263.65186,0.0,427.09375
1973-03-15 00:00:00+00:00,29.7,91.13333333,,,0,0,0,0,1,1.2,0.3,280.77832,0.0,3735.25
1973-03-15 00:00:00+00:00,12.54194444,39.76972222,,,0,1,0,0,0,1.2,0.3,292.28467,0.0,1782.5
1973-03-15 00:00:00+00:00,18.9,72.82,,,1,0,0,0,0,1.2,0.3,299.04477,0.0,0.0
1973-04-15 00:00:00+00:00,52.3,104.2833333,,,0,0,0,1,0,0.1,-0.54,269.95792,0.0,427.25
1973-04-15 00:00:00+00:00,47.54260867,7.58371693,,,0,0,1,0,0,0.1,-0.54,286.93784,1.4946727e-05,304.73438
1973-04-15 00:00:00+00:00,23.27,5.6,,,0,1,0,0,0,0.1,-0.54,296.61282,2.7102944e-06,2246.375
1973-04-15 00:00:00+00:00,69.1,-105.1166667,,,0,0,0,0,1,0.1,-0.54,247.86101,0.0,0.0
1973-04-15 00:00:00+00:00,0.38,6.72,,,1,0,0,0,0,0.1,-0.54,298.49118,6.174884e-05,0.0
1973-04-15 00:00:00+00:00,-22.66416667,-48.06,,,0,0,1,0,0,0.1,-0.54,298.13654,8.2582965e-06,490.46875
1973-04-15 00:00:00+00:00,-67.57,-68.13,,,0,0,0,0,1,0.1,-0.54,,,11.128906
1973-04-15 00:00:00+00:00,49.67,-93.72,,,0,0,0,1,0,0.1,-0.54,280.77487,0.0,427.09375
1973-04-15 00:00:00+00:00,29.7,91.13333333,,,0,0,0,0,1,0.1,-0.54,283.6637,0.0,3735.25
1973-04-15 00:00:00+00:00,12.54194444,39.76972222,,,0,1,0,0,0,0.1,-0.54,293.03336,4.3978132e-05,1782.5
1973-04-15 00:00:00+00:00,18.9,72.82,,,1,0,0,0,0,0.1,-0.54,301.70743,0.0,0.0
1973-05-15 00:00:00+00:00,52.3,104.2833333,,,0,0,0,1,0,0.7,-0.44,279.898,1.1442184e-05,427.25
1973-05-15 00:00:00+00:00,47.54260867,7.58371693,,,0,0,1,0,0,0.7,-0.44,286.7582,1.4125194e-05,304.73438
1973-05-15 00:00:00+00:00,23.27,5.6,,,0,1,0,0,0,0.7,-0.44,296.3747,0.0,2246.375
1973-05-15 00:00:00+00:00,69.1,-105.1166667,,,0,0,0,0,1,0.7,-0.44,253.67699,0.0,0.0
1973-05-15 00:00:00+00:00,0.38,6.72,,,1,0,0,0,0,0.7,-0.44,299.0021,0.0,0.0
1973-05-15 00:00:00+00:00,-22.66416667,-48.06,,,0,0,1,0,0,0.7,-0.44,292.26212,0.0,490.46875
1973-05-15 00:00:00+00:00,-67.57,-68.13,,,0,0,0,0,1,0.7,-0.44,,,11.128906
1973-05-15 00:00:00+00:00,49.67,-93.72,,,0,0,0,1,0,0.7,-0.44,275.5717,1.23284935e-05,427.09375
1973-05-15 00:00:00+00:00,29.7,91.13333333,,,0,0,0,0,1,0.7,-0.44,290.93796,0.0,3735.25
1973-05-15 00:00:00+00:00,12.54194444,39.76972222,,,0,1,0,0,0,0.7,-0.44,296.83685,0.0,1782.5
1973-05-15 00:00:00+00:00,18.9,72.82,,,1,0,0,0,0,0.7,-0.44,303.41006,0.0,0.0
1973-06-15 00:00:00+00:00,52.3,104.2833333,,,0,0,0,1,0,1.8,0.39,291.52228,0.0,427.25
1973-06-15 00:00:00+00:00,47.54260867,7.58371693,,,0,0,1,0,0,1.8,0.39,287.92123,0.0,304.73438
1973-06-15 00:00:00+00:00,23.27,5.6,,,0,1,0,0,0,1.8,0.39,300.06485,0.0,2246.375
1973-06-15 00:00:00+00:00,69.1,-105.1166667,,,0,0,0,0,1,1.8,0.39,275.50458,0.0,0.0
1973-06-15 00:00:00+00:00,0.38,6.72,,,1,0,0,0,0,1.8,0.39,297.82565,0.0,0.0
1973-06-15 00:00:00+00:00,-22.66416667,-48.06,,,0,0,1,0,0,1.8,0.39,291.7507,0.0,490.46875
1973-06-15 00:00:00+00:00,-67.57,-68.13,,,0,0,0,0,1,1.8,0.39,,,11.128906
1973-06-15 00:00:00+00:00,49.67,-93.72,,,0,0,0,1,0,1.8,0.39,287.64508,0.0,427.09375
1973-06-15 00:00:00+00:00,29.7,91.13333333,,,0,0,0,0,1,1.8,0.39,292.3155,0.0,3735.25
1973-06-15 00:00:00+00:00,12.54194444,39.76972222,,,0,1,0,0,0,1.8,0.39,295.83398,0.0,1782.5
1973-06-15 00:00:00+00:00,18.9,72.82,,,1,0,0,0,0,1.8,0.39,300.88794,1.6479073e-05,0.0
1973-07-15 00:00:00+00:00,52.3,104.2833333,,,0,0,0,1,0,1.0,0.57,291.4394,6.0944316e-05,427.25
1973-07-15 00:00:00+00:00,47.54260867,7.58371693,,,0,0,1,0,0,1.0,0.57,294.05466,2.4286583e-05,304.73438
1973-07-15 00:00:00+00:00,23.27,5.6,,,0,1,0,0,0,1.0,0.57,299.5092,0.0,2246.375
1973-07-15 00:00:00+00:00,69.1,-105.1166667,,,0,0,0,0,1,1.0,0.57,279.068,0.0,0.0
1973-07-15 00:00:00+00:00,0.38,6.72,,,1,0,0,0,0,1.0,0.57,295.28015,8.3054175e-07,0.0
1973-07-15 00:00:00+00:00,-22.66416667,-48.06,,,0,0,1,0,0,1.0,0.57,290.4248,0.0,490.46875
1973-07-15 00:00:00+00:00,-67.57,-68.13,,,0,0,0,0,1,1.0,0.57,,,11.128906
1973-07-15 00:00:00+00:00,49.67,-93.72,,,0,0,0,1,0,1.0,0.57,293.0241,0.00028630684,427.09375
1973-07-15 00:00:00+00:00,29.7,91.13333333,,,0,0,0,0,1,1.0,0.57,291.3139,3.914277e-05,3735.25
1973-07-15 00:00:00+00:00,12.54194444,39.76972222,,,0,1,0,0,0,1.0,0.57,293.25223,0.00013044676,1782.5
1973-07-15 00:00:00+00:00,18.9,72.82,,,1,0,0,0,0,1.0,0.57,301.4824,7.94165e-05,0.0
1973-08-15 00:00:00+00:00,52.3,104.2833333,,,0,0,0,1,0,2.1,-0.06,284.77188,1.6234315e-05,427.25
1973-08-15 00:00:00+00:00,47.54260867,7.58371693,,,0,0,1,0,0,2.1,-0.06,288.77942,2.1001017e-05,304.73438
1973-08-15 00:00:00+00:00,23.27,5.6,,,0,1,0,0,0,2.1,-0.06,298.37598,0.0,2246.375
1973-08-15 00:00:00+00:00,69.1,-105.1166667,,,0,0,0,0,1,2.1,-0.06,283.65604,0.0,0.0
1973-08-15 00:00:00+00:00,0.38,6.72,,,1,0,0,0,0,2.1,-0.06,295.24847,2.9868784e-06,0.0
1973-08-15 00:00:00+00:00,-22.66416667,-48.06,,,0,0,1,0,0,2.1,-0.06,291.6846,0.0,490.46875
1973-08-15 00:00:00+00:00,-67.57,-68.13,,,0,0,0,0,1,2.1,-0.06,,,11.128906
1973-08-15 00:00:00+00:00,49.67,-93.72,,,0,0,0,1,0,2.1,-0.06,288.9061,0.0,427.09375
1973-08-15 00:00:00+00:00,29.7,91.13333333,,,0,0,0,0,1,2.1,-0.06,289.98386,5.6117344e-05,3735.25
1973-08-15 00:00:00+00:00,12.54194444,39.76972222,,,0,1,0,0,0,2.1,-0.06,292.61954,0.0,1782.5
1973-08-15 00:00:00+00:00,18.9,72.82,,,1,0,0,0,0,2.1,-0.06,300.94418,2.720665e-05,0.0
1973-09-15 00:00:00+00:00,52.3,104.2833333,,,0,0,0,1,0,2.0,-0.3,281.42987,0.0,427.25
1973-09-15 00:00:00+00:00,47.54260867,7.58371693,,,0,0,1,0,0,2.0,-0.3,290.87704,0.0,304.73438
1973-09-15 00:00:00+00:00,23.27,5.6,,,0,1,0,0,0,2.0,-0.3,296.30157,0.0,2246.375
1973-09-15 00:00:00+00:00,69.1,-105.1166667,,,0,0,0,0,1,2.0,-0.3,274.38818,0.0,0.0
1973-09-15 00:00:00+00:00,0.38,6.72,,,1,0,0,0,0,2.0,-0.3,296.3747,2.3213283e-06,0.0
1973-09-15 00:00:00+00:00,-22.66416667,-48.06,,,0,0,1,0,0,2.0,-0.3,290.35684,3.210003e-05,490.46875
1973-09-15 00:00:00+00:00,-67.57,-68.13,,,0,0,0,0,1,2.0,-0.3,,,11.128906
1973-09-15 00:00:00+00:00,49.67,-93.72,,,0,0,0,1,0,2.0,-0.3,288.07724,3.230673e-05,427.09375
1973-09-15 00:00:00+00:00,29.7,91.13333333,,,0,0,0,0,1,2.0,-0.3,288.60315,0.0,3735.25
1973-09-15 00:00:00+00:00,12.54194444,39.76972222,,,0,1,0,0,0,2.0,-0.3,291.89902,0.0,1782.5
1973-09-15 00:00:00+00:00,18.9,72.82,,,1,0,0,0,0,2.0,-0.3,299.53497,0.00023605804,0.0
1973-10-15 00:00:00+00:00,52.3,104.2833333,,,0,0,0,1,0,1.3,-1.24,274.97687,0.0,427.25
1973-10-15 00:00:00+00:00,47.54260867,7.58371693,,,0,0,1,0,0,1.3,-1.24,282.78464,0.0,304.73438
1973-10-15 00:00:00+00:00,23.27,5.6,,,0,1,0,0,0,1.3,-1.24,295.75363,0.0,2246.375
1973-10-15 00:00:00+00:00,69.1,-105.1166667,,,0,0,0,0,1,1.3,-1.24,256.5398,0.0,0.0
1973-10-15 00:00:00+00:00,0.38,6.72,,,1,0,0,0,0,1.3,-1.24,297.09503,2.7946504e-05,0.0
1973-10-15 00:00:00+00:00,-22.66416667,-48.06,,,0,0,1,0,0,1.3,-1.24,296.2773,4.3711116e-05,490.46875
1973-10-15 00:00:00+00:00,-67.57,-68.13,,,0,0,0,0,1,1.3,-1.24,,,11.128906
1973-10-15 00:00:00+00:00,49.67,-93.72,,,0,0,0,1,0,1.3,-1.24,269.49265,0.0,427.09375
1973-10-15 00:00:00+00:00,29.7,91.13333333,,,0,0,0,0,1,1.3,-1.24,279.36133,0.0,3735.25
1973-10-15 00:00:00+00:00,12.54194444,39.76972222,,,0,1,0,0,0,1.3,-1.24,292.3225,0.0,1782.5
1973-10-15 00:00:00+00:00,18.9,72.82,,,1,0,0,0,0,1.3,-1.24,300.4795,0.0,0.0
1973-11-15 00:00:00+00:00,52.3,104.2833333,,,0,0,0,1,0,4.3,-0.93,267.2629,0.0,427.25
1973-11-15 00:00:00+00:00,47.54260867,7.58371693,,,0,0,1,0,0,4.3,-0.93,284.6104,0.0,304.73438
1973-11-15 00:00:00+00:00,23.27,5.6,,,0,1,0,0,0,4.3,-0.93,288.58618,0.0,2246.375
1973-11-15 00:00:00+00:00,69.1,-105.1166667,,,0,0,0,0,1,4.3,-0.93,259.31494,0.0,0.0
1973-11-15 00:00:00+00:00,0.38,6.72,,,1,0,0,0,0,4.3,-0.93,296.42303,8.0051905e-05,0.0
1973-11-15 00:00:00+00:00,-22.66416667,-48.06,,,0,0,1,0,0,4.3,-0.93,295.9487,9.1240516e-05,490.46875
1973-11-15 00:00:00+00:00,-67.57,-68.13,,,0,0,0,0,1,4.3,-0.93,,,11.128906
1973-11-15 00:00:00+00:00,49.67,-93.72,,,0,0,0,1,0,4.3,-0.93,276.68097,4.494761e-05,427.09375
1973-11-15 00:00:00+00:00,29.7,91.13333333,,,0,0,0,0,1,4.3,-0.93,279.08066,0.0,3735.25
1973-11-15 00:00:00+00:00,12.54194444,39.76972222,,,0,1,0,0,0,4.3,-0.93,290.1628,4.702549e-05,1782.5
1973-11-15 00:00:00+00:00,18.9,72.82,,,1,0,0,0,0,4.3,-0.93,299.04092,0.0,0.0
1973-12-15 00:00:00+00:00,52.3,104.2833333,,,0,0,0,1,0,3.0,0.32,257.26553,1.2902968e-05,427.25
1973-12-15 00:00:00+00:00,47.54260867,7.58371693,,,0,0,1,0,0,3.0,0.32,271.2304,0.00017707243,304.73438
1973-12-15 00:00:00+00:00,23.27,5.6,,,0,1,0,0,0,3.0,0.32,282.7068,0.0,2246.375
1973-12-15 00:00:00+00:00,69.1,-105.1166667,,,0,0,0,0,1,3.0,0.32,235.43016,0.0,0.0
1973-12-15 00:00:00+00:00,0.38,6.72,,,1,0,0,0,0,3.0,0.32,297.80478,0.00014330668,0.0
1973-12-15 00:00:00+00:00,-22.66416667,-48.06,,,0,0,1,0,0,3.0,0.32,299.99448,0.0,490.46875
1973-12-15 00:00:00+00:00,-67.57,-68.13,,,0,0,0,0,1,3.0,0.32,,,11.128906
1973-12-15 00:00:00+00:00,49.67,-93.72,,,0,0,0,1,0,3.0,0.32,268.1951,0.0,427.09375
1973-12-15 00:00:00+00:00,29.7,91.13333333,,,0,0,0,0,1,3.0,0.32,280.25055,0.0,3735.25
1973-12-15 00:00:00+00:00,12.54194444,39.76972222,,,0,1,0,0,0,3.0,0.32,287.98944,0.0,1782.5
1973-12-15 00:00:00+00:00,18.9,72.82,,,1,0,0,0,0,3.0,0.32,298.7825,0.0,0.0
1974-01-15 00:00:00+00:00,52.3,104.2833333,,,0,0,0,1,0,4.0,1.34,259.18613,6.7103206e-06,427.25
1974-01-15 00:00:00+00:00,47.54260867,7.58371693,,,0,0,1,0,0,4.0,1.34,274.60532,0.00025937823,304.73438
1974-01-15 00:00:00+00:00,23.27,5.6,,,0,1,0,0,0,4.0,1.34,279.15802,1.08600615e-10,2246.375
1974-01-15 00:00:00+00:00,69.1,-105.1166667,,,0,0,0,0,1,4.0,1.34,220.91093,4.3183223e-07,0.0
1974-01-15 00:00:00+00:00,0.38,6.72,,,1,0,0,0,0,4.0,1.34,297.19183,3.9427723e-05,0.0
1974-01-15 00:00:00+00:00,-22.66416667,-48.06,,,0,0,1,0,0,4.0,1.34,293.72723,1.3069391e-05,490.46875
1974-01-15 00:00:00+00:00,-67.57,-68.13,,,0,0,0,0,1,4.0,1.34,,,11.128906
1974-01-15 00:00:00+00:00,49.67,-93.72,,,0,0,0,1,0,4.0,1.34,267.97366,3.139245e-07,427.09375
1974-01-15 00:00:00+00:00,29.7,91.13333333,,,0,0,0,0,1,4.0,1.34,268.08197,0.0,3735.25
1974-01-15 00:00:00+00:00,12.54194444,39.76972222,,,0,1,0,0,0,4.0,1.34,287.72165,0.0,1782.5
1974-01-15 00:00:00+00:00,18.9,72.82,,,1,0,0,0,0,4.0,1.34,296.96335,0.0,0.0
1974-02-15 00:00:00+00:00,52.3,104.2833333,,,0,0,0,1,0,3.4,-0.14,259.45547,1.9651272e-06,427.25
1974-02-15 00:00:00+00:00,47.54260867,7.58371693,,,0,0,1,0,0,3.4,-0.14,271.3506,5.1779853e-06,304.73438
1974-02-15 00:00:00+00:00,23.27,5.6,,,0,1,0,0,0,3.4,-0.14,284.59396,2.4018362e-07,2246.375
1974-02-15 00:00:00+00:00,69.1,-105.1166667,,,0,0,0,0,1,3.4,-0.14,231.58563,2.75187e-06,0.0
1974-02-15 00:00:00+00:00,0.38,6.72,,,1,0,0,0,0,3.4,-0.14,297.7177,1.6544782e-05,0.0
1974-02-15 00:00:00+00:00,-22.66416667,-48.06,,,0,0,1,0,0,3.4,-0.14,295.27194,1.30855815e-05,490.46875
1974-02-15 00:00:00+00:00,-67.57,-68.13,,,0,0,0,0,1,3.4,-0.14,,,11.128906
1974-02-15 00:00:00+00:00,49.67,-93.72,,,0,0,0,1,0,3.4,-0.14,252.33354,4.445584e-07,427.09375
1974-02-15 00:00:00+00:00,29.7,91.13333333,,,0,0,0,0,1,3.4,-0.14,259.80487,2.519297e-07,3735.25
1974-02-15 00:00:00+00:00,12.54194444,39.76972222,,,0,1,0,0,0,3.4,-0.14,290.48038,4.2769518e-10,1782.5
1974-02-15 00:00:00+00:00,18.9,72.82,,,1,0,0,0,0,3.4,-0.14,297.2373,5.503991e-12,0.0
1974-03-15 00:00:00+00:00,52.3,104.2833333,,,0,0,0,1,0,4.0,-0.03,270.38034,1.4799993e-07,427.25
1974-03-15 00:00:00+00:00,47.54260867,7.58371693,,,0,0,1,0,0,4.0,-0.03,274.57855,0.0001349348,304.73438
1974-03-15 00:00:00+00:00,23.27,5.6,,,0,1,0,0,0,4.0,-0.03,290.5611,0.0,2246.375
1974-03-15 00:00:00+00:00,69.1,-105.1166667,,,0,0,0,0,1,4.0,-0.03,235.68658,4.5201068e-07,0.0
1974-03-15 00:00:00+00:00,0.38,6.72,,,1,0,0,0,0,4.0,-0.03,297.83682,8.081129e-05,0.0
1974-03-15 00:00:00+00:00,-22.66416667,-48.06,,,0,0,1,0,0,4.0,-0.03,294.0657,2.9530959e-06,490.46875
1974-03-15 00:00:00+00:00,-67.57,-68.13,,,0,0,0,0,1,4.0,-0.03,,,11.128906
1974-03-15 00:00:00+00:00,49.67,-93.72,,,0,0,0,1,0,4.0,-0.03,262.91028,7.5848e-05,427.09375
1974-03-15 00:00:00+00:00,29.7,91.13333333,,,0,0,0,0,1,4.0,-0.03,263.27606,2.454163e-05,3735.25
1974-03-15 00:00:00+00:00,12.54194444,39.76972222,,,0,1,0,0,0,4.0,-0.03,289.34543,0.0001297136,1782.5
1974-03-15 00:00:00+00:00,18.9,72.82,,,1,0,0,0,0,4.0,-0.03,297.01904,0.0,0.0
1974-04-15 00:00:00+00:00,52.3,104.2833333,,,0,0,0,1,0,1.6,0.51,268.74048,1.7372168e-06,427.25
1974-04-15 00:00:00+00:00,47.54260867,7.58371693,,,0,0,1,0,0,1.6,0.51,282.47443,9.4731095e-06,304.73438
1974-04-15 00:00:00+00:00,23.27,5.6,,,0,1,0,0,0,1.6,0.51,296.14087,5.3237313e-06,2246.375
1974-04-15 00:00:00+00:00,69.1,-105.1166667,,,0,0,0,0,1,1.6,0.51,247.61343,4.963549e-08,0.0
1974-04-15 00:00:00+00:00,0.38,6.72,,,1,0,0,0,0,1.6,0.51,298.62158,5.847316e-06,0.0
1974-04-15 00:00:00+00:00,-22.66416667,-48.06,,,0,0,1,0,0,1.6,0.51,293.4517,4.233314e-06,490.46875
1974-04-15 00:00:00+00:00,-67.57,-68.13,,,0,0,0,0,1,1.6,0.51,,,11.128906
1974-04-15 00:00:00+00:00,49.67,-93.72,,,0,0,0,1,0,1.6,0.51,276.8971,1.548751e-07,427.09375
1974-04-15 00:00:00+00:00,29.7,91.13333333,,,0,0,0,0,1,1.6,0.51,267.01398,8.438676e-06,3735.25
1974-04-15 00:00:00+00:00,12.54194444,39.76972222,,,0,1,0,0,0,1.6,0.51,289.79788,0.00016351214,1782.5
1974-04-15 00:00:00+00:00,18.9,72.82,,,1,0,0,0,0,1.6,0.51,299.48303,2.7118494e-09,0.0
1974-05-15 00:00:00+00:00,52.3,104.2833333,,,0,0,0,1,0,1.6,-0.24,277.77155,3.2756707e-05,427.25
1974-05-15 00:00:00+00:00,47.54260867,7.58371693,,,0,0,1,0,0,1.6,-0.24,283.17487,3.518443e-05,304.73438
1974-05-15 00:00:00+00:00,23.27,5.6,,,0,1,0,0,0,1.6,-0.24,295.13113,1.2345722e-05,2246.375
1974-05-15 00:00:00+00:00,69.1,-105.1166667,,,0,0,0,0,1,1.6,-0.24,261.37543,4.1146814e-06,0.0
1974-05-15 00:00:00+00:00,0.38,6.72,,,1,0,0,0,0,1.6,-0.24,298.26376,1.3825719e-05,0.0
1974-05-15 00:00:00+00:00,-22.66416667,-48.06,,,0,0,1,0,0,1.6,-0.24,290.89285,1.6764338e-11,490.46875
1974-05-15 00:00:00+00:00,-67.57,-68.13,,,0,0,0,0,1,1.6,-0.24,,,11.128906
1974-05-15 00:00:00+00:00,49.67,-93.72,,,0,0,0,1,0,1.6,-0.24,274.48285,6.410165e-05,427.09375
1974-05-15 00:00:00+00:00,29.7,91.13333333,,,0,0,0,0,1,1.6,-0.24,274.48325,5.982107e-06,3735.25
1974-05-15 00:00:00+00:00,12.54194444,39.76972222,,,0,1,0,0,0,1.6,-0.24,297.48148,5.095227e-11,1782.5
1974-05-15 00:00:00+00:00,18.9,72.82,,,1,0,0,0,0,1.6,-0.24,299.20273,1.5077727e-06,0.0
1974-06-15 00:00:00+00:00,52.3,104.2833333,,,0,0,0,1,0,0.7,-0.14,287.81406,1.4373046e-05,427.25
1974-06-15 00:00:00+00:00,47.54260867,7.58371693,,,0,0,1,0,0,0.7,-0.14,288.4893,1.748882e-10,304.73438
1974-06-15 00:00:00+00:00,23.27,5.6,,,0,1,0,0,0,0.7,-0.14,295.89658,3.414822e-05,2246.375
1974-06-15 00:00:00+00:00,69.1,-105.1166667,,,0,0,0,0,1,0.7,-0.14,275.73715,4.2139072e-07,0.0
1974-06-15 00:00:00+00:00,0.38,6.72,,,1,0,0,0,0,0.7,-0.14,297.75708,2.1098906e-05,0.0
1974-06-15 00:00:00+00:00,-22.66416667,-48.06,,,0,0,1,0,0,0.7,-0.14,289.73346,1.8816105e-12,490.46875
1974-06-15 00:00:00+00:00,-67.57,-68.13,,,0,0,0,0,1,0.7,-0.14,,,11.128906
1974-06-15 00:00:00+00:00,49.67,-93.72,,,0,0,0,1,0,0.7,-0.14,289.01965,1.1468472e-10,427.09375
1974-06-15 00:00:00+00:00,29.7,91.13333333,,,0,0,0,0,1,0.7,-0.14,274.08408,8.080114e-05,3735.25
1974-06-15 00:00:00+00:00,12.54194444,39.76972222,,,0,1,0,0,0,0.7,-0.14,293.88553,8.425847e-05,1782.5
1974-06-15 00:00:00+00:00,18.9,72.82,,,1,0,0,0,0,0.7,-0.14,296.33713,0.00016855705,0.0
1974-07-15 00:00:00+00:00,52.3,104.2833333,,,0,0,0,1,0,1.9,-0.76,288.72168,1.4867148e-05,427.25
1974-07-15 00:00:00+00:00,47.54260867,7.58371693,,,0,0,1,0,0,1.9,-0.76,287.75485,0.00012621301,304.73438
1974-07-15 00:00:00+00:00,23.27,5.6,,,0,1,0,0,0,1.9,-0.76,300.95145,1.2856918e-10,2246.375
1974-07-15 00:00:00+00:00,69.1,-105.1166667,,,0,0,0,0,1,1.9,-0.76,275.59137,2.3830902e-05,0.0
1974-07-15 00:00:00+00:00,0.38,6.72,,,1,0,0,0,0,1.9,-0.76,296.94916,6.9364905e-05,0.0
1974-07-15 00:00:00+00:00,-22.66416667,-48.06,,,0,0,1,0,0,1.9,-0.76,288.22614,3.9366765e-12,490.46875
1974-07-15 00:00:00+00:00,-67.57,-68.13,,,0,0,0,0,1,1.9,-0.76,,,11.128906
1974-07-15 00:00:00+00:00,49.67,-93.72,,,0,0,0,1,0,1.9,-0.76,293.51038,3.1334992e-05,427.09375
1974-07-15 00:00:00+00:00,29.7,91.13333333,,,0,0,0,0,1,1.9,-0.76,276.812,5.4098386e-05,3735.25
1974-07-15 00:00:00+00:00,12.54194444,39.76972222,,,0,1,0,0,0,1.9,-0.76,289.70435,0.000106524654,1782.5
1974-07-15 00:00:00+00:00,18.9,72.82,,,1,0,0,0,0,1.9,-0.76,298.4162,4.1894687e-05,0.0
1974-08-15 00:00:00+00:00,52.3,104.2833333,,,0,0,0,1,0,1.3,-0.64,283.7442,5.699617e-09,427.25
1974-08-15 00:00:00+00:00,47.54260867,7.58371693,,,0,0,1,0,0,1.3,-0.64,286.33362,5.1009672e-05,304.73438
1974-08-15 00:00:00+00:00,23.27,5.6,,,0,1,0,0,0,1.3,-0.64,297.81033,1.15352054e-10,2246.375
1974-08-15 00:00:00+00:00,69.1,-105.1166667,,,0,0,0,0,1,1.3,-0.64,277.1247,3.5611124e-06,0.0
1974-08-15 00:00:00+00:00,0.38,6.72,,,1,0,0,0,0,1.3,-0.64,297.2797,5.886918e-05,0.0
1974-08-15 00:00:00+00:00,-22.66416667,-48.06,,,0,0,1,0,0,1.3,-0.64,290.5259,3.4071096e-08,490.46875
1974-08-15 00:00:00+00:00,-67.57,-68.13,,,0,0,0,0,1,1.3,-0.64,,,11.128906
1974-08-15 00:00:00+00:00,49.67,-93.72,,,0,0,0,1,0,1.3,-0.64,291.7567,4.6798745e-05,427.09375
1974-08-15 00:00:00+00:00,29.7,91.13333333,,,0,0,0,0,1,1.3,-0.64,274.358,5.568556e-05,3735.25
1974-08-15 00:00:00+00:00,12.54194444,39.76972222,,,0,1,0,0,0,1.3,-0.64,290.6458,5.808151e-05,1782.5
1974-08-15 00:00:00+00:00,18.9,72.82,,,1,0,0,0,0,1.3,-0.64,298.25763,2.1766778e-05,0.0
1974-09-15 00:00:00+00:00,52.3,104.2833333,,,0,0,0,1,0,1.8,0.82,281.71896,1.5794787e-06,427.25
1974-09-15 00:00:00+00:00,47.54260867,7.58371693,,,0,0,1,0,0,1.8,0.82,287.0922,2.0625838e-07,304.73438
1974-09-15 00:00:00+00:00,23.27,5.6,,,0,1,0,0,0,1.8,0.82,295.53403,0.0,2246.375
1974-09-15 00:00:00+00:00,69.1,-105.1166667,,,0,0,0,0,1,1.8,0.82,270.25977,5.4248794e-10,0.0
1974-09-15 00:00:00+00:00,0.38,6.72,,,1,0,0,0,0,1.8,0.82,297.40723,3.9184597e-05,0.0
1974-09-15 00:00:00+00:00,-22.66416667,-48.06,,,0,0,1,0,0,1.8,0.82,291.8836,4.9392274e-10,490.46875
1974-09-15 00:00:00+00:00,-67.57,-68.13,,,0,0,0,0,1,1.8,0.82,,,11.128906
1974-09-15 00:00:00+00:00,49.67,-93.72,,,0,0,0,1,0,1.8,0.82,287.18167,1.0741845e-05,427.09375
1974-09-15 00:00:00+00:00,29.7,91.13333333,,,0,0,0,0,1,1.8,0.82,274.20108,9.073823e-06,3735.25
1974-09-15 00:00:00+00:00,12.54194444,39.76972222,,,0,1,0,0,0,1.8,0.82,290.6452,4.739511e-05,1782.5
1974-09-15 00:00:00+00:00,18.9,72.82,,,1,0,0,0,0,1.8,0.82,296.11948,0.00017447135,0.0
1974-10-15 00:00:00+00:00,52.3,104.2833333,,,0,0,0,1,0,1.5,0.49,272.87772,1.6016152e-09,427.25
1974-10-15 00:00:00+00:00,47.54260867,7.58371693,,,0,0,1,0,0,1.5,0.49,280.61255,3.5303805e-05,304.73438
1974-10-15 00:00:00+00:00,23.27,5.6,,,0,1,0,0,0,1.5,0.49,296.20212,8.89658e-07,2246.375
1974-10-15 00:00:00+00:00,69.1,-105.1166667,,,0,0,0,0,1,1.5,0.49,253.6984,1.7972604e-06,0.0
1974-10-15 00:00:00+00:00,0.38,6.72,,,1,0,0,0,0,1.5,0.49,297.638,3.8850732e-05,0.0
1974-10-15 00:00:00+00:00,-22.66416667,-48.06,,,0,0,1,0,0,1.5,0.49,293.62354,1.7466224e-05,490.46875
1974-10-15 00:00:00+00:00,-67.57,-68.13,,,0,0,0,0,1,1.5,0.49,,,11.128906
1974-10-15 00:00:00+00:00,49.67,-93.72,,,0,0,0,1,0,1.5,0.49,272.20477,1.1275939e-05,427.09375
1974-10-15 00:00:00+00:00,29.7,91.13333333,,,0,0,0,0,1,1.5,0.49,257.9571,2.5773647e-10,3735.25
1974-10-15 00:00:00+00:00,12.54194444,39.76972222,,,0,1,0,0,0,1.5,0.49,291.70294,2.0827929e-05,1782.5
1974-10-15 00:00:00+00:00,18.9,72.82,,,1,0,0,0,0,1.5,0.49,298.32297,4.831097e-07,0.0
1974-11-15 00:00:00+00:00,52.3,104.2833333,,,0,0,0,1,0,-0.2,-0.54,267.89407,8.806698e-10,427.25
1974-11-15 00:00:00+00:00,47.54260867,7.58371693,,,0,0,1,0,0,-0.2,-0.54,281.25403,0.000107262174,304.73438
1974-11-15 00:00:00+00:00,23.27,5.6,,,0,1,0,0,0,-0.2,-0.54,289.2393,1.324789e-08,2246.375
1974-11-15 00:00:00+00:00,69.1,-105.1166667,,,0,0,0,0,1,-0.2,-0.54,255.09837,1.6125726e-06,0.0
1974-11-15 00:00:00+00:00,0.38,6.72,,,1,0,0,0,0,-0.2,-0.54,297.17557,0.000121221,0.0
1974-11-15 00:00:00+00:00,-22.66416667,-48.06,,,0,0,1,0,0,-0.2,-0.54,291.33078,3.7576116e-05,490.46875
1974-11-15 00:00:00+00:00,-67.57,-68.13,,,0,0,0,0,1,-0.2,-0.54,,,11.128906
1974-11-15 00:00:00+00:00,49.67,-93.72,,,0,0,0,1,0,-0.2,-0.54,273.6678,1.1049623e-06,427.09375
1974-11-15 00:00:00+00:00,29.7,91.13333333,,,0,0,0,0,1,-0.2,-0.54,262.99994,5.1853267e-06,3735.25
1974-11-15 00:00:00+00:00,12.54194444,39.76972222,,,0,1,0,0,0,-0.2,-0.54,289.5653,1.9476356e-05,1782.5
1974-11-15 00:00:00+00:00,18.9,72.82,,,1,0,0,0,0,-0.2,-0.54,297.84042,0.0,0.0
1974-12-15 00:00:00+00:00,52.3,104.2833333,,,0,0,0,1,0,0.3,1.5,248.38649,7.2912476e-06,427.25
1974-12-15 00:00:00+00:00,47.54260867,7.58371693,,,0,0,1,0,0,0.3,1.5,274.1918,9.137708e-05,304.73438
1974-12-15 00:00:00+00:00,23.27,5.6,,,0,1,0,0,0,0.3,1.5,282.19577,0.0,2246.375
1974-12-15 00:00:00+00:00,69.1,-105.1166667,,,0,0,0,0,1,0.3,1.5,227.93468,2.126278e-07,0.0
1974-12-15 00:00:00+00:00,0.38,6.72,,,1,0,0,0,0,0.3,1.5,297.71115,9.2629816e-05,0.0
1974-12-15 00:00:00+00:00,-22.66416667,-48.06,,,0,0,1,0,0,0.3,1.5,297.6738,3.480452e-06,490.46875
1974-12-15 00:00:00+00:00,-67.57,-68.13,,,0,0,0,0,1,0.3,1.5,,,11.128906
1974-12-15 00:00:00+00:00,49.67,-93.72,,,0,0,0,1,0,0.3,1.5,271.83438,8.3094765e-06,427.09375
1974-12-15 00:00:00+00:00,29.7,91.13333333,,,0,0,0,0,1,0.3,1.5,268.19678,5.154947e-09,3735.25
1974-12-15 00:00:00+00:00,12.54194444,39.76972222,,,0,1,0,0,0,0.3,1.5,286.41907,3.1216856e-12,1782.5
1974-12-15 00:00:00+00:00,18.9,72.82,,,1,0,0,0,0,0.3,1.5,297.1958,2.806781e-12,0.0
1975-01-15 00:00:00+00:00,52.3,104.2833333,,,0,0,0,1,0,-0.8,0.58,247.0306,0.0,427.25
1975-01-15 00:00:00+00:00,47.54260867,7.58371693,,,0,0,1,0,0,-0.8,0.58,276.36465,1.1188675e-05,304.73438
1975-01-15 00:00:00+00:00,23.27,5.6,,,0,1,0,0,0,-0.8,0.58,284.35233,0.0,2246.375
1975-01-15 00:00:00+00:00,69.1,-105.1166667,,,0,0,0,0,1,-0.8,0.58,245.82115,0.0,0.0
1975-01-15 00:00:00+00:00,0.38,6.72,,,1,0,0,0,0,-0.8,0.58,298.35828,8.428327e-05,0.0
1975-01-15 00:00:00+00:00,-22.66416667,-48.06,,,0,0,1,0,0,-0.8,0.58,298.75897,9.459296e-05,490.46875
1975-01-15 00:00:00+00:00,-67.57,-68.13,,,0,0,0,0,1,-0.8,0.58,,,11.128906
1975-01-15 00:00:00+00:00,49.67,-93.72,,,0,0,0,1,0,-0.8,0.58,246.98503,0.0,427.09375
1975-01-15 00:00:00+00:00,29.7,91.13333333,,,0,0,0,0,1,-0.8,0.58,276.93713,0.0,3735.25
1975-01-15 00:00:00+00:00,12.54194444,39.76972222,,,0,1,0,0,0,-0.8,0.58,290.90195,0.0,1782.5
1975-01-15 00:00:00+00:00,18.9,72.82,,,1,0,0,0,0,-0.8,0.58,297.68872,0.0,0.0
1975-02-15 00:00:00+00:00,52.3,104.2833333,,,0,0,0,1,0,1.3,-0.62,238.20926,0.0,427.25
1975-02-15 00:00:00+00:00,47.54260867,7.58371693,,,0,0,1,0,0,1.3,-0.62,276.5965,0.0,304.73438
1975-02-15 00:00:00+00:00,23.27,5.6,,,0,1,0,0,0,1.3,-0.62,281.29868,0.0,2246.375
1975-02-15 00:00:00+00:00,69.1,-105.1166667,,,0,0,0,0,1,1.3,-0.62,242.16876,3.6066153e-06,0.0
1975-02-15 00:00:00+00:00,0.38,6.72,,,1,0,0,0,0,1.3,-0.62,298.58255,4.5894656e-05,0.0
1975-02-15 00:00:00+00:00,-22.66416667,-48.06,,,0,0,1,0,0,1.3,-0.62,298.47076,0.00017125317,490.46875
1975-02-15 00:00:00+00:00,-67.57,-68.13,,,0,0,0,0,1,1.3,-0.62,,,11.128906
1975-02-15 00:00:00+00:00,49.67,-93.72,,,0,0,0,1,0,1.3,-0.62,260.48212,0.0,427.09375
1975-02-15 00:00:00+00:00,29.7,91.13333333,,,0,0,0,0,1,1.3,-0.62,283.11465,0.0,3735.25
1975-02-15 00:00:00+00:00,12.54194444,39.76972222,,,0,1,0,0,0,1.3,-0.62,291.05032,0.0,1782.5
1975-02-15 00:00:00+00:00,18.9,72.82,,,1,0,0,0,0,1.3,-0.62,296.7953,7.7908235e-06,0.0
1975-03-15 00:00:00+00:00,52.3,104.2833333,,,0,0,0,1,0,2.6,-0.61,268.24298,0.0,427.25
1975-03-15 00:00:00+00:00,47.54260867,7.58371693,,,0,0,1,0,0,2.6,-0.61,278.8938,0.0,304.73438
1975-03-15 00:00:00+00:00,23.27,5.6,,,0,1,0,0,0,2.6,-0.61,288.7177,0.0,2246.375
1975-03-15 00:00:00+00:00,69.1,-105.1166667,,,0,0,0,0,1,2.6,-0.61,248.84546,0.0,0.0
1975-03-15 00:00:00+00:00,0.38,6.72,,,1,0,0,0,0,2.6,-0.61,299.48584,6.0472146e-05,0.0
1975-03-15 00:00:00+00:00,-22.66416667,-48.06,,,0,0,1,0,0,2.6,-0.61,296.291,0.00010913527,490.46875
1975-03-15 00:00:00+00:00,-67.57,-68.13,,,0,0,0,0,1,2.6,-0.61,,,11.128906
1975-03-15 00:00:00+00:00,49.67,-93.72,,,0,0,0,1,0,2.6,-0.61,276.24094,0.0,427.09375
1975-03-15 00:00:00+00:00,29.7,91.13333333,,,0,0,0,0,1,2.6,-0.61,281.6467,0.0,3735.25
1975-03-15 00:00:00+00:00,12.54194444,39.76972222,,,0,1,0,0,0,2.6,-0.61,293.04477,0.0,1782.5
1975-03-15 00:00:00+00:00,18.9,72.82,,,1,0,0,0,0,2.6,-0.61,303.33975,0.0,0.0
1975-04-15 00:00:00+00:00,52.3,104.2833333,,,0,0,0,1,0,1.9,-1.6,275.2508,0.0,427.25
1975-04-15 00:00:00+00:00,47.54260867,7.58371693,,,0,0,1,0,0,1.9,-1.6,283.5972,0.000119280034,304.73438
1975-04-15 00:00:00+00:00,23.27,5.6,,,0,1,0,0,0,1.9,-1.6,287.4227,8.1898135e-05,2246.375
1975-04-15 00:00:00+00:00,69.1,-105.1166667,,,0,0,0,0,1,1.9,-1.6,253.93744,0.0,0.0
1975-04-15 00:00:00+00:00,0.38,6.72,,,1,0,0,0,0,1.9,-1.6,297.79596,0.00015854408,0.0
1975-04-15 00:00:00+00:00,-22.66416667,-48.06,,,0,0,1,0,0,1.9,-1.6,295.0082,0.0,490.46875
1975-04-15 00:00:00+00:00,-67.57,-68.13,,,0,0,0,0,1,1.9,-1.6,,,11.128906
1975-04-15 00:00:00+00:00,49.67,-93.72,,,0,0,0,1,0,1.9,-1.6,280.07138,0.0,427.09375
1975-04-15 00:00:00+00:00,29.7,91.13333333,,,0,0,0,0,1,1.9,-1.6,283.83347,0.0,3735.25
1975-04-15 00:00:00+00:00,12.54194444,39.76972222,,,0,1,0,0,0,1.9,-1.6,293.68524,0.0,1782.5
1975-04-15 00:00:00+00:00,18.9,72.82,,,1,0,0,0,0,1.9,-1.6,302.30215,4.1126455e-06,0.0
1975-05-15 00:00:00+00:00,52.3,104.2833333,,,0,0,0,1,0,1.1,-0.52,286.34213,0.0,427.25
1975-05-15 00:00:00+00:00,47.54260867,7.58371693,,,0,0,1,0,0,1.1,-0.52,275.09323,3.129423e-05,304.73438
1975-05-15 00:00:00+00:00,23.27,5.6,,,0,1,0,0,0,1.1,-0.52,293.75223,0.0,2246.375
1975-05-15 00:00:00+00:00,69.1,-105.1166667,,,0,0,0,0,1,1.1,-0.52,257.47372,0.0,0.0
1975-05-15 00:00:00+00:00,0.38,6.72,,,1,0,0,0,0,1.1,-0.52,297.24908,3.8844795e-05,0.0
1975-05-15 00:00:00+00:00,-22.66416667,-48.06,,,0,0,1,0,0,1.1,-0.52,294.23022,0.00017985061,490.46875
1975-05-15 00:00:00+00:00,-67.57,-68.13,,,0,0,0,0,1,1.1,-0.52,,,11.128906
1975-05-15 00:00:00+00:00,49.67,-93.72,,,0,0,0,1,0,1.1,-0.52,286.21747,3.707879e-05,427.09375
1975-05-15 00:00:00+00:00,29.7,91.13333333,,,0,0,0,0,1,1.1,-0.52,282.77423,0.0,3735.25
1975-05-15 00:00:00+00:00,12.54194444,39.76972222,,,0,1,0,0,0,1.1,-0.52,294.67465,0.0,1782.5
1975-05-15 00:00:00+00:00,18.9,72.82,,,1,0,0,0,0,1.1,-0.52,303.47272,0.0,0.0
1975-06-15 00:00:00+00:00,52.3,104.2833333,,,0,0,0,1,0,2.1,-0.84,291.6857,0.0,427.25
1975-06-15 00:00:00+00:00,47.54260867,7.58371693,,,0,0,1,0,0,2.1,-0.84,290.5829,0.0,304.73438
1975-06-15 00:00:00+00:00,23.27,5.6,,,0,1,0,0,0,2.1,-0.84,298.77734,0.0,2246.375
1975-06-15 00:00:00+00:00,69.1,-105.1166667,,,0,0,0,0,1,2.1,-0.84,280.62085,5.0957053e-05,0.0
1975-06-15 00:00:00+00:00,0.38,6.72,,,1,0,0,0,0,2.1,-0.84,295.43546,8.589826e-06,0.0
1975-06-15 00:00:00+00:00,-22.66416667,-48.06,,,0,0,1,0,0,2.1,-0.84,289.60104,0.0,490.46875
1975-06-15 00:00:00+00:00,-67.57,-68.13,,,0,0,0,0,1,2.1,-0.84,,,11.128906
1975-06-15 00:00:00+00:00,49.67,-93.72,,,0,0,0,1,0,2.1,-0.84,288.89154,0.0,427.09375
1975-06-15 00:00:00+00:00,29.7,91.13333333,,,0,0,0,0,1,2.1,-0.84,291.41177,7.2170544e-05,3735.25
1975-06-15 00:00:00+00:00,12.54194444,39.76972222,,,0,1,0,0,0,2.1,-0.84,295.51575,0.0,1782.5
1975-06-15 00:00:00+00:00,18.9,72.82,,,1,0,0,0,0,2.1,-0.84,300.15463,2.2112994e-05,0.0
1975-07-15 00:00:00+00:00,52.3,104.2833333,,,0,0,0,1,0,3.1,1.55,292.38663,0.0,427.25
1975-07-15 00:00:00+00:00,47.54260867,7.58371693,,,0,0,1,0,0,3.1,1.55,292.35345,0.00011223747,304.73438
1975-07-15 00:00:00+00:00,23.27,5.6,,,0,1,0,0,0,3.1,1.55,299.32306,0.0,2246.375
1975-07-15 00:00:00+00:00,69.1,-105.1166667,,,0,0,0,0,1,3.1,1.55,285.282,0.0,0.0
1975-07-15 00:00:00+00:00,0.38,6.72,,,1,0,0,0,0,3.1,1.55,295.81122,0.0,0.0
1975-07-15 00:00:00+00:00,-22.66416667,-48.06,,,0,0,1,0,0,3.1,1.55,293.96893,0.0,490.46875
1975-07-15 00:00:00+00:00,-67.57,-68.13,,,0,0,0,0,1,3.1,1.55,,,11.128906
1975-07-15 00:00:00+00:00,49.67,-93.72,,,0,0,0,1,0,3.1,1.55,295.3474,2.7588818e-05,427.09375
1975-07-15 00:00:00+00:00,29.7,91.13333333,,,0,0,0,0,1,3.1,1.55,289.58206,2.8964987e-05,3735.25
1975-07-15 00:00:00+00:00,12.54194444,39.76972222,,,0,1,0,0,0,3.1,1.55,288.96768,0.00051069376,1782.5
1975-07-15 00:00:00+00:00,18.9,72.82,,,1,0,0,0,0,3.1,1.55,299.96976,0.00012240004,0.0
1975-08-15 00:00:00+00:00,52.3,104.2833333,,,0,0,0,1,0,3.3,-0.26,290.64102,1.5708389e-05,427.25
1975-08-15 00:00:00+00:00,47.54260867,7.58371693,,,0,0,1,0,0,3.3,-0.26,295.1391,0.0,304.73438
1975-08-15 00:00:00+00:00,23.27,5.6,,,0,1,0,0,0,3.3,-0.26,299.118,0.0,2246.375
1975-08-15 00:00:00+00:00,69.1,-105.1166667,,,0,0,0,0,1,3.3,-0.26,276.70163,0.0,0.0
1975-08-15 00:00:00+00:00,0.38,6.72,,,1,0,0,0,0,3.3,-0.26,294.74512,7.4226787e-06,0.0
1975-08-15 00:00:00+00:00,-22.66416667,-48.06,,,0,0,1,0,0,3.3,-0.26,294.6482,0.0,490.46875
1975-08-15 00:00:00+00:00,-67.57,-68.13,,,0,0,0,0,1,3.3,-0.26,,,11.128906
1975-08-15 00:00:00+00:00,49.67,-93.72,,,0,0,0,1,0,3.3,-0.26,290.74725,0.0004054546,427.09375
1975-08-15 00:00:00+00:00,29.7,91.13333333,,,0,0,0,0,1,3.3,-0.26,291.2764,3.2376927e-05,3735.25
1975-08-15 00:00:00+00:00,12.54194444,39.76972222,,,0,1,0,0,0,3.3,-0.26,291.4072,0.0,1782.5
1975-08-15 00:00:00+00:00,18.9,72.82,,,1,0,0,0,0,3.3,-0.26,300.68784,2.5893902e-05,0.0
1975-09-15 00:00:00+00:00,52.3,104.2833333,,,0,0,0,1,0,3.4,1.56,279.55704,0.0,427.25
1975-09-15 00:00:00+00:00,47.54260867,7.58371693,,,0,0,1,0,0,3.4,1.56,284.4499,0.0,304.73438
1975-09-15 00:00:00+00:00,23.27,5.6,,,0,1,0,0,0,3.4,1.56,294.50452,1.2554775e-05,2246.375
1975-09-15 00:00:00+00:00,69.1,-105.1166667,,,0,0,0,0,1,3.4,1.56,271.13943,0.0,0.0
1975-09-15 00:00:00+00:00,0.38,6.72,,,1,0,0,0,0,3.4,1.56,296.14816,2.9093544e-06,0.0
1975-09-15 00:00:00+00:00,-22.66416667,-48.06,,,0,0,1,0,0,3.4,1.56,290.92493,0.0,490.46875
1975-09-15 00:00:00+00:00,-67.57,-68.13,,,0,0,0,0,1,3.4,1.56,,,11.128906
1975-09-15 00:00:00+00:00,49.67,-93.72,,,0,0,0,1,0,3.4,1.56,277.07422,0.0,427.09375
1975-09-15 00:00:00+00:00,29.7,91.13333333,,,0,0,0,0,1,3.4,1.56,284.62442,0.0,3735.25
1975-09-15 00:00:00+00:00,12.54194444,39.76972222,,,0,1,0,0,0,3.4,1.56,293.1326,4.3203432e-05,1782.5
1975-09-15 00:00:00+00:00,18.9,72.82,,,1,0,0,0,0,3.4,1.56,299.5779,4.1781946e-05,0.0
1975-10-15 00:00:00+00:00,52.3,104.2833333,,,0,0,0,1,0,2.8,-0.54,276.34717,0.0,427.25
1975-10-15 00:00:00+00:00,47.54260867,7.58371693,,,0,0,1,0,0,2.8,-0.54,278.60666,0.0,304.73438
1975-10-15 00:00:00+00:00,23.27,5.6,,,0,1,0,0,0,2.8,-0.54,291.13165,0.0,2246.375
1975-10-15 00:00:00+00:00,69.1,-105.1166667,,,0,0,0,0,1,2.8,-0.54,258.41702,0.0,0.0
1975-10-15 00:00:00+00:00,0.38,6.72,,,1,0,0,0,0,2.8,-0.54,296.90292,4.4358352e-05,0.0
1975-10-15 00:00:00+00:00,-22.66416667,-48.06,,,0,0,1,0,0,2.8,-0.54,296.05032,1.1606927e-05,490.46875
1975-10-15 00:00:00+00:00,-67.57,-68.13,,,0,0,0,0,1,2.8,-0.54,,,11.128906
1975-10-15 00:00:00+00:00,49.67,-93.72,,,0,0,0,1,0,2.8,-0.54,281.34286,7.083421e-05,427.09375
1975-10-15 00:00:00+00:00,29.7,91.13333333,,,0,0,0,0,1,2.8,-0.54,281.38806,8.18236e-06,3735.25
1975-10-15 00:00:00+00:00,12.54194444,39.76972222,,,0,1,0,0,0,2.8,-0.54,292.07474,0.0,1782.5
1975-10-15 00:00:00+00:00,18.9,72.82,,,1,0,0,0,0,2.8,-0.54,302.36313,0.0,0.0
1975-11-15 00:00:00+00:00,52.3,104.2833333,,,0,0,0,1,0,1.9,0.41,268.07196,0.0,427.25
1975-11-15 00:00:00+00:00,47.54260867,7.58371693,,,0,0,1,0,0,1.9,0.41,272.35648,0.0,304.73438
1975-11-15 00:00:00+00:00,23.27,5.6,,,0,1,0,0,0,1.9,0.41,289.16946,0.0,2246.375
1975-11-15 00:00:00+00:00,69.1,-105.1166667,,,0,0,0,0,1,1.9,0.41,252.89072,0.0,0.0
1975-11-15 00:00:00+00:00,0.38,6.72,,,1,0,0,0,0,1.9,0.41,297.84143,3.2652977e-05,0.0
1975-11-15 00:00:00+00:00,-22.66416667,-48.06,,,0,0,1,0,0,1.9,0.41,295.42963,4.3372285e-05,490.46875
1975-11-15 00:00:00+00:00,-67.57,-68.13,,,0,0,0,0,1,1.9,0.41,,,11.128906
1975-11-15 00:00:00+00:00,49.67,-93.72,,,0,0,0,1,0,1.9,0.41,273.6231,0.00012359835,427.09375
1975-11-15 00:00:00+00:00,29.7,91.13333333,,,0,0,0,0,1,1.9,0.41,279.42416,0.0,3735.25
1975-11-15 00:00:00+00:00,12.54194444,39.76972222,,,0,1,0,0,0,1.9,0.41,290.31763,0.0,1782.5
1975-11-15 00:00:00+00:00,18.9,72.82,,,1,0,0,0,0,1.9,0.41,299.96225,0.0,0.0
1975-12-15 00:00:00+00:00,52.3,104.2833333,,,0,0,0,1,0,3.5,0.0,264.0169,0.0,427.25
1975-12-15 00:00:00+00:00,47.54260867,7.58371693,,,0,0,1,0,0,3.5,0.0,273.04276,0.0001219988,304.73438
1975-12-15 00:00:00+00:00,23.27,5.6,,,0,1,0,0,0,3.5,0.0,279.8454,0.0,2246.375
1975-12-15 00:00:00+00:00,69.1,-105.1166667,,,0,0,0,0,1,3.5,0.0,238.20576,0.0,0.0
1975-12-15 00:00:00+00:00,0.38,6.72,,,1,0,0,0,0,3.5,0.0,297.23987,6.487792e-05,0.0
1975-12-15 00:00:00+00:00,-22.66416667,-48.06,,,0,0,1,0,0,3.5,0.0,297.6306,6.124931e-05,490.46875
1975-12-15 00:00:00+00:00,-67.57,-68.13,,,0,0,0,0,1,3.5,0.0,,,11.128906
1975-12-15 00:00:00+00:00,49.67,-93.72,,,0,0,0,1,0,3.5,0.0,267.92038,0.0,427.09375
1975-12-15 00:00:00+00:00,29.7,91.13333333,,,0,0,0,0,1,3.5,0.0,273.21884,0.0,3735.25
1975-12-15 00:00:00+00:00,12.54194444,39.76972222,,,0,1,0,0,0,3.5,0.0,289.66406,0.0,1782.5
1975-12-15 00:00:00+00:00,18.9,72.82,,,1,0,0,0,0,3.5,0.0,297.8236,0.0,0.0
1976-01-15 00:00:00+00:00,52.3,104.2833333,,,0,0,0,1,0,2.3,-0.25,250.02141,0.0,427.25
1976-01-15 00:00:00+00:00,47.54260867,7.58371693,,,0,0,1,0,0,2.3,-0.25,273.19995,0.0,304.73438
1976-01-15 00:00:00+00:00,23.27,5.6,,,0,1,0,0,0,2.3,-0.25,282.70285,0.0,2246.375
1976-01-15 00:00:00+00:00,69.1,-105.1166667,,,0,0,0,0,1,2.3,-0.25,246.40002,0.0,0.0
1976-01-15 00:00:00+00:00,0.38,6.72,,,1,0,0,0,0,2.3,-0.25,298.44385,9.785439e-06,0.0
1976-01-15 00:00:00+00:00,-22.66416667,-48.06,,,0,0,1,0,0,2.3,-0.25,296.93216,1.643051e-05,490.46875
1976-01-15 00:00:00+00:00,-67.57,-68.13,,,0,0,0,0,1,2.3,-0.25,,,11.128906
1976-01-15 00:00:00+00:00,49.67,-93.72,,,0,0,0,1,0,2.3,-0.25,253.46336,0.0,427.09375
1976-01-15 00:00:00+00:00,29.7,91.13333333,,,0,0,0,0,1,2.3,-0.25,273.95105,0.0,3735.25
1976-01-15 00:00:00+00:00,12.54194444,39.76972222,,,0,1,0,0,0,2.3,-0.25,290.60388,0.0,1782.5
1976-01-15 00:00:00+00:00,18.9,72.82,,,1,0,0,0,0,2.3,-0.25,297.05655,0.0,0.0
1976-02-15 00:00:00+00:00,52.3,104.2833333,,,0,0,0,1,0,2.8,0.93,261.80283,0.0,427.25
1976-02-15 00:00:00+00:00,47.54260867,7.58371693,,,0,0,1,0,0,2.8,0.93,272.69067,0.0,304.73438
1976-02-15 00:00:00+00:00,23.27,5.6,,,0,1,0,0,0,2.8,0.93,283.11237,0.0,2246.375
1976-02-15 00:00:00+00:00,69.1,-105.1166667,,,0,0,0,0,1,2.8,0.93,248.55194,0.0,0.0
1976-02-15 00:00:00+00:00,0.38,6.72,,,1,0,0,0,0,2.8,0.93,299.18997,1.942786e-05,0.0
1976-02-15 00:00:00+00:00,-22.66416667,-48.06,,,0,0,1,0,0,2.8,0.93,298.91003,0.00011151901,490.46875
1976-02-15 00:00:00+00:00,-67.57,-68.13,,,0,0,0,0,1,2.8,0.93,,,11.128906
1976-02-15 00:00:00+00:00,49.67,-93.72,,,0,0,0,1,0,2.8,0.93,271.86096,0.0,427.09375
1976-02-15 00:00:00+00:00,29.7,91.13333333,,,0,0,0,0,1,2.8,0.93,273.44144,0.0,3735.25
1976-02-15 00:00:00+00:00,12.54194444,39.76972222,,,0,1,0,0,0,2.8,0.93,289.1661,0.0,1782.5
1976-02-15 00:00:00+00:00,18.9,72.82,,,1,0,0,0,0,2.8,0.93,297.90448,0.0,0.0
1976-03-15 00:00:00+00:00,52.3,104.2833333,,,0,0,0,1,0,2.9,0.75,266.89478,1.1746422e-05,427.25
1976-03-15 00:00:00+00:00,47.54260867,7.58371693,,,0,0,1,0,0,2.9,0.75,285.81296,0.0,304.73438
1976-03-15 00:00:00+00:00,23.27,5.6,,,0,1,0,0,0,2.9,0.75,290.11237,0.0,2246.375
1976-03-15 00:00:00+00:00,69.1,-105.1166667,,,0,0,0,0,1,2.9,0.75,247.1846,2.709497e-05,0.0
1976-03-15 00:00:00+00:00,0.38,6.72,,,1,0,0,0,0,2.9,0.75,298.08157,0.00034883837,0.0
1976-03-15 00:00:00+00:00,-22.66416667,-48.06,,,0,0,1,0,0,2.9,0.75,298.17786,4.8771028e-05,490.46875
1976-03-15 00:00:00+00:00,-67.57,-68.13,,,0,0,0,0,1,2.9,0.75,,,11.128906
1976-03-15 00:00:00+00:00,49.67,-93.72,,,0,0,0,1,0,2.9,0.75,267.8419,0.0,427.09375
1976-03-15 00:00:00+00:00,29.7,91.13333333,,,0,0,0,0,1,2.9,0.75,282.98517,0.0,3735.25
1976-03-15 00:00:00+00:00,12.54194444,39.76972222,,,0,1,0,0,0,2.9,0.75,291.39783,0.0,1782.5
1976-03-15 00:00:00+00:00,18.9,72.82,,,1,0,0,0,0,2.9,0.75,299.62308,0.0,0.0
1976-04-15 00:00:00+00:00,52.3,104.2833333,,,0,0,0,1,0,0.5,0.26,277.4405,0.0,427.25
1976-04-15 00:00:00+00:00,47.54260867,7.58371693,,,0,0,1,0,0,0.5,0.26,284.07236,1.1852204e-05,304.73438
1976-04-15 00:00:00+00:00,23.27,5.6,,,0,1,0,0,0,0.5,0.26,291.8355,0.0,2246.375
1976-04-15 00:00:00+00:00,69.1,-105.1166667,,,0,0,0,0,1,0.5,0.26,243.53055,0.0,0.0
1976-04-15 00:00:00+00:00,0.38,6.72,,,1,0,0,0,0,0.5,0.26,298.87186,4.327636e-05,0.0
1976-04-15 00:00:00+00:00,-22.66416667,-48.06,,,0,0,1,0,0,0.5,0.26,296.95352,7.651455e-05,490.46875
1976-04-15 00:00:00+00:00,-67.57,-68.13,,,0,0,0,0,1,0.5,0.26,,,11.128906
1976-04-15 00:00:00+00:00,49.67,-93.72,,,0,0,0,1,0,0.5,0.26,275.3182,0.0,427.09375
1976-04-15 00:00:00+00:00,29.7,91.13333333,,,0,0,0,0,1,0.5,0.26,284.38577,0.0,3735.25
1976-04-15 00:00:00+00:00,12.54194444,39.76972222,,,0,1,0,0,0,0.5,0.26,292.96313,0.0,1782.5
1976-04-15 00:00:00+00:00,18.9,72.82,,,1,0,0,0,0,0.5,0.26,300.91858,0.0,0.0
1976-05-15 00:00:00+00:00,52.3,104.2833333,,,0,0,0,1,0,0.6,0.96,283.75803,0.0,427.25
1976-05-15 00:00:00+00:00,47.54260867,7.58371693,,,0,0,1,0,0,0.6,0.96,279.80634,1.2487206e-05,304.73438
1976-05-15 00:00:00+00:00,23.27,5.6,,,0,1,0,0,0,0.6,0.96,293.38596,0.0,2246.375
1976-05-15 00:00:00+00:00,69.1,-105.1166667,,,0,0,0,0,1,0.6,0.96,264.68942,1.2202026e-05,0.0
1976-05-15 00:00:00+00:00,0.38,6.72,,,1,0,0,0,0,0.6,0.96,297.1929,4.0545343e-05,0.0
1976-05-15 00:00:00+00:00,-22.66416667,-48.06,,,0,0,1,0,0,0.6,0.96,293.34125,0.0,490.46875
1976-05-15 00:00:00+00:00,-67.57,-68.13,,,0,0,0,0,1,0.6,0.96,,,11.128906
1976-05-15 00:00:00+00:00,49.67,-93.72,,,0,0,0,1,0,0.6,0.96,286.41458,0.0,427.09375
1976-05-15 00:00:00+00:00,29.7,91.13333333,,,0,0,0,0,1,0.6,0.96,288.37976,4.8371276e-06,3735.25
1976-05-15 00:00:00+00:00,12.54194444,39.76972222,,,0,1,0,0,0,0.6,0.96,294.1974,0.0,1782.5
1976-05-15 00:00:00+00:00,18.9,72.82,,,1,0,0,0,0,0.6,0.96,304.73172,0.0,0.0
1976-06-15 00:00:00+00:00,52.3,104.2833333,,,0,0,0,1,0,0.4,0.8,284.83072,0.0,427.25
1976-06-15 00:00:00+00:00,47.54260867,7.58371693,,,0,0,1,0,0,0.4,0.8,287.53253,6.0733386e-05,304.73438
1976-06-15 00:00:00+00:00,23.27,5.6,,,0,1,0,0,0,0.4,0.8,296.64526,2.347401e-05,2246.375
1976-06-15 00:00:00+00:00,69.1,-105.1166667,,,0,0,0,0,1,0.4,0.8,275.0421,0.0,0.0
1976-06-15 00:00:00+00:00,0.38,6.72,,,1,0,0,0,0,0.4,0.8,295.5142,7.4082145e-06,0.0
1976-06-15 00:00:00+00:00,-22.66416667,-48.06,,,0,0,1,0,0,0.4,0.8,293.4947,0.0,490.46875
1976-06-15 00:00:00+00:00,-67.57,-68.13,,,0,0,0,0,1,0.4,0.8,,,11.128906
1976-06-15 00:00:00+00:00,49.67,-93.72,,,0,0,0,1,0,0.4,0.8,291.53455,0.0,427.09375
1976-06-15 00:00:00+00:00,29.7,91.13333333,,,0,0,0,0,1,0.4,0.8,291.8685,0.0,3735.25
1976-06-15 00:00:00+00:00,12.54194444,39.76972222,,,0,1,0,0,0,0.4,0.8,295.28116,0.0,1782.5
1976-06-15 00:00:00+00:00,18.9,72.82,,,1,0,0,0,0,0.4,0.8,300.9018,3.4829067e-05,0.0
1976-07-15 00:00:00+00:00,52.3,104.2833333,,,0,0,0,1,0,-1.4,-0.32,289.32916,0.0,427.25
1976-07-15 00:00:00+00:00,47.54260867,7.58371693,,,0,0,1,0,0,-1.4,-0.32,290.42688,0.0,304.73438
1976-07-15 00:00:00+00:00,23.27,5.6,,,0,1,0,0,0,-1.4,-0.32,300.1475,0.0,2246.375
1976-07-15 00:00:00+00:00,69.1,-105.1166667,,,0,0,0,0,1,-1.4,-0.32,280.27097,1.3278076e-05,0.0
1976-07-15 00:00:00+00:00,0.38,6.72,,,1,0,0,0,0,-1.4,-0.32,294.49597,5.758518e-06,0.0
1976-07-15 00:00:00+00:00,-22.66416667,-48.06,,,0,0,1,0,0,-1.4,-0.32,293.4464,0.0,490.46875
1976-07-15 00:00:00+00:00,-67.57,-68.13,,,0,0,0,0,1,-1.4,-0.32,,,11.128906
1976-07-15 00:00:00+00:00,49.67,-93.72,,,0,0,0,1,0,-1.4,-0.32,295.02524,1.2792925e-05,427.09375
1976-07-15 00:00:00+00:00,29.7,91.13333333,,,0,0,0,0,1,-1.4,-0.32,291.44128,0.00011169381,3735.25
1976-07-15 00:00:00+00:00,12.54194444,39.76972222,,,0,1,0,0,0,-1.4,-0.32,291.5987,0.00014077868,1782.5
1976-07-15 00:00:00+00:00,18.9,72.82,,,1,0,0,0,0,-1.4,-0.32,299.77722,0.00019542944,0.0
1976-08-15 00:00:00+00:00,52.3,104.2833333,,,0,0,0,1,0,-1.3,1.92,291.00574,0.00011057975,427.25
1976-08-15 00:00:00+00:00,47.54260867,7.58371693,,,0,0,1,0,0,-1.3,1.92,291.76617,0.0,304.73438
1976-08-15 00:00:00+00:00,23.27,5.6,,,0,1,0,0,0,-1.3,1.92,298.78497,0.0,2246.375
1976-08-15 00:00:00+00:00,69.1,-105.1166667,,,0,0,0,0,1,-1.3,1.92,282.4004,0.0,0.0
1976-08-15 00:00:00+00:00,0.38,6.72,,,1,0,0,0,0,-1.3,1.92,295.76663,9.130426e-07,0.0
1976-08-15 00:00:00+00:00,-22.66416667,-48.06,,,0,0,1,0,0,-1.3,1.92,294.72418,1.3151254e-05,490.46875
1976-08-15 00:00:00+00:00,-67.57,-68.13,,,0,0,0,0,1,-1.3,1.92,,,11.128906
1976-08-15 00:00:00+00:00,49.67,-93.72,,,0,0,0,1,0,-1.3,1.92,288.3452,0.0,427.09375
1976-08-15 00:00:00+00:00,29.7,91.13333333,,,0,0,0,0,1,-1.3,1.92,287.93857,0.0,3735.25
1976-08-15 00:00:00+00:00,12.54194444,39.76972222,,,0,1,0,0,0,-1.3,1.92,292.07294,0.0,1782.5
1976-08-15 00:00:00+00:00,18.9,72.82,,,1,0,0,0,0,-1.3,1.92,299.65555,9.3738825e-05,0.0
1976-09-15 00:00:00+00:00,52.3,104.2833333,,,0,0,0,1,0,-1.9,-1.29,281.7659,0.0,427.25
1976-09-15 00:00:00+00:00,47.54260867,7.58371693,,,0,0,1,0,0,-1.9,-1.29,284.96393,0.00014012882,304.73438
1976-09-15 00:00:00+00:00,23.27,5.6,,,0,1,0,0,0,-1.9,-1.29,299.10318,0.0,2246.375
1976-09-15 00:00:00+00:00,69.1,-105.1166667,,,0,0,0,0,1,-1.9,-1.29,269.23355,0.0,0.0
1976-09-15 00:00:00+00:00,0.38,6.72,,,1,0,0,0,0,-1.9,-1.29,296.3252,4.311086e-06,0.0
1976-09-15 00:00:00+00:00,-22.66416667,-48.06,,,0,0,1,0,0,-1.9,-1.29,291.41357,0.0001460644,490.46875
1976-09-15 00:00:00+00:00,-67.57,-68.13,,,0,0,0,0,1,-1.9,-1.29,,,11.128906
1976-09-15 00:00:00+00:00,49.67,-93.72,,,0,0,0,1,0,-1.9,-1.29,284.06387,0.00017600796,427.09375
1976-09-15 00:00:00+00:00,29.7,91.13333333,,,0,0,0,0,1,-1.9,-1.29,289.9948,0.0,3735.25
1976-09-15 00:00:00+00:00,12.54194444,39.76972222,,,0,1,0,0,0,-1.9,-1.29,293.8185,0.0,1782.5
1976-09-15 00:00:00+00:00,18.9,72.82,,,1,0,0,0,0,-1.9,-1.29,300.83914,5.123045e-05,0.0
1976-10-15 00:00:00+00:00,52.3,104.2833333,,,0,0,0,1,0,0.7,-0.08,273.8647,3.282659e-05,427.25
1976-10-15 00:00:00+00:00,47.54260867,7.58371693,,,0,0,1,0,0,0.7,-0.08,284.89316,7.3863106e-05,304.73438
1976-10-15 00:00:00+00:00,23.27,5.6,,,0,1,0,0,0,0.7,-0.08,289.22385,1.5599866e-05,2246.375
1976-10-15 00:00:00+00:00,69.1,-105.1166667,,,0,0,0,0,1,0.7,-0.08,259.6908,0.0,0.0
1976-10-15 00:00:00+00:00,0.38,6.72,,,1,0,0,0,0,0.7,-0.08,296.9542,3.0724794e-05,0.0
1976-10-15 00:00:00+00:00,-22.66416667,-48.06,,,0,0,1,0,0,0.7,-0.08,297.79556,7.516176e-06,490.46875
1976-10-15 00:00:00+00:00,-67.57,-68.13,,,0,0,0,0,1,0.7,-0.08,,,11.128906
1976-10-15 00:00:00+00:00,49.67,-93.72,,,0,0,0,1,0,0.7,-0.08,276.1376,0.0,427.09375
1976-10-15 00:00:00+00:00,29.7,91.13333333,,,0,0,0,0,1,0.7,-0.08,286.09305,0.0,3735.25
1976-10-15 00:00:00+00:00,12.54194444,39.76972222,,,0,1,0,0,0,0.7,-0.08,291.88446,0.0,1782.5
1976-10-15 00:00:00+00:00,18.9,72.82,,,1,0,0,0,0,0.7,-0.08,300.9287,3.6651065e-05,0.0
1976-11-15 00:00:00+00:00,52.3,104.2833333,,,0,0,0,1,0,1.2,0.17,254.16652,0.0,427.25
1976-11-15 00:00:00+00:00,47.54260867,7.58371693,,,0,0,1,0,0,1.2,0.17,285.62033,0.0,304.73438
1976-11-15 00:00:00+00:00,23.27,5.6,,,0,1,0,0,0,1.2,0.17,286.99634,0.0,2246.375
1976-11-15 00:00:00+00:00,69.1,-105.1166667,,,0,0,0,0,1,1.2,0.17,263.18582,3.7089646e-06,0.0
1976-11-15 00:00:00+00:00,0.38,6.72,,,1,0,0,0,0,1.2,0.17,296.854,4.6565325e-05,0.0
1976-11-15 00:00:00+00:00,-22.66416667,-48.06,,,0,0,1,0,0,1.2,0.17,296.80847,8.6392365e-06,490.46875
1976-11-15 00:00:00+00:00,-67.57,-68.13,,,0,0,0,0,1,1.2,0.17,,,11.128906
1976-11-15 00:00:00+00:00,49.67,-93.72,,,0,0,0,1,0,1.2,0.17,268.4567,0.0,427.09375
1976-11-15 00:00:00+00:00,29.7,91.13333333,,,0,0,0,0,1,1.2,0.17,276.52588,0.0,3735.25
1976-11-15 00:00:00+00:00,12.54194444,39.76972222,,,0,1,0,0,0,1.2,0.17,292.34137,0.0,1782.5
1976-11-15 00:00:00+00:00,18.9,72.82,,,1,0,0,0,0,1.2,0.17,301.29648,0.0,0.0
1976-12-15 00:00:00+00:00,52.3,104.2833333,,,0,0,0,1,0,-0.6,-1.6,255.72661,0.0,427.25
1976-12-15 00:00:00+00:00,47.54260867,7.58371693,,,0,0,1,0,0,-0.6,-1.6,271.28394,0.0,304.73438
1976-12-15 00:00:00+00:00,23.27,5.6,,,0,1,0,0,0,-0.6,-1.6,283.31268,0.0,2246.375
1976-12-15 00:00:00+00:00,69.1,-105.1166667,,,0,0,0,0,1,-0.6,-1.6,240.73221,1.448947e-06,0.0
1976-12-15 00:00:00+00:00,0.38,6.72,,,1,0,0,0,0,-0.6,-1.6,297.76764,0.00010025625,0.0
1976-12-15 00:00:00+00:00,-22.66416667,-48.06,,,0,0,1,0,0,-0.6,-1.6,295.38397,0.0,490.46875
1976-12-15 00:00:00+00:00,-67.57,-68.13,,,0,0,0,0,1,-0.6,-1.6,,,11.128906
1976-12-15 00:00:00+00:00,49.67,-93.72,,,0,0,0,1,0,-0.6,-1.6,250.00699,0.0,427.09375
1976-12-15 00:00:00+00:00,29.7,91.13333333,,,0,0,0,0,1,-0.6,-1.6,276.01425,0.0,3735.25
1976-12-15 00:00:00+00:00,12.54194444,39.76972222,,,0,1,0,0,0,-0.6,-1.6,289.04413,0.0,1782.5
1976-12-15 00:00:00+00:00,18.9,72.82,,,1,0,0,0,0,-0.6,-1.6,299.1587,0.0,0.0
1977-01-15 00:00:00+00:00,52.3,104.2833333,,,0,0,0,1,0,-0.7,-1.04,254.24078,8.2352935e-06,427.25
1977-01-15 00:00:00+00:00,47.54260867,7.58371693,,,0,0,1,0,0,-0.7,-1.04,279.9029,3.4634475e-05,304.73438
1977-01-15 00:00:00+00:00,23.27,5.6,,,0,1,0,0,0,-0.7,-1.04,282.78714,0.0,2246.375
1977-01-15 00:00:00+00:00,69.1,-105.1166667,,,0,0,0,0,1,-0.7,-1.04,237.83081,0.0,0.0
1977-01-15 00:00:00+00:00,0.38,6.72,,,1,0,0,0,0,-0.7,-1.04,298.7368,0.0,0.0
1977-01-15 00:00:00+00:00,-22.66416667,-48.06,,,0,0,1,0,0,-0.7,-1.04,296.98383,0.00013379204,490.46875
1977-01-15 00:00:00+00:00,-67.57,-68.13,,,0,0,0,0,1,-0.7,-1.04,,,11.128906
1977-01-15 00:00:00+00:00,49.67,-93.72,,,0,0,0,1,0,-0.7,-1.04,242.55913,0.0,427.09375
1977-01-15 00:00:00+00:00,29.7,91.13333333,,,0,0,0,0,1,-0.7,-1.04,276.66818,0.0,3735.25
1977-01-15 00:00:00+00:00,12.54194444,39.76972222,,,0,1,0,0,0,-0.7,-1.04,292.48898,0.0,1782.5
1977-01-15 00:00:00+00:00,18.9,72.82,,,1,0,0,0,0,-0.7,-1.04,298.1013,0.0,0.0
1977-02-15 00:00:00+00:00,52.3,104.2833333,,,0,0,0,1,0,2.0,-0.49,256.74194,0.0,427.25
1977-02-15 00:00:00+00:00,47.54260867,7.58371693,,,0,0,1,0,0,2.0,-0.49,276.36615,0.0,304.73438
1977-02-15 00:00:00+00:00,23.27,5.6,,,0,1,0,0,0,2.0,-0.49,285.70715,0.0,2246.375
1977-02-15 00:00:00+00:00,69.1,-105.1166667,,,0,0,0,0,1,2.0,-0.49,235.7776,0.0,0.0
1977-02-15 00:00:00+00:00,0.38,6.72,,,1,0,0,0,0,2.0,-0.49,297.9661,8.023143e-05,0.0
1977-02-15 00:00:00+00:00,-22.66416667,-48.06,,,0,0,1,0,0,2.0,-0.49,295.56287,0.00034495658,490.46875
1977-02-15 00:00:00+00:00,-67.57,-68.13,,,0,0,0,0,1,2.0,-0.49,,,11.128906
1977-02-15 00:00:00+00:00,49.67,-93.72,,,0,0,0,1,0,2.0,-0.49,273.79318,1.2462179e-05,427.09375
1977-02-15 00:00:00+00:00,29.7,91.13333333,,,0,0,0,0,1,2.0,-0.49,279.5482,0.0,3735.25
1977-02-15 00:00:00+00:00,12.54194444,39.76972222,,,0,1,0,0,0,2.0,-0.49,290.95328,0.0,1782.5
1977-02-15 00:00:00+00:00,18.9,72.82,,,1,0,0,0,0,2.0,-0.49,300.91293,0.0,0.0
1977-03-15 00:00:00+00:00,52.3,104.2833333,,,0,0,0,1,0,-0.9,-0.81,267.07486,0.0,427.25
1977-03-15 00:00:00+00:00,47.54260867,7.58371693,,,0,0,1,0,0,-0.9,-0.81,270.88437,1.735399e-05,304.73438
1977-03-15 00:00:00+00:00,23.27,5.6,,,0,1,0,0,0,-0.9,-0.81,287.55743,0.0,2246.375
1977-03-15 00:00:00+00:00,69.1,-105.1166667,,,0,0,0,0,1,-0.9,-0.81,240.85828,0.0,0.0
1977-03-15 00:00:00+00:00,0.38,6.72,,,1,0,0,0,0,-0.9,-0.81,298.58475,6.567086e-05,0.0
1977-03-15 00:00:00+00:00,-22.66416667,-48.06,,,0,0,1,0,0,-0.9,-0.81,297.45316,2.4768979e-05,490.46875
1977-03-15 00:00:00+00:00,-67.57,-68.13,,,0,0,0,0,1,-0.9,-0.81,,,11.128906
1977-03-15 00:00:00+00:00,49.67,-93.72,,,0,0,0,1,0,-0.9,-0.81,257.25406,0.0,427.09375
1977-03-15 00:00:00+00:00,29.7,91.13333333,,,0,0,0,0,1,-0.9,-0.81,277.19656,0.0,3735.25
1977-03-15 00:00:00+00:00,12.54194444,39.76972222,,,0,1,0,0,0,-0.9,-0.81,290.37012,0.0,1782.5
1977-03-15 00:00:00+00:00,18.9,72.82,,,1,0,0,0,0,-0.9,-0.81,298.65952,0.0,0.0
1977-04-15 00:00:00+00:00,52.3,104.2833333,,,0,0,0,1,0,-0.7,0.65,277.64655,0.0,427.25
1977-04-15 00:00:00+00:00,47.54260867,7.58371693,,,0,0,1,0,0,-0.7,0.65,278.93106,9.912711e-05,304.73438
1977-04-15 00:00:00+00:00,23.27,5.6,,,0,1,0,0,0,-0.7,0.65,292.815,0.0,2246.375
1977-04-15 00:00:00+00:00,69.1,-105.1166667,,,0,0,0,0,1,-0.7,0.65,251.27666,0.0,0.0
1977-04-15 00:00:00+00:00,0.38,6.72,,,1,0,0,0,0,-0.7,0.65,298.45483,0.00010285492,0.0
1977-04-15 00:00:00+00:00,-22.66416667,-48.06,,,0,0,1,0,0,-0.7,0.65,299.12683,1.8334391e-05,490.46875
1977-04-15 00:00:00+00:00,-67.57,-68.13,,,0,0,0,0,1,-0.7,0.65,,,11.128906
1977-04-15 00:00:00+00:00,49.67,-93.72,,,0,0,0,1,0,-0.7,0.65,283.79483,0.0,427.09375
1977-04-15 00:00:00+00:00,29.7,91.13333333,,,0,0,0,0,1,-0.7,0.65,285.36758,0.0,3735.25
1977-04-15 00:00:00+00:00,12.54194444,39.76972222,,,0,1,0,0,0,-0.7,0.65,295.333,0.0,1782.5
1977-04-15 00:00:00+00:00,18.9,72.82,,,1,0,0,0,0,-0.7,0.65,301.52353,0.0,0.0
1977-05-15 00:00:00+00:00,52.3,104.2833333,,,0,0,0,1,0,-0.8,-0.86,281.45114,1.4941206e-05,427.25
1977-05-15 00:00:00+00:00,47.54260867,7.58371693,,,0,0,1,0,0,-0.8,-0.86,286.49698,1.1967445e-05,304.73438
1977-05-15 00:00:00+00:00,23.27,5.6,,,0,1,0,0,0,-0.8,-0.86,298.2701,0.0,2246.375
1977-05-15 00:00:00+00:00,69.1,-105.1166667,,,0,0,0,0,1,-0.8,-0.86,267.3847,0.0,0.0
1977-05-15 00:00:00+00:00,0.38,6.72,,,1,0,0,0,0,-0.8,-0.86,299.03516,3.3744964e-05,0.0
1977-05-15 00:00:00+00:00,-22.66416667,-48.06,,,0,0,1,0,0,-0.8,-0.86,292.5009,4.2867605e-06,490.46875
1977-05-15 00:00:00+00:00,-67.57,-68.13,,,0,0,0,0,1,-0.8,-0.86,,,11.128906
1977-05-15 00:00:00+00:00,49.67,-93.72,,,0,0,0,1,0,-0.8,-0.86,289.7255,0.0,427.09375
1977-05-15 00:00:00+00:00,29.7,91.13333333,,,0,0,0,0,1,-0.8,-0.86,285.93967,0.0,3735.25
1977-05-15 00:00:00+00:00,12.54194444,39.76972222,,,0,1,0,0,0,-0.8,-0.86,296.94055,0.0,1782.5
1977-05-15 00:00:00+00:00,18.9,72.82,,,1,0,0,0,0,-0.8,-0.86,303.54202,0.0,0.0
1977-06-15 00:00:00+00:00,52.3,104.2833333,,,0,0,0,1,0,-1.5,-0.57,290.7442,0.0,427.25
1977-06-15 00:00:00+00:00,47.54260867,7.58371693,,,0,0,1,0,0,-1.5,-0.57,289.3085,6.300515e-05,304.73438
1977-06-15 00:00:00+00:00,23.27,5.6,,,0,1,0,0,0,-1.5,-0.57,300.7681,0.0,2246.375
1977-06-15 00:00:00+00:00,69.1,-105.1166667,,,0,0,0,0,1,-1.5,-0.57,277.03574,6.447734e-06,0.0
1977-06-15 00:00:00+00:00,0.38,6.72,,,1,0,0,0,0,-1.5,-0.57,297.3685,0.0,0.0
1977-06-15 00:00:00+00:00,-22.66416667,-48.06,,,0,0,1,0,0,-1.5,-0.57,291.2245,0.0001300208,490.46875
1977-06-15 00:00:00+00:00,-67.57,-68.13,,,0,0,0,0,1,-1.5,-0.57,,,11.128906
1977-06-15 00:00:00+00:00,49.67,-93.72,,,0,0,0,1,0,-1.5,-0.57,289.50217,0.00011793911,427.09375
1977-06-15 00:00:00+00:00,29.7,91.13333333,,,0,0,0,0,1,-1.5,-0.57,290.91278,3.9259077e-05,3735.25
1977-06-15 00:00:00+00:00,12.54194444,39.76972222,,,0,1,0,0,0,-1.5,-0.57,296.79688,0.0,1782.5
1977-06-15 00:00:00+00:00,18.9,72.82,,,1,0,0,0,0,-1.5,-0.57,301.4357,2.0038651e-05,0.0
1977-07-15 00:00:00+00:00,52.3,104.2833333,,,0,0,0,1,0,-1.9,-0.45,289.41794,0.0,427.25
1977-07-15 00:00:00+00:00,47.54260867,7.58371693,,,0,0,1,0,0,-1.9,-0.45,292.68777,0.0,304.73438
1977-07-15 00:00:00+00:00,23.27,5.6,,,0,1,0,0,0,-1.9,-0.45,300.23065,0.0,2246.375
1977-07-15 00:00:00+00:00,69.1,-105.1166667,,,0,0,0,0,1,-1.9,-0.45,293.01294,0.0,0.0
1977-07-15 00:00:00+00:00,0.38,6.72,,,1,0,0,0,0,-1.9,-0.45,295.07822,1.0148119e-05,0.0
1977-07-15 00:00:00+00:00,-22.66416667,-48.06,,,0,0,1,0,0,-1.9,-0.45,293.34915,0.0,490.46875
1977-07-15 00:00:00+00:00,-67.57,-68.13,,,0,0,0,0,1,-1.9,-0.45,,,11.128906
1977-07-15 00:00:00+00:00,49.67,-93.72,,,0,0,0,1,0,-1.9,-0.45,289.88824,0.0,427.09375
1977-07-15 00:00:00+00:00,29.7,91.13333333,,,0,0,0,0,1,-1.9,-0.45,291.9685,0.0,3735.25
1977-07-15 00:00:00+00:00,12.54194444,39.76972222,,,0,1,0,0,0,-1.9,-0.45,290.92014,0.0002222013,1782.5
1977-07-15 00:00:00+00:00,18.9,72.82,,,1,0,0,0,0,-1.9,-0.45,301.9543,2.983768e-05,0.0
1977-08-15 00:00:00+00:00,52.3,104.2833333,,,0,0,0,1,0,-1.3,-0.28,291.39407,5.8736558e-05,427.25
1977-08-15 00:00:00+00:00,47.54260867,7.58371693,,,0,0,1,0,0,-1.3,-0.28,290.9942,0.0,304.73438
1977-08-15 00:00:00+00:00,23.27,5.6,,,0,1,0,0,0,-1.3,-0.28,299.66806,0.0,2246.375
1977-08-15 00:00:00+00:00,69.1,-105.1166667,,,0,0,0,0,1,-1.3,-0.28,278.59912,0.0,0.0
1977-08-15 00:00:00+00:00,0.38,6.72,,,1,0,0,0,0,-1.3,-0.28,296.7384,0.0,0.0
1977-08-15 00:00:00+00:00,-22.66416667,-48.06,,,0,0,1,0,0,-1.3,-0.28,296.39703,0.0,490.46875
1977-08-15 00:00:00+00:00,-67.57,-68.13,,,0,0,0,0,1,-1.3,-0.28,,,11.128906
1977-08-15 00:00:00+00:00,49.67,-93.72,,,0,0,0,1,0,-1.3,-0.28,293.3097,0.00011544293,427.09375
1977-08-15 00:00:00+00:00,29.7,91.13333333,,,0,0,0,0,1,-1.3,-0.28,288.29602,0.00010122521,3735.25
1977-08-15 00:00:00+00:00,12.54194444,39.76972222,,,0,1,0,0,0,-1.3,-0.28,293.3012,0.0,1782.5
1977-08-15 00:00:00+00:00,18.9,72.82,,,1,0,0,0,0,-1.3,-0.28,300.11505,0.00030291633,0.0
1977-09-15 00:00:00+00:00,52.3,104.2833333,,,0,0,0,1,0,-1.3,0.37,287.2864,0.0,427.25
1977-09-15 00:00:00+00:00,47.54260867,7.58371693,,,0,0,1,0,0,-1.3,0.37,287.4665,7.049349e-05,304.73438
1977-09-15 00:00:00+00:00,23.27,5.6,,,0,1,0,0,0,-1.3,0.37,299.077,0.0,2246.375
1977-09-15 00:00:00+00:00,69.1,-105.1166667,,,0,0,0,0,1,-1.3,0.37,273.38675,1.3622995e-05,0.0
1977-09-15 00:00:00+00:00,0.38,6.72,,,1,0,0,0,0,-1.3,0.37,296.4758,1.1797067e-06,0.0
1977-09-15 00:00:00+00:00,-22.66416667,-48.06,,,0,0,1,0,0,-1.3,0.37,298.96875,1.1828761e-05,490.46875
1977-09-15 00:00:00+00:00,-67.57,-68.13,,,0,0,0,0,1,-1.3,0.37,,,11.128906
1977-09-15 00:00:00+00:00,49.67,-93.72,,,0,0,0,1,0,-1.3,0.37,282.4243,0.0,427.09375
1977-09-15 00:00:00+00:00,29.7,91.13333333,,,0,0,0,0,1,-1.3,0.37,288.44714,1.8293336e-05,3735.25
1977-09-15 00:00:00+00:00,12.54194444,39.76972222,,,0,1,0,0,0,-1.3,0.37,293.48166,0.0,1782.5
1977-09-15 00:00:00+00:00,18.9,72.82,,,1,0,0,0,0,-1.3,0.37,300.61365,1.9723479e-05,0.0
1977-10-15 00:00:00+00:00,52.3,104.2833333,,,0,0,0,1,0,-1.7,0.52,274.59772,0.0,427.25
1977-10-15 00:00:00+00:00,47.54260867,7.58371693,,,0,0,1,0,0,-1.7,0.52,285.90195,0.0,304.73438
1977-10-15 00:00:00+00:00,23.27,5.6,,,0,1,0,0,0,-1.7,0.52,297.06833,0.0,2246.375
1977-10-15 00:00:00+00:00,69.1,-105.1166667,,,0,0,0,0,1,-1.7,0.52,268.04413,0.0,0.0
1977-10-15 00:00:00+00:00,0.38,6.72,,,1,0,0,0,0,-1.7,0.52,297.35178,7.789426e-06,0.0
1977-10-15 00:00:00+00:00,-22.66416667,-48.06,,,0,0,1,0,0,-1.7,0.52,296.05545,0.0,490.46875
1977-10-15 00:00:00+00:00,-67.57,-68.13,,,0,0,0,0,1,-1.7,0.52,,,11.128906
1977-10-15 00:00:00+00:00,49.67,-93.72,,,0,0,0,1,0,-1.7,0.52,275.36713,1.6494107e-05,427.09375
1977-10-15 00:00:00+00:00,29.7,91.13333333,,,0,0,0,0,1,-1.7,0.52,281.86307,0.0,3735.25
1977-10-15 00:00:00+00:00,12.54194444,39.76972222,,,0,1,0,0,0,-1.7,0.52,291.80222,0.0,1782.5
1977-10-15 00:00:00+00:00,18.9,72.82,,,1,0,0,0,0,-1.7,0.52,302.3567,0.0,0.0
1977-11-15 00:00:00+00:00,52.3,104.2833333,,,0,0,0,1,0,-2.1,-0.07,255.89151,0.0,427.25
1977-11-15 00:00:00+00:00,47.54260867,7.58371693,,,0,0,1,0,0,-2.1,-0.07,278.30115,1.7339864e-05,304.73438
1977-11-15 00:00:00+00:00,23.27,5.6,,,0,1,0,0,0,-2.1,-0.07,289.02258,0.0,2246.375
1977-11-15 00:00:00+00:00,69.1,-105.1166667,,,0,0,0,0,1,-2.1,-0.07,248.63617,0.0,0.0
1977-11-15 00:00:00+00:00,0.38,6.72,,,1,0,0,0,0,-2.1,-0.07,297.5421,0.0001758003,0.0
1977-11-15 00:00:00+00:00,-22.66416667,-48.06,,,0,0,1,0,0,-2.1,-0.07,297.229,0.0,490.46875
1977-11-15 00:00:00+00:00,-67.57,-68.13,,,0,0,0,0,1,-2.1,-0.07,,,11.128906
1977-11-15 00:00:00+00:00,49.67,-93.72,,,0,0,0,1,0,-2.1,-0.07,269.98068,0.0,427.09375
1977-11-15 00:00:00+00:00,29.7,91.13333333,,,0,0,0,0,1,-2.1,-0.07,283.64926,0.0,3735.25
1977-11-15 00:00:00+00:00,12.54194444,39.76972222,,,0,1,0,0,0,-2.1,-0.07,290.45392,0.0,1782.5
1977-11-15 00:00:00+00:00,18.9,72.82,,,1,0,0,0,0,-2.1,-0.07,300.84952,2.2312945e-05,0.0
1977-12-15 00:00:00+00:00,52.3,104.2833333,,,0,0,0,1,0,-1.7,-1.0,260.2887,8.020142e-06,427.25
1977-12-15 00:00:00+00:00,47.54260867,7.58371693,,,0,0,1,0,0,-1.7,-1.0,271.3887,0.00013419964,304.73438
1977-12-15 00:00:00+00:00,23.27,5.6,,,0,1,0,0,0,-1.7,-1.0,284.53,0.0,2246.375
1977-12-15 00:00:00+00:00,69.1,-105.1166667,,,0,0,0,0,1,-1.7,-1.0,254.61417,0.0,0.0
1977-12-15 00:00:00+00:00,0.38,6.72,,,1,0,0,0,0,-1.7,-1.0,297.923,6.9291644e-05,0.0
1977-12-15 00:00:00+00:00,-22.66416667,-48.06,,,0,0,1,0,0,-1.7,-1.0,295.29337,5.843916e-05,490.46875
1977-12-15 00:00:00+00:00,-67.57,-68.13,,,0,0,0,0,1,-1.7,-1.0,,,11.128906
1977-12-15 00:00:00+00:00,49.67,-93.72,,,0,0,0,1,0,-1.7,-1.0,263.25873,0.0,427.09375
1977-12-15 00:00:00+00:00,29.7,91.13333333,,,0,0,0,0,1,-1.7,-1.0,276.0666,0.0,3735.25
1977-12-15 00:00:00+00:00,12.54194444,39.76972222,,,0,1,0,0,0,-1.7,-1.0,289.39737,0.0,1782.5
1977-12-15 00:00:00+00:00,18.9,72.82,,,1,0,0,0,0,-1.7,-1.0,298.38666,0.0,0.0
1978-01-15 00:00:00+00:00,52.3,104.2833333,,,0,0,0,1,0,-0.5,0.66,248.20285,6.6686953e-06,427.25
1978-01-15 00:00:00+00:00,47.54260867,7.58371693,,,0,0,1,0,0,-0.5,0.66,268.79544,1.4753225e-05,304.73438
1978-01-15 00:00:00+00:00,23.27,5.6,,,0,1,0,0,0,-0.5,0.66,281.86514,0.0,2246.375
1978-01-15 00:00:00+00:00,69.1,-105.1166667,,,0,0,0,0,1,-0.5,0.66,254.88022,0.0,0.0
1978-01-15 00:00:00+00:00,0.38,6.72,,,1,0,0,0,0,-0.5,0.66,298.0229,0.00010812992,0.0
1978-01-15 00:00:00+00:00,-22.66416667,-48.06,,,0,0,1,0,0,-0.5,0.66,300.2939,3.650225e-05,490.46875
1978-01-15 00:00:00+00:00,-67.57,-68.13,,,0,0,0,0,1,-0.5,0.66,,,11.128906
1978-01-15 00:00:00+00:00,49.67,-93.72,,,0,0,0,1,0,-0.5,0.66,263.11917,0.0,427.09375
1978-01-15 00:00:00+00:00,29.7,91.13333333,,,0,0,0,0,1,-0.5,0.66,272.6656,0.0,3735.25
1978-01-15 00:00:00+00:00,12.54194444,39.76972222,,,0,1,0,0,0,-0.5,0.66,290.58398,0.0,1782.5
1978-01-15 00:00:00+00:00,18.9,72.82,,,1,0,0,0,0,-0.5,0.66,297.43225,0.0,0.0
1978-02-15 00:00:00+00:00,52.3,104.2833333,,,0,0,0,1,0,-4.4,-2.2,252.95108,0.0,427.25
1978-02-15 00:00:00+00:00,47.54260867,7.58371693,,,0,0,1,0,0,-4.4,-2.2,276.58698,0.0,304.73438
1978-02-15 00:00:00+00:00,23.27,5.6,,,0,1,0,0,0,-4.4,-2.2,288.15472,0.0,2246.375
1978-02-15 00:00:00+00:00,69.1,-105.1166667,,,0,0,0,0,1,-4.4,-2.2,249.1287,0.0,0.0
1978-02-15 00:00:00+00:00,0.38,6.72,,,1,0,0,0,0,-4.4,-2.2,298.89267,2.9501587e-05,0.0
1978-02-15 00:00:00+00:00,-22.66416667,-48.06,,,0,0,1,0,0,-4.4,-2.2,300.0599,0.0,490.46875
1978-02-15 00:00:00+00:00,-67.57,-68.13,,,0,0,0,0,1,-4.4,-2.2,,,11.128906
1978-02-15 00:00:00+00:00,49.67,-93.72,,,0,0,0,1,0,-4.4,-2.2,257.17484,0.0,427.09375
1978-02-15 00:00:00+00:00,29.7,91.13333333,,,0,0,0,0,1,-4.4,-2.2,273.71036,0.0,3735.25
1978-02-15 00:00:00+00:00,12.54194444,39.76972222,,,0,1,0,0,0,-4.4,-2.2,289.65756,3.915364e-05,1782.5
1978-02-15 00:00:00+00:00,18.9,72.82,,,1,0,0,0,0,-4.4,-2.2,299.3205,0.0,0.0
1978-03-15 00:00:00+00:00,52.3,104.2833333,,,0,0,0,1,0,-0.3,0.7,269.7853,2.5274163e-05,427.25
1978-03-15 00:00:00+00:00,47.54260867,7.58371693,,,0,0,1,0,0,-0.3,0.7,280.057,2.6376449e-05,304.73438
1978-03-15 00:00:00+00:00,23.27,5.6,,,0,1,0,0,0,-0.3,0.7,290.29758,0.0,2246.375
1978-03-15 00:00:00+00:00,69.1,-105.1166667,,,0,0,0,0,1,-0.3,0.7,244.7024,0.0,0.0
1978-03-15 00:00:00+00:00,0.38,6.72,,,1,0,0,0,0,-0.3,0.7,299.82047,3.119131e-05,0.0
1978-03-15 00:00:00+00:00,-22.66416667,-48.06,,,0,0,1,0,0,-0.3,0.7,297.87457,0.0,490.46875
1978-03-15 00:00:00+00:00,-67.57,-68.13,,,0,0,0,0,1,-0.3,0.7,,,11.128906
1978-03-15 00:00:00+00:00,49.67,-93.72,,,0,0,0,1,0,-0.3,0.7,271.36658,0.0,427.09375
1978-03-15 00:00:00+00:00,29.7,91.13333333,,,0,0,0,0,1,-0.3,0.7,279.21002,0.0,3735.25
1978-03-15 00:00:00+00:00,12.54194444,39.76972222,,,0,1,0,0,0,-0.3,0.7,295.22815,0.0,1782.5
1978-03-15 00:00:00+00:00,18.9,72.82,,,1,0,0,0,0,-0.3,0.7,302.3891,0.0,0.0
1978-04-15 00:00:00+00:00,52.3,104.2833333,,,0,0,0,1,0,-0.5,-1.17,269.82144,0.0,427.25
1978-04-15 00:00:00+00:00,47.54260867,7.58371693,,,0,0,1,0,0,-0.5,-1.17,280.52274,0.0,304.73438
1978-04-15 00:00:00+00:00,23.27,5.6,,,0,1,0,0,0,-0.5,-1.17,292.3528,4.4641633e-06,2246.375
1978-04-15 00:00:00+00:00,69.1,-105.1166667,,,0,0,0,0,1,-0.5,-1.17,250.32199,0.0,0.0
1978-04-15 00:00:00+00:00,0.38,6.72,,,1,0,0,0,0,-0.5,-1.17,298.708,6.171188e-05,0.0
1978-04-15 00:00:00+00:00,-22.66416667,-48.06,,,0,0,1,0,0,-0.5,-1.17,294.97455,4.9643815e-05,490.46875
1978-04-15 00:00:00+00:00,-67.57,-68.13,,,0,0,0,0,1,-0.5,-1.17,,,11.128906
1978-04-15 00:00:00+00:00,49.67,-93.72,,,0,0,0,1,0,-0.5,-1.17,276.02393,0.0,427.09375
1978-04-15 00:00:00+00:00,29.7,91.13333333,,,0,0,0,0,1,-0.5,-1.17,282.2582,0.0,3735.25
1978-04-15 00:00:00+00:00,12.54194444,39.76972222,,,0,1,0,0,0,-0.5,-1.17,292.63297,0.0,1782.5
1978-04-15 00:00:00+00:00,18.9,72.82,,,1,0,0,0,0,-0.5,-1.17,303.16592,0.0,0.0
1978-05-15 00:00:00+00:00,52.3,104.2833333,,,0,0,0,1,0,2.2,1.08,289.20523,0.0,427.25
1978-05-15 00:00:00+00:00,47.54260867,7.58371693,,,0,0,1,0,0,2.2,1.08,285.39188,2.7052283e-05,304.73438
1978-05-15 00:00:00+00:00,23.27,5.6,,,0,1,0,0,0,2.2,1.08,296.79474,0.0,2246.375
1978-05-15 00:00:00+00:00,69.1,-105.1166667,,,0,0,0,0,1,2.2,1.08,264.53705,0.0,0.0
1978-05-15 00:00:00+00:00,0.38,6.72,,,1,0,0,0,0,2.2,1.08,297.86755,2.7410431e-05,0.0
1978-05-15 00:00:00+00:00,-22.66416667,-48.06,,,0,0,1,0,0,2.2,1.08,291.3111,0.0,490.46875
1978-05-15 00:00:00+00:00,-67.57,-68.13,,,0,0,0,0,1,2.2,1.08,,,11.128906
1978-05-15 00:00:00+00:00,49.67,-93.72,,,0,0,0,1,0,2.2,1.08,283.90802,0.0,427.09375
1978-05-15 00:00:00+00:00,29.7,91.13333333,,,0,0,0,0,1,2.2,1.08,286.83618,2.8782355e-05,3735.25
1978-05-15 00:00:00+00:00,12.54194444,39.76972222,,,0,1,0,0,0,2.2,1.08,292.1789,0.000117275624,1782.5
1978-05-15 00:00:00+00:00,18.9,72.82,,,1,0,0,0,0,2.2,1.08,303.38254,4.502794e-06,0.0
1978-06-15 00:00:00+00:00,52.3,104.2833333,,,0,0,0,1,0,1.1,1.38,290.00317,7.699408e-05,427.25
1978-06-15 00:00:00+00:00,47.54260867,7.58371693,,,0,0,1,0,0,1.1,1.38,285.8487,5.6893223e-05,304.73438
1978-06-15 00:00:00+00:00,23.27,5.6,,,0,1,0,0,0,1.1,1.38,300.23053,0.0,2246.375
1978-06-15 00:00:00+00:00,69.1,-105.1166667,,,0,0,0,0,1,1.1,1.38,278.7805,0.0,0.0
1978-06-15 00:00:00+00:00,0.38,6.72,,,1,0,0,0,0,1.1,1.38,297.4922,0.0,0.0
1978-06-15 00:00:00+00:00,-22.66416667,-48.06,,,0,0,1,0,0,1.1,1.38,290.04636,0.0,490.46875
1978-06-15 00:00:00+00:00,-67.57,-68.13,,,0,0,0,0,1,1.1,1.38,,,11.128906
1978-06-15 00:00:00+00:00,49.67,-93.72,,,0,0,0,1,0,1.1,1.38,291.4289,7.5017056e-06,427.09375
1978-06-15 00:00:00+00:00,29.7,91.13333333,,,0,0,0,0,1,1.1,1.38,294.93,0.0,3735.25
1978-06-15 00:00:00+00:00,12.54194444,39.76972222,,,0,1,0,0,0,1.1,1.38,295.3395,0.0,1782.5
1978-06-15 00:00:00+00:00,18.9,72.82,,,1,0,0,0,0,1.1,1.38,301.6393,0.00026748233,0.0
1978-07-15 00:00:00+00:00,52.3,104.2833333,,,0,0,0,1,0,0.9,-1.14,296.1048,9.127443e-05,427.25
1978-07-15 00:00:00+00:00,47.54260867,7.58371693,,,0,0,1,0,0,0.9,-1.14,293.9048,1.5131456e-05,304.73438
1978-07-15 00:00:00+00:00,23.27,5.6,,,0,1,0,0,0,0.9,-1.14,300.72318,0.0,2246.375
1978-07-15 00:00:00+00:00,69.1,-105.1166667,,,0,0,0,0,1,0.9,-1.14,283.51474,0.0,0.0
1978-07-15 00:00:00+00:00,0.38,6.72,,,1,0,0,0,0,0.9,-1.14,296.35904,0.0,0.0
1978-07-15 00:00:00+00:00,-22.66416667,-48.06,,,0,0,1,0,0,0.9,-1.14,291.49695,1.3176867e-05,490.46875
1978-07-15 00:00:00+00:00,-67.57,-68.13,,,0,0,0,0,1,0.9,-1.14,,,11.128906
1978-07-15 00:00:00+00:00,49.67,-93.72,,,0,0,0,1,0,0.9,-1.14,298.23477,0.0,427.09375
1978-07-15 00:00:00+00:00,29.7,91.13333333,,,0,0,0,0,1,0.9,-1.14,290.11392,0.0,3735.25
1978-07-15 00:00:00+00:00,12.54194444,39.76972222,,,0,1,0,0,0,0.9,-1.14,292.64996,0.00025647058,1782.5
1978-07-15 00:00:00+00:00,18.9,72.82,,,1,0,0,0,0,0.9,-1.14,300.56766,0.00030367172,0.0
1978-08-15 00:00:00+00:00,52.3,104.2833333,,,0,0,0,1,0,0.7,0.64,285.65012,0.0,427.25
1978-08-15 00:00:00+00:00,47.54260867,7.58371693,,,0,0,1,0,0,0.7,0.64,298.38113,0.0,304.73438
1978-08-15 00:00:00+00:00,23.27,5.6,,,0,1,0,0,0,0.7,0.64,299.26825,0.0,2246.375
1978-08-15 00:00:00+00:00,69.1,-105.1166667,,,0,0,0,0,1,0.7,0.64,277.70654,5.2616874e-06,0.0
1978-08-15 00:00:00+00:00,0.38,6.72,,,1,0,0,0,0,0.7,0.64,295.80884,1.5640115e-06,0.0
1978-08-15 00:00:00+00:00,-22.66416667,-48.06,,,0,0,1,0,0,0.7,0.64,295.37003,0.0,490.46875
1978-08-15 00:00:00+00:00,-67.57,-68.13,,,0,0,0,0,1,0.7,0.64,,,11.128906
1978-08-15 00:00:00+00:00,49.67,-93.72,,,0,0,0,1,0,0.7,0.64,291.46317,0.00027304975,427.09375
1978-08-15 00:00:00+00:00,29.7,91.13333333,,,0,0,0,0,1,0.7,0.64,291.7546,3.6669895e-05,3735.25
1978-08-15 00:00:00+00:00,12.54194444,39.76972222,,,0,1,0,0,0,0.7,0.64,292.50824,0.00010686959,1782.5
1978-08-15 00:00:00+00:00,18.9,72.82,,,1,0,0,0,0,0.7,0.64,300.8668,6.636156e-05,0.0
1978-09-15 00:00:00+00:00,52.3,104.2833333,,,0,0,0,1,0,0.1,0.46,279.07248,0.0,427.25
1978-09-15 00:00:00+00:00,47.54260867,7.58371693,,,0,0,1,0,0,0.1,0.46,281.28998,0.0,304.73438
1978-09-15 00:00:00+00:00,23.27,5.6,,,0,1,0,0,0,0.1,0.46,296.9968,0.0,2246.375
1978-09-15 00:00:00+00:00,69.1,-105.1166667,,,0,0,0,0,1,0.1,0.46,272.99368,0.0,0.0
1978-09-15 00:00:00+00:00,0.38,6.72,,,1,0,0,0,0,0.1,0.46,296.23264,1.4401774e-05,0.0
1978-09-15 00:00:00+00:00,-22.66416667,-48.06,,,0,0,1,0,0,0.1,0.46,293.0042,0.0,490.46875
1978-09-15 00:00:00+00:00,-67.57,-68.13,,,0,0,0,0,1,0.1,0.46,,,11.128906
1978-09-15 00:00:00+00:00,49.67,-93.72,,,0,0,0,1,0,0.1,0.46,283.2991,5.3923664e-05,427.09375
1978-09-15 00:00:00+00:00,29.7,91.13333333,,,0,0,0,0,1,0.1,0.46,289.5994,3.2292497e-05,3735.25
1978-09-15 00:00:00+00:00,12.54194444,39.76972222,,,0,1,0,0,0,0.1,0.46,292.39877,0.0,1782.5
1978-09-15 00:00:00+00:00,18.9,72.82,,,1,0,0,0,0,0.1,0.46,299.9683,6.6928784e-05,0.0
1978-10-15 00:00:00+00:00,52.3,104.2833333,,,0,0,0,1,0,-0.6,1.93,273.65033,0.0,427.25
1978-10-15 00:00:00+00:00,47.54260867,7.58371693,,,0,0,1,0,0,-0.6,1.93,283.00537,1.8257391e-05,304.73438
1978-10-15 00:00:00+00:00,23.27,5.6,,,0,1,0,0,0,-0.6,1.93,291.75388,0.0,2246.375
1978-10-15 00:00:00+00:00,69.1,-105.1166667,,,0,0,0,0,1,-0.6,1.93,262.2293,2.6684186e-06,0.0
1978-10-15 00:00:00+00:00,0.38,6.72,,,1,0,0,0,0,-0.6,1.93,297.06818,5.503681e-05,0.0
1978-10-15 00:00:00+00:00,-22.66416667,-48.06,,,0,0,1,0,0,-0.6,1.93,297.49173,0.0,490.46875
1978-10-15 00:00:00+00:00,-67.57,-68.13,,,0,0,0,0,1,-0.6,1.93,,,11.128906
1978-10-15 00:00:00+00:00,49.67,-93.72,,,0,0,0,1,0,-0.6,1.93,273.9699,0.0,427.09375
1978-10-15 00:00:00+00:00,29.7,91.13333333,,,0,0,0,0,1,-0.6,1.93,285.79916,0.0,3735.25
1978-10-15 00:00:00+00:00,12.54194444,39.76972222,,,0,1,0,0,0,-0.6,1.93,287.81317,6.525773e-05,1782.5
1978-10-15 00:00:00+00:00,18.9,72.82,,,1,0,0,0,0,-0.6,1.93,301.27063,2.776562e-05,0.0
1978-11-15 00:00:00+00:00,52.3,104.2833333,,,0,0,0,1,0,-0.0,3.04,268.2067,0.0,427.25
1978-11-15 00:00:00+00:00,47.54260867,7.58371693,,,0,0,1,0,0,-0.0,3.04,275.26004,1.4262028e-05,304.73438
1978-11-15 00:00:00+00:00,23.27,5.6,,,0,1,0,0,0,-0.0,3.04,289.80707,0.0,2246.375
1978-11-15 00:00:00+00:00,69.1,-105.1166667,,,0,0,0,0,1,-0.0,3.04,240.93948,0.0,0.0
1978-11-15 00:00:00+00:00,0.38,6.72,,,1,0,0,0,0,-0.0,3.04,298.207,2.9056848e-05,0.0
1978-11-15 00:00:00+00:00,-22.66416667,-48.06,,,0,0,1,0,0,-0.0,3.04,297.6049,0.0,490.46875
1978-11-15 00:00:00+00:00,-67.57,-68.13,,,0,0,0,0,1,-0.0,3.04,,,11.128906
1978-11-15 00:00:00+00:00,49.67,-93.72,,,0,0,0,1,0,-0.0,3.04,271.1831,0.0,427.09375
1978-11-15 00:00:00+00:00,29.7,91.13333333,,,0,0,0,0,1,-0.0,3.04,280.77423,0.0,3735.25
1978-11-15 00:00:00+00:00,12.54194444,39.76972222,,,0,1,0,0,0,-0.0,3.04,292.02567,0.0,1782.5
1978-11-15 00:00:00+00:00,18.9,72.82,,,1,0,0,0,0,-0.0,3.04,300.93442,9.943171e-06,0.0
1978-12-15 00:00:00+00:00,52.3,104.2833333,,,0,0,0,1,0,-0.1,-1.57,263.6009,0.0,427.25
1978-12-15 00:00:00+00:00,47.54260867,7.58371693,,,0,0,1,0,0,-0.1,-1.57,269.6995,0.0,304.73438
1978-12-15 00:00:00+00:00,23.27,5.6,,,0,1,0,0,0,-0.1,-1.57,285.93118,0.0,2246.375
1978-12-15 00:00:00+00:00,69.1,-105.1166667,,,0,0,0,0,1,-0.1,-1.57,241.3266,0.0,0.0
1978-12-15 00:00:00+00:00,0.38,6.72,,,1,0,0,0,0,-0.1,-1.57,297.4508,0.000119456694,0.0
1978-12-15 00:00:00+00:00,-22.66416667,-48.06,,,0,0,1,0,0,-0.1,-1.57,297.7999,0.0,490.46875
1978-12-15 00:00:00+00:00,-67.57,-68.13,,,0,0,0,0,1,-0.1,-1.57,,,11.128906
1978-12-15 00:00:00+00:00,49.67,-93.72,,,0,0,0,1,0,-0.1,-1.57,271.66403,0.0,427.09375
1978-12-15 00:00:00+00:00,29.7,91.13333333,,,0,0,0,0,1,-0.1,-1.57,280.02786,5.514649e-06,3735.25
1978-12-15 00:00:00+00:00,12.54194444,39.76972222,,,0,1,0,0,0,-0.1,-1.57,289.39355,0.0,1782.5
1978-12-15 00:00:00+00:00,18.9,72.82,,,1,0,0,0,0,-0.1,-1.57,299.04456,1.1988957e-05,0.0
1979-01-15 00:00:00+00:00,52.3,104.2833333,,,0,0,0,1,0,-0.7,-1.38,252.55907,1.2987285e-05,427.25
1979-01-15 00:00:00+00:00,47.54260867,7.58371693,,,0,0,1,0,0,-0.7,-1.38,272.19965,4.352399e-05,304.73438
1979-01-15 00:00:00+00:00,23.27,5.6,,,0,1,0,0,0,-0.7,-1.38,281.64444,0.0,2246.375
1979-01-15 00:00:00+00:00,69.1,-105.1166667,,,0,0,0,0,1,-0.7,-1.38,237.68512,0.0,0.0
1979-01-15 00:00:00+00:00,0.38,6.72,,,1,0,0,0,0,-0.7,-1.38,297.383,0.00029686227,0.0
1979-01-15 00:00:00+00:00,-22.66416667,-48.06,,,0,0,1,0,0,-0.7,-1.38,297.19696,9.2137365e-05,490.46875
1979-01-15 00:00:00+00:00,-67.57,-68.13,,,0,0,0,0,1,-0.7,-1.38,,,11.128906
1979-01-15 00:00:00+00:00,49.67,-93.72,,,0,0,0,1,0,-0.7,-1.38,266.0937,0.0,427.09375
1979-01-15 00:00:00+00:00,29.7,91.13333333,,,0,0,0,0,1,-0.7,-1.38,279.34567,0.0,3735.25
1979-01-15 00:00:00+00:00,12.54194444,39.76972222,,,0,1,0,0,0,-0.7,-1.38,289.84512,0.0,1782.5
1979-01-15 00:00:00+00:00,18.9,72.82,,,1,0,0,0,0,-0.7,-1.38,298.20236,0.0,0.0
1979-02-15 00:00:00+00:00,52.3,104.2833333,,,0,0,0,1,0,1.6,-0.67,253.75684,6.18025e-06,427.25
1979-02-15 00:00:00+00:00,47.54260867,7.58371693,,,0,0,1,0,0,1.6,-0.67,282.2808,2.737683e-05,304.73438
1979-02-15 00:00:00+00:00,23.27,5.6,,,0,1,0,0,0,1.6,-0.67,283.3573,0.0,2246.375
1979-02-15 00:00:00+00:00,69.1,-105.1166667,,,0,0,0,0,1,1.6,-0.67,238.76976,0.0,0.0
1979-02-15 00:00:00+00:00,0.38,6.72,,,1,0,0,0,0,1.6,-0.67,298.2405,7.025026e-05,0.0
1979-02-15 00:00:00+00:00,-22.66416667,-48.06,,,0,0,1,0,0,1.6,-0.67,298.73328,1.2407194e-05,490.46875
1979-02-15 00:00:00+00:00,-67.57,-68.13,,,0,0,0,0,1,1.6,-0.67,,,11.128906
1979-02-15 00:00:00+00:00,49.67,-93.72,,,0,0,0,1,0,1.6,-0.67,266.7669,0.0,427.09375
1979-02-15 00:00:00+00:00,29.7,91.13333333,,,0,0,0,0,1,1.6,-0.67,278.30096,0.0,3735.25
1979-02-15 00:00:00+00:00,12.54194444,39.76972222,,,0,1,0,0,0,1.6,-0.67,289.71027,0.0,1782.5
1979-02-15 00:00:00+00:00,18.9,72.82,,,1,0,0,0,0,1.6,-0.67,295.49274,0.0,0.0
1979-03-15 00:00:00+00:00,52.3,104.2833333,,,0,0,0,1,0,0.2,0.78,268.54224,0.0,427.25
1979-03-15 00:00:00+00:00,47.54260867,7.58371693,,,0,0,1,0,0,0.2,0.78,269.1131,2.745842e-05,304.73438
1979-03-15 00:00:00+00:00,23.27,5.6,,,0,1,0,0,0,0.2,0.78,290.3804,0.0,2246.375
1979-03-15 00:00:00+00:00,69.1,-105.1166667,,,0,0,0,0,1,0.2,0.78,243.4852,0.0,0.0
1979-03-15 00:00:00+00:00,0.38,6.72,,,1,0,0,0,0,0.2,0.78,298.5755,6.134588e-05,0.0
1979-03-15 00:00:00+00:00,-22.66416667,-48.06,,,0,0,1,0,0,0.2,0.78,296.17776,2.4830975e-05,490.46875
1979-03-15 00:00:00+00:00,-67.57,-68.13,,,0,0,0,0,1,0.2,0.78,,,11.128906
1979-03-15 00:00:00+00:00,49.67,-93.72,,,0,0,0,1,0,0.2,0.78,261.5737,0.0,427.09375
1979-03-15 00:00:00+00:00,29.7,91.13333333,,,0,0,0,0,1,0.2,0.78,280.01758,0.0,3735.25
1979-03-15 00:00:00+00:00,12.54194444,39.76972222,,,0,1,0,0,0,0.2,0.78,293.25845,0.0,1782.5
1979-03-15 00:00:00+00:00,18.9,72.82,,,1,0,0,0,0,0.2,0.78,299.96268,0.0,0.0
1979-04-15 00:00:00+00:00,52.3,104.2833333,,,0,0,0,1,0,-0.2,-1.71,275.17328,1.9834797e-05,427.25
1979-04-15 00:00:00+00:00,47.54260867,7.58371693,,,0,0,1,0,0,-0.2,-1.71,275.98328,2.4731617e-05,304.73438
1979-04-15 00:00:00+00:00,23.27,5.6,,,0,1,0,0,0,-0.2,-1.71,289.0803,0.0,2246.375
1979-04-15 00:00:00+00:00,69.1,-105.1166667,,,0,0,0,0,1,-0.2,-1.71,245.74664,0.0,0.0
1979-04-15 00:00:00+00:00,0.38,6.72,,,1,0,0,0,0,-0.2,-1.71,298.5733,5.285312e-05,0.0
1979-04-15 00:00:00+00:00,-22.66416667,-48.06,,,0,0,1,0,0,-0.2,-1.71,295.6997,0.0,490.46875
1979-04-15 00:00:00+00:00,-67.57,-68.13,,,0,0,0,0,1,-0.2,-1.71,,,11.128906
1979-04-15 00:00:00+00:00,49.67,-93.72,,,0,0,0,1,0,-0.2,-1.71,291.46744,0.0,427.09375
1979-04-15 00:00:00+00:00,29.7,91.13333333,,,0,0,0,0,1,-0.2,-1.71,285.281,0.0,3735.25
1979-04-15 00:00:00+00:00,12.54194444,39.76972222,,,0,1,0,0,0,-0.2,-1.71,297.86093,0.0,1782.5
1979-04-15 00:00:00+00:00,18.9,72.82,,,1,0,0,0,0,-0.2,-1.71,301.49805,0.0,0.0
1979-05-15 00:00:00+00:00,52.3,104.2833333,,,0,0,0,1,0,0.8,-1.03,280.65872,0.0,427.25
1979-05-15 00:00:00+00:00,47.54260867,7.58371693,,,0,0,1,0,0,0.8,-1.03,280.58572,7.723906e-06,304.73438
1979-05-15 00:00:00+00:00,23.27,5.6,,,0,1,0,0,0,0.8,-1.03,299.90997,0.0,2246.375
1979-05-15 00:00:00+00:00,69.1,-105.1166667,,,0,0,0,0,1,0.8,-1.03,267.11313,0.0,0.0
1979-05-15 00:00:00+00:00,0.38,6.72,,,1,0,0,0,0,0.8,-1.03,297.57968,5.8115733e-05,0.0
1979-05-15 00:00:00+00:00,-22.66416667,-48.06,,,0,0,1,0,0,0.8,-1.03,289.58905,0.0,490.46875
1979-05-15 00:00:00+00:00,-67.57,-68.13,,,0,0,0,0,1,0.8,-1.03,,,11.128906
1979-05-15 00:00:00+00:00,49.67,-93.72,,,0,0,0,1,0,0.8,-1.03,288.20538,0.0,427.09375
1979-05-15 00:00:00+00:00,29.7,91.13333333,,,0,0,0,0,1,0.8,-1.03,287.94403,0.0,3735.25
1979-05-15 00:00:00+00:00,12.54194444,39.76972222,,,0,1,0,0,0,0.8,-1.03,296.9663,0.0,1782.5
1979-05-15 00:00:00+00:00,18.9,72.82,,,1,0,0,0,0,0.8,-1.03,302.8788,2.240402e-06,0.0
1979-06-15 00:00:00+00:00,52.3,104.2833333,,,0,0,0,1,0,1.1,1.6,282.38858,1.9280089e-05,427.25
1979-06-15 00:00:00+00:00,47.54260867,7.58371693,,,0,0,1,0,0,1.1,1.6,293.0132,2.0525595e-05,304.73438
1979-06-15 00:00:00+00:00,23.27,5.6,,,0,1,0,0,0,1.1,1.6,297.47794,0.0,2246.375
1979-06-15 00:00:00+00:00,69.1,-105.1166667,,,0,0,0,0,1,1.1,1.6,274.1318,0.0,0.0
1979-06-15 00:00:00+00:00,0.38,6.72,,,1,0,0,0,0,1.1,1.6,295.56143,1.2715757e-05,0.0
1979-06-15 00:00:00+00:00,-22.66416667,-48.06,,,0,0,1,0,0,1.1,1.6,292.6792,0.0,490.46875
1979-06-15 00:00:00+00:00,-67.57,-68.13,,,0,0,0,0,1,1.1,1.6,,,11.128906
1979-06-15 00:00:00+00:00,49.67,-93.72,,,0,0,0,1,0,1.1,1.6,288.36682,0.0,427.09375
1979-06-15 00:00:00+00:00,29.7,91.13333333,,,0,0,0,0,1,1.1,1.6,289.5556,2.452204e-05,3735.25
1979-06-15 00:00:00+00:00,12.54194444,39.76972222,,,0,1,0,0,0,1.1,1.6,294.0467,1.9286032e-05,1782.5
1979-06-15 00:00:00+00:00,18.9,72.82,,,1,0,0,0,0,1.1,1.6,301.27136,0.00025563542,0.0
1979-07-15 00:00:00+00:00,52.3,104.2833333,,,0,0,0,1,0,2.2,0.83,294.31592,2.5090296e-05,427.25
1979-07-15 00:00:00+00:00,47.54260867,7.58371693,,,0,0,1,0,0,2.2,0.83,285.7546,0.00011364473,304.73438
1979-07-15 00:00:00+00:00,23.27,5.6,,,0,1,0,0,0,2.2,0.83,301.11703,0.0,2246.375
1979-07-15 00:00:00+00:00,69.1,-105.1166667,,,0,0,0,0,1,2.2,0.83,282.03107,1.3504641e-05,0.0
1979-07-15 00:00:00+00:00,0.38,6.72,,,1,0,0,0,0,2.2,0.83,294.7104,4.5668526e-06,0.0
1979-07-15 00:00:00+00:00,-22.66416667,-48.06,,,0,0,1,0,0,2.2,0.83,287.35773,0.0,490.46875
1979-07-15 00:00:00+00:00,-67.57,-68.13,,,0,0,0,0,1,2.2,0.83,,,11.128906
1979-07-15 00:00:00+00:00,49.67,-93.72,,,0,0,0,1,0,2.2,0.83,296.41034,0.0,427.09375
1979-07-15 00:00:00+00:00,29.7,91.13333333,,,0,0,0,0,1,2.2,0.83,289.39798,5.0039464e-05,3735.25
1979-07-15 00:00:00+00:00,12.54194444,39.76972222,,,0,1,0,0,0,2.2,0.83,292.97702,0.0,1782.5
1979-07-15 00:00:00+00:00,18.9,72.82,,,1,0,0,0,0,2.2,0.83,299.10544,0.00023348053,0.0
1979-08-15 00:00:00+00:00,52.3,104.2833333,,,0,0,0,1,0,-0.3,0.96,286.80884,2.0212621e-05,427.25
1979-08-15 00:00:00+00:00,47.54260867,7.58371693,,,0,0,1,0,0,-0.3,0.96,288.48633,0.0,304.73438
1979-08-15 00:00:00+00:00,23.27,5.6,,,0,1,0,0,0,-0.3,0.96,298.79428,0.0,2246.375
1979-08-15 00:00:00+00:00,69.1,-105.1166667,,,0,0,0,0,1,-0.3,0.96,279.2486,1.0874219e-05,0.0
1979-08-15 00:00:00+00:00,0.38,6.72,,,1,0,0,0,0,-0.3,0.96,294.66238,3.378495e-05,0.0
1979-08-15 00:00:00+00:00,-22.66416667,-48.06,,,0,0,1,0,0,-0.3,0.96,293.9121,0.0,490.46875
1979-08-15 00:00:00+00:00,-67.57,-68.13,,,0,0,0,0,1,-0.3,0.96,,,11.128906
1979-08-15 00:00:00+00:00,49.67,-93.72,,,0,0,0,1,0,-0.3,0.96,291.11865,0.0,427.09375
1979-08-15 00:00:00+00:00,29.7,91.13333333,,,0,0,0,0,1,-0.3,0.96,291.16766,1.2055424e-05,3735.25
1979-08-15 00:00:00+00:00,12.54194444,39.76972222,,,0,1,0,0,0,-0.3,0.96,292.3963,0.0,1782.5
1979-08-15 00:00:00+00:00,18.9,72.82,,,1,0,0,0,0,-0.3,0.96,300.81046,3.729347e-05,0.0
1979-09-15 00:00:00+00:00,52.3,104.2833333,,,0,0,0,1,0,0.2,1.01,274.94196,0.00017785956,427.25
1979-09-15 00:00:00+00:00,47.54260867,7.58371693,,,0,0,1,0,0,0.2,1.01,284.53122,9.8663026e-05,304.73438
1979-09-15 00:00:00+00:00,23.27,5.6,,,0,1,0,0,0,0.2,1.01,298.8864,0.0,2246.375
1979-09-15 00:00:00+00:00,69.1,-105.1166667,,,0,0,0,0,1,0.2,1.01,268.4981,0.0,0.0
1979-09-15 00:00:00+00:00,0.38,6.72,,,1,0,0,0,0,0.2,1.01,295.94803,3.9249164e-05,0.0
1979-09-15 00:00:00+00:00,-22.66416667,-48.06,,,0,0,1,0,0,0.2,1.01,292.7639,8.527062e-05,490.46875
1979-09-15 00:00:00+00:00,-67.57,-68.13,,,0,0,0,0,1,0.2,1.01,,,11.128906
1979-09-15 00:00:00+00:00,49.67,-93.72,,,0,0,0,1,0,0.2,1.01,281.22232,0.0,427.09375
1979-09-15 00:00:00+00:00,29.7,91.13333333,,,0,0,0,0,1,0.2,1.01,287.79538,3.674278e-05,3735.25
1979-09-15 00:00:00+00:00,12.54194444,39.76972222,,,0,1,0,0,0,0.2,1.01,294.06824,0.0,1782.5
1979-09-15 00:00:00+00:00,18.9,72.82,,,1,0,0,0,0,0.2,1.01,299.42996,0.00028100703,0.0
1979-10-15 00:00:00+00:00,52.3,104.2833333,,,0,0,0,1,0,-0.2,-0.3,274.58548,0.0,427.25
1979-10-15 00:00:00+00:00,47.54260867,7.58371693,,,0,0,1,0,0,-0.2,-0.3,286.15527,0.0,304.73438
1979-10-15 00:00:00+00:00,23.27,5.6,,,0,1,0,0,0,-0.2,-0.3,290.1401,2.4572624e-05,2246.375
1979-10-15 00:00:00+00:00,69.1,-105.1166667,,,0,0,0,0,1,-0.2,-0.3,269.12448,0.0,0.0
1979-10-15 00:00:00+00:00,0.38,6.72,,,1,0,0,0,0,-0.2,-0.3,297.66388,0.0,0.0
1979-10-15 00:00:00+00:00,-22.66416667,-48.06,,,0,0,1,0,0,-0.2,-0.3,290.9214,0.0,490.46875
1979-10-15 00:00:00+00:00,-67.57,-68.13,,,0,0,0,0,1,-0.2,-0.3,,,11.128906
1979-10-15 00:00:00+00:00,49.67,-93.72,,,0,0,0,1,0,-0.2,-0.3,283.4509,5.5088443e-05,427.09375
1979-10-15 00:00:00+00:00,29.7,91.13333333,,,0,0,0,0,1,-0.2,-0.3,288.0031,0.0,3735.25
1979-10-15 00:00:00+00:00,12.54194444,39.76972222,,,0,1,0,0,0,-0.2,-0.3,293.18124,0.0,1782.5
1979-10-15 00:00:00+00:00,18.9,72.82,,,1,0,0,0,0,-0.2,-0.3,301.395,0.0,0.0
1979-11-15 00:00:00+00:00,52.3,104.2833333,,,0,0,0,1,0,-0.7,0.53,261.86844,0.0,427.25
1979-11-15 00:00:00+00:00,47.54260867,7.58371693,,,0,0,1,0,0,-0.7,0.53,277.2195,8.9328405e-06,304.73438
1979-11-15 00:00:00+00:00,23.27,5.6,,,0,1,0,0,0,-0.7,0.53,288.21603,0.0,2246.375
1979-11-15 00:00:00+00:00,69.1,-105.1166667,,,0,0,0,0,1,-0.7,0.53,249.76256,0.0,0.0
1979-11-15 00:00:00+00:00,0.38,6.72,,,1,0,0,0,0,-0.7,0.53,297.94162,3.4706427e-05,0.0
1979-11-15 00:00:00+00:00,-22.66416667,-48.06,,,0,0,1,0,0,-0.7,0.53,298.44342,3.595192e-05,490.46875
1979-11-15 00:00:00+00:00,-67.57,-68.13,,,0,0,0,0,1,-0.7,0.53,,,11.128906
1979-11-15 00:00:00+00:00,49.67,-93.72,,,0,0,0,1,0,-0.7,0.53,270.2,0.0,427.09375
1979-11-15 00:00:00+00:00,29.7,91.13333333,,,0,0,0,0,1,-0.7,0.53,282.5101,0.0,3735.25
1979-11-15 00:00:00+00:00,12.54194444,39.76972222,,,0,1,0,0,0,-0.7,0.53,293.6969,0.0,1782.5
1979-11-15 00:00:00+00:00,18.9,72.82,,,1,0,0,0,0,-0.7,0.53,300.584,2.3076884e-06,0.0
1979-12-15 00:00:00+00:00,52.3,104.2833333,,,0,0,0,1,0,-1.2,1.0,258.04218,0.0,427.25
1979-12-15 00:00:00+00:00,47.54260867,7.58371693,,,0,0,1,0,0,-1.2,1.0,272.42703,0.0,304.73438
1979-12-15 00:00:00+00:00,23.27,5.6,,,0,1,0,0,0,-1.2,1.0,286.6325,0.0,2246.375
1979-12-15 00:00:00+00:00,69.1,-105.1166667,,,0,0,0,0,1,-1.2,1.0,233.39862,0.0,0.0
1979-12-15 00:00:00+00:00,0.38,6.72,,,1,0,0,0,0,-1.2,1.0,297.74323,3.9854654e-05,0.0
1979-12-15 00:00:00+00:00,-22.66416667,-48.06,,,0,0,1,0,0,-1.2,1.0,296.8704,2.3916693e-05,490.46875
1979-12-15 00:00:00+00:00,-67.57,-68.13,,,0,0,0,0,1,-1.2,1.0,,,11.128906
1979-12-15 00:00:00+00:00,49.67,-93.72,,,0,0,0,1,0,-1.2,1.0,272.34427,5.492341e-05,427.09375
1979-12-15 00:00:00+00:00,29.7,91.13333333,,,0,0,0,0,1,-1.2,1.0,273.66306,0.0,3735.25
1979-12-15 00:00:00+00:00,12.54194444,39.76972222,,,0,1,0,0,0,-1.2,1.0,291.03723,0.0,1782.5
1979-12-15 00:00:00+00:00,18.9,72.82,,,1,0,0,0,0,-1.2,1.0,299.38248,0.0,0.0
