Date,Lat,Lon,O18,H2,KPN_A,KPN_B,KPN_C,KPN_D,KPN_E,ENSO,NAO,Temperature,Precipitation,Alt
2000-01-15 00:00:00+00:00,52.3,104.2833333,,,0,0,0,1,0,1.1,0.6,260.08392,0.0,427.25
2000-01-15 00:00:00+00:00,47.54260867,7.58371693,,,0,0,1,0,0,1.1,0.6,277.0807,0.0,304.73438
2000-01-15 00:00:00+00:00,23.27,5.6,,,0,1,0,0,0,1.1,0.6,281.05408,0.0,2246.375
2000-01-15 00:00:00+00:00,69.1,-105.1166667,,,0,0,0,0,1,1.1,0.6,249.39452,0.0,0.0
2000-01-15 00:00:00+00:00,0.38,6.72,,,1,0,0,0,0,1.1,0.6,298.03595,7.612433e-05,0.0
2000-01-15 00:00:00+00:00,-22.66416667,-48.06,,,1,0,0,0,0,1.1,0.6,295.21115,9.0760725e-05,490.46875
2000-01-15 00:00:00+00:00,-67.57,-68.13,,,0,0,0,0,1,1.1,0.6,,,11.128906
2000-01-15 00:00:00+00:00,49.67,-93.72,,,0,0,0,1,0,1.1,0.6,261.08627,2.0728508e-05,427.09375
2000-01-15 00:00:00+00:00,29.7,91.13333333,,,0,0,0,0,1,1.1,0.6,273.89902,0.0,3735.25
2000-01-15 00:00:00+00:00,12.54194444,39.76972222,,,0,1,0,0,0,1.1,0.6,290.41214,0.0,1782.5
2000-01-15 00:00:00+00:00,18.9,72.82,,,1,0,0,0,0,1.1,0.6,296.80423,0.0,0.0
2000-02-15 00:00:00+00:00,52.3,104.2833333,,,0,0,0,1,0,2.7,1.7,259.91962,6.8042773e-06,427.25
2000-02-15 00:00:00+00:00,47.54260867,7.58371693,,,0,0,1,0,0,2.7,1.7,268.8981,0.0,304.73438
2000-02-15 00:00:00+00:00,23.27,5.6,,,0,1,0,0,0,2.7,1.7,283.34103,0.0,2246.375
2000-02-15 00:00:00+00:00,69.1,-105.1166667,,,0,0,0,0,1,2.7,1.7,238.47069,0.0,0.0
2000-02-15 00:00:00+00:00,0.38,6.72,,,1,0,0,0,0,2.7,1.7,300.09894,1.9768762e-05,0.0
2000-02-15 00:00:00+00:00,-22.66416667,-48.06,,,1,0,0,0,0,2.7,1.7,296.94504,0.00018733669,490.46875
2000-02-15 00:00:00+00:00,-67.57,-68.13,,,0,0,0,0,1,2.7,1.7,,,11.128906
2000-02-15 00:00:00+00:00,49.67,-93.72,,,0,0,0,1,0,2.7,1.7,270.4062,0.0,427.09375
2000-02-15 00:00:00+00:00,29.7,91.13333333,,,0,0,0,0,1,2.7,1.7,277.04733,0.0,3735.25
2000-02-15 00:00:00+00:00,12.54194444,39.76972222,,,0,1,0,0,0,2.7,1.7,292.60687,0.0,1782.5
2000-02-15 00:00:00+00:00,18.9,72.82,,,1,0,0,0,0,2.7,1.7,299.1603,0.0,0.0
2000-03-15 00:00:00+00:00,52.3,104.2833333,,,0,0,0,1,0,2.2,0.77,260.7584,0.0,427.25
2000-03-15 00:00:00+00:00,47.54260867,7.58371693,,,0,0,1,0,0,2.2,0.77,279.29398,5.4533226e-05,304.73438
2000-03-15 00:00:00+00:00,23.27,5.6,,,0,1,0,0,0,2.2,0.77,285.69778,0.0,2246.375
2000-03-15 00:00:00+00:00,69.1,-105.1166667,,,0,0,0,0,1,2.2,0.77,236.27382,0.0,0.0
2000-03-15 00:00:00+00:00,0.38,6.72,,,1,0,0,0,0,2.2,0.77,298.0152,0.00016909564,0.0
2000-03-15 00:00:00+00:00,-22.66416667,-48.06,,,1,0,0,0,0,2.2,0.77,299.39398,0.0,490.46875
2000-03-15 00:00:00+00:00,-67.57,-68.13,,,0,0,0,0,1,2.2,0.77,,,11.128906
2000-03-15 00:00:00+00:00,49.67,-93.72,,,0,0,0,1,0,2.2,0.77,271.71844,0.0,427.09375
2000-03-15 00:00:00+00:00,29.7,91.13333333,,,0,0,0,0,1,2.2,0.77,280.66,0.0,3735.25
2000-03-15 00:00:00+00:00,12.54194444,39.76972222,,,0,1,0,0,0,2.2,0.77,293.66455,0.0,1782.5
2000-03-15 00:00:00+00:00,18.9,72.82,,,1,0,0,0,0,2.2,0.77,299.40506,0.0,0.0
2000-04-15 00:00:00+00:00,52.3,104.2833333,,,0,0,0,1,0,2.0,-0.03,277.2744,0.0,427.25
2000-04-15 00:00:00+00:00,47.54260867,7.58371693,,,0,0,1,0,0,2.0,-0.03,286.58588,0.0,304.73438
2000-04-15 00:00:00+00:00,23.27,5.6,,,0,1,0,0,0,2.0,-0.03,292.48508,2.0348793e-06,2246.375
2000-04-15 00:00:00+00:00,69.1,-105.1166667,,,0,0,0,0,1,2.0,-0.03,246.64949,0.0,0.0
2000-04-15 00:00:00+00:00,0.38,6.72,,,1,0,0,0,0,2.0,-0.03,297.8282,0.000602543,0.0
2000-04-15 00:00:00+00:00,-22.66416667,-48.06,,,1,0,0,0,0,2.0,-0.03,297.85632,1.9910758e-05,490.46875
2000-04-15 00:00:00+00:00,-67.57,-68.13,,,0,0,0,0,1,2.0,-0.03,,,11.128906
2000-04-15 00:00:00+00:00,49.67,-93.72,,,0,0,0,1,0,2.0,-0.03,272.23413,0.0,427.09375
2000-04-15 00:00:00+00:00,29.7,91.13333333,,,0,0,0,0,1,2.0,-0.03,283.53024,0.0,3735.25
2000-04-15 00:00:00+00:00,12.54194444,39.76972222,,,0,1,0,0,0,2.0,-0.03,295.19092,0.0,1782.5
2000-04-15 00:00:00+00:00,18.9,72.82,,,1,0,0,0,0,2.0,-0.03,302.79602,0.0,0.0
2000-05-15 00:00:00+00:00,52.3,104.2833333,,,0,0,0,1,0,0.6,1.58,278.25787,1.3371302e-05,427.25
2000-05-15 00:00:00+00:00,47.54260867,7.58371693,,,0,0,1,0,0,0.6,1.58,287.74072,0.0,304.73438
2000-05-15 00:00:00+00:00,23.27,5.6,,,0,1,0,0,0,0.6,1.58,298.0624,0.0,2246.375
2000-05-15 00:00:00+00:00,69.1,-105.1166667,,,0,0,0,0,1,0.6,1.58,262.34677,0.0,0.0
2000-05-15 00:00:00+00:00,0.38,6.72,,,1,0,0,0,0,0.6,1.58,297.74628,0.00012329336,0.0
2000-05-15 00:00:00+00:00,-22.66416667,-48.06,,,1,0,0,0,0,0.6,1.58,294.33282,0.0,490.46875
2000-05-15 00:00:00+00:00,-67.57,-68.13,,,0,0,0,0,1,0.6,1.58,,,11.128906
2000-05-15 00:00:00+00:00,49.67,-93.72,,,0,0,0,1,0,0.6,1.58,288.37503,0.0,427.09375
2000-05-15 00:00:00+00:00,29.7,91.13333333,,,0,0,0,0,1,0.6,1.58,288.50015,0.0,3735.25
2000-05-15 00:00:00+00:00,12.54194444,39.76972222,,,0,1,0,0,0,0.6,1.58,294.28235,0.0,1782.5
2000-05-15 00:00:00+00:00,18.9,72.82,,,1,0,0,0,0,0.6,1.58,304.10968,0.0,0.0
2000-06-15 00:00:00+00:00,52.3,104.2833333,,,0,0,0,1,0,-0.3,-0.03,288.98547,0.0,427.25
2000-06-15 00:00:00+00:00,47.54260867,7.58371693,,,0,0,1,0,0,-0.3,-0.03,292.1029,0.0,304.73438
2000-06-15 00:00:00+00:00,23.27,5.6,,,0,1,0,0,0,-0.3,-0.03,299.75464,0.0,2246.375
2000-06-15 00:00:00+00:00,69.1,-105.1166667,,,0,0,0,0,1,-0.3,-0.03,271.97626,5.79254e-06,0.0
2000-06-15 00:00:00+00:00,0.38,6.72,,,1,0,0,0,0,-0.3,-0.03,297.40652,7.557538e-07,0.0
2000-06-15 00:00:00+00:00,-22.66416667,-48.06,,,1,0,0,0,0,-0.3,-0.03,292.617,4.8378122e-05,490.46875
2000-06-15 00:00:00+00:00,-67.57,-68.13,,,0,0,0,0,1,-0.3,-0.03,,,11.128906
2000-06-15 00:00:00+00:00,49.67,-93.72,,,0,0,0,1,0,-0.3,-0.03,288.079,1.528571e-05,427.09375
2000-06-15 00:00:00+00:00,29.7,91.13333333,,,0,0,0,0,1,-0.3,-0.03,293.99103,0.0,3735.25
2000-06-15 00:00:00+00:00,12.54194444,39.76972222,,,0,1,0,0,0,-0.3,-0.03,297.19788,0.0,1782.5
2000-06-15 00:00:00+00:00,18.9,72.82,,,1,0,0,0,0,-0.3,-0.03,301.77994,0.00025758124,0.0
2000-07-15 00:00:00+00:00,52.3,104.2833333,,,0,0,0,1,0,-0.3,-1.03,289.60843,0.0,427.25
2000-07-15 00:00:00+00:00,47.54260867,7.58371693,,,0,0,1,0,0,-0.3,-1.03,291.56555,0.00010897067,304.73438
2000-07-15 00:00:00+00:00,23.27,5.6,,,0,1,0,0,0,-0.3,-1.03,300.4738,0.0,2246.375
2000-07-15 00:00:00+00:00,69.1,-105.1166667,,,0,0,0,0,1,-0.3,-1.03,282.60587,0.0,0.0
2000-07-15 00:00:00+00:00,0.38,6.72,,,1,0,0,0,0,-0.3,-1.03,296.38467,8.1859065e-07,0.0
2000-07-15 00:00:00+00:00,-22.66416667,-48.06,,,1,0,0,0,0,-0.3,-1.03,288.9686,0.0,490.46875
2000-07-15 00:00:00+00:00,-67.57,-68.13,,,0,0,0,0,1,-0.3,-1.03,,,11.128906
2000-07-15 00:00:00+00:00,49.67,-93.72,,,0,0,0,1,0,-0.3,-1.03,297.83524,0.0,427.09375
2000-07-15 00:00:00+00:00,29.7,91.13333333,,,0,0,0,0,1,-0.3,-1.03,291.70752,1.7634913e-05,3735.25
2000-07-15 00:00:00+00:00,12.54194444,39.76972222,,,0,1,0,0,0,-0.3,-1.03,291.5239,0.00082746363,1782.5
2000-07-15 00:00:00+00:00,18.9,72.82,,,1,0,0,0,0,-0.3,-1.03,301.836,6.499844e-05,0.0
2000-08-15 00:00:00+00:00,52.3,104.2833333,,,0,0,0,1,0,1.2,-0.29,287.91214,0.0001378436,427.25
2000-08-15 00:00:00+00:00,47.54260867,7.58371693,,,0,0,1,0,0,1.2,-0.29,288.8109,0.0,304.73438
2000-08-15 00:00:00+00:00,23.27,5.6,,,0,1,0,0,0,1.2,-0.29,299.03754,6.1734477e-06,2246.375
2000-08-15 00:00:00+00:00,69.1,-105.1166667,,,0,0,0,0,1,1.2,-0.29,277.6984,0.0,0.0
2000-08-15 00:00:00+00:00,0.38,6.72,,,1,0,0,0,0,1.2,-0.29,295.53964,7.800197e-06,0.0
2000-08-15 00:00:00+00:00,-22.66416667,-48.06,,,1,0,0,0,0,1.2,-0.29,293.4403,0.0,490.46875
2000-08-15 00:00:00+00:00,-67.57,-68.13,,,0,0,0,0,1,1.2,-0.29,,,11.128906
2000-08-15 00:00:00+00:00,49.67,-93.72,,,0,0,0,1,0,1.2,-0.29,297.94534,2.8734119e-05,427.09375
2000-08-15 00:00:00+00:00,29.7,91.13333333,,,0,0,0,0,1,1.2,-0.29,289.91495,5.867349e-05,3735.25
2000-08-15 00:00:00+00:00,12.54194444,39.76972222,,,0,1,0,0,0,1.2,-0.29,294.16803,0.0,1782.5
2000-08-15 00:00:00+00:00,18.9,72.82,,,1,0,0,0,0,1.2,-0.29,299.86713,0.0002524057,0.0
2000-09-15 00:00:00+00:00,52.3,104.2833333,,,0,0,0,1,0,1.4,-0.21,284.5814,0.0,427.25
2000-09-15 00:00:00+00:00,47.54260867,7.58371693,,,0,0,1,0,0,1.4,-0.21,293.41458,1.6595754e-05,304.73438
2000-09-15 00:00:00+00:00,23.27,5.6,,,0,1,0,0,0,1.4,-0.21,297.19366,0.0,2246.375
2000-09-15 00:00:00+00:00,69.1,-105.1166667,,,0,0,0,0,1,1.4,-0.21,272.4316,0.0,0.0
2000-09-15 00:00:00+00:00,0.38,6.72,,,1,0,0,0,0,1.4,-0.21,296.15665,3.948292e-05,0.0
2000-09-15 00:00:00+00:00,-22.66416667,-48.06,,,1,0,0,0,0,1.4,-0.21,287.61716,0.00028559926,490.46875
2000-09-15 00:00:00+00:00,-67.57,-68.13,,,0,0,0,0,1,1.4,-0.21,,,11.128906
2000-09-15 00:00:00+00:00,49.67,-93.72,,,0,0,0,1,0,1.4,-0.21,288.42807,0.0,427.09375
2000-09-15 00:00:00+00:00,29.7,91.13333333,,,0,0,0,0,1,1.4,-0.21,287.23892,0.0,3735.25
2000-09-15 00:00:00+00:00,12.54194444,39.76972222,,,0,1,0,0,0,1.4,-0.21,293.0555,0.0,1782.5
2000-09-15 00:00:00+00:00,18.9,72.82,,,1,0,0,0,0,1.4,-0.21,301.3348,1.2665293e-05,0.0
2000-10-15 00:00:00+00:00,52.3,104.2833333,,,0,0,0,1,0,1.8,0.92,272.8233,4.0371306e-05,427.25
2000-10-15 00:00:00+00:00,47.54260867,7.58371693,,,0,0,1,0,0,1.8,0.92,283.12415,0.0,304.73438
2000-10-15 00:00:00+00:00,23.27,5.6,,,0,1,0,0,0,1.8,0.92,294.1619,0.0,2246.375
2000-10-15 00:00:00+00:00,69.1,-105.1166667,,,0,0,0,0,1,1.8,0.92,267.24832,2.6782698e-05,0.0
2000-10-15 00:00:00+00:00,0.38,6.72,,,1,0,0,0,0,1.8,0.92,297.45892,5.7333805e-06,0.0
2000-10-15 00:00:00+00:00,-22.66416667,-48.06,,,1,0,0,0,0,1.8,0.92,297.67737,0.000112487374,490.46875
2000-10-15 00:00:00+00:00,-67.57,-68.13,,,0,0,0,0,1,1.8,0.92,,,11.128906
2000-10-15 00:00:00+00:00,49.67,-93.72,,,0,0,0,1,0,1.8,0.92,275.05902,0.0,427.09375
2000-10-15 00:00:00+00:00,29.7,91.13333333,,,0,0,0,0,1,1.8,0.92,287.30786,0.0,3735.25
2000-10-15 00:00:00+00:00,12.54194444,39.76972222,,,0,1,0,0,0,1.8,0.92,291.12988,0.0,1782.5
2000-10-15 00:00:00+00:00,18.9,72.82,,,1,0,0,0,0,1.8,0.92,302.5455,0.0,0.0
2000-11-15 00:00:00+00:00,52.3,104.2833333,,,0,0,0,1,0,3.0,-0.92,255.1561,0.0,427.25
2000-11-15 00:00:00+00:00,47.54260867,7.58371693,,,0,0,1,0,0,3.0,-0.92,280.43942,2.6657537e-05,304.73438
2000-11-15 00:00:00+00:00,23.27,5.6,,,0,1,0,0,0,3.0,-0.92,288.54315,0.0,2246.375
2000-11-15 00:00:00+00:00,69.1,-105.1166667,,,0,0,0,0,1,3.0,-0.92,258.391,0.0,0.0
2000-11-15 00:00:00+00:00,0.38,6.72,,,1,0,0,0,0,3.0,-0.92,297.2431,0.000108234395,0.0
2000-11-15 00:00:00+00:00,-22.66416667,-48.06,,,1,0,0,0,0,3.0,-0.92,294.64133,0.0,490.46875
2000-11-15 00:00:00+00:00,-67.57,-68.13,,,0,0,0,0,1,3.0,-0.92,,,11.128906
2000-11-15 00:00:00+00:00,49.67,-93.72,,,0,0,0,1,0,3.0,-0.92,264.513,1.2450371e-05,427.09375
2000-11-15 00:00:00+00:00,29.7,91.13333333,,,0,0,0,0,1,3.0,-0.92,282.78168,1.4474643e-05,3735.25
2000-11-15 00:00:00+00:00,12.54194444,39.76972222,,,0,1,0,0,0,3.0,-0.92,291.14426,0.0,1782.5
2000-11-15 00:00:00+00:00,18.9,72.82,,,1,0,0,0,0,3.0,-0.92,299.9498,3.889316e-05,0.0
2000-12-15 00:00:00+00:00,52.3,104.2833333,,,0,0,0,1,0,1.3,-0.58,256.74915,0.0,427.25
2000-12-15 00:00:00+00:00,47.54260867,7.58371693,,,0,0,1,0,0,1.3,-0.58,274.84836,1.04682595e-05,304.73438
2000-12-15 00:00:00+00:00,23.27,5.6,,,0,1,0,0,0,1.3,-0.58,286.9902,0.0,2246.375
2000-12-15 00:00:00+00:00,69.1,-105.1166667,,,0,0,0,0,1,1.3,-0.58,245.4818,0.0,0.0
2000-12-15 00:00:00+00:00,0.38,6.72,,,1,0,0,0,0,1.3,-0.58,297.50775,0.00070100924,0.0
2000-12-15 00:00:00+00:00,-22.66416667,-48.06,,,1,0,0,0,0,1.3,-0.58,297.15085,7.4739887e-06,490.46875
2000-12-15 00:00:00+00:00,-67.57,-68.13,,,0,0,0,0,1,1.3,-0.58,,,11.128906
2000-12-15 00:00:00+00:00,49.67,-93.72,,,0,0,0,1,0,1.3,-0.58,242.69438,0.0,427.09375
2000-12-15 00:00:00+00:00,29.7,91.13333333,,,0,0,0,0,1,1.3,-0.58,275.07346,0.0,3735.25
2000-12-15 00:00:00+00:00,12.54194444,39.76972222,,,0,1,0,0,0,1.3,-0.58,292.433,0.0,1782.5
2000-12-15 00:00:00+00:00,18.9,72.82,,,1,0,0,0,0,1.3,-0.58,299.0232,3.120479e-06,0.0
2001-01-15 00:00:00+00:00,52.3,104.2833333,,,0,0,0,1,0,1.6,0.25,263.76572,6.6138527e-06,427.25
2001-01-15 00:00:00+00:00,47.54260867,7.58371693,,,0,0,1,0,0,1.6,0.25,275.3332,0.0,304.73438
2001-01-15 00:00:00+00:00,23.27,5.6,,,0,1,0,0,0,1.6,0.25,284.1366,0.0,2246.375
2001-01-15 00:00:00+00:00,69.1,-105.1166667,,,0,0,0,0,1,1.6,0.25,241.51532,0.0,0.0
2001-01-15 00:00:00+00:00,0.38,6.72,,,1,0,0,0,0,1.6,0.25,297.78925,0.00014703255,0.0
2001-01-15 00:00:00+00:00,-22.66416667,-48.06,,,1,0,0,0,0,1.6,0.25,295.78647,0.00012914311,490.46875
2001-01-15 00:00:00+00:00,-67.57,-68.13,,,0,0,0,0,1,1.6,0.25,,,11.128906
2001-01-15 00:00:00+00:00,49.67,-93.72,,,0,0,0,1,0,1.6,0.25,239.899,0.0,427.09375
2001-01-15 00:00:00+00:00,29.7,91.13333333,,,0,0,0,0,1,1.6,0.25,274.14594,0.0,3735.25
2001-01-15 00:00:00+00:00,12.54194444,39.76972222,,,0,1,0,0,0,1.6,0.25,291.19922,0.0,1782.5
2001-01-15 00:00:00+00:00,18.9,72.82,,,1,0,0,0,0,1.6,0.25,295.76135,0.0,0.0
2001-02-15 00:00:00+00:00,52.3,104.2833333,,,0,0,0,1,0,2.8,0.45,260.25464,0.0,427.25
2001-02-15 00:00:00+00:00,47.54260867,7.58371693,,,0,0,1,0,0,2.8,0.45,279.14276,2.7854165e-05,304.73438
2001-02-15 00:00:00+00:00,23.27,5.6,,,0,1,0,0,0,2.8,0.45,283.2729,0.0,2246.375
2001-02-15 00:00:00+00:00,69.1,-105.1166667,,,0,0,0,0,1,2.8,0.45,239.59926,0.0,0.0
2001-02-15 00:00:00+00:00,0.38,6.72,,,1,0,0,0,0,2.8,0.45,298.55347,4.766525e-05,0.0
2001-02-15 00:00:00+00:00,-22.66416667,-48.06,,,1,0,0,0,0,2.8,0.45,300.70816,3.1149757e-05,490.46875
2001-02-15 00:00:00+00:00,-67.57,-68.13,,,0,0,0,0,1,2.8,0.45,,,11.128906
2001-02-15 00:00:00+00:00,49.67,-93.72,,,0,0,0,1,0,2.8,0.45,269.60522,0.0,427.09375
2001-02-15 00:00:00+00:00,29.7,91.13333333,,,0,0,0,0,1,2.8,0.45,281.00073,0.0,3735.25
2001-02-15 00:00:00+00:00,12.54194444,39.76972222,,,0,1,0,0,0,2.8,0.45,290.20972,0.0,1782.5
2001-02-15 00:00:00+00:00,18.9,72.82,,,1,0,0,0,0,2.8,0.45,297.29877,0.0,0.0
2001-03-15 00:00:00+00:00,52.3,104.2833333,,,0,0,0,1,0,1.5,-1.26,267.4981,0.0,427.25
2001-03-15 00:00:00+00:00,47.54260867,7.58371693,,,0,0,1,0,0,1.5,-1.26,283.0501,3.1008854e-05,304.73438
2001-03-15 00:00:00+00:00,23.27,5.6,,,0,1,0,0,0,1.5,-1.26,287.1416,0.0,2246.375
2001-03-15 00:00:00+00:00,69.1,-105.1166667,,,0,0,0,0,1,1.5,-1.26,235.45662,0.0,0.0
2001-03-15 00:00:00+00:00,0.38,6.72,,,1,0,0,0,0,1.5,-1.26,299.31168,0.00014809293,0.0
2001-03-15 00:00:00+00:00,-22.66416667,-48.06,,,1,0,0,0,0,1.5,-1.26,298.5019,0.0,490.46875
2001-03-15 00:00:00+00:00,-67.57,-68.13,,,0,0,0,0,1,1.5,-1.26,,,11.128906
2001-03-15 00:00:00+00:00,49.67,-93.72,,,0,0,0,1,0,1.5,-1.26,263.7576,0.0,427.09375
2001-03-15 00:00:00+00:00,29.7,91.13333333,,,0,0,0,0,1,1.5,-1.26,282.5802,0.0,3735.25
2001-03-15 00:00:00+00:00,12.54194444,39.76972222,,,0,1,0,0,0,1.5,-1.26,294.894,0.0,1782.5
2001-03-15 00:00:00+00:00,18.9,72.82,,,1,0,0,0,0,1.5,-1.26,299.6759,0.0,0.0
2001-04-15 00:00:00+00:00,52.3,104.2833333,,,0,0,0,1,0,0.3,0.0,274.65305,8.924822e-06,427.25
2001-04-15 00:00:00+00:00,47.54260867,7.58371693,,,0,0,1,0,0,0.3,0.0,273.55997,5.531555e-05,304.73438
2001-04-15 00:00:00+00:00,23.27,5.6,,,0,1,0,0,0,0.3,0.0,292.99698,0.0,2246.375
2001-04-15 00:00:00+00:00,69.1,-105.1166667,,,0,0,0,0,1,0.3,0.0,244.9306,0.0,0.0
2001-04-15 00:00:00+00:00,0.38,6.72,,,1,0,0,0,0,0.3,0.0,300.265,0.0,0.0
2001-04-15 00:00:00+00:00,-22.66416667,-48.06,,,1,0,0,0,0,0.3,0.0,295.9875,0.0,490.46875
2001-04-15 00:00:00+00:00,-67.57,-68.13,,,0,0,0,0,1,0.3,0.0,,,11.128906
2001-04-15 00:00:00+00:00,49.67,-93.72,,,0,0,0,1,0,0.3,0.0,269.47964,0.0,427.09375
2001-04-15 00:00:00+00:00,29.7,91.13333333,,,0,0,0,0,1,0.3,0.0,286.42892,0.0,3735.25
2001-04-15 00:00:00+00:00,12.54194444,39.76972222,,,0,1,0,0,0,0.3,0.0,292.4255,0.0,1782.5
2001-04-15 00:00:00+00:00,18.9,72.82,,,1,0,0,0,0,0.3,0.0,302.39792,0.0,0.0
2001-05-15 00:00:00+00:00,52.3,104.2833333,,,0,0,0,1,0,-0.8,-0.02,286.0802,0.0,427.25
2001-05-15 00:00:00+00:00,47.54260867,7.58371693,,,0,0,1,0,0,-0.8,-0.02,284.6046,8.4442145e-06,304.73438
2001-05-15 00:00:00+00:00,23.27,5.6,,,0,1,0,0,0,-0.8,-0.02,299.9618,0.0,2246.375
2001-05-15 00:00:00+00:00,69.1,-105.1166667,,,0,0,0,0,1,-0.8,-0.02,267.8107,0.0,0.0
2001-05-15 00:00:00+00:00,0.38,6.72,,,1,0,0,0,0,-0.8,-0.02,300.04404,3.4260505e-05,0.0
2001-05-15 00:00:00+00:00,-22.66416667,-48.06,,,1,0,0,0,0,-0.8,-0.02,295.4341,0.0,490.46875
2001-05-15 00:00:00+00:00,-67.57,-68.13,,,0,0,0,0,1,-0.8,-0.02,,,11.128906
2001-05-15 00:00:00+00:00,49.67,-93.72,,,0,0,0,1,0,-0.8,-0.02,292.3099,0.0,427.09375
2001-05-15 00:00:00+00:00,29.7,91.13333333,,,0,0,0,0,1,-0.8,-0.02,285.6448,0.0,3735.25
2001-05-15 00:00:00+00:00,12.54194444,39.76972222,,,0,1,0,0,0,-0.8,-0.02,297.08612,0.0,1782.5
2001-05-15 00:00:00+00:00,18.9,72.82,,,1,0,0,0,0,-0.8,-0.02,303.57547,0.0,0.0
2001-06-15 00:00:00+00:00,52.3,104.2833333,,,0,0,0,1,0,0.5,-0.2,286.99432,0.0,427.25
2001-06-15 00:00:00+00:00,47.54260867,7.58371693,,,0,0,1,0,0,0.5,-0.2,291.98172,0.0,304.73438
2001-06-15 00:00:00+00:00,23.27,5.6,,,0,1,0,0,0,0.5,-0.2,300.41092,0.0,2246.375
2001-06-15 00:00:00+00:00,69.1,-105.1166667,,,0,0,0,0,1,0.5,-0.2,278.44373,0.0,0.0
2001-06-15 00:00:00+00:00,0.38,6.72,,,1,0,0,0,0,0.5,-0.2,296.94812,1.2700533e-05,0.0
2001-06-15 00:00:00+00:00,-22.66416667,-48.06,,,1,0,0,0,0,0.5,-0.2,292.94452,0.0,490.46875
2001-06-15 00:00:00+00:00,-67.57,-68.13,,,0,0,0,0,1,0.5,-0.2,,,11.128906
2001-06-15 00:00:00+00:00,49.67,-93.72,,,0,0,0,1,0,0.5,-0.2,291.30386,0.0,427.09375
2001-06-15 00:00:00+00:00,29.7,91.13333333,,,0,0,0,0,1,0.5,-0.2,291.08456,0.0,3735.25
2001-06-15 00:00:00+00:00,12.54194444,39.76972222,,,0,1,0,0,0,0.5,-0.2,295.92526,0.0,1782.5
2001-06-15 00:00:00+00:00,18.9,72.82,,,1,0,0,0,0,0.5,-0.2,301.6558,0.00040531813,0.0
2001-07-15 00:00:00+00:00,52.3,104.2833333,,,0,0,0,1,0,-0.3,-0.25,290.20428,0.0,427.25
2001-07-15 00:00:00+00:00,47.54260867,7.58371693,,,0,0,1,0,0,-0.3,-0.25,287.03525,3.676262e-05,304.73438
2001-07-15 00:00:00+00:00,23.27,5.6,,,0,1,0,0,0,-0.3,-0.25,301.5672,1.7217003e-06,2246.375
2001-07-15 00:00:00+00:00,69.1,-105.1166667,,,0,0,0,0,1,-0.3,-0.25,278.018,7.81204e-06,0.0
2001-07-15 00:00:00+00:00,0.38,6.72,,,1,0,0,0,0,-0.3,-0.25,296.6208,0.0,0.0
2001-07-15 00:00:00+00:00,-22.66416667,-48.06,,,1,0,0,0,0,-0.3,-0.25,294.12503,0.0,490.46875
2001-07-15 00:00:00+00:00,-67.57,-68.13,,,0,0,0,0,1,-0.3,-0.25,,,11.128906
2001-07-15 00:00:00+00:00,49.67,-93.72,,,0,0,0,1,0,-0.3,-0.25,293.27167,0.0,427.09375
2001-07-15 00:00:00+00:00,29.7,91.13333333,,,0,0,0,0,1,-0.3,-0.25,291.94684,0.0,3735.25
2001-07-15 00:00:00+00:00,12.54194444,39.76972222,,,0,1,0,0,0,-0.3,-0.25,297.31622,0.0,1782.5
2001-07-15 00:00:00+00:00,18.9,72.82,,,1,0,0,0,0,-0.3,-0.25,301.04718,8.1399296e-05,0.0
2001-08-15 00:00:00+00:00,52.3,104.2833333,,,0,0,0,1,0,-0.7,-0.07,290.88864,0.0,427.25
2001-08-15 00:00:00+00:00,47.54260867,7.58371693,,,0,0,1,0,0,-0.7,-0.07,288.11038,0.0,304.73438
2001-08-15 00:00:00+00:00,23.27,5.6,,,0,1,0,0,0,-0.7,-0.07,300.80887,0.0,2246.375
2001-08-15 00:00:00+00:00,69.1,-105.1166667,,,0,0,0,0,1,-0.7,-0.07,281.8472,5.269959e-05,0.0
2001-08-15 00:00:00+00:00,0.38,6.72,,,1,0,0,0,0,-0.7,-0.07,296.72293,0.0,0.0
2001-08-15 00:00:00+00:00,-22.66416667,-48.06,,,1,0,0,0,0,-0.7,-0.07,289.85562,0.0,490.46875
2001-08-15 00:00:00+00:00,-67.57,-68.13,,,0,0,0,0,1,-0.7,-0.07,,,11.128906
2001-08-15 00:00:00+00:00,49.67,-93.72,,,0,0,0,1,0,-0.7,-0.07,294.24338,1.3262509e-05,427.09375
2001-08-15 00:00:00+00:00,29.7,91.13333333,,,0,0,0,0,1,-0.7,-0.07,292.2061,0.000110353816,3735.25
2001-08-15 00:00:00+00:00,12.54194444,39.76972222,,,0,1,0,0,0,-0.7,-0.07,295.18906,9.7976175e-05,1782.5
2001-08-15 00:00:00+00:00,18.9,72.82,,,1,0,0,0,0,-0.7,-0.07,299.81778,0.000105606734,0.0
2001-09-15 00:00:00+00:00,52.3,104.2833333,,,0,0,0,1,0,0.3,-0.65,289.1429,8.444868e-05,427.25
2001-09-15 00:00:00+00:00,47.54260867,7.58371693,,,0,0,1,0,0,0.3,-0.65,286.88562,0.0,304.73438
2001-09-15 00:00:00+00:00,23.27,5.6,,,0,1,0,0,0,0.3,-0.65,298.97437,0.0,2246.375
2001-09-15 00:00:00+00:00,69.1,-105.1166667,,,0,0,0,0,1,0.3,-0.65,270.25723,0.0,0.0
2001-09-15 00:00:00+00:00,0.38,6.72,,,1,0,0,0,0,0.3,-0.65,296.5929,1.4900161e-05,0.0
2001-09-15 00:00:00+00:00,-22.66416667,-48.06,,,1,0,0,0,0,0.3,-0.65,285.6235,0.0,490.46875
2001-09-15 00:00:00+00:00,-67.57,-68.13,,,0,0,0,0,1,0.3,-0.65,,,11.128906
2001-09-15 00:00:00+00:00,49.67,-93.72,,,0,0,0,1,0,0.3,-0.65,283.4761,5.5639943e-05,427.09375
2001-09-15 00:00:00+00:00,29.7,91.13333333,,,0,0,0,0,1,0.3,-0.65,290.5797,4.6008307e-05,3735.25
2001-09-15 00:00:00+00:00,12.54194444,39.76972222,,,0,1,0,0,0,0.3,-0.65,293.6922,0.0,1782.5
2001-09-15 00:00:00+00:00,18.9,72.82,,,1,0,0,0,0,0.3,-0.65,300.4858,2.045521e-05,0.0
2001-10-15 00:00:00+00:00,52.3,104.2833333,,,0,0,0,1,0,-0.1,-0.24,279.43228,0.0,427.25
2001-10-15 00:00:00+00:00,47.54260867,7.58371693,,,0,0,1,0,0,-0.1,-0.24,286.54715,1.3772385e-05,304.73438
2001-10-15 00:00:00+00:00,23.27,5.6,,,0,1,0,0,0,-0.1,-0.24,293.3896,0.0,2246.375
2001-10-15 00:00:00+00:00,69.1,-105.1166667,,,0,0,0,0,1,-0.1,-0.24,268.8363,3.16697e-05,0.0
2001-10-15 00:00:00+00:00,0.38,6.72,,,1,0,0,0,0,-0.1,-0.24,296.4506,7.7049095e-05,0.0
2001-10-15 00:00:00+00:00,-22.66416667,-48.06,,,1,0,0,0,0,-0.1,-0.24,299.2463,9.875992e-06,490.46875
2001-10-15 00:00:00+00:00,-67.57,-68.13,,,0,0,0,0,1,-0.1,-0.24,,,11.128906
2001-10-15 00:00:00+00:00,49.67,-93.72,,,0,0,0,1,0,-0.1,-0.24,281.59552,9.364106e-06,427.09375
2001-10-15 00:00:00+00:00,29.7,91.13333333,,,0,0,0,0,1,-0.1,-0.24,284.98724,4.2699585e-06,3735.25
2001-10-15 00:00:00+00:00,12.54194444,39.76972222,,,0,1,0,0,0,-0.1,-0.24,291.07623,0.0,1782.5
2001-10-15 00:00:00+00:00,18.9,72.82,,,1,0,0,0,0,-0.1,-0.24,301.96252,1.633664e-05,0.0
2001-11-15 00:00:00+00:00,52.3,104.2833333,,,0,0,0,1,0,1.1,0.63,266.99692,0.0,427.25
2001-11-15 00:00:00+00:00,47.54260867,7.58371693,,,0,0,1,0,0,1.1,0.63,280.8804,0.0,304.73438
2001-11-15 00:00:00+00:00,23.27,5.6,,,0,1,0,0,0,1.1,0.63,285.07864,0.0,2246.375
2001-11-15 00:00:00+00:00,69.1,-105.1166667,,,0,0,0,0,1,1.1,0.63,253.71552,0.0,0.0
2001-11-15 00:00:00+00:00,0.38,6.72,,,1,0,0,0,0,1.1,0.63,296.12387,8.745961e-05,0.0
2001-11-15 00:00:00+00:00,-22.66416667,-48.06,,,1,0,0,0,0,1.1,0.63,298.87476,3.6868105e-06,490.46875
2001-11-15 00:00:00+00:00,-67.57,-68.13,,,0,0,0,0,1,1.1,0.63,,,11.128906
2001-11-15 00:00:00+00:00,49.67,-93.72,,,0,0,0,1,0,1.1,0.63,277.40894,0.0,427.09375
2001-11-15 00:00:00+00:00,29.7,91.13333333,,,0,0,0,0,1,1.1,0.63,278.6201,0.0,3735.25
2001-11-15 00:00:00+00:00,12.54194444,39.76972222,,,0,1,0,0,0,1.1,0.63,291.60742,0.0,1782.5
2001-11-15 00:00:00+00:00,18.9,72.82,,,1,0,0,0,0,1.1,0.63,300.50024,0.0,0.0
2001-12-15 00:00:00+00:00,52.3,104.2833333,,,0,0,0,1,0,-1.4,-0.83,258.3979,1.2422488e-05,427.25
2001-12-15 00:00:00+00:00,47.54260867,7.58371693,,,0,0,1,0,0,-1.4,-0.83,279.71097,1.7894668e-05,304.73438
2001-12-15 00:00:00+00:00,23.27,5.6,,,0,1,0,0,0,-1.4,-0.83,283.1018,0.0,2246.375
2001-12-15 00:00:00+00:00,69.1,-105.1166667,,,0,0,0,0,1,-1.4,-0.83,261.53043,1.1231357e-05,0.0
2001-12-15 00:00:00+00:00,0.38,6.72,,,1,0,0,0,0,-1.4,-0.83,297.55273,3.160322e-05,0.0
2001-12-15 00:00:00+00:00,-22.66416667,-48.06,,,1,0,0,0,0,-1.4,-0.83,296.82013,0.0,490.46875
2001-12-15 00:00:00+00:00,-67.57,-68.13,,,0,0,0,0,1,-1.4,-0.83,,,11.128906
2001-12-15 00:00:00+00:00,49.67,-93.72,,,0,0,0,1,0,-1.4,-0.83,272.1567,2.0330715e-05,427.09375
2001-12-15 00:00:00+00:00,29.7,91.13333333,,,0,0,0,0,1,-1.4,-0.83,279.1329,0.0,3735.25
2001-12-15 00:00:00+00:00,12.54194444,39.76972222,,,0,1,0,0,0,-1.4,-0.83,290.44168,0.0,1782.5
2001-12-15 00:00:00+00:00,18.9,72.82,,,1,0,0,0,0,-1.4,-0.83,298.94183,0.0,0.0
2002-01-15 00:00:00+00:00,52.3,104.2833333,,,0,0,0,1,0,0.7,0.44,256.64166,1.1761382e-05,427.25
2002-01-15 00:00:00+00:00,47.54260867,7.58371693,,,0,0,1,0,0,0.7,0.44,275.37222,0.0,304.73438
2002-01-15 00:00:00+00:00,23.27,5.6,,,0,1,0,0,0,0.7,0.44,280.27554,0.0,2246.375
2002-01-15 00:00:00+00:00,69.1,-105.1166667,,,0,0,0,0,1,0.7,0.44,244.70432,0.0,0.0
2002-01-15 00:00:00+00:00,0.38,6.72,,,1,0,0,0,0,0.7,0.44,297.96506,0.00010624175,0.0
2002-01-15 00:00:00+00:00,-22.66416667,-48.06,,,1,0,0,0,0,0.7,0.44,298.33966,0.00012278843,490.46875
2002-01-15 00:00:00+00:00,-67.57,-68.13,,,0,0,0,0,1,0.7,0.44,,,11.128906
2002-01-15 00:00:00+00:00,49.67,-93.72,,,0,0,0,1,0,0.7,0.44,249.06027,0.0,427.09375
2002-01-15 00:00:00+00:00,29.7,91.13333333,,,0,0,0,0,1,0.7,0.44,276.342,0.0,3735.25
2002-01-15 00:00:00+00:00,12.54194444,39.76972222,,,0,1,0,0,0,0.7,0.44,290.55255,0.0,1782.5
2002-01-15 00:00:00+00:00,18.9,72.82,,,1,0,0,0,0,0.7,0.44,299.31018,0.0,0.0
2002-02-15 00:00:00+00:00,52.3,104.2833333,,,0,0,0,1,0,1.8,1.1,259.07965,0.0,427.25
2002-02-15 00:00:00+00:00,47.54260867,7.58371693,,,0,0,1,0,0,1.8,1.1,275.07056,3.682234e-05,304.73438
2002-02-15 00:00:00+00:00,23.27,5.6,,,0,1,0,0,0,1.8,1.1,282.54166,6.638423e-05,2246.375
2002-02-15 00:00:00+00:00,69.1,-105.1166667,,,0,0,0,0,1,1.8,1.1,235.9397,0.0,0.0
2002-02-15 00:00:00+00:00,0.38,6.72,,,1,0,0,0,0,1.8,1.1,298.4671,5.344021e-05,0.0
2002-02-15 00:00:00+00:00,-22.66416667,-48.06,,,1,0,0,0,0,1.8,1.1,298.6401,0.0,490.46875
2002-02-15 00:00:00+00:00,-67.57,-68.13,,,0,0,0,0,1,1.8,1.1,,,11.128906
2002-02-15 00:00:00+00:00,49.67,-93.72,,,0,0,0,1,0,1.8,1.1,269.35538,0.0,427.09375
2002-02-15 00:00:00+00:00,29.7,91.13333333,,,0,0,0,0,1,1.8,1.1,276.32956,0.0,3735.25
2002-02-15 00:00:00+00:00,12.54194444,39.76972222,,,0,1,0,0,0,1.8,1.1,292.1643,0.0,1782.5
2002-02-15 00:00:00+00:00,18.9,72.82,,,1,0,0,0,0,1.8,1.1,300.32172,0.0,0.0
2002-03-15 00:00:00+00:00,52.3,104.2833333,,,0,0,0,1,0,-0.4,0.69,270.35153,2.94276e-05,427.25
2002-03-15 00:00:00+00:00,47.54260867,7.58371693,,,0,0,1,0,0,-0.4,0.69,277.4105,2.2666673e-05,304.73438
2002-03-15 00:00:00+00:00,23.27,5.6,,,0,1,0,0,0,-0.4,0.69,283.79095,0.0,2246.375
2002-03-15 00:00:00+00:00,69.1,-105.1166667,,,0,0,0,0,1,-0.4,0.69,252.13007,1.0057108e-05,0.0
2002-03-15 00:00:00+00:00,0.38,6.72,,,1,0,0,0,0,-0.4,0.69,298.43716,0.00014141056,0.0
2002-03-15 00:00:00+00:00,-22.66416667,-48.06,,,1,0,0,0,0,-0.4,0.69,297.47116,3.064054e-05,490.46875
2002-03-15 00:00:00+00:00,-67.57,-68.13,,,0,0,0,0,1,-0.4,0.69,,,11.128906
2002-03-15 00:00:00+00:00,49.67,-93.72,,,0,0,0,1,0,-0.4,0.69,271.61624,0.0,427.09375
2002-03-15 00:00:00+00:00,29.7,91.13333333,,,0,0,0,0,1,-0.4,0.69,283.85205,0.0,3735.25
2002-03-15 00:00:00+00:00,12.54194444,39.76972222,,,0,1,0,0,0,-0.4,0.69,292.9056,0.0,1782.5
2002-03-15 00:00:00+00:00,18.9,72.82,,,1,0,0,0,0,-0.4,0.69,301.05145,0.0,0.0
2002-04-15 00:00:00+00:00,52.3,104.2833333,,,0,0,0,1,0,-0.1,1.18,274.8152,0.0,427.25
2002-04-15 00:00:00+00:00,47.54260867,7.58371693,,,0,0,1,0,0,-0.1,1.18,279.9246,0.0,304.73438
2002-04-15 00:00:00+00:00,23.27,5.6,,,0,1,0,0,0,-0.1,1.18,292.26636,0.0,2246.375
2002-04-15 00:00:00+00:00,69.1,-105.1166667,,,0,0,0,0,1,-0.1,1.18,243.27985,0.0,0.0
2002-04-15 00:00:00+00:00,0.38,6.72,,,1,0,0,0,0,-0.1,1.18,300.39532,9.3457365e-06,0.0
2002-04-15 00:00:00+00:00,-22.66416667,-48.06,,,1,0,0,0,0,-0.1,1.18,297.3727,2.9240124e-05,490.46875
2002-04-15 00:00:00+00:00,-67.57,-68.13,,,0,0,0,0,1,-0.1,1.18,,,11.128906
2002-04-15 00:00:00+00:00,49.67,-93.72,,,0,0,0,1,0,-0.1,1.18,277.19852,0.0,427.09375
2002-04-15 00:00:00+00:00,29.7,91.13333333,,,0,0,0,0,1,-0.1,1.18,283.5144,0.0,3735.25
2002-04-15 00:00:00+00:00,12.54194444,39.76972222,,,0,1,0,0,0,-0.1,1.18,297.0313,0.0,1782.5
2002-04-15 00:00:00+00:00,18.9,72.82,,,1,0,0,0,0,-0.1,1.18,301.5243,0.0,0.0
2002-05-15 00:00:00+00:00,52.3,104.2833333,,,0,0,0,1,0,-1.4,-0.22,279.00385,3.0577357e-05,427.25
2002-05-15 00:00:00+00:00,47.54260867,7.58371693,,,0,0,1,0,0,-1.4,-0.22,289.6537,3.849656e-05,304.73438
2002-05-15 00:00:00+00:00,23.27,5.6,,,0,1,0,0,0,-1.4,-0.22,298.34076,0.0,2246.375
2002-05-15 00:00:00+00:00,69.1,-105.1166667,,,0,0,0,0,1,-1.4,-0.22,265.57513,0.0,0.0
2002-05-15 00:00:00+00:00,0.38,6.72,,,1,0,0,0,0,-1.4,-0.22,297.53387,0.0001593387,0.0
2002-05-15 00:00:00+00:00,-22.66416667,-48.06,,,1,0,0,0,0,-1.4,-0.22,295.05072,0.0,490.46875
2002-05-15 00:00:00+00:00,-67.57,-68.13,,,0,0,0,0,1,-1.4,-0.22,,,11.128906
2002-05-15 00:00:00+00:00,49.67,-93.72,,,0,0,0,1,0,-1.4,-0.22,284.74734,0.0,427.09375
2002-05-15 00:00:00+00:00,29.7,91.13333333,,,0,0,0,0,1,-1.4,-0.22,291.25598,0.0,3735.25
2002-05-15 00:00:00+00:00,12.54194444,39.76972222,,,0,1,0,0,0,-1.4,-0.22,296.84558,0.0,1782.5
2002-05-15 00:00:00+00:00,18.9,72.82,,,1,0,0,0,0,-1.4,-0.22,303.76315,0.0,0.0
2002-06-15 00:00:00+00:00,52.3,104.2833333,,,0,0,0,1,0,-0.4,0.38,293.07404,0.0,427.25
2002-06-15 00:00:00+00:00,47.54260867,7.58371693,,,0,0,1,0,0,-0.4,0.38,282.57892,0.0,304.73438
2002-06-15 00:00:00+00:00,23.27,5.6,,,0,1,0,0,0,-0.4,0.38,300.46863,0.0,2246.375
2002-06-15 00:00:00+00:00,69.1,-105.1166667,,,0,0,0,0,1,-0.4,0.38,279.31897,0.0,0.0
2002-06-15 00:00:00+00:00,0.38,6.72,,,1,0,0,0,0,-0.4,0.38,297.20703,5.779508e-07,0.0
2002-06-15 00:00:00+00:00,-22.66416667,-48.06,,,1,0,0,0,0,-0.4,0.38,289.2734,0.0,490.46875
2002-06-15 00:00:00+00:00,-67.57,-68.13,,,0,0,0,0,1,-0.4,0.38,,,11.128906
2002-06-15 00:00:00+00:00,49.67,-93.72,,,0,0,0,1,0,-0.4,0.38,284.2788,0.0,427.09375
2002-06-15 00:00:00+00:00,29.7,91.13333333,,,0,0,0,0,1,-0.4,0.38,292.44882,1.8393921e-05,3735.25
2002-06-15 00:00:00+00:00,12.54194444,39.76972222,,,0,1,0,0,0,-0.4,0.38,295.57254,2.9120108e-06,1782.5
2002-06-15 00:00:00+00:00,18.9,72.82,,,1,0,0,0,0,-0.4,0.38,302.19247,0.00037676113,0.0
2002-07-15 00:00:00+00:00,52.3,104.2833333,,,0,0,0,1,0,-0.8,0.62,293.0464,0.00019723762,427.25
2002-07-15 00:00:00+00:00,47.54260867,7.58371693,,,0,0,1,0,0,-0.8,0.62,291.1505,0.0,304.73438
2002-07-15 00:00:00+00:00,23.27,5.6,,,0,1,0,0,0,-0.8,0.62,300.80942,0.0,2246.375
2002-07-15 00:00:00+00:00,69.1,-105.1166667,,,0,0,0,0,1,-0.8,0.62,288.2223,0.00012553201,0.0
2002-07-15 00:00:00+00:00,0.38,6.72,,,1,0,0,0,0,-0.8,0.62,295.82568,2.4948142e-06,0.0
2002-07-15 00:00:00+00:00,-22.66416667,-48.06,,,1,0,0,0,0,-0.8,0.62,295.66794,0.0,490.46875
2002-07-15 00:00:00+00:00,-67.57,-68.13,,,0,0,0,0,1,-0.8,0.62,,,11.128906
2002-07-15 00:00:00+00:00,49.67,-93.72,,,0,0,0,1,0,-0.8,0.62,292.66595,0.00026996274,427.09375
2002-07-15 00:00:00+00:00,29.7,91.13333333,,,0,0,0,0,1,-0.8,0.62,291.7039,0.0001688486,3735.25
2002-07-15 00:00:00+00:00,12.54194444,39.76972222,,,0,1,0,0,0,-0.8,0.62,293.07312,0.0,1782.5
2002-07-15 00:00:00+00:00,18.9,72.82,,,1,0,0,0,0,-0.8,0.62,301.0569,6.553854e-05,0.0
2002-08-15 00:00:00+00:00,52.3,104.2833333,,,0,0,0,1,0,-1.6,0.38,292.81552,0.0,427.25
2002-08-15 00:00:00+00:00,47.54260867,7.58371693,,,0,0,1,0,0,-1.6,0.38,290.33572,4.597041e-05,304.73438
2002-08-15 00:00:00+00:00,23.27,5.6,,,0,1,0,0,0,-1.6,0.38,300.35327,0.0,2246.375
2002-08-15 00:00:00+00:00,69.1,-105.1166667,,,0,0,0,0,1,-1.6,0.38,280.68994,5.4237793e-05,0.0
2002-08-15 00:00:00+00:00,0.38,6.72,,,1,0,0,0,0,-1.6,0.38,296.051,4.8935967e-06,0.0
2002-08-15 00:00:00+00:00,-22.66416667,-48.06,,,1,0,0,0,0,-1.6,0.38,297.28934,0.0,490.46875
2002-08-15 00:00:00+00:00,-67.57,-68.13,,,0,0,0,0,1,-1.6,0.38,,,11.128906
2002-08-15 00:00:00+00:00,49.67,-93.72,,,0,0,0,1,0,-1.6,0.38,288.97983,0.00011225471,427.09375
2002-08-15 00:00:00+00:00,29.7,91.13333333,,,0,0,0,0,1,-1.6,0.38,291.9377,0.0,3735.25
2002-08-15 00:00:00+00:00,12.54194444,39.76972222,,,0,1,0,0,0,-1.6,0.38,293.01578,0.0,1782.5
2002-08-15 00:00:00+00:00,18.9,72.82,,,1,0,0,0,0,-1.6,0.38,299.58176,5.3840093e-05,0.0
2002-09-15 00:00:00+00:00,52.3,104.2833333,,,0,0,0,1,0,-1.0,-0.7,284.69138,2.9071078e-05,427.25
2002-09-15 00:00:00+00:00,47.54260867,7.58371693,,,0,0,1,0,0,-1.0,-0.7,288.73776,0.0,304.73438
2002-09-15 00:00:00+00:00,23.27,5.6,,,0,1,0,0,0,-1.0,-0.7,299.76505,0.0,2246.375
2002-09-15 00:00:00+00:00,69.1,-105.1166667,,,0,0,0,0,1,-1.0,-0.7,279.30496,0.0,0.0
2002-09-15 00:00:00+00:00,0.38,6.72,,,1,0,0,0,0,-1.0,-0.7,297.43716,0.0,0.0
2002-09-15 00:00:00+00:00,-22.66416667,-48.06,,,1,0,0,0,0,-1.0,-0.7,296.53107,0.0,490.46875
2002-09-15 00:00:00+00:00,-67.57,-68.13,,,0,0,0,0,1,-1.0,-0.7,,,11.128906
2002-09-15 00:00:00+00:00,49.67,-93.72,,,0,0,0,1,0,-1.0,-0.7,281.02588,0.0,427.09375
2002-09-15 00:00:00+00:00,29.7,91.13333333,,,0,0,0,0,1,-1.0,-0.7,287.84457,0.0,3735.25
2002-09-15 00:00:00+00:00,12.54194444,39.76972222,,,0,1,0,0,0,-1.0,-0.7,292.69846,7.832933e-05,1782.5
2002-09-15 00:00:00+00:00,18.9,72.82,,,1,0,0,0,0,-1.0,-0.7,301.2113,1.8797562e-05,0.0
2002-10-15 00:00:00+00:00,52.3,104.2833333,,,0,0,0,1,0,-0.6,-2.28,280.18094,0.0,427.25
2002-10-15 00:00:00+00:00,47.54260867,7.58371693,,,0,0,1,0,0,-0.6,-2.28,286.44434,0.0,304.73438
2002-10-15 00:00:00+00:00,23.27,5.6,,,0,1,0,0,0,-0.6,-2.28,297.57816,0.0,2246.375
2002-10-15 00:00:00+00:00,69.1,-105.1166667,,,0,0,0,0,1,-0.6,-2.28,266.26593,3.4417894e-06,0.0
2002-10-15 00:00:00+00:00,0.38,6.72,,,1,0,0,0,0,-0.6,-2.28,297.62,3.4441277e-05,0.0
2002-10-15 00:00:00+00:00,-22.66416667,-48.06,,,1,0,0,0,0,-0.6,-2.28,294.83762,1.6367238e-05,490.46875
2002-10-15 00:00:00+00:00,-67.57,-68.13,,,0,0,0,0,1,-0.6,-2.28,,,11.128906
2002-10-15 00:00:00+00:00,49.67,-93.72,,,0,0,0,1,0,-0.6,-2.28,276.28256,0.0,427.09375
2002-10-15 00:00:00+00:00,29.7,91.13333333,,,0,0,0,0,1,-0.6,-2.28,287.21252,0.0,3735.25
2002-10-15 00:00:00+00:00,12.54194444,39.76972222,,,0,1,0,0,0,-0.6,-2.28,292.12585,0.0,1782.5
2002-10-15 00:00:00+00:00,18.9,72.82,,,1,0,0,0,0,-0.6,-2.28,302.18768,6.5968034e-06,0.0
2002-11-15 00:00:00+00:00,52.3,104.2833333,,,0,0,0,1,0,-0.7,-0.18,259.44226,0.0,427.25
2002-11-15 00:00:00+00:00,47.54260867,7.58371693,,,0,0,1,0,0,-0.7,-0.18,284.13925,6.805631e-05,304.73438
2002-11-15 00:00:00+00:00,23.27,5.6,,,0,1,0,0,0,-0.7,-0.18,288.3786,0.0,2246.375
2002-11-15 00:00:00+00:00,69.1,-105.1166667,,,0,0,0,0,1,-0.7,-0.18,245.88376,0.0,0.0
2002-11-15 00:00:00+00:00,0.38,6.72,,,1,0,0,0,0,-0.7,-0.18,298.41705,2.2204931e-05,0.0
2002-11-15 00:00:00+00:00,-22.66416667,-48.06,,,1,0,0,0,0,-0.7,-0.18,298.40396,3.3678134e-05,490.46875
2002-11-15 00:00:00+00:00,-67.57,-68.13,,,0,0,0,0,1,-0.7,-0.18,,,11.128906
2002-11-15 00:00:00+00:00,49.67,-93.72,,,0,0,0,1,0,-0.7,-0.18,267.16153,0.0,427.09375
2002-11-15 00:00:00+00:00,29.7,91.13333333,,,0,0,0,0,1,-0.7,-0.18,275.6158,0.0,3735.25
2002-11-15 00:00:00+00:00,12.54194444,39.76972222,,,0,1,0,0,0,-0.7,-0.18,289.2429,0.0,1782.5
2002-11-15 00:00:00+00:00,18.9,72.82,,,1,0,0,0,0,-0.7,-0.18,299.49857,0.0,0.0
2002-12-15 00:00:00+00:00,52.3,104.2833333,,,0,0,0,1,0,-1.8,-0.94,258.20947,1.2162852e-05,427.25
2002-12-15 00:00:00+00:00,47.54260867,7.58371693,,,0,0,1,0,0,-1.8,-0.94,267.46454,9.34659e-06,304.73438
2002-12-15 00:00:00+00:00,23.27,5.6,,,0,1,0,0,0,-1.8,-0.94,283.9224,0.0,2246.375
2002-12-15 00:00:00+00:00,69.1,-105.1166667,,,0,0,0,0,1,-1.8,-0.94,254.89012,0.0,0.0
2002-12-15 00:00:00+00:00,0.38,6.72,,,1,0,0,0,0,-1.8,-0.94,298.31955,0.00012721462,0.0
2002-12-15 00:00:00+00:00,-22.66416667,-48.06,,,1,0,0,0,0,-1.8,-0.94,297.13202,0.0,490.46875
2002-12-15 00:00:00+00:00,-67.57,-68.13,,,0,0,0,0,1,-1.8,-0.94,,,11.128906
2002-12-15 00:00:00+00:00,49.67,-93.72,,,0,0,0,1,0,-1.8,-0.94,262.5802,1.7680426e-05,427.09375
2002-12-15 00:00:00+00:00,29.7,91.13333333,,,0,0,0,0,1,-1.8,-0.94,272.7602,0.0,3735.25
2002-12-15 00:00:00+00:00,12.54194444,39.76972222,,,0,1,0,0,0,-1.8,-0.94,290.74863,0.0,1782.5
2002-12-15 00:00:00+00:00,18.9,72.82,,,1,0,0,0,0,-1.8,-0.94,297.40784,0.0,0.0
2003-01-15 00:00:00+00:00,52.3,104.2833333,,,0,0,0,1,0,-0.3,0.16,254.54984,0.0,427.25
2003-01-15 00:00:00+00:00,47.54260867,7.58371693,,,0,0,1,0,0,-0.3,0.16,278.74744,2.6949912e-05,304.73438
2003-01-15 00:00:00+00:00,23.27,5.6,,,0,1,0,0,0,-0.3,0.16,281.13138,0.0,2246.375
2003-01-15 00:00:00+00:00,69.1,-105.1166667,,,0,0,0,0,1,-0.3,0.16,246.13,0.0,0.0
2003-01-15 00:00:00+00:00,0.38,6.72,,,1,0,0,0,0,-0.3,0.16,299.0757,3.7952428e-05,0.0
2003-01-15 00:00:00+00:00,-22.66416667,-48.06,,,1,0,0,0,0,-0.3,0.16,300.41193,2.9422034e-05,490.46875
2003-01-15 00:00:00+00:00,-67.57,-68.13,,,0,0,0,0,1,-0.3,0.16,,,11.128906
2003-01-15 00:00:00+00:00,49.67,-93.72,,,0,0,0,1,0,-0.3,0.16,265.78204,2.1427324e-05,427.09375
2003-01-15 00:00:00+00:00,29.7,91.13333333,,,0,0,0,0,1,-0.3,0.16,272.51605,0.0,3735.25
2003-01-15 00:00:00+00:00,12.54194444,39.76972222,,,0,1,0,0,0,-0.3,0.16,290.09515,0.0,1782.5
2003-01-15 00:00:00+00:00,18.9,72.82,,,1,0,0,0,0,-0.3,0.16,298.28867,0.0,0.0
2003-02-15 00:00:00+00:00,52.3,104.2833333,,,0,0,0,1,0,-1.1,0.62,254.04063,0.0,427.25
2003-02-15 00:00:00+00:00,47.54260867,7.58371693,,,0,0,1,0,0,-1.1,0.62,267.7951,0.0,304.73438
2003-02-15 00:00:00+00:00,23.27,5.6,,,0,1,0,0,0,-1.1,0.62,284.60754,0.0,2246.375
2003-02-15 00:00:00+00:00,69.1,-105.1166667,,,0,0,0,0,1,-1.1,0.62,235.93997,0.0,0.0
2003-02-15 00:00:00+00:00,0.38,6.72,,,1,0,0,0,0,-1.1,0.62,300.74792,1.200324e-05,0.0
2003-02-15 00:00:00+00:00,-22.66416667,-48.06,,,1,0,0,0,0,-1.1,0.62,298.3549,0.00016585996,490.46875
2003-02-15 00:00:00+00:00,-67.57,-68.13,,,0,0,0,0,1,-1.1,0.62,,,11.128906
2003-02-15 00:00:00+00:00,49.67,-93.72,,,0,0,0,1,0,-1.1,0.62,262.95547,0.0,427.09375
2003-02-15 00:00:00+00:00,29.7,91.13333333,,,0,0,0,0,1,-1.1,0.62,276.11783,6.639357e-05,3735.25
2003-02-15 00:00:00+00:00,12.54194444,39.76972222,,,0,1,0,0,0,-1.1,0.62,291.798,0.0,1782.5
2003-02-15 00:00:00+00:00,18.9,72.82,,,1,0,0,0,0,-1.1,0.62,294.71686,0.0,0.0
2003-03-15 00:00:00+00:00,52.3,104.2833333,,,0,0,0,1,0,-0.5,0.32,261.84424,0.0,427.25
2003-03-15 00:00:00+00:00,47.54260867,7.58371693,,,0,0,1,0,0,-0.5,0.32,269.07034,0.0,304.73438
2003-03-15 00:00:00+00:00,23.27,5.6,,,0,1,0,0,0,-0.5,0.32,288.02228,0.0,2246.375
2003-03-15 00:00:00+00:00,69.1,-105.1166667,,,0,0,0,0,1,-0.5,0.32,258.07202,1.6864642e-05,0.0
2003-03-15 00:00:00+00:00,0.38,6.72,,,1,0,0,0,0,-0.5,0.32,300.20334,3.759766e-05,0.0
2003-03-15 00:00:00+00:00,-22.66416667,-48.06,,,1,0,0,0,0,-0.5,0.32,297.2823,1.3412892e-05,490.46875
2003-03-15 00:00:00+00:00,-67.57,-68.13,,,0,0,0,0,1,-0.5,0.32,,,11.128906
2003-03-15 00:00:00+00:00,49.67,-93.72,,,0,0,0,1,0,-0.5,0.32,271.6794,0.0,427.09375
2003-03-15 00:00:00+00:00,29.7,91.13333333,,,0,0,0,0,1,-0.5,0.32,279.55063,0.0,3735.25
2003-03-15 00:00:00+00:00,12.54194444,39.76972222,,,0,1,0,0,0,-0.5,0.32,294.90887,0.0,1782.5
2003-03-15 00:00:00+00:00,18.9,72.82,,,1,0,0,0,0,-0.5,0.32,298.8339,0.0,0.0
2003-04-15 00:00:00+00:00,52.3,104.2833333,,,0,0,0,1,0,-0.2,-0.18,275.66205,0.0,427.25
2003-04-15 00:00:00+00:00,47.54260867,7.58371693,,,0,0,1,0,0,-0.2,-0.18,281.36533,8.093161e-06,304.73438
2003-04-15 00:00:00+00:00,23.27,5.6,,,0,1,0,0,0,-0.2,-0.18,289.26025,0.0,2246.375
2003-04-15 00:00:00+00:00,69.1,-105.1166667,,,0,0,0,0,1,-0.2,-0.18,246.75761,0.0,0.0
2003-04-15 00:00:00+00:00,0.38,6.72,,,1,0,0,0,0,-0.2,-0.18,299.0733,5.804329e-05,0.0
2003-04-15 00:00:00+00:00,-22.66416667,-48.06,,,1,0,0,0,0,-0.2,-0.18,294.85995,0.0,490.46875
2003-04-15 00:00:00+00:00,-67.57,-68.13,,,0,0,0,0,1,-0.2,-0.18,,,11.128906
2003-04-15 00:00:00+00:00,49.67,-93.72,,,0,0,0,1,0,-0.2,-0.18,278.46506,0.0,427.09375
2003-04-15 00:00:00+00:00,29.7,91.13333333,,,0,0,0,0,1,-0.2,-0.18,285.45047,0.0,3735.25
2003-04-15 00:00:00+00:00,12.54194444,39.76972222,,,0,1,0,0,0,-0.2,-0.18,297.9124,0.0,1782.5
2003-04-15 00:00:00+00:00,18.9,72.82,,,1,0,0,0,0,-0.2,-0.18,302.269,0.0,0.0
2003-05-15 00:00:00+00:00,52.3,104.2833333,,,0,0,0,1,0,-0.5,0.01,281.77823,0.0,427.25
2003-05-15 00:00:00+00:00,47.54260867,7.58371693,,,0,0,1,0,0,-0.5,0.01,277.3471,5.770227e-05,304.73438
2003-05-15 00:00:00+00:00,23.27,5.6,,,0,1,0,0,0,-0.5,0.01,297.85538,0.0,2246.375
2003-05-15 00:00:00+00:00,69.1,-105.1166667,,,0,0,0,0,1,-0.5,0.01,267.2927,0.0,0.0
2003-05-15 00:00:00+00:00,0.38,6.72,,,1,0,0,0,0,-0.5,0.01,299.11118,2.3603461e-05,0.0
2003-05-15 00:00:00+00:00,-22.66416667,-48.06,,,1,0,0,0,0,-0.5,0.01,290.82056,3.657246e-05,490.46875
2003-05-15 00:00:00+00:00,-67.57,-68.13,,,0,0,0,0,1,-0.5,0.01,,,11.128906
2003-05-15 00:00:00+00:00,49.67,-93.72,,,0,0,0,1,0,-0.5,0.01,279.24567,0.00026900598,427.09375
2003-05-15 00:00:00+00:00,29.7,91.13333333,,,0,0,0,0,1,-0.5,0.01,290.45285,8.489609e-06,3735.25
2003-05-15 00:00:00+00:00,12.54194444,39.76972222,,,0,1,0,0,0,-0.5,0.01,297.62692,0.0,1782.5
2003-05-15 00:00:00+00:00,18.9,72.82,,,1,0,0,0,0,-0.5,0.01,303.7188,0.0,0.0
2003-06-15 00:00:00+00:00,52.3,104.2833333,,,0,0,0,1,0,-1.0,-0.07,294.59988,0.0,427.25
2003-06-15 00:00:00+00:00,47.54260867,7.58371693,,,0,0,1,0,0,-1.0,-0.07,290.70996,5.1503914e-05,304.73438
2003-06-15 00:00:00+00:00,23.27,5.6,,,0,1,0,0,0,-1.0,-0.07,301.35327,0.0,2246.375
2003-06-15 00:00:00+00:00,69.1,-105.1166667,,,0,0,0,0,1,-1.0,-0.07,275.49374,1.845914e-05,0.0
2003-06-15 00:00:00+00:00,0.38,6.72,,,1,0,0,0,0,-1.0,-0.07,295.70102,5.024358e-07,0.0
2003-06-15 00:00:00+00:00,-22.66416667,-48.06,,,1,0,0,0,0,-1.0,-0.07,291.82233,0.0,490.46875
2003-06-15 00:00:00+00:00,-67.57,-68.13,,,0,0,0,0,1,-1.0,-0.07,,,11.128906
2003-06-15 00:00:00+00:00,49.67,-93.72,,,0,0,0,1,0,-1.0,-0.07,291.28488,1.0228426e-05,427.09375
2003-06-15 00:00:00+00:00,29.7,91.13333333,,,0,0,0,0,1,-1.0,-0.07,286.95032,0.00030059498,3735.25
2003-06-15 00:00:00+00:00,12.54194444,39.76972222,,,0,1,0,0,0,-1.0,-0.07,295.7118,0.0,1782.5
2003-06-15 00:00:00+00:00,18.9,72.82,,,1,0,0,0,0,-1.0,-0.07,302.3082,1.6036853e-05,0.0
2003-07-15 00:00:00+00:00,52.3,104.2833333,,,0,0,0,1,0,0.5,0.13,293.16275,0.0,427.25
2003-07-15 00:00:00+00:00,47.54260867,7.58371693,,,0,0,1,0,0,0.5,0.13,288.7888,0.0,304.73438
2003-07-15 00:00:00+00:00,23.27,5.6,,,0,1,0,0,0,0.5,0.13,300.7764,7.237751e-06,2246.375
2003-07-15 00:00:00+00:00,69.1,-105.1166667,,,0,0,0,0,1,0.5,0.13,280.81366,0.0,0.0
2003-07-15 00:00:00+00:00,0.38,6.72,,,1,0,0,0,0,0.5,0.13,295.00504,6.490865e-06,0.0
2003-07-15 00:00:00+00:00,-22.66416667,-48.06,,,1,0,0,0,0,0.5,0.13,291.78787,0.0,490.46875
2003-07-15 00:00:00+00:00,-67.57,-68.13,,,0,0,0,0,1,0.5,0.13,,,11.128906
2003-07-15 00:00:00+00:00,49.67,-93.72,,,0,0,0,1,0,0.5,0.13,293.75436,0.0,427.09375
2003-07-15 00:00:00+00:00,29.7,91.13333333,,,0,0,0,0,1,0.5,0.13,291.31143,5.3715325e-05,3735.25
2003-07-15 00:00:00+00:00,12.54194444,39.76972222,,,0,1,0,0,0,0.5,0.13,293.73395,0.0,1782.5
2003-07-15 00:00:00+00:00,18.9,72.82,,,1,0,0,0,0,0.5,0.13,300.26135,0.00019064981,0.0
2003-08-15 00:00:00+00:00,52.3,104.2833333,,,0,0,0,1,0,0.2,-0.07,294.33572,0.0,427.25
2003-08-15 00:00:00+00:00,47.54260867,7.58371693,,,0,0,1,0,0,0.2,-0.07,288.42383,0.000103421204,304.73438
2003-08-15 00:00:00+00:00,23.27,5.6,,,0,1,0,0,0,0.2,-0.07,299.5998,0.0,2246.375
2003-08-15 00:00:00+00:00,69.1,-105.1166667,,,0,0,0,0,1,0.2,-0.07,285.58456,1.8250526e-05,0.0
2003-08-15 00:00:00+00:00,0.38,6.72,,,1,0,0,0,0,0.2,-0.07,296.82568,0.0,0.0
2003-08-15 00:00:00+00:00,-22.66416667,-48.06,,,1,0,0,0,0,0.2,-0.07,296.89655,0.0,490.46875
2003-08-15 00:00:00+00:00,-67.57,-68.13,,,0,0,0,0,1,0.2,-0.07,,,11.128906
2003-08-15 00:00:00+00:00,49.67,-93.72,,,0,0,0,1,0,0.2,-0.07,290.39792,0.0,427.09375
2003-08-15 00:00:00+00:00,29.7,91.13333333,,,0,0,0,0,1,0.2,-0.07,292.17184,4.751354e-05,3735.25
2003-08-15 00:00:00+00:00,12.54194444,39.76972222,,,0,1,0,0,0,0.2,-0.07,292.91156,0.0,1782.5
2003-08-15 00:00:00+00:00,18.9,72.82,,,1,0,0,0,0,0.2,-0.07,299.9507,0.0002206459,0.0
2003-09-15 00:00:00+00:00,52.3,104.2833333,,,0,0,0,1,0,-0.2,0.01,285.91,0.0,427.25
2003-09-15 00:00:00+00:00,47.54260867,7.58371693,,,0,0,1,0,0,-0.2,0.01,290.506,0.0,304.73438
2003-09-15 00:00:00+00:00,23.27,5.6,,,0,1,0,0,0,-0.2,0.01,299.3559,0.0,2246.375
2003-09-15 00:00:00+00:00,69.1,-105.1166667,,,0,0,0,0,1,-0.2,0.01,271.61273,0.0,0.0
2003-09-15 00:00:00+00:00,0.38,6.72,,,1,0,0,0,0,-0.2,0.01,296.06332,3.3583212e-05,0.0
2003-09-15 00:00:00+00:00,-22.66416667,-48.06,,,1,0,0,0,0,-0.2,0.01,296.30847,2.7793146e-06,490.46875
2003-09-15 00:00:00+00:00,-67.57,-68.13,,,0,0,0,0,1,-0.2,0.01,,,11.128906
2003-09-15 00:00:00+00:00,49.67,-93.72,,,0,0,0,1,0,-0.2,0.01,296.08554,0.0,427.09375
2003-09-15 00:00:00+00:00,29.7,91.13333333,,,0,0,0,0,1,-0.2,0.01,289.74524,2.0491361e-05,3735.25
2003-09-15 00:00:00+00:00,12.54194444,39.76972222,,,0,1,0,0,0,-0.2,0.01,291.35287,0.0,1782.5
2003-09-15 00:00:00+00:00,18.9,72.82,,,1,0,0,0,0,-0.2,0.01,299.6883,6.107358e-05,0.0
2003-10-15 00:00:00+00:00,52.3,104.2833333,,,0,0,0,1,0,0.0,-1.26,278.8464,0.0,427.25
2003-10-15 00:00:00+00:00,47.54260867,7.58371693,,,0,0,1,0,0,0.0,-1.26,283.55988,0.0,304.73438
2003-10-15 00:00:00+00:00,23.27,5.6,,,0,1,0,0,0,0.0,-1.26,291.9842,0.0,2246.375
2003-10-15 00:00:00+00:00,69.1,-105.1166667,,,0,0,0,0,1,0.0,-1.26,260.32538,2.772121e-06,0.0
2003-10-15 00:00:00+00:00,0.38,6.72,,,1,0,0,0,0,0.0,-1.26,297.03586,9.420365e-05,0.0
2003-10-15 00:00:00+00:00,-22.66416667,-48.06,,,1,0,0,0,0,0.0,-1.26,297.43588,0.0,490.46875
2003-10-15 00:00:00+00:00,-67.57,-68.13,,,0,0,0,0,1,0.0,-1.26,,,11.128906
2003-10-15 00:00:00+00:00,49.67,-93.72,,,0,0,0,1,0,0.0,-1.26,283.07498,0.0,427.09375
2003-10-15 00:00:00+00:00,29.7,91.13333333,,,0,0,0,0,1,0.0,-1.26,287.36584,0.0,3735.25
2003-10-15 00:00:00+00:00,12.54194444,39.76972222,,,0,1,0,0,0,0.0,-1.26,293.58228,0.0,1782.5
2003-10-15 00:00:00+00:00,18.9,72.82,,,1,0,0,0,0,0.0,-1.26,302.13345,3.9484046e-05,0.0
2003-11-15 00:00:00+00:00,52.3,104.2833333,,,0,0,0,1,0,-0.5,0.86,264.73755,0.0,427.25
2003-11-15 00:00:00+00:00,47.54260867,7.58371693,,,0,0,1,0,0,-0.5,0.86,275.6142,0.0,304.73438
2003-11-15 00:00:00+00:00,23.27,5.6,,,0,1,0,0,0,-0.5,0.86,290.6353,0.0,2246.375
2003-11-15 00:00:00+00:00,69.1,-105.1166667,,,0,0,0,0,1,-0.5,0.86,248.2664,0.0,0.0
2003-11-15 00:00:00+00:00,0.38,6.72,,,1,0,0,0,0,-0.5,0.86,298.64276,5.712245e-05,0.0
2003-11-15 00:00:00+00:00,-22.66416667,-48.06,,,1,0,0,0,0,-0.5,0.86,291.72876,0.0,490.46875
2003-11-15 00:00:00+00:00,-67.57,-68.13,,,0,0,0,0,1,-0.5,0.86,,,11.128906
2003-11-15 00:00:00+00:00,49.67,-93.72,,,0,0,0,1,0,-0.5,0.86,270.1386,0.0,427.09375
2003-11-15 00:00:00+00:00,29.7,91.13333333,,,0,0,0,0,1,-0.5,0.86,278.04764,0.0,3735.25
2003-11-15 00:00:00+00:00,12.54194444,39.76972222,,,0,1,0,0,0,-0.5,0.86,292.14435,0.0,1782.5
2003-11-15 00:00:00+00:00,18.9,72.82,,,1,0,0,0,0,-0.5,0.86,299.08243,0.0,0.0
2003-12-15 00:00:00+00:00,52.3,104.2833333,,,0,0,0,1,0,1.8,0.64,248.85849,0.0,427.25
2003-12-15 00:00:00+00:00,47.54260867,7.58371693,,,0,0,1,0,0,1.8,0.64,275.88995,1.0543032e-05,304.73438
2003-12-15 00:00:00+00:00,23.27,5.6,,,0,1,0,0,0,1.8,0.64,282.49857,0.0,2246.375
2003-12-15 00:00:00+00:00,69.1,-105.1166667,,,0,0,0,0,1,1.8,0.64,238.08939,0.0,0.0
2003-12-15 00:00:00+00:00,0.38,6.72,,,1,0,0,0,0,1.8,0.64,298.35468,7.6708544e-05,0.0
2003-12-15 00:00:00+00:00,-22.66416667,-48.06,,,1,0,0,0,0,1.8,0.64,300.87103,0.0,490.46875
2003-12-15 00:00:00+00:00,-67.57,-68.13,,,0,0,0,0,1,1.8,0.64,,,11.128906
2003-12-15 00:00:00+00:00,49.67,-93.72,,,0,0,0,1,0,1.8,0.64,272.1059,0.0,427.09375
2003-12-15 00:00:00+00:00,29.7,91.13333333,,,0,0,0,0,1,1.8,0.64,277.72397,0.0,3735.25
2003-12-15 00:00:00+00:00,12.54194444,39.76972222,,,0,1,0,0,0,1.8,0.64,289.71158,0.0,1782.5
2003-12-15 00:00:00+00:00,18.9,72.82,,,1,0,0,0,0,1.8,0.64,298.50406,0.0,0.0
2004-01-15 00:00:00+00:00,52.3,104.2833333,,,0,0,0,1,0,-2.2,-0.29,251.02405,0.0,427.25
2004-01-15 00:00:00+00:00,47.54260867,7.58371693,,,0,0,1,0,0,-2.2,-0.29,274.0116,0.0,304.73438
2004-01-15 00:00:00+00:00,23.27,5.6,,,0,1,0,0,0,-2.2,-0.29,281.8124,0.0,2246.375
2004-01-15 00:00:00+00:00,69.1,-105.1166667,,,0,0,0,0,1,-2.2,-0.29,240.28455,0.0,0.0
2004-01-15 00:00:00+00:00,0.38,6.72,,,1,0,0,0,0,-2.2,-0.29,298.1149,3.375442e-05,0.0
2004-01-15 00:00:00+00:00,-22.66416667,-48.06,,,1,0,0,0,0,-2.2,-0.29,291.03638,0.00028675114,490.46875
2004-01-15 00:00:00+00:00,-67.57,-68.13,,,0,0,0,0,1,-2.2,-0.29,,,11.128906
2004-01-15 00:00:00+00:00,49.67,-93.72,,,0,0,0,1,0,-2.2,-0.29,247.39386,4.000013e-05,427.09375
2004-01-15 00:00:00+00:00,29.7,91.13333333,,,0,0,0,0,1,-2.2,-0.29,272.9472,0.0,3735.25
2004-01-15 00:00:00+00:00,12.54194444,39.76972222,,,0,1,0,0,0,-2.2,-0.29,291.7987,0.0,1782.5
2004-01-15 00:00:00+00:00,18.9,72.82,,,1,0,0,0,0,-2.2,-0.29,295.96634,0.0,0.0
2004-02-15 00:00:00+00:00,52.3,104.2833333,,,0,0,0,1,0,2.0,-0.14,260.23953,0.0,427.25
2004-02-15 00:00:00+00:00,47.54260867,7.58371693,,,0,0,1,0,0,2.0,-0.14,276.32443,3.2900694e-05,304.73438
2004-02-15 00:00:00+00:00,23.27,5.6,,,0,1,0,0,0,2.0,-0.14,283.57672,0.0,2246.375
2004-02-15 00:00:00+00:00,69.1,-105.1166667,,,0,0,0,0,1,2.0,-0.14,240.48949,0.0,0.0
2004-02-15 00:00:00+00:00,0.38,6.72,,,1,0,0,0,0,2.0,-0.14,299.635,1.1498339e-05,0.0
2004-02-15 00:00:00+00:00,-22.66416667,-48.06,,,1,0,0,0,0,2.0,-0.14,297.40268,0.0,490.46875
2004-02-15 00:00:00+00:00,-67.57,-68.13,,,0,0,0,0,1,2.0,-0.14,,,11.128906
2004-02-15 00:00:00+00:00,49.67,-93.72,,,0,0,0,1,0,2.0,-0.14,256.6494,0.0,427.09375
2004-02-15 00:00:00+00:00,29.7,91.13333333,,,0,0,0,0,1,2.0,-0.14,274.21915,0.0,3735.25
2004-02-15 00:00:00+00:00,12.54194444,39.76972222,,,0,1,0,0,0,2.0,-0.14,292.59338,0.0,1782.5
2004-02-15 00:00:00+00:00,18.9,72.82,,,1,0,0,0,0,2.0,-0.14,297.94028,0.0,0.0
2004-03-15 00:00:00+00:00,52.3,104.2833333,,,0,0,0,1,0,0.7,1.02,261.5121,6.299978e-06,427.25
2004-03-15 00:00:00+00:00,47.54260867,7.58371693,,,0,0,1,0,0,0.7,1.02,276.90805,0.0,304.73438
2004-03-15 00:00:00+00:00,23.27,5.6,,,0,1,0,0,0,0.7,1.02,283.5606,0.0,2246.375
2004-03-15 00:00:00+00:00,69.1,-105.1166667,,,0,0,0,0,1,0.7,1.02,239.50966,0.0,0.0
2004-03-15 00:00:00+00:00,0.38,6.72,,,1,0,0,0,0,0.7,1.02,300.2363,3.2272113e-05,0.0
2004-03-15 00:00:00+00:00,-22.66416667,-48.06,,,1,0,0,0,0,0.7,1.02,298.0641,0.0,490.46875
2004-03-15 00:00:00+00:00,-67.57,-68.13,,,0,0,0,0,1,0.7,1.02,,,11.128906
2004-03-15 00:00:00+00:00,49.67,-93.72,,,0,0,0,1,0,0.7,1.02,275.13177,0.0,427.09375
2004-03-15 00:00:00+00:00,29.7,91.13333333,,,0,0,0,0,1,0.7,1.02,284.24982,0.0,3735.25
2004-03-15 00:00:00+00:00,12.54194444,39.76972222,,,0,1,0,0,0,0.7,1.02,294.6774,0.0,1782.5
2004-03-15 00:00:00+00:00,18.9,72.82,,,1,0,0,0,0,0.7,1.02,300.5764,1.0253582e-05,0.0
2004-04-15 00:00:00+00:00,52.3,104.2833333,,,0,0,0,1,0,-1.5,1.15,274.01376,1.3870492e-05,427.25
2004-04-15 00:00:00+00:00,47.54260867,7.58371693,,,0,0,1,0,0,-1.5,1.15,283.745,4.755986e-05,304.73438
2004-04-15 00:00:00+00:00,23.27,5.6,,,0,1,0,0,0,-1.5,1.15,295.63382,0.0,2246.375
2004-04-15 00:00:00+00:00,69.1,-105.1166667,,,0,0,0,0,1,-1.5,1.15,258.13895,0.0,0.0
2004-04-15 00:00:00+00:00,0.38,6.72,,,1,0,0,0,0,-1.5,1.15,299.2234,0.00010520075,0.0
2004-04-15 00:00:00+00:00,-22.66416667,-48.06,,,1,0,0,0,0,-1.5,1.15,296.35825,1.2850247e-05,490.46875
2004-04-15 00:00:00+00:00,-67.57,-68.13,,,0,0,0,0,1,-1.5,1.15,,,11.128906
2004-04-15 00:00:00+00:00,49.67,-93.72,,,0,0,0,1,0,-1.5,1.15,278.27164,0.0,427.09375
2004-04-15 00:00:00+00:00,29.7,91.13333333,,,0,0,0,0,1,-1.5,1.15,285.21283,0.0,3735.25
2004-04-15 00:00:00+00:00,12.54194444,39.76972222,,,0,1,0,0,0,-1.5,1.15,297.50366,0.0,1782.5
2004-04-15 00:00:00+00:00,18.9,72.82,,,1,0,0,0,0,-1.5,1.15,304.48083,0.0,0.0
2004-05-15 00:00:00+00:00,52.3,104.2833333,,,0,0,0,1,0,1.7,0.19,280.32568,0.0,427.25
2004-05-15 00:00:00+00:00,47.54260867,7.58371693,,,0,0,1,0,0,1.7,0.19,289.17325,2.9127705e-05,304.73438
2004-05-15 00:00:00+00:00,23.27,5.6,,,0,1,0,0,0,1.7,0.19,297.9327,0.0,2246.375
2004-05-15 00:00:00+00:00,69.1,-105.1166667,,,0,0,0,0,1,1.7,0.19,262.96405,0.0,0.0
2004-05-15 00:00:00+00:00,0.38,6.72,,,1,0,0,0,0,1.7,0.19,298.12872,0.00011420891,0.0
2004-05-15 00:00:00+00:00,-22.66416667,-48.06,,,1,0,0,0,0,1.7,0.19,293.00177,0.0,490.46875
2004-05-15 00:00:00+00:00,-67.57,-68.13,,,0,0,0,0,1,1.7,0.19,,,11.128906
2004-05-15 00:00:00+00:00,49.67,-93.72,,,0,0,0,1,0,1.7,0.19,282.73337,0.0,427.09375
2004-05-15 00:00:00+00:00,29.7,91.13333333,,,0,0,0,0,1,1.7,0.19,289.57895,0.0,3735.25
2004-05-15 00:00:00+00:00,12.54194444,39.76972222,,,0,1,0,0,0,1.7,0.19,295.37808,0.0,1782.5
2004-05-15 00:00:00+00:00,18.9,72.82,,,1,0,0,0,0,1.7,0.19,303.62067,0.0,0.0
2004-06-15 00:00:00+00:00,52.3,104.2833333,,,0,0,0,1,0,-1.4,-0.89,286.75595,1.3156401e-05,427.25
2004-06-15 00:00:00+00:00,47.54260867,7.58371693,,,0,0,1,0,0,-1.4,-0.89,288.7701,1.444104e-05,304.73438
2004-06-15 00:00:00+00:00,23.27,5.6,,,0,1,0,0,0,-1.4,-0.89,299.0739,0.0,2246.375
2004-06-15 00:00:00+00:00,69.1,-105.1166667,,,0,0,0,0,1,-1.4,-0.89,278.90433,0.0,0.0
2004-06-15 00:00:00+00:00,0.38,6.72,,,1,0,0,0,0,-1.4,-0.89,298.1899,3.2219506e-07,0.0
2004-06-15 00:00:00+00:00,-22.66416667,-48.06,,,1,0,0,0,0,-1.4,-0.89,295.09598,0.0,490.46875
2004-06-15 00:00:00+00:00,-67.57,-68.13,,,0,0,0,0,1,-1.4,-0.89,,,11.128906
2004-06-15 00:00:00+00:00,49.67,-93.72,,,0,0,0,1,0,-1.4,-0.89,293.46698,0.0,427.09375
2004-06-15 00:00:00+00:00,29.7,91.13333333,,,0,0,0,0,1,-1.4,-0.89,293.21042,0.0,3735.25
2004-06-15 00:00:00+00:00,12.54194444,39.76972222,,,0,1,0,0,0,-1.4,-0.89,296.88696,0.0,1782.5
2004-06-15 00:00:00+00:00,18.9,72.82,,,1,0,0,0,0,-1.4,-0.89,301.579,0.000273277,0.0
2004-07-15 00:00:00+00:00,52.3,104.2833333,,,0,0,0,1,0,-0.8,1.13,292.6605,0.0,427.25
2004-07-15 00:00:00+00:00,47.54260867,7.58371693,,,0,0,1,0,0,-0.8,1.13,292.38495,1.1453994e-05,304.73438
2004-07-15 00:00:00+00:00,23.27,5.6,,,0,1,0,0,0,-0.8,1.13,298.4,0.0,2246.375
2004-07-15 00:00:00+00:00,69.1,-105.1166667,,,0,0,0,0,1,-0.8,1.13,280.5662,0.0,0.0
2004-07-15 00:00:00+00:00,0.38,6.72,,,1,0,0,0,0,-0.8,1.13,295.94897,3.3446474e-06,0.0
2004-07-15 00:00:00+00:00,-22.66416667,-48.06,,,1,0,0,0,0,-0.8,1.13,292.25397,0.0,490.46875
2004-07-15 00:00:00+00:00,-67.57,-68.13,,,0,0,0,0,1,-0.8,1.13,,,11.128906
2004-07-15 00:00:00+00:00,49.67,-93.72,,,0,0,0,1,0,-0.8,1.13,295.97986,0.0,427.09375
2004-07-15 00:00:00+00:00,29.7,91.13333333,,,0,0,0,0,1,-0.8,1.13,294.59692,0.0,3735.25
2004-07-15 00:00:00+00:00,12.54194444,39.76972222,,,0,1,0,0,0,-0.8,1.13,295.42853,0.0,1782.5
2004-07-15 00:00:00+00:00,18.9,72.82,,,1,0,0,0,0,-0.8,1.13,300.30508,0.00015031264,0.0
2004-08-15 00:00:00+00:00,52.3,104.2833333,,,0,0,0,1,0,-0.5,-0.48,286.51944,2.0288802e-05,427.25
2004-08-15 00:00:00+00:00,47.54260867,7.58371693,,,0,0,1,0,0,-0.5,-0.48,292.11856,0.0,304.73438
2004-08-15 00:00:00+00:00,23.27,5.6,,,0,1,0,0,0,-0.5,-0.48,299.9067,0.0,2246.375
2004-08-15 00:00:00+00:00,69.1,-105.1166667,,,0,0,0,0,1,-0.5,-0.48,281.3131,1.0990573e-05,0.0
2004-08-15 00:00:00+00:00,0.38,6.72,,,1,0,0,0,0,-0.5,-0.48,295.975,6.199326e-06,0.0
2004-08-15 00:00:00+00:00,-22.66416667,-48.06,,,1,0,0,0,0,-0.5,-0.48,290.5079,0.0,490.46875
2004-08-15 00:00:00+00:00,-67.57,-68.13,,,0,0,0,0,1,-0.5,-0.48,,,11.128906
2004-08-15 00:00:00+00:00,49.67,-93.72,,,0,0,0,1,0,-0.5,-0.48,294.06778,0.0,427.09375
2004-08-15 00:00:00+00:00,29.7,91.13333333,,,0,0,0,0,1,-0.5,-0.48,292.79858,9.7481476e-05,3735.25
2004-08-15 00:00:00+00:00,12.54194444,39.76972222,,,0,1,0,0,0,-0.5,-0.48,292.28012,0.000104463456,1782.5
2004-08-15 00:00:00+00:00,18.9,72.82,,,1,0,0,0,0,-0.5,-0.48,299.86243,0.00027214014,0.0
2004-09-15 00:00:00+00:00,52.3,104.2833333,,,0,0,0,1,0,-0.6,0.38,277.31747,0.0,427.25
2004-09-15 00:00:00+00:00,47.54260867,7.58371693,,,0,0,1,0,0,-0.6,0.38,289.3027,0.00019474696,304.73438
2004-09-15 00:00:00+00:00,23.27,5.6,,,0,1,0,0,0,-0.6,0.38,298.61703,0.0,2246.375
2004-09-15 00:00:00+00:00,69.1,-105.1166667,,,0,0,0,0,1,-0.6,0.38,273.23575,0.0,0.0
2004-09-15 00:00:00+00:00,0.38,6.72,,,1,0,0,0,0,-0.6,0.38,297.25684,1.7241276e-06,0.0
2004-09-15 00:00:00+00:00,-22.66416667,-48.06,,,1,0,0,0,0,-0.6,0.38,298.60974,0.0,490.46875
2004-09-15 00:00:00+00:00,-67.57,-68.13,,,0,0,0,0,1,-0.6,0.38,,,11.128906
2004-09-15 00:00:00+00:00,49.67,-93.72,,,0,0,0,1,0,-0.6,0.38,290.17218,0.0,427.09375
2004-09-15 00:00:00+00:00,29.7,91.13333333,,,0,0,0,0,1,-0.6,0.38,289.93802,5.887335e-05,3735.25
2004-09-15 00:00:00+00:00,12.54194444,39.76972222,,,0,1,0,0,0,-0.6,0.38,292.8901,0.0,1782.5
2004-09-15 00:00:00+00:00,18.9,72.82,,,1,0,0,0,0,-0.6,0.38,300.46118,4.54836e-05,0.0
2004-10-15 00:00:00+00:00,52.3,104.2833333,,,0,0,0,1,0,-0.1,-1.1,274.49887,9.590185e-06,427.25
2004-10-15 00:00:00+00:00,47.54260867,7.58371693,,,0,0,1,0,0,-0.1,-1.1,282.7536,9.738099e-05,304.73438
2004-10-15 00:00:00+00:00,23.27,5.6,,,0,1,0,0,0,-0.1,-1.1,294.24048,0.0,2246.375
2004-10-15 00:00:00+00:00,69.1,-105.1166667,,,0,0,0,0,1,-0.1,-1.1,258.25684,4.0867026e-06,0.0
2004-10-15 00:00:00+00:00,0.38,6.72,,,1,0,0,0,0,-0.1,-1.1,297.70554,3.591358e-05,0.0
2004-10-15 00:00:00+00:00,-22.66416667,-48.06,,,1,0,0,0,0,-0.1,-1.1,302.38693,0.0,490.46875
2004-10-15 00:00:00+00:00,-67.57,-68.13,,,0,0,0,0,1,-0.1,-1.1,,,11.128906
2004-10-15 00:00:00+00:00,49.67,-93.72,,,0,0,0,1,0,-0.1,-1.1,284.28558,1.6150945e-05,427.09375
2004-10-15 00:00:00+00:00,29.7,91.13333333,,,0,0,0,0,1,-0.1,-1.1,284.61795,4.1530616e-06,3735.25
2004-10-15 00:00:00+00:00,12.54194444,39.76972222,,,0,1,0,0,0,-0.1,-1.1,294.938,0.0,1782.5
2004-10-15 00:00:00+00:00,18.9,72.82,,,1,0,0,0,0,-0.1,-1.1,300.5711,4.9878276e-05,0.0
2004-11-15 00:00:00+00:00,52.3,104.2833333,,,0,0,0,1,0,-1.1,0.73,260.2519,0.0,427.25
2004-11-15 00:00:00+00:00,47.54260867,7.58371693,,,0,0,1,0,0,-1.1,0.73,282.3413,1.1918279e-05,304.73438
2004-11-15 00:00:00+00:00,23.27,5.6,,,0,1,0,0,0,-1.1,0.73,287.69586,0.0,2246.375
2004-11-15 00:00:00+00:00,69.1,-105.1166667,,,0,0,0,0,1,-1.1,0.73,258.32022,6.8684585e-06,0.0
2004-11-15 00:00:00+00:00,0.38,6.72,,,1,0,0,0,0,-1.1,0.73,297.7737,0.00018815107,0.0
2004-11-15 00:00:00+00:00,-22.66416667,-48.06,,,1,0,0,0,0,-1.1,0.73,295.32144,0.0,490.46875
2004-11-15 00:00:00+00:00,-67.57,-68.13,,,0,0,0,0,1,-1.1,0.73,,,11.128906
2004-11-15 00:00:00+00:00,49.67,-93.72,,,0,0,0,1,0,-1.1,0.73,274.8181,0.0,427.09375
2004-11-15 00:00:00+00:00,29.7,91.13333333,,,0,0,0,0,1,-1.1,0.73,278.52817,0.0,3735.25
2004-11-15 00:00:00+00:00,12.54194444,39.76972222,,,0,1,0,0,0,-1.1,0.73,291.1779,1.5738226e-05,1782.5
2004-11-15 00:00:00+00:00,18.9,72.82,,,1,0,0,0,0,-1.1,0.73,298.2436,0.0,0.0
2004-12-15 00:00:00+00:00,52.3,104.2833333,,,0,0,0,1,0,-1.3,1.21,253.38629,0.0,427.25
2004-12-15 00:00:00+00:00,47.54260867,7.58371693,,,0,0,1,0,0,-1.3,1.21,275.7631,0.0,304.73438
2004-12-15 00:00:00+00:00,23.27,5.6,,,0,1,0,0,0,-1.3,1.21,282.0848,0.0,2246.375
2004-12-15 00:00:00+00:00,69.1,-105.1166667,,,0,0,0,0,1,-1.3,1.21,245.11449,0.0,0.0
2004-12-15 00:00:00+00:00,0.38,6.72,,,1,0,0,0,0,-1.3,1.21,298.4696,3.877165e-05,0.0
2004-12-15 00:00:00+00:00,-22.66416667,-48.06,,,1,0,0,0,0,-1.3,1.21,300.1574,2.5276799e-05,490.46875
2004-12-15 00:00:00+00:00,-67.57,-68.13,,,0,0,0,0,1,-1.3,1.21,,,11.128906
2004-12-15 00:00:00+00:00,49.67,-93.72,,,0,0,0,1,0,-1.3,1.21,263.22577,1.18599655e-05,427.09375
2004-12-15 00:00:00+00:00,29.7,91.13333333,,,0,0,0,0,1,-1.3,1.21,274.79535,5.3986703e-05,3735.25
2004-12-15 00:00:00+00:00,12.54194444,39.76972222,,,0,1,0,0,0,-1.3,1.21,293.48328,0.0,1782.5
2004-12-15 00:00:00+00:00,18.9,72.82,,,1,0,0,0,0,-1.3,1.21,297.06787,0.0,0.0
2005-01-15 00:00:00+00:00,52.3,104.2833333,,,0,0,0,1,0,0.6,1.52,258.9885,0.0,427.25
2005-01-15 00:00:00+00:00,47.54260867,7.58371693,,,0,0,1,0,0,0.6,1.52,280.57602,0.00018031802,304.73438
2005-01-15 00:00:00+00:00,23.27,5.6,,,0,1,0,0,0,0.6,1.52,282.2009,0.0,2246.375
2005-01-15 00:00:00+00:00,69.1,-105.1166667,,,0,0,0,0,1,0.6,1.52,239.67897,0.0,0.0
2005-01-15 00:00:00+00:00,0.38,6.72,,,1,0,0,0,0,0.6,1.52,299.74527,1.9226844e-05,0.0
2005-01-15 00:00:00+00:00,-22.66416667,-48.06,,,1,0,0,0,0,0.6,1.52,298.2625,0.000105369596,490.46875
2005-01-15 00:00:00+00:00,-67.57,-68.13,,,0,0,0,0,1,0.6,1.52,,,11.128906
2005-01-15 00:00:00+00:00,49.67,-93.72,,,0,0,0,1,0,0.6,1.52,261.1533,0.0,427.09375
2005-01-15 00:00:00+00:00,29.7,91.13333333,,,0,0,0,0,1,0.6,1.52,271.4007,4.090522e-06,3735.25
2005-01-15 00:00:00+00:00,12.54194444,39.76972222,,,0,1,0,0,0,0.6,1.52,291.75565,0.0,1782.5
2005-01-15 00:00:00+00:00,18.9,72.82,,,1,0,0,0,0,0.6,1.52,298.62238,0.0,0.0
2005-02-15 00:00:00+00:00,52.3,104.2833333,,,0,0,0,1,0,-5.2,-0.06,256.87085,0.0,427.25
2005-02-15 00:00:00+00:00,47.54260867,7.58371693,,,0,0,1,0,0,-5.2,-0.06,278.63095,0.0,304.73438
2005-02-15 00:00:00+00:00,23.27,5.6,,,0,1,0,0,0,-5.2,-0.06,281.41272,0.0,2246.375
2005-02-15 00:00:00+00:00,69.1,-105.1166667,,,0,0,0,0,1,-5.2,-0.06,233.1632,0.0,0.0
2005-02-15 00:00:00+00:00,0.38,6.72,,,1,0,0,0,0,-5.2,-0.06,298.89334,0.00012535628,0.0
2005-02-15 00:00:00+00:00,-22.66416667,-48.06,,,1,0,0,0,0,-5.2,-0.06,301.55487,0.0,490.46875
2005-02-15 00:00:00+00:00,-67.57,-68.13,,,0,0,0,0,1,-5.2,-0.06,,,11.128906
2005-02-15 00:00:00+00:00,49.67,-93.72,,,0,0,0,1,0,-5.2,-0.06,254.76312,0.0,427.09375
2005-02-15 00:00:00+00:00,29.7,91.13333333,,,0,0,0,0,1,-5.2,-0.06,271.2915,0.0,3735.25
2005-02-15 00:00:00+00:00,12.54194444,39.76972222,,,0,1,0,0,0,-5.2,-0.06,294.8665,0.0,1782.5
2005-02-15 00:00:00+00:00,18.9,72.82,,,1,0,0,0,0,-5.2,-0.06,297.76477,0.0,0.0
2005-03-15 00:00:00+00:00,52.3,104.2833333,,,0,0,0,1,0,0.5,-1.83,268.29584,0.0,427.25
2005-03-15 00:00:00+00:00,47.54260867,7.58371693,,,0,0,1,0,0,0.5,-1.83,282.46088,0.0,304.73438
2005-03-15 00:00:00+00:00,23.27,5.6,,,0,1,0,0,0,0.5,-1.83,286.74643,0.0,2246.375
2005-03-15 00:00:00+00:00,69.1,-105.1166667,,,0,0,0,0,1,0.5,-1.83,240.21178,0.0,0.0
2005-03-15 00:00:00+00:00,0.38,6.72,,,1,0,0,0,0,0.5,-1.83,298.8169,0.00012042892,0.0
2005-03-15 00:00:00+00:00,-22.66416667,-48.06,,,1,0,0,0,0,0.5,-1.83,300.13416,1.2817905e-05,490.46875
2005-03-15 00:00:00+00:00,-67.57,-68.13,,,0,0,0,0,1,0.5,-1.83,,,11.128906
2005-03-15 00:00:00+00:00,49.67,-93.72,,,0,0,0,1,0,0.5,-1.83,269.42917,2.4157001e-05,427.09375
2005-03-15 00:00:00+00:00,29.7,91.13333333,,,0,0,0,0,1,0.5,-1.83,279.0172,0.0,3735.25
2005-03-15 00:00:00+00:00,12.54194444,39.76972222,,,0,1,0,0,0,0.5,-1.83,294.09985,0.0,1782.5
2005-03-15 00:00:00+00:00,18.9,72.82,,,1,0,0,0,0,0.5,-1.83,301.02737,0.0,0.0
2005-04-15 00:00:00+00:00,52.3,104.2833333,,,0,0,0,1,0,-1.0,-0.3,269.99225,8.738201e-06,427.25
2005-04-15 00:00:00+00:00,47.54260867,7.58371693,,,0,0,1,0,0,-1.0,-0.3,287.69272,0.0,304.73438
2005-04-15 00:00:00+00:00,23.27,5.6,,,0,1,0,0,0,-1.0,-0.3,292.6513,0.0,2246.375
2005-04-15 00:00:00+00:00,69.1,-105.1166667,,,0,0,0,0,1,-1.0,-0.3,249.31104,0.0,0.0
2005-04-15 00:00:00+00:00,0.38,6.72,,,1,0,0,0,0,-1.0,-0.3,299.63718,3.6491474e-05,0.0
2005-04-15 00:00:00+00:00,-22.66416667,-48.06,,,1,0,0,0,0,-1.0,-0.3,297.84015,0.0,490.46875
2005-04-15 00:00:00+00:00,-67.57,-68.13,,,0,0,0,0,1,-1.0,-0.3,,,11.128906
2005-04-15 00:00:00+00:00,49.67,-93.72,,,0,0,0,1,0,-1.0,-0.3,277.74225,0.0,427.09375
2005-04-15 00:00:00+00:00,29.7,91.13333333,,,0,0,0,0,1,-1.0,-0.3,281.74356,0.0,3735.25
2005-04-15 00:00:00+00:00,12.54194444,39.76972222,,,0,1,0,0,0,-1.0,-0.3,291.20984,0.0,1782.5
2005-04-15 00:00:00+00:00,18.9,72.82,,,1,0,0,0,0,-1.0,-0.3,300.51196,0.0,0.0
2005-05-15 00:00:00+00:00,52.3,104.2833333,,,0,0,0,1,0,-1.3,-1.25,287.71555,0.0,427.25
2005-05-15 00:00:00+00:00,47.54260867,7.58371693,,,0,0,1,0,0,-1.3,-1.25,291.27274,0.0001337809,304.73438
2005-05-15 00:00:00+00:00,23.27,5.6,,,0,1,0,0,0,-1.3,-1.25,294.32486,0.0,2246.375
2005-05-15 00:00:00+00:00,69.1,-105.1166667,,,0,0,0,0,1,-1.3,-1.25,268.5189,8.528428e-06,0.0
2005-05-15 00:00:00+00:00,0.38,6.72,,,1,0,0,0,0,-1.3,-1.25,297.34384,0.00012900139,0.0
2005-05-15 00:00:00+00:00,-22.66416667,-48.06,,,1,0,0,0,0,-1.3,-1.25,291.97208,0.0,490.46875
2005-05-15 00:00:00+00:00,-67.57,-68.13,,,0,0,0,0,1,-1.3,-1.25,,,11.128906
2005-05-15 00:00:00+00:00,49.67,-93.72,,,0,0,0,1,0,-1.3,-1.25,286.70645,0.0,427.09375
2005-05-15 00:00:00+00:00,29.7,91.13333333,,,0,0,0,0,1,-1.3,-1.25,287.14694,1.1528768e-05,3735.25
2005-05-15 00:00:00+00:00,12.54194444,39.76972222,,,0,1,0,0,0,-1.3,-1.25,293.61334,0.0,1782.5
2005-05-15 00:00:00+00:00,18.9,72.82,,,1,0,0,0,0,-1.3,-1.25,303.16397,3.2208538e-06,0.0
2005-06-15 00:00:00+00:00,52.3,104.2833333,,,0,0,0,1,0,0.7,-0.05,281.5755,0.0,427.25
2005-06-15 00:00:00+00:00,47.54260867,7.58371693,,,0,0,1,0,0,0.7,-0.05,296.7518,0.0,304.73438
2005-06-15 00:00:00+00:00,23.27,5.6,,,0,1,0,0,0,0.7,-0.05,299.4862,3.6111871e-06,2246.375
2005-06-15 00:00:00+00:00,69.1,-105.1166667,,,0,0,0,0,1,0.7,-0.05,277.15942,0.0,0.0
2005-06-15 00:00:00+00:00,0.38,6.72,,,1,0,0,0,0,0.7,-0.05,296.76465,0.0,0.0
2005-06-15 00:00:00+00:00,-22.66416667,-48.06,,,1,0,0,0,0,0.7,-0.05,290.7808,0.0,490.46875
2005-06-15 00:00:00+00:00,-67.57,-68.13,,,0,0,0,0,1,0.7,-0.05,,,11.128906
2005-06-15 00:00:00+00:00,49.67,-93.72,,,0,0,0,1,0,0.7,-0.05,281.46655,0.0,427.09375
2005-06-15 00:00:00+00:00,29.7,91.13333333,,,0,0,0,0,1,0.7,-0.05,292.96786,0.0,3735.25
2005-06-15 00:00:00+00:00,12.54194444,39.76972222,,,0,1,0,0,0,0.7,-0.05,296.2508,0.0,1782.5
2005-06-15 00:00:00+00:00,18.9,72.82,,,1,0,0,0,0,0.7,-0.05,301.54553,0.00018650547,0.0
2005-07-15 00:00:00+00:00,52.3,104.2833333,,,0,0,0,1,0,0.3,-0.51,290.64984,3.2825104e-05,427.25
2005-07-15 00:00:00+00:00,47.54260867,7.58371693,,,0,0,1,0,0,0.3,-0.51,287.2312,9.0987414e-05,304.73438
2005-07-15 00:00:00+00:00,23.27,5.6,,,0,1,0,0,0,0.3,-0.51,301.8331,0.0,2246.375
2005-07-15 00:00:00+00:00,69.1,-105.1166667,,,0,0,0,0,1,0.3,-0.51,278.33066,7.2283733e-06,0.0
2005-07-15 00:00:00+00:00,0.38,6.72,,,1,0,0,0,0,0.3,-0.51,295.71973,0.0,0.0
2005-07-15 00:00:00+00:00,-22.66416667,-48.06,,,1,0,0,0,0,0.3,-0.51,290.9484,0.0,490.46875
2005-07-15 00:00:00+00:00,-67.57,-68.13,,,0,0,0,0,1,0.3,-0.51,,,11.128906
2005-07-15 00:00:00+00:00,49.67,-93.72,,,0,0,0,1,0,0.3,-0.51,291.89233,0.0,427.09375
2005-07-15 00:00:00+00:00,29.7,91.13333333,,,0,0,0,0,1,0.3,-0.51,288.69598,5.0641e-05,3735.25
2005-07-15 00:00:00+00:00,12.54194444,39.76972222,,,0,1,0,0,0,0.3,-0.51,293.15717,0.0,1782.5
2005-07-15 00:00:00+00:00,18.9,72.82,,,1,0,0,0,0,0.3,-0.51,300.1066,0.00018946151,0.0
2005-08-15 00:00:00+00:00,52.3,104.2833333,,,0,0,0,1,0,-0.6,0.37,283.72,0.00035925515,427.25
2005-08-15 00:00:00+00:00,47.54260867,7.58371693,,,0,0,1,0,0,-0.6,0.37,294.61606,7.554108e-05,304.73438
2005-08-15 00:00:00+00:00,23.27,5.6,,,0,1,0,0,0,-0.6,0.37,296.84064,2.094595e-05,2246.375
2005-08-15 00:00:00+00:00,69.1,-105.1166667,,,0,0,0,0,1,-0.6,0.37,283.6239,2.2459326e-05,0.0
2005-08-15 00:00:00+00:00,0.38,6.72,,,1,0,0,0,0,-0.6,0.37,295.8961,1.0503863e-05,0.0
2005-08-15 00:00:00+00:00,-22.66416667,-48.06,,,1,0,0,0,0,-0.6,0.37,290.0769,0.0,490.46875
2005-08-15 00:00:00+00:00,-67.57,-68.13,,,0,0,0,0,1,-0.6,0.37,,,11.128906
2005-08-15 00:00:00+00:00,49.67,-93.72,,,0,0,0,1,0,-0.6,0.37,293.01212,0.0,427.09375
2005-08-15 00:00:00+00:00,29.7,91.13333333,,,0,0,0,0,1,-0.6,0.37,291.46823,2.2329063e-05,3735.25
2005-08-15 00:00:00+00:00,12.54194444,39.76972222,,,0,1,0,0,0,-0.6,0.37,294.75336,0.0,1782.5
2005-08-15 00:00:00+00:00,18.9,72.82,,,1,0,0,0,0,-0.6,0.37,301.35782,3.059048e-05,0.0
2005-09-15 00:00:00+00:00,52.3,104.2833333,,,0,0,0,1,0,0.6,0.63,277.87598,0.0,427.25
2005-09-15 00:00:00+00:00,47.54260867,7.58371693,,,0,0,1,0,0,0.6,0.63,282.81406,0.0,304.73438
2005-09-15 00:00:00+00:00,23.27,5.6,,,0,1,0,0,0,0.6,0.63,298.71158,0.0,2246.375
2005-09-15 00:00:00+00:00,69.1,-105.1166667,,,0,0,0,0,1,0.6,0.63,275.1458,0.0,0.0
2005-09-15 00:00:00+00:00,0.38,6.72,,,1,0,0,0,0,0.6,0.63,296.58643,3.3217784e-05,0.0
2005-09-15 00:00:00+00:00,-22.66416667,-48.06,,,1,0,0,0,0,0.6,0.63,293.96298,0.0,490.46875
2005-09-15 00:00:00+00:00,-67.57,-68.13,,,0,0,0,0,1,0.6,0.63,,,11.128906
2005-09-15 00:00:00+00:00,49.67,-93.72,,,0,0,0,1,0,0.6,0.63,289.75662,0.0,427.09375
2005-09-15 00:00:00+00:00,29.7,91.13333333,,,0,0,0,0,1,0.6,0.63,290.063,6.824972e-05,3735.25
2005-09-15 00:00:00+00:00,12.54194444,39.76972222,,,0,1,0,0,0,0.6,0.63,294.70743,0.0,1782.5
2005-09-15 00:00:00+00:00,18.9,72.82,,,1,0,0,0,0,0.6,0.63,300.32104,8.9672474e-05,0.0
2005-10-15 00:00:00+00:00,52.3,104.2833333,,,0,0,0,1,0,2.0,-0.98,272.054,0.0,427.25
2005-10-15 00:00:00+00:00,47.54260867,7.58371693,,,0,0,1,0,0,2.0,-0.98,285.26913,0.00016999946,304.73438
2005-10-15 00:00:00+00:00,23.27,5.6,,,0,1,0,0,0,2.0,-0.98,292.7723,0.0,2246.375
2005-10-15 00:00:00+00:00,69.1,-105.1166667,,,0,0,0,0,1,2.0,-0.98,267.45633,0.0,0.0
2005-10-15 00:00:00+00:00,0.38,6.72,,,1,0,0,0,0,2.0,-0.98,297.45877,0.00012366242,0.0
2005-10-15 00:00:00+00:00,-22.66416667,-48.06,,,1,0,0,0,0,2.0,-0.98,294.68182,2.1237562e-05,490.46875
2005-10-15 00:00:00+00:00,-67.57,-68.13,,,0,0,0,0,1,2.0,-0.98,,,11.128906
2005-10-15 00:00:00+00:00,49.67,-93.72,,,0,0,0,1,0,2.0,-0.98,275.68265,2.2229215e-05,427.09375
2005-10-15 00:00:00+00:00,29.7,91.13333333,,,0,0,0,0,1,2.0,-0.98,283.28888,0.0,3735.25
2005-10-15 00:00:00+00:00,12.54194444,39.76972222,,,0,1,0,0,0,2.0,-0.98,291.5056,0.0,1782.5
2005-10-15 00:00:00+00:00,18.9,72.82,,,1,0,0,0,0,2.0,-0.98,301.81488,0.0,0.0
2005-11-15 00:00:00+00:00,52.3,104.2833333,,,0,0,0,1,0,-0.3,-0.31,268.53427,0.0,427.25
2005-11-15 00:00:00+00:00,47.54260867,7.58371693,,,0,0,1,0,0,-0.3,-0.31,276.08463,4.425236e-05,304.73438
2005-11-15 00:00:00+00:00,23.27,5.6,,,0,1,0,0,0,-0.3,-0.31,286.4082,0.0,2246.375
2005-11-15 00:00:00+00:00,69.1,-105.1166667,,,0,0,0,0,1,-0.3,-0.31,242.83034,0.0,0.0
2005-11-15 00:00:00+00:00,0.38,6.72,,,1,0,0,0,0,-0.3,-0.31,298.685,6.946869e-05,0.0
2005-11-15 00:00:00+00:00,-22.66416667,-48.06,,,1,0,0,0,0,-0.3,-0.31,299.53043,0.0,490.46875
2005-11-15 00:00:00+00:00,-67.57,-68.13,,,0,0,0,0,1,-0.3,-0.31,,,11.128906
2005-11-15 00:00:00+00:00,49.67,-93.72,,,0,0,0,1,0,-0.3,-0.31,268.97873,6.346768e-05,427.09375
2005-11-15 00:00:00+00:00,29.7,91.13333333,,,0,0,0,0,1,-0.3,-0.31,281.04486,0.0,3735.25
2005-11-15 00:00:00+00:00,12.54194444,39.76972222,,,0,1,0,0,0,-0.3,-0.31,293.22018,0.0,1782.5
2005-11-15 00:00:00+00:00,18.9,72.82,,,1,0,0,0,0,-0.3,-0.31,300.52637,0.0,0.0
2005-12-15 00:00:00+00:00,52.3,104.2833333,,,0,0,0,1,0,-0.0,-0.44,259.0615,0.0,427.25
2005-12-15 00:00:00+00:00,47.54260867,7.58371693,,,0,0,1,0,0,-0.0,-0.44,278.70764,4.879467e-05,304.73438
2005-12-15 00:00:00+00:00,23.27,5.6,,,0,1,0,0,0,-0.0,-0.44,286.7455,0.0,2246.375
2005-12-15 00:00:00+00:00,69.1,-105.1166667,,,0,0,0,0,1,-0.0,-0.44,249.08737,0.0,0.0
2005-12-15 00:00:00+00:00,0.38,6.72,,,1,0,0,0,0,-0.0,-0.44,298.51398,8.834961e-05,0.0
2005-12-15 00:00:00+00:00,-22.66416667,-48.06,,,1,0,0,0,0,-0.0,-0.44,297.32858,0.00014210785,490.46875
2005-12-15 00:00:00+00:00,-67.57,-68.13,,,0,0,0,0,1,-0.0,-0.44,,,11.128906
2005-12-15 00:00:00+00:00,49.67,-93.72,,,0,0,0,1,0,-0.0,-0.44,260.59003,0.0,427.09375
2005-12-15 00:00:00+00:00,29.7,91.13333333,,,0,0,0,0,1,-0.0,-0.44,275.30075,0.0,3735.25
2005-12-15 00:00:00+00:00,12.54194444,39.76972222,,,0,1,0,0,0,-0.0,-0.44,293.1199,0.0,1782.5
2005-12-15 00:00:00+00:00,18.9,72.82,,,1,0,0,0,0,-0.0,-0.44,297.4724,0.0,0.0
2006-01-15 00:00:00+00:00,52.3,104.2833333,,,0,0,0,1,0,2.7,1.27,258.96066,0.0,427.25
2006-01-15 00:00:00+00:00,47.54260867,7.58371693,,,0,0,1,0,0,2.7,1.27,278.67694,7.5198725e-05,304.73438
2006-01-15 00:00:00+00:00,23.27,5.6,,,0,1,0,0,0,2.7,1.27,282.909,0.0,2246.375
2006-01-15 00:00:00+00:00,69.1,-105.1166667,,,0,0,0,0,1,2.7,1.27,240.88242,0.0,0.0
2006-01-15 00:00:00+00:00,0.38,6.72,,,1,0,0,0,0,2.7,1.27,298.71027,4.452473e-05,0.0
2006-01-15 00:00:00+00:00,-22.66416667,-48.06,,,1,0,0,0,0,2.7,1.27,297.62402,0.0001317934,490.46875
2006-01-15 00:00:00+00:00,-67.57,-68.13,,,0,0,0,0,1,2.7,1.27,,,11.128906
2006-01-15 00:00:00+00:00,49.67,-93.72,,,0,0,0,1,0,2.7,1.27,261.46777,0.0,427.09375
2006-01-15 00:00:00+00:00,29.7,91.13333333,,,0,0,0,0,1,2.7,1.27,272.534,2.069974e-06,3735.25
2006-01-15 00:00:00+00:00,12.54194444,39.76972222,,,0,1,0,0,0,2.7,1.27,290.74094,0.0,1782.5
2006-01-15 00:00:00+00:00,18.9,72.82,,,1,0,0,0,0,2.7,1.27,298.29437,0.0,0.0
2006-02-15 00:00:00+00:00,52.3,104.2833333,,,0,0,0,1,0,0.2,-0.51,250.07822,0.0,427.25
2006-02-15 00:00:00+00:00,47.54260867,7.58371693,,,0,0,1,0,0,0.2,-0.51,273.49863,2.9224193e-05,304.73438
2006-02-15 00:00:00+00:00,23.27,5.6,,,0,1,0,0,0,0.2,-0.51,291.2111,0.0,2246.375
2006-02-15 00:00:00+00:00,69.1,-105.1166667,,,0,0,0,0,1,0.2,-0.51,257.51688,8.754499e-06,0.0
2006-02-15 00:00:00+00:00,0.38,6.72,,,1,0,0,0,0,0.2,-0.51,299.21777,6.171143e-05,0.0
2006-02-15 00:00:00+00:00,-22.66416667,-48.06,,,1,0,0,0,0,0.2,-0.51,296.56473,0.00014293802,490.46875
2006-02-15 00:00:00+00:00,-67.57,-68.13,,,0,0,0,0,1,0.2,-0.51,,,11.128906
2006-02-15 00:00:00+00:00,49.67,-93.72,,,0,0,0,1,0,0.2,-0.51,269.5395,7.354929e-06,427.09375
2006-02-15 00:00:00+00:00,29.7,91.13333333,,,0,0,0,0,1,0.2,-0.51,278.81354,0.0,3735.25
2006-02-15 00:00:00+00:00,12.54194444,39.76972222,,,0,1,0,0,0,0.2,-0.51,291.00848,0.0,1782.5
2006-02-15 00:00:00+00:00,18.9,72.82,,,1,0,0,0,0,0.2,-0.51,300.01407,0.0,0.0
2006-03-15 00:00:00+00:00,52.3,104.2833333,,,0,0,0,1,0,2.9,-1.28,260.00656,0.0,427.25
2006-03-15 00:00:00+00:00,47.54260867,7.58371693,,,0,0,1,0,0,2.9,-1.28,281.13446,0.00014671187,304.73438
2006-03-15 00:00:00+00:00,23.27,5.6,,,0,1,0,0,0,2.9,-1.28,289.02332,0.0,2246.375
2006-03-15 00:00:00+00:00,69.1,-105.1166667,,,0,0,0,0,1,2.9,-1.28,242.59773,0.0,0.0
2006-03-15 00:00:00+00:00,0.38,6.72,,,1,0,0,0,0,2.9,-1.28,300.0062,3.0683495e-05,0.0
2006-03-15 00:00:00+00:00,-22.66416667,-48.06,,,1,0,0,0,0,2.9,-1.28,297.14545,0.0,490.46875
2006-03-15 00:00:00+00:00,-67.57,-68.13,,,0,0,0,0,1,2.9,-1.28,,,11.128906
2006-03-15 00:00:00+00:00,49.67,-93.72,,,0,0,0,1,0,2.9,-1.28,274.447,3.511762e-05,427.09375
2006-03-15 00:00:00+00:00,29.7,91.13333333,,,0,0,0,0,1,2.9,-1.28,279.86908,0.0,3735.25
2006-03-15 00:00:00+00:00,12.54194444,39.76972222,,,0,1,0,0,0,2.9,-1.28,291.5087,0.0,1782.5
2006-03-15 00:00:00+00:00,18.9,72.82,,,1,0,0,0,0,2.9,-1.28,300.7209,0.0,0.0
2006-04-15 00:00:00+00:00,52.3,104.2833333,,,0,0,0,1,0,1.8,1.24,278.7466,0.0,427.25
2006-04-15 00:00:00+00:00,47.54260867,7.58371693,,,0,0,1,0,0,1.8,1.24,281.73535,1.7281704e-05,304.73438
2006-04-15 00:00:00+00:00,23.27,5.6,,,0,1,0,0,0,1.8,1.24,293.62543,0.0,2246.375
2006-04-15 00:00:00+00:00,69.1,-105.1166667,,,0,0,0,0,1,1.8,1.24,247.08061,0.0,0.0
2006-04-15 00:00:00+00:00,0.38,6.72,,,1,0,0,0,0,1.8,1.24,298.90665,4.6958135e-05,0.0
2006-04-15 00:00:00+00:00,-22.66416667,-48.06,,,1,0,0,0,0,1.8,1.24,294.6601,7.338762e-05,490.46875
2006-04-15 00:00:00+00:00,-67.57,-68.13,,,0,0,0,0,1,1.8,1.24,,,11.128906
2006-04-15 00:00:00+00:00,49.67,-93.72,,,0,0,0,1,0,1.8,1.24,270.62357,0.0,427.09375
2006-04-15 00:00:00+00:00,29.7,91.13333333,,,0,0,0,0,1,1.8,1.24,284.5224,0.0,3735.25
2006-04-15 00:00:00+00:00,12.54194444,39.76972222,,,0,1,0,0,0,1.8,1.24,292.9296,0.0,1782.5
2006-04-15 00:00:00+00:00,18.9,72.82,,,1,0,0,0,0,1.8,1.24,301.48746,0.0,0.0
2006-05-15 00:00:00+00:00,52.3,104.2833333,,,0,0,0,1,0,-0.8,-1.14,283.8001,0.0,427.25
2006-05-15 00:00:00+00:00,47.54260867,7.58371693,,,0,0,1,0,0,-0.8,-1.14,282.51865,0.0,304.73438
2006-05-15 00:00:00+00:00,23.27,5.6,,,0,1,0,0,0,-0.8,-1.14,297.9065,0.0,2246.375
2006-05-15 00:00:00+00:00,69.1,-105.1166667,,,0,0,0,0,1,-0.8,-1.14,258.5925,4.5328134e-06,0.0
2006-05-15 00:00:00+00:00,0.38,6.72,,,1,0,0,0,0,-0.8,-1.14,300.3303,5.3063877e-06,0.0
2006-05-15 00:00:00+00:00,-22.66416667,-48.06,,,1,0,0,0,0,-0.8,-1.14,292.97476,0.0,490.46875
2006-05-15 00:00:00+00:00,-67.57,-68.13,,,0,0,0,0,1,-0.8,-1.14,,,11.128906
2006-05-15 00:00:00+00:00,49.67,-93.72,,,0,0,0,1,0,-0.8,-1.14,280.74527,0.0,427.09375
2006-05-15 00:00:00+00:00,29.7,91.13333333,,,0,0,0,0,1,-0.8,-1.14,288.3277,1.2083113e-05,3735.25
2006-05-15 00:00:00+00:00,12.54194444,39.76972222,,,0,1,0,0,0,-0.8,-1.14,294.55743,0.0,1782.5
2006-05-15 00:00:00+00:00,18.9,72.82,,,1,0,0,0,0,-0.8,-1.14,301.01575,1.51745935e-05,0.0
2006-06-15 00:00:00+00:00,52.3,104.2833333,,,0,0,0,1,0,-0.4,0.84,285.6079,2.0939588e-05,427.25
2006-06-15 00:00:00+00:00,47.54260867,7.58371693,,,0,0,1,0,0,-0.4,0.84,290.28012,0.00013372516,304.73438
2006-06-15 00:00:00+00:00,23.27,5.6,,,0,1,0,0,0,-0.4,0.84,300.70706,0.0,2246.375
2006-06-15 00:00:00+00:00,69.1,-105.1166667,,,0,0,0,0,1,-0.4,0.84,280.48816,0.0,0.0
2006-06-15 00:00:00+00:00,0.38,6.72,,,1,0,0,0,0,-0.4,0.84,297.79745,4.0309249e-07,0.0
2006-06-15 00:00:00+00:00,-22.66416667,-48.06,,,1,0,0,0,0,-0.4,0.84,292.89905,0.0,490.46875
2006-06-15 00:00:00+00:00,-67.57,-68.13,,,0,0,0,0,1,-0.4,0.84,,,11.128906
2006-06-15 00:00:00+00:00,49.67,-93.72,,,0,0,0,1,0,-0.4,0.84,289.54648,7.6622964e-05,427.09375
2006-06-15 00:00:00+00:00,29.7,91.13333333,,,0,0,0,0,1,-0.4,0.84,291.85403,5.584117e-05,3735.25
2006-06-15 00:00:00+00:00,12.54194444,39.76972222,,,0,1,0,0,0,-0.4,0.84,295.99725,0.0,1782.5
2006-06-15 00:00:00+00:00,18.9,72.82,,,1,0,0,0,0,-0.4,0.84,301.7042,0.00020358183,0.0
2006-07-15 00:00:00+00:00,52.3,104.2833333,,,0,0,0,1,0,-1.0,0.9,287.4679,0.000121457764,427.25
2006-07-15 00:00:00+00:00,47.54260867,7.58371693,,,0,0,1,0,0,-1.0,0.9,286.16553,8.4896266e-05,304.73438
2006-07-15 00:00:00+00:00,23.27,5.6,,,0,1,0,0,0,-1.0,0.9,301.3321,0.0,2246.375
2006-07-15 00:00:00+00:00,69.1,-105.1166667,,,0,0,0,0,1,-1.0,0.9,283.31763,0.0,0.0
2006-07-15 00:00:00+00:00,0.38,6.72,,,1,0,0,0,0,-1.0,0.9,296.09448,1.6902981e-06,0.0
2006-07-15 00:00:00+00:00,-22.66416667,-48.06,,,1,0,0,0,0,-1.0,0.9,291.16174,0.0,490.46875
2006-07-15 00:00:00+00:00,-67.57,-68.13,,,0,0,0,0,1,-1.0,0.9,,,11.128906
2006-07-15 00:00:00+00:00,49.67,-93.72,,,0,0,0,1,0,-1.0,0.9,294.95602,0.0,427.09375
2006-07-15 00:00:00+00:00,29.7,91.13333333,,,0,0,0,0,1,-1.0,0.9,292.08145,1.8186556e-05,3735.25
2006-07-15 00:00:00+00:00,12.54194444,39.76972222,,,0,1,0,0,0,-1.0,0.9,295.26306,0.0,1782.5
2006-07-15 00:00:00+00:00,18.9,72.82,,,1,0,0,0,0,-1.0,0.9,300.61237,0.0002119624,0.0
2006-08-15 00:00:00+00:00,52.3,104.2833333,,,0,0,0,1,0,-1.7,-1.73,287.5096,0.0,427.25
2006-08-15 00:00:00+00:00,47.54260867,7.58371693,,,0,0,1,0,0,-1.7,-1.73,293.1597,0.0001229833,304.73438
2006-08-15 00:00:00+00:00,23.27,5.6,,,0,1,0,0,0,-1.7,-1.73,300.39743,0.0,2246.375
2006-08-15 00:00:00+00:00,69.1,-105.1166667,,,0,0,0,0,1,-1.7,-1.73,276.5208,0.0,0.0
2006-08-15 00:00:00+00:00,0.38,6.72,,,1,0,0,0,0,-1.7,-1.73,296.06302,6.7979463e-06,0.0
2006-08-15 00:00:00+00:00,-22.66416667,-48.06,,,1,0,0,0,0,-1.7,-1.73,298.41403,1.0673024e-05,490.46875
2006-08-15 00:00:00+00:00,-67.57,-68.13,,,0,0,0,0,1,-1.7,-1.73,,,11.128906
2006-08-15 00:00:00+00:00,49.67,-93.72,,,0,0,0,1,0,-1.7,-1.73,289.30542,0.0,427.09375
2006-08-15 00:00:00+00:00,29.7,91.13333333,,,0,0,0,0,1,-1.7,-1.73,291.6051,0.0,3735.25
2006-08-15 00:00:00+00:00,12.54194444,39.76972222,,,0,1,0,0,0,-1.7,-1.73,293.46054,0.00012527821,1782.5
2006-08-15 00:00:00+00:00,18.9,72.82,,,1,0,0,0,0,-1.7,-1.73,300.10193,4.8195776e-05,0.0
2006-09-15 00:00:00+00:00,52.3,104.2833333,,,0,0,0,1,0,-1.0,-1.62,281.0359,0.0,427.25
2006-09-15 00:00:00+00:00,47.54260867,7.58371693,,,0,0,1,0,0,-1.0,-1.62,288.0892,0.0,304.73438
2006-09-15 00:00:00+00:00,23.27,5.6,,,0,1,0,0,0,-1.0,-1.62,298.4055,0.0,2246.375
2006-09-15 00:00:00+00:00,69.1,-105.1166667,,,0,0,0,0,1,-1.0,-1.62,269.08008,0.0,0.0
2006-09-15 00:00:00+00:00,0.38,6.72,,,1,0,0,0,0,-1.0,-1.62,296.716,4.3414322e-05,0.0
2006-09-15 00:00:00+00:00,-22.66416667,-48.06,,,1,0,0,0,0,-1.0,-1.62,293.344,7.9147256e-05,490.46875
2006-09-15 00:00:00+00:00,-67.57,-68.13,,,0,0,0,0,1,-1.0,-1.62,,,11.128906
2006-09-15 00:00:00+00:00,49.67,-93.72,,,0,0,0,1,0,-1.0,-1.62,286.62766,0.0,427.09375
2006-09-15 00:00:00+00:00,29.7,91.13333333,,,0,0,0,0,1,-1.0,-1.62,289.95493,3.980981e-05,3735.25
2006-09-15 00:00:00+00:00,12.54194444,39.76972222,,,0,1,0,0,0,-1.0,-1.62,293.28925,0.0,1782.5
2006-09-15 00:00:00+00:00,18.9,72.82,,,1,0,0,0,0,-1.0,-1.62,300.79803,9.006896e-06,0.0
2006-10-15 00:00:00+00:00,52.3,104.2833333,,,0,0,0,1,0,-2.1,-2.24,275.72653,0.0,427.25
2006-10-15 00:00:00+00:00,47.54260867,7.58371693,,,0,0,1,0,0,-2.1,-2.24,280.67004,0.00010682088,304.73438
2006-10-15 00:00:00+00:00,23.27,5.6,,,0,1,0,0,0,-2.1,-2.24,296.03635,0.0,2246.375
2006-10-15 00:00:00+00:00,69.1,-105.1166667,,,0,0,0,0,1,-2.1,-2.24,271.6826,4.2130355e-06,0.0
2006-10-15 00:00:00+00:00,0.38,6.72,,,1,0,0,0,0,-2.1,-2.24,296.93707,0.000862056,0.0
2006-10-15 00:00:00+00:00,-22.66416667,-48.06,,,1,0,0,0,0,-2.1,-2.24,297.4083,5.929536e-05,490.46875
2006-10-15 00:00:00+00:00,-67.57,-68.13,,,0,0,0,0,1,-2.1,-2.24,,,11.128906
2006-10-15 00:00:00+00:00,49.67,-93.72,,,0,0,0,1,0,-2.1,-2.24,279.50824,0.0,427.09375
2006-10-15 00:00:00+00:00,29.7,91.13333333,,,0,0,0,0,1,-2.1,-2.24,284.82394,0.0,3735.25
2006-10-15 00:00:00+00:00,12.54194444,39.76972222,,,0,1,0,0,0,-2.1,-2.24,291.07452,2.5117637e-05,1782.5
2006-10-15 00:00:00+00:00,18.9,72.82,,,1,0,0,0,0,-2.1,-2.24,302.19675,0.0,0.0
2006-11-15 00:00:00+00:00,52.3,104.2833333,,,0,0,0,1,0,0.1,0.44,268.404,9.469775e-06,427.25
2006-11-15 00:00:00+00:00,47.54260867,7.58371693,,,0,0,1,0,0,0.1,0.44,277.5691,0.0,304.73438
2006-11-15 00:00:00+00:00,23.27,5.6,,,0,1,0,0,0,0.1,0.44,288.1484,0.0,2246.375
2006-11-15 00:00:00+00:00,69.1,-105.1166667,,,0,0,0,0,1,0.1,0.44,250.84134,0.0,0.0
2006-11-15 00:00:00+00:00,0.38,6.72,,,1,0,0,0,0,0.1,0.44,297.2526,0.00017435502,0.0
2006-11-15 00:00:00+00:00,-22.66416667,-48.06,,,1,0,0,0,0,0.1,0.44,301.62802,0.0,490.46875
2006-11-15 00:00:00+00:00,-67.57,-68.13,,,0,0,0,0,1,0.1,0.44,,,11.128906
2006-11-15 00:00:00+00:00,49.67,-93.72,,,0,0,0,1,0,0.1,0.44,262.57837,0.0,427.09375
2006-11-15 00:00:00+00:00,29.7,91.13333333,,,0,0,0,0,1,0.1,0.44,280.01517,0.0,3735.25
2006-11-15 00:00:00+00:00,12.54194444,39.76972222,,,0,1,0,0,0,0.1,0.44,290.22168,0.0,1782.5
2006-11-15 00:00:00+00:00,18.9,72.82,,,1,0,0,0,0,0.1,0.44,300.1765,0.0,0.0
2006-12-15 00:00:00+00:00,52.3,104.2833333,,,0,0,0,1,0,-0.5,1.34,253.02505,0.0,427.25
2006-12-15 00:00:00+00:00,47.54260867,7.58371693,,,0,0,1,0,0,-0.5,1.34,273.93588,0.0,304.73438
2006-12-15 00:00:00+00:00,23.27,5.6,,,0,1,0,0,0,-0.5,1.34,281.90588,0.0,2246.375
2006-12-15 00:00:00+00:00,69.1,-105.1166667,,,0,0,0,0,1,-0.5,1.34,248.83119,0.0,0.0
2006-12-15 00:00:00+00:00,0.38,6.72,,,1,0,0,0,0,-0.5,1.34,299.2302,2.9156427e-05,0.0
2006-12-15 00:00:00+00:00,-22.66416667,-48.06,,,1,0,0,0,0,-0.5,1.34,297.7243,0.0,490.46875
2006-12-15 00:00:00+00:00,-67.57,-68.13,,,0,0,0,0,1,-0.5,1.34,,,11.128906
2006-12-15 00:00:00+00:00,49.67,-93.72,,,0,0,0,1,0,-0.5,1.34,262.02014,6.2156946e-06,427.09375
2006-12-15 00:00:00+00:00,29.7,91.13333333,,,0,0,0,0,1,-0.5,1.34,272.08673,4.1469184e-06,3735.25
2006-12-15 00:00:00+00:00,12.54194444,39.76972222,,,0,1,0,0,0,-0.5,1.34,291.65207,0.0,1782.5
2006-12-15 00:00:00+00:00,18.9,72.82,,,1,0,0,0,0,-0.5,1.34,299.47513,0.0,0.0
2007-01-15 00:00:00+00:00,52.3,104.2833333,,,0,0,0,1,0,-1.3,0.22,261.8491,0.0,427.25
2007-01-15 00:00:00+00:00,47.54260867,7.58371693,,,0,0,1,0,0,-1.3,0.22,273.06064,0.0,304.73438
2007-01-15 00:00:00+00:00,23.27,5.6,,,0,1,0,0,0,-1.3,0.22,279.0057,0.0,2246.375
2007-01-15 00:00:00+00:00,69.1,-105.1166667,,,0,0,0,0,1,-1.3,0.22,234.98955,0.0,0.0
2007-01-15 00:00:00+00:00,0.38,6.72,,,1,0,0,0,0,-1.3,0.22,298.18793,0.00014173092,0.0
2007-01-15 00:00:00+00:00,-22.66416667,-48.06,,,1,0,0,0,0,-1.3,0.22,300.94574,1.8716697e-05,490.46875
2007-01-15 00:00:00+00:00,-67.57,-68.13,,,0,0,0,0,1,-1.3,0.22,,,11.128906
2007-01-15 00:00:00+00:00,49.67,-93.72,,,0,0,0,1,0,-1.3,0.22,271.0613,0.0,427.09375
2007-01-15 00:00:00+00:00,29.7,91.13333333,,,0,0,0,0,1,-1.3,0.22,270.1499,3.1391228e-06,3735.25
2007-01-15 00:00:00+00:00,12.54194444,39.76972222,,,0,1,0,0,0,-1.3,0.22,292.5767,0.0,1782.5
2007-01-15 00:00:00+00:00,18.9,72.82,,,1,0,0,0,0,-1.3,0.22,299.16928,0.0,0.0
2007-02-15 00:00:00+00:00,52.3,104.2833333,,,0,0,0,1,0,-0.1,-0.47,250.90251,0.0,427.25
2007-02-15 00:00:00+00:00,47.54260867,7.58371693,,,0,0,1,0,0,-0.1,-0.47,280.19424,1.3416003e-05,304.73438
2007-02-15 00:00:00+00:00,23.27,5.6,,,0,1,0,0,0,-0.1,-0.47,287.14444,0.0,2246.375
2007-02-15 00:00:00+00:00,69.1,-105.1166667,,,0,0,0,0,1,-0.1,-0.47,238.85533,2.4117394e-06,0.0
2007-02-15 00:00:00+00:00,0.38,6.72,,,1,0,0,0,0,-0.1,-0.47,300.1598,3.1735053e-05,0.0
2007-02-15 00:00:00+00:00,-22.66416667,-48.06,,,1,0,0,0,0,-0.1,-0.47,300.4727,1.208706e-05,490.46875
2007-02-15 00:00:00+00:00,-67.57,-68.13,,,0,0,0,0,1,-0.1,-0.47,,,11.128906
2007-02-15 00:00:00+00:00,49.67,-93.72,,,0,0,0,1,0,-0.1,-0.47,259.97174,0.0,427.09375
2007-02-15 00:00:00+00:00,29.7,91.13333333,,,0,0,0,0,1,-0.1,-0.47,276.82855,0.0,3735.25
2007-02-15 00:00:00+00:00,12.54194444,39.76972222,,,0,1,0,0,0,-0.1,-0.47,293.79938,1.560274e-05,1782.5
2007-02-15 00:00:00+00:00,18.9,72.82,,,1,0,0,0,0,-0.1,-0.47,297.92557,0.0,0.0
2007-03-15 00:00:00+00:00,52.3,104.2833333,,,0,0,0,1,0,0.3,1.44,258.38745,0.0,427.25
2007-03-15 00:00:00+00:00,47.54260867,7.58371693,,,0,0,1,0,0,0.3,1.44,282.03238,3.2533047e-05,304.73438
2007-03-15 00:00:00+00:00,23.27,5.6,,,0,1,0,0,0,0.3,1.44,291.53784,0.0,2246.375
2007-03-15 00:00:00+00:00,69.1,-105.1166667,,,0,0,0,0,1,0.3,1.44,242.60774,3.1752895e-06,0.0
2007-03-15 00:00:00+00:00,0.38,6.72,,,1,0,0,0,0,0.3,1.44,299.14905,0.00015677516,0.0
2007-03-15 00:00:00+00:00,-22.66416667,-48.06,,,1,0,0,0,0,0.3,1.44,298.58127,1.5514917e-05,490.46875
2007-03-15 00:00:00+00:00,-67.57,-68.13,,,0,0,0,0,1,0.3,1.44,,,11.128906
2007-03-15 00:00:00+00:00,49.67,-93.72,,,0,0,0,1,0,0.3,1.44,266.62366,0.0,427.09375
2007-03-15 00:00:00+00:00,29.7,91.13333333,,,0,0,0,0,1,0.3,1.44,279.7218,0.0,3735.25
2007-03-15 00:00:00+00:00,12.54194444,39.76972222,,,0,1,0,0,0,0.3,1.44,293.45737,0.0,1782.5
2007-03-15 00:00:00+00:00,18.9,72.82,,,1,0,0,0,0,0.3,1.44,300.4585,0.0,0.0
2007-04-15 00:00:00+00:00,52.3,104.2833333,,,0,0,0,1,0,-0.2,0.17,277.1188,0.0,427.25
2007-04-15 00:00:00+00:00,47.54260867,7.58371693,,,0,0,1,0,0,-0.2,0.17,277.50458,3.3372915e-05,304.73438
2007-04-15 00:00:00+00:00,23.27,5.6,,,0,1,0,0,0,-0.2,0.17,297.94873,0.0,2246.375
2007-04-15 00:00:00+00:00,69.1,-105.1166667,,,0,0,0,0,1,-0.2,0.17,247.3427,0.0,0.0
2007-04-15 00:00:00+00:00,0.38,6.72,,,1,0,0,0,0,-0.2,0.17,301.05392,5.3972584e-05,0.0
2007-04-15 00:00:00+00:00,-22.66416667,-48.06,,,1,0,0,0,0,-0.2,0.17,298.00464,0.00013614277,490.46875
2007-04-15 00:00:00+00:00,-67.57,-68.13,,,0,0,0,0,1,-0.2,0.17,,,11.128906
2007-04-15 00:00:00+00:00,49.67,-93.72,,,0,0,0,1,0,-0.2,0.17,278.56693,0.0,427.09375
2007-04-15 00:00:00+00:00,29.7,91.13333333,,,0,0,0,0,1,-0.2,0.17,284.90292,0.0,3735.25
2007-04-15 00:00:00+00:00,12.54194444,39.76972222,,,0,1,0,0,0,-0.2,0.17,294.74796,0.00022807952,1782.5
2007-04-15 00:00:00+00:00,18.9,72.82,,,1,0,0,0,0,-0.2,0.17,301.1782,0.0,0.0
2007-05-15 00:00:00+00:00,52.3,104.2833333,,,0,0,0,1,0,-0.2,0.66,280.5216,0.0,427.25
2007-05-15 00:00:00+00:00,47.54260867,7.58371693,,,0,0,1,0,0,-0.2,0.66,286.91812,3.5454603e-05,304.73438
2007-05-15 00:00:00+00:00,23.27,5.6,,,0,1,0,0,0,-0.2,0.66,297.03656,0.0,2246.375
2007-05-15 00:00:00+00:00,69.1,-105.1166667,,,0,0,0,0,1,-0.2,0.66,260.7421,8.557067e-06,0.0
2007-05-15 00:00:00+00:00,0.38,6.72,,,1,0,0,0,0,-0.2,0.66,300.73636,2.225787e-05,0.0
2007-05-15 00:00:00+00:00,-22.66416667,-48.06,,,1,0,0,0,0,-0.2,0.66,294.42517,0.0,490.46875
2007-05-15 00:00:00+00:00,-67.57,-68.13,,,0,0,0,0,1,-0.2,0.66,,,11.128906
2007-05-15 00:00:00+00:00,49.67,-93.72,,,0,0,0,1,0,-0.2,0.66,283.69327,0.0,427.09375
2007-05-15 00:00:00+00:00,29.7,91.13333333,,,0,0,0,0,1,-0.2,0.66,288.2415,0.0,3735.25
2007-05-15 00:00:00+00:00,12.54194444,39.76972222,,,0,1,0,0,0,-0.2,0.66,293.62955,0.0,1782.5
2007-05-15 00:00:00+00:00,18.9,72.82,,,1,0,0,0,0,-0.2,0.66,302.58813,2.5698923e-06,0.0
2007-06-15 00:00:00+00:00,52.3,104.2833333,,,0,0,0,1,0,0.9,-1.31,288.3452,0.0,427.25
2007-06-15 00:00:00+00:00,47.54260867,7.58371693,,,0,0,1,0,0,0.9,-1.31,290.56442,0.0,304.73438
2007-06-15 00:00:00+00:00,23.27,5.6,,,0,1,0,0,0,0.9,-1.31,300.41025,0.0,2246.375
2007-06-15 00:00:00+00:00,69.1,-105.1166667,,,0,0,0,0,1,0.9,-1.31,274.33728,0.0,0.0
2007-06-15 00:00:00+00:00,0.38,6.72,,,1,0,0,0,0,0.9,-1.31,297.36493,1.25575125e-05,0.0
2007-06-15 00:00:00+00:00,-22.66416667,-48.06,,,1,0,0,0,0,0.9,-1.31,293.34357,0.0,490.46875
2007-06-15 00:00:00+00:00,-67.57,-68.13,,,0,0,0,0,1,0.9,-1.31,,,11.128906
2007-06-15 00:00:00+00:00,49.67,-93.72,,,0,0,0,1,0,0.9,-1.31,286.6496,6.957456e-05,427.09375
2007-06-15 00:00:00+00:00,29.7,91.13333333,,,0,0,0,0,1,0.9,-1.31,292.51096,1.8163912e-05,3735.25
2007-06-15 00:00:00+00:00,12.54194444,39.76972222,,,0,1,0,0,0,0.9,-1.31,298.29953,0.0,1782.5
2007-06-15 00:00:00+00:00,18.9,72.82,,,1,0,0,0,0,0.9,-1.31,302.97745,4.082809e-05,0.0
2007-07-15 00:00:00+00:00,52.3,104.2833333,,,0,0,0,1,0,-0.5,-0.58,290.44458,5.4061864e-05,427.25
2007-07-15 00:00:00+00:00,47.54260867,7.58371693,,,0,0,1,0,0,-0.5,-0.58,295.29507,8.773234e-05,304.73438
2007-07-15 00:00:00+00:00,23.27,5.6,,,0,1,0,0,0,-0.5,-0.58,300.30844,0.0,2246.375
2007-07-15 00:00:00+00:00,69.1,-105.1166667,,,0,0,0,0,1,-0.5,-0.58,283.49268,0.0,0.0
2007-07-15 00:00:00+00:00,0.38,6.72,,,1,0,0,0,0,-0.5,-0.58,296.65005,2.8025042e-06,0.0
2007-07-15 00:00:00+00:00,-22.66416667,-48.06,,,1,0,0,0,0,-0.5,-0.58,288.31284,0.0,490.46875
2007-07-15 00:00:00+00:00,-67.57,-68.13,,,0,0,0,0,1,-0.5,-0.58,,,11.128906
2007-07-15 00:00:00+00:00,49.67,-93.72,,,0,0,0,1,0,-0.5,-0.58,292.15552,0.0,427.09375
2007-07-15 00:00:00+00:00,29.7,91.13333333,,,0,0,0,0,1,-0.5,-0.58,295.9615,0.000116875206,3735.25
2007-07-15 00:00:00+00:00,12.54194444,39.76972222,,,0,1,0,0,0,-0.5,-0.58,295.76117,0.0,1782.5
2007-07-15 00:00:00+00:00,18.9,72.82,,,1,0,0,0,0,-0.5,-0.58,301.07584,0.00024261524,0.0
2007-08-15 00:00:00+00:00,52.3,104.2833333,,,0,0,0,1,0,0.7,-0.14,288.3092,0.0,427.25
2007-08-15 00:00:00+00:00,47.54260867,7.58371693,,,0,0,1,0,0,0.7,-0.14,288.49652,0.0,304.73438
2007-08-15 00:00:00+00:00,23.27,5.6,,,0,1,0,0,0,0.7,-0.14,299.96527,0.0,2246.375
2007-08-15 00:00:00+00:00,69.1,-105.1166667,,,0,0,0,0,1,0.7,-0.14,277.75516,6.2859967e-06,0.0
2007-08-15 00:00:00+00:00,0.38,6.72,,,1,0,0,0,0,0.7,-0.14,297.03265,0.0,0.0
2007-08-15 00:00:00+00:00,-22.66416667,-48.06,,,1,0,0,0,0,0.7,-0.14,299.02347,0.0,490.46875
2007-08-15 00:00:00+00:00,-67.57,-68.13,,,0,0,0,0,1,0.7,-0.14,,,11.128906
2007-08-15 00:00:00+00:00,49.67,-93.72,,,0,0,0,1,0,0.7,-0.14,294.0347,0.0,427.09375
2007-08-15 00:00:00+00:00,29.7,91.13333333,,,0,0,0,0,1,0.7,-0.14,292.3019,1.1254277e-05,3735.25
2007-08-15 00:00:00+00:00,12.54194444,39.76972222,,,0,1,0,0,0,0.7,-0.14,292.92407,0.0,1782.5
2007-08-15 00:00:00+00:00,18.9,72.82,,,1,0,0,0,0,0.7,-0.14,300.27237,0.00015439317,0.0
2007-09-15 00:00:00+00:00,52.3,104.2833333,,,0,0,0,1,0,0.3,0.72,281.92798,0.0,427.25
2007-09-15 00:00:00+00:00,47.54260867,7.58371693,,,0,0,1,0,0,0.3,0.72,291.19733,1.976583e-05,304.73438
2007-09-15 00:00:00+00:00,23.27,5.6,,,0,1,0,0,0,0.3,0.72,299.09085,0.0,2246.375
2007-09-15 00:00:00+00:00,69.1,-105.1166667,,,0,0,0,0,1,0.3,0.72,272.0397,0.0,0.0
2007-09-15 00:00:00+00:00,0.38,6.72,,,1,0,0,0,0,0.3,0.72,297.1907,1.4613678e-05,0.0
2007-09-15 00:00:00+00:00,-22.66416667,-48.06,,,1,0,0,0,0,0.3,0.72,292.33652,2.7793146e-06,490.46875
2007-09-15 00:00:00+00:00,-67.57,-68.13,,,0,0,0,0,1,0.3,0.72,,,11.128906
2007-09-15 00:00:00+00:00,49.67,-93.72,,,0,0,0,1,0,0.3,0.72,294.52414,0.0,427.09375
2007-09-15 00:00:00+00:00,29.7,91.13333333,,,0,0,0,0,1,0.3,0.72,286.4818,2.3571123e-05,3735.25
2007-09-15 00:00:00+00:00,12.54194444,39.76972222,,,0,1,0,0,0,0.3,0.72,293.16153,0.0,1782.5
2007-09-15 00:00:00+00:00,18.9,72.82,,,1,0,0,0,0,0.3,0.72,301.5814,1.7087465e-05,0.0
2007-10-15 00:00:00+00:00,52.3,104.2833333,,,0,0,0,1,0,1.2,0.45,271.60895,9.025127e-06,427.25
2007-10-15 00:00:00+00:00,47.54260867,7.58371693,,,0,0,1,0,0,1.2,0.45,282.11084,0.0,304.73438
2007-10-15 00:00:00+00:00,23.27,5.6,,,0,1,0,0,0,1.2,0.45,296.63757,0.0,2246.375
2007-10-15 00:00:00+00:00,69.1,-105.1166667,,,0,0,0,0,1,1.2,0.45,267.64905,3.7155035e-06,0.0
2007-10-15 00:00:00+00:00,0.38,6.72,,,1,0,0,0,0,1.2,0.45,298.095,1.1479707e-06,0.0
2007-10-15 00:00:00+00:00,-22.66416667,-48.06,,,1,0,0,0,0,1.2,0.45,295.98477,0.00011768584,490.46875
2007-10-15 00:00:00+00:00,-67.57,-68.13,,,0,0,0,0,1,1.2,0.45,,,11.128906
2007-10-15 00:00:00+00:00,49.67,-93.72,,,0,0,0,1,0,1.2,0.45,278.1965,0.0,427.09375
2007-10-15 00:00:00+00:00,29.7,91.13333333,,,0,0,0,0,1,1.2,0.45,287.4476,0.0,3735.25
2007-10-15 00:00:00+00:00,12.54194444,39.76972222,,,0,1,0,0,0,1.2,0.45,294.28055,0.0,1782.5
2007-10-15 00:00:00+00:00,18.9,72.82,,,1,0,0,0,0,1.2,0.45,302.3256,4.6596338e-06,0.0
2007-11-15 00:00:00+00:00,52.3,104.2833333,,,0,0,0,1,0,1.4,0.58,268.88782,1.395502e-05,427.25
2007-11-15 00:00:00+00:00,47.54260867,7.58371693,,,0,0,1,0,0,1.4,0.58,273.08472,4.3251497e-05,304.73438
2007-11-15 00:00:00+00:00,23.27,5.6,,,0,1,0,0,0,1.4,0.58,288.44138,0.0,2246.375
2007-11-15 00:00:00+00:00,69.1,-105.1166667,,,0,0,0,0,1,1.4,0.58,250.19237,1.0083342e-05,0.0
2007-11-15 00:00:00+00:00,0.38,6.72,,,1,0,0,0,0,1.4,0.58,298.06396,5.1443785e-05,0.0
2007-11-15 00:00:00+00:00,-22.66416667,-48.06,,,1,0,0,0,0,1.4,0.58,296.82996,0.00022300266,490.46875
2007-11-15 00:00:00+00:00,-67.57,-68.13,,,0,0,0,0,1,1.4,0.58,,,11.128906
2007-11-15 00:00:00+00:00,49.67,-93.72,,,0,0,0,1,0,1.4,0.58,263.2157,1.1549346e-05,427.09375
2007-11-15 00:00:00+00:00,29.7,91.13333333,,,0,0,0,0,1,1.4,0.58,281.98608,0.0,3735.25
2007-11-15 00:00:00+00:00,12.54194444,39.76972222,,,0,1,0,0,0,1.4,0.58,290.6853,0.0,1782.5
2007-11-15 00:00:00+00:00,18.9,72.82,,,1,0,0,0,0,1.4,0.58,300.64093,0.0,0.0
2007-12-15 00:00:00+00:00,52.3,104.2833333,,,0,0,0,1,0,2.7,0.34,258.10187,0.0,427.25
2007-12-15 00:00:00+00:00,47.54260867,7.58371693,,,0,0,1,0,0,2.7,0.34,271.38107,0.0,304.73438
2007-12-15 00:00:00+00:00,23.27,5.6,,,0,1,0,0,0,2.7,0.34,286.0633,0.0,2246.375
2007-12-15 00:00:00+00:00,69.1,-105.1166667,,,0,0,0,0,1,2.7,0.34,246.00963,0.0,0.0
2007-12-15 00:00:00+00:00,0.38,6.72,,,1,0,0,0,0,2.7,0.34,298.20868,9.873719e-05,0.0
2007-12-15 00:00:00+00:00,-22.66416667,-48.06,,,1,0,0,0,0,2.7,0.34,297.93835,0.00013733801,490.46875
2007-12-15 00:00:00+00:00,-67.57,-68.13,,,0,0,0,0,1,2.7,0.34,,,11.128906
2007-12-15 00:00:00+00:00,49.67,-93.72,,,0,0,0,1,0,2.7,0.34,265.8068,6.389017e-05,427.09375
2007-12-15 00:00:00+00:00,29.7,91.13333333,,,0,0,0,0,1,2.7,0.34,279.4267,0.0,3735.25
2007-12-15 00:00:00+00:00,12.54194444,39.76972222,,,0,1,0,0,0,2.7,0.34,290.23544,0.0,1782.5
2007-12-15 00:00:00+00:00,18.9,72.82,,,1,0,0,0,0,2.7,0.34,299.2945,0.0,0.0
2008-01-15 00:00:00+00:00,52.3,104.2833333,,,0,0,0,1,0,2.9,0.89,258.97855,0.0,427.25
2008-01-15 00:00:00+00:00,47.54260867,7.58371693,,,0,0,1,0,0,2.9,0.89,273.67917,0.0,304.73438
2008-01-15 00:00:00+00:00,23.27,5.6,,,0,1,0,0,0,2.9,0.89,281.16476,0.0,2246.375
2008-01-15 00:00:00+00:00,69.1,-105.1166667,,,0,0,0,0,1,2.9,0.89,254.08315,4.7462186e-06,0.0
2008-01-15 00:00:00+00:00,0.38,6.72,,,1,0,0,0,0,2.9,0.89,298.80634,7.114622e-05,0.0
2008-01-15 00:00:00+00:00,-22.66416667,-48.06,,,1,0,0,0,0,2.9,0.89,298.3021,0.00015969486,490.46875
2008-01-15 00:00:00+00:00,-67.57,-68.13,,,0,0,0,0,1,2.9,0.89,,,11.128906
2008-01-15 00:00:00+00:00,49.67,-93.72,,,0,0,0,1,0,2.9,0.89,249.02159,7.650721e-06,427.09375
2008-01-15 00:00:00+00:00,29.7,91.13333333,,,0,0,0,0,1,2.9,0.89,277.3825,0.0,3735.25
2008-01-15 00:00:00+00:00,12.54194444,39.76972222,,,0,1,0,0,0,2.9,0.89,290.946,0.0,1782.5
2008-01-15 00:00:00+00:00,18.9,72.82,,,1,0,0,0,0,2.9,0.89,297.96185,0.0,0.0
2008-02-15 00:00:00+00:00,52.3,104.2833333,,,0,0,0,1,0,4.4,0.73,257.5678,0.0,427.25
2008-02-15 00:00:00+00:00,47.54260867,7.58371693,,,0,0,1,0,0,4.4,0.73,274.10617,0.0,304.73438
2008-02-15 00:00:00+00:00,23.27,5.6,,,0,1,0,0,0,4.4,0.73,280.86435,0.0,2246.375
2008-02-15 00:00:00+00:00,69.1,-105.1166667,,,0,0,0,0,1,4.4,0.73,240.5236,0.0,0.0
2008-02-15 00:00:00+00:00,0.38,6.72,,,1,0,0,0,0,4.4,0.73,298.70267,0.00010820477,0.0
2008-02-15 00:00:00+00:00,-22.66416667,-48.06,,,1,0,0,0,0,4.4,0.73,298.76486,8.2023456e-05,490.46875
2008-02-15 00:00:00+00:00,-67.57,-68.13,,,0,0,0,0,1,4.4,0.73,,,11.128906
2008-02-15 00:00:00+00:00,49.67,-93.72,,,0,0,0,1,0,4.4,0.73,250.5044,0.0,427.09375
2008-02-15 00:00:00+00:00,29.7,91.13333333,,,0,0,0,0,1,4.4,0.73,279.16214,0.0,3735.25
2008-02-15 00:00:00+00:00,12.54194444,39.76972222,,,0,1,0,0,0,4.4,0.73,295.33594,0.0,1782.5
2008-02-15 00:00:00+00:00,18.9,72.82,,,1,0,0,0,0,4.4,0.73,300.67316,0.0,0.0
2008-03-15 00:00:00+00:00,52.3,104.2833333,,,0,0,0,1,0,2.4,0.08,262.74466,0.0,427.25
2008-03-15 00:00:00+00:00,47.54260867,7.58371693,,,0,0,1,0,0,2.4,0.08,274.7855,5.3347067e-05,304.73438
2008-03-15 00:00:00+00:00,23.27,5.6,,,0,1,0,0,0,2.4,0.08,289.74988,0.0,2246.375
2008-03-15 00:00:00+00:00,69.1,-105.1166667,,,0,0,0,0,1,2.4,0.08,245.5164,0.0,0.0
2008-03-15 00:00:00+00:00,0.38,6.72,,,1,0,0,0,0,2.4,0.08,299.96896,3.441928e-05,0.0
2008-03-15 00:00:00+00:00,-22.66416667,-48.06,,,1,0,0,0,0,2.4,0.08,298.91196,0.0,490.46875
2008-03-15 00:00:00+00:00,-67.57,-68.13,,,0,0,0,0,1,2.4,0.08,,,11.128906
2008-03-15 00:00:00+00:00,49.67,-93.72,,,0,0,0,1,0,2.4,0.08,272.24686,0.00011179389,427.09375
2008-03-15 00:00:00+00:00,29.7,91.13333333,,,0,0,0,0,1,2.4,0.08,283.24805,0.0,3735.25
2008-03-15 00:00:00+00:00,12.54194444,39.76972222,,,0,1,0,0,0,2.4,0.08,292.61142,0.0,1782.5
2008-03-15 00:00:00+00:00,18.9,72.82,,,1,0,0,0,0,2.4,0.08,302.34512,0.0,0.0
2008-04-15 00:00:00+00:00,52.3,104.2833333,,,0,0,0,1,0,1.1,-1.07,273.23886,0.0,427.25
2008-04-15 00:00:00+00:00,47.54260867,7.58371693,,,0,0,1,0,0,1.1,-1.07,281.3249,0.0,304.73438
2008-04-15 00:00:00+00:00,23.27,5.6,,,0,1,0,0,0,1.1,-1.07,295.40198,0.0,2246.375
2008-04-15 00:00:00+00:00,69.1,-105.1166667,,,0,0,0,0,1,1.1,-1.07,250.15738,0.0,0.0
2008-04-15 00:00:00+00:00,0.38,6.72,,,1,0,0,0,0,1.1,-1.07,299.3799,9.9485726e-05,0.0
2008-04-15 00:00:00+00:00,-22.66416667,-48.06,,,1,0,0,0,0,1.1,-1.07,295.14655,3.8781604e-05,490.46875
2008-04-15 00:00:00+00:00,-67.57,-68.13,,,0,0,0,0,1,1.1,-1.07,,,11.128906
2008-04-15 00:00:00+00:00,49.67,-93.72,,,0,0,0,1,0,1.1,-1.07,274.6175,3.168368e-05,427.09375
2008-04-15 00:00:00+00:00,29.7,91.13333333,,,0,0,0,0,1,1.1,-1.07,282.4948,6.6498246e-06,3735.25
2008-04-15 00:00:00+00:00,12.54194444,39.76972222,,,0,1,0,0,0,1.1,-1.07,293.51657,0.0,1782.5
2008-04-15 00:00:00+00:00,18.9,72.82,,,1,0,0,0,0,1.1,-1.07,301.46832,0.0,0.0
2008-05-15 00:00:00+00:00,52.3,104.2833333,,,0,0,0,1,0,-0.1,-1.73,276.1992,5.0894247e-05,427.25
2008-05-15 00:00:00+00:00,47.54260867,7.58371693,,,0,0,1,0,0,-0.1,-1.73,284.5044,1.974415e-05,304.73438
2008-05-15 00:00:00+00:00,23.27,5.6,,,0,1,0,0,0,-0.1,-1.73,298.63837,0.0,2246.375
2008-05-15 00:00:00+00:00,69.1,-105.1166667,,,0,0,0,0,1,-0.1,-1.73,267.57312,2.5264715e-05,0.0
2008-05-15 00:00:00+00:00,0.38,6.72,,,1,0,0,0,0,-0.1,-1.73,299.61456,5.3760364e-06,0.0
2008-05-15 00:00:00+00:00,-22.66416667,-48.06,,,1,0,0,0,0,-0.1,-1.73,291.2543,0.0,490.46875
2008-05-15 00:00:00+00:00,-67.57,-68.13,,,0,0,0,0,1,-0.1,-1.73,,,11.128906
2008-05-15 00:00:00+00:00,49.67,-93.72,,,0,0,0,1,0,-0.1,-1.73,280.19397,2.7111126e-05,427.09375
2008-05-15 00:00:00+00:00,29.7,91.13333333,,,0,0,0,0,1,-0.1,-1.73,290.0824,0.0,3735.25
2008-05-15 00:00:00+00:00,12.54194444,39.76972222,,,0,1,0,0,0,-0.1,-1.73,295.25726,3.8917442e-05,1782.5
2008-05-15 00:00:00+00:00,18.9,72.82,,,1,0,0,0,0,-0.1,-1.73,305.2703,0.0,0.0
2008-06-15 00:00:00+00:00,52.3,104.2833333,,,0,0,0,1,0,1.0,-1.39,286.81247,3.327176e-05,427.25
2008-06-15 00:00:00+00:00,47.54260867,7.58371693,,,0,0,1,0,0,1.0,-1.39,289.64188,0.0,304.73438
2008-06-15 00:00:00+00:00,23.27,5.6,,,0,1,0,0,0,1.0,-1.39,300.64197,0.0,2246.375
2008-06-15 00:00:00+00:00,69.1,-105.1166667,,,0,0,0,0,1,1.0,-1.39,277.21103,0.0,0.0
2008-06-15 00:00:00+00:00,0.38,6.72,,,1,0,0,0,0,1.0,-1.39,298.285,0.0,0.0
2008-06-15 00:00:00+00:00,-22.66416667,-48.06,,,1,0,0,0,0,1.0,-1.39,293.94778,0.0,490.46875
2008-06-15 00:00:00+00:00,-67.57,-68.13,,,0,0,0,0,1,1.0,-1.39,,,11.128906
2008-06-15 00:00:00+00:00,49.67,-93.72,,,0,0,0,1,0,1.0,-1.39,288.58817,0.00016401501,427.09375
2008-06-15 00:00:00+00:00,29.7,91.13333333,,,0,0,0,0,1,1.0,-1.39,291.7816,1.3849945e-05,3735.25
2008-06-15 00:00:00+00:00,12.54194444,39.76972222,,,0,1,0,0,0,1.0,-1.39,296.4639,4.6270375e-06,1782.5
2008-06-15 00:00:00+00:00,18.9,72.82,,,1,0,0,0,0,1.0,-1.39,302.1786,9.220772e-06,0.0
2008-07-15 00:00:00+00:00,52.3,104.2833333,,,0,0,0,1,0,0.5,-1.27,286.87912,0.0,427.25
2008-07-15 00:00:00+00:00,47.54260867,7.58371693,,,0,0,1,0,0,0.5,-1.27,294.80136,0.0,304.73438
2008-07-15 00:00:00+00:00,23.27,5.6,,,0,1,0,0,0,0.5,-1.27,300.25165,0.0,2246.375
2008-07-15 00:00:00+00:00,69.1,-105.1166667,,,0,0,0,0,1,0.5,-1.27,283.4066,0.0,0.0
2008-07-15 00:00:00+00:00,0.38,6.72,,,1,0,0,0,0,0.5,-1.27,296.90018,0.0,0.0
2008-07-15 00:00:00+00:00,-22.66416667,-48.06,,,1,0,0,0,0,0.5,-1.27,293.03656,1.3893078e-05,490.46875
2008-07-15 00:00:00+00:00,-67.57,-68.13,,,0,0,0,0,1,0.5,-1.27,,,11.128906
2008-07-15 00:00:00+00:00,49.67,-93.72,,,0,0,0,1,0,0.5,-1.27,292.43915,0.0,427.09375
2008-07-15 00:00:00+00:00,29.7,91.13333333,,,0,0,0,0,1,0.5,-1.27,292.23422,0.0,3735.25
2008-07-15 00:00:00+00:00,12.54194444,39.76972222,,,0,1,0,0,0,0.5,-1.27,294.10245,0.0,1782.5
2008-07-15 00:00:00+00:00,18.9,72.82,,,1,0,0,0,0,0.5,-1.27,302.5332,4.283139e-05,0.0
2008-08-15 00:00:00+00:00,52.3,104.2833333,,,0,0,0,1,0,1.7,-1.16,291.6443,5.562597e-05,427.25
2008-08-15 00:00:00+00:00,47.54260867,7.58371693,,,0,0,1,0,0,1.7,-1.16,289.37708,0.000114571165,304.73438
2008-08-15 00:00:00+00:00,23.27,5.6,,,0,1,0,0,0,1.7,-1.16,297.78693,2.6272542e-06,2246.375
2008-08-15 00:00:00+00:00,69.1,-105.1166667,,,0,0,0,0,1,1.7,-1.16,282.1713,0.0,0.0
2008-08-15 00:00:00+00:00,0.38,6.72,,,1,0,0,0,0,1.7,-1.16,296.64218,1.2975886e-06,0.0
2008-08-15 00:00:00+00:00,-22.66416667,-48.06,,,1,0,0,0,0,1.7,-1.16,295.9065,0.0,490.46875
2008-08-15 00:00:00+00:00,-67.57,-68.13,,,0,0,0,0,1,1.7,-1.16,,,11.128906
2008-08-15 00:00:00+00:00,49.67,-93.72,,,0,0,0,1,0,1.7,-1.16,286.65878,0.0,427.09375
2008-08-15 00:00:00+00:00,29.7,91.13333333,,,0,0,0,0,1,1.7,-1.16,293.41238,1.7345976e-05,3735.25
2008-08-15 00:00:00+00:00,12.54194444,39.76972222,,,0,1,0,0,0,1.7,-1.16,293.79755,0.0,1782.5
2008-08-15 00:00:00+00:00,18.9,72.82,,,1,0,0,0,0,1.7,-1.16,300.1779,0.000247031,0.0
2008-09-15 00:00:00+00:00,52.3,104.2833333,,,0,0,0,1,0,2.0,1.02,287.66312,3.3204076e-05,427.25
2008-09-15 00:00:00+00:00,47.54260867,7.58371693,,,0,0,1,0,0,2.0,1.02,287.487,0.0,304.73438
2008-09-15 00:00:00+00:00,23.27,5.6,,,0,1,0,0,0,2.0,1.02,297.00967,0.0,2246.375
2008-09-15 00:00:00+00:00,69.1,-105.1166667,,,0,0,0,0,1,2.0,1.02,275.2235,4.6118444e-06,0.0
2008-09-15 00:00:00+00:00,0.38,6.72,,,1,0,0,0,0,2.0,1.02,296.75266,3.7438233e-06,0.0
2008-09-15 00:00:00+00:00,-22.66416667,-48.06,,,1,0,0,0,0,2.0,1.02,297.83435,1.6484948e-05,490.46875
2008-09-15 00:00:00+00:00,-67.57,-68.13,,,0,0,0,0,1,2.0,1.02,,,11.128906
2008-09-15 00:00:00+00:00,49.67,-93.72,,,0,0,0,1,0,2.0,1.02,287.5266,0.00031331723,427.09375
2008-09-15 00:00:00+00:00,29.7,91.13333333,,,0,0,0,0,1,2.0,1.02,290.0731,2.9466122e-05,3735.25
2008-09-15 00:00:00+00:00,12.54194444,39.76972222,,,0,1,0,0,0,2.0,1.02,292.10388,0.000107956905,1782.5
2008-09-15 00:00:00+00:00,18.9,72.82,,,1,0,0,0,0,2.0,1.02,300.27087,7.635956e-05,0.0
2008-10-15 00:00:00+00:00,52.3,104.2833333,,,0,0,0,1,0,2.1,-0.04,281.3231,0.0,427.25
2008-10-15 00:00:00+00:00,47.54260867,7.58371693,,,0,0,1,0,0,2.1,-0.04,283.46103,0.0,304.73438
2008-10-15 00:00:00+00:00,23.27,5.6,,,0,1,0,0,0,2.1,-0.04,293.666,0.0,2246.375
2008-10-15 00:00:00+00:00,69.1,-105.1166667,,,0,0,0,0,1,2.1,-0.04,266.09848,1.8656507e-05,0.0
2008-10-15 00:00:00+00:00,0.38,6.72,,,1,0,0,0,0,2.1,-0.04,297.7998,4.2317697e-05,0.0
2008-10-15 00:00:00+00:00,-22.66416667,-48.06,,,1,0,0,0,0,2.1,-0.04,294.32733,0.00026195133,490.46875
2008-10-15 00:00:00+00:00,-67.57,-68.13,,,0,0,0,0,1,2.1,-0.04,,,11.128906
2008-10-15 00:00:00+00:00,49.67,-93.72,,,0,0,0,1,0,2.1,-0.04,274.09247,1.2421845e-05,427.09375
2008-10-15 00:00:00+00:00,29.7,91.13333333,,,0,0,0,0,1,2.1,-0.04,286.7363,0.0,3735.25
2008-10-15 00:00:00+00:00,12.54194444,39.76972222,,,0,1,0,0,0,2.1,-0.04,293.51636,0.0,1782.5
2008-10-15 00:00:00+00:00,18.9,72.82,,,1,0,0,0,0,2.1,-0.04,303.5401,0.0,0.0
2008-11-15 00:00:00+00:00,52.3,104.2833333,,,0,0,0,1,0,2.2,-0.32,269.82767,0.0,427.25
2008-11-15 00:00:00+00:00,47.54260867,7.58371693,,,0,0,1,0,0,2.2,-0.32,279.7632,0.0,304.73438
2008-11-15 00:00:00+00:00,23.27,5.6,,,0,1,0,0,0,2.2,-0.32,290.55905,0.0,2246.375
2008-11-15 00:00:00+00:00,69.1,-105.1166667,,,0,0,0,0,1,2.2,-0.32,256.34436,0.0,0.0
2008-11-15 00:00:00+00:00,0.38,6.72,,,1,0,0,0,0,2.2,-0.32,297.90536,9.418539e-05,0.0
2008-11-15 00:00:00+00:00,-22.66416667,-48.06,,,1,0,0,0,0,2.2,-0.32,299.34232,9.582033e-05,490.46875
2008-11-15 00:00:00+00:00,-67.57,-68.13,,,0,0,0,0,1,2.2,-0.32,,,11.128906
2008-11-15 00:00:00+00:00,49.67,-93.72,,,0,0,0,1,0,2.2,-0.32,273.8507,0.0002065819,427.09375
2008-11-15 00:00:00+00:00,29.7,91.13333333,,,0,0,0,0,1,2.2,-0.32,279.20615,0.0,3735.25
2008-11-15 00:00:00+00:00,12.54194444,39.76972222,,,0,1,0,0,0,2.2,-0.32,292.02667,0.0,1782.5
2008-11-15 00:00:00+00:00,18.9,72.82,,,1,0,0,0,0,2.2,-0.32,300.75037,0.0,0.0
2008-12-15 00:00:00+00:00,52.3,104.2833333,,,0,0,0,1,0,2.4,-0.28,250.17747,0.0,427.25
2008-12-15 00:00:00+00:00,47.54260867,7.58371693,,,0,0,1,0,0,2.4,-0.28,283.11124,4.5886667e-05,304.73438
2008-12-15 00:00:00+00:00,23.27,5.6,,,0,1,0,0,0,2.4,-0.28,282.71582,0.0,2246.375
2008-12-15 00:00:00+00:00,69.1,-105.1166667,,,0,0,0,0,1,2.4,-0.28,251.95595,0.0,0.0
2008-12-15 00:00:00+00:00,0.38,6.72,,,1,0,0,0,0,2.4,-0.28,297.66266,0.00013351609,0.0
2008-12-15 00:00:00+00:00,-22.66416667,-48.06,,,1,0,0,0,0,2.4,-0.28,299.9172,1.8470762e-05,490.46875
2008-12-15 00:00:00+00:00,-67.57,-68.13,,,0,0,0,0,1,2.4,-0.28,,,11.128906
2008-12-15 00:00:00+00:00,49.67,-93.72,,,0,0,0,1,0,2.4,-0.28,267.5648,1.6552105e-05,427.09375
2008-12-15 00:00:00+00:00,29.7,91.13333333,,,0,0,0,0,1,2.4,-0.28,274.2742,0.0,3735.25
2008-12-15 00:00:00+00:00,12.54194444,39.76972222,,,0,1,0,0,0,2.4,-0.28,289.79514,0.0,1782.5
2008-12-15 00:00:00+00:00,18.9,72.82,,,1,0,0,0,0,2.4,-0.28,298.0384,0.0,0.0
2009-01-15 00:00:00+00:00,52.3,104.2833333,,,0,0,0,1,0,1.8,-0.01,264.0881,0.0,427.25
2009-01-15 00:00:00+00:00,47.54260867,7.58371693,,,0,0,1,0,0,1.8,-0.01,276.71863,0.00013412694,304.73438
2009-01-15 00:00:00+00:00,23.27,5.6,,,0,1,0,0,0,1.8,-0.01,277.41455,0.0,2246.375
2009-01-15 00:00:00+00:00,69.1,-105.1166667,,,0,0,0,0,1,1.8,-0.01,236.6509,0.0,0.0
2009-01-15 00:00:00+00:00,0.38,6.72,,,1,0,0,0,0,1.8,-0.01,298.6313,9.730679e-05,0.0
2009-01-15 00:00:00+00:00,-22.66416667,-48.06,,,1,0,0,0,0,1.8,-0.01,298.37216,0.00013781551,490.46875
2009-01-15 00:00:00+00:00,-67.57,-68.13,,,0,0,0,0,1,1.8,-0.01,,,11.128906
2009-01-15 00:00:00+00:00,49.67,-93.72,,,0,0,0,1,0,1.8,-0.01,250.5189,0.0,427.09375
2009-01-15 00:00:00+00:00,29.7,91.13333333,,,0,0,0,0,1,1.8,-0.01,276.4199,0.0,3735.25
2009-01-15 00:00:00+00:00,12.54194444,39.76972222,,,0,1,0,0,0,1.8,-0.01,289.67834,0.0,1782.5
2009-01-15 00:00:00+00:00,18.9,72.82,,,1,0,0,0,0,1.8,-0.01,298.37778,0.0,0.0
2009-02-15 00:00:00+00:00,52.3,104.2833333,,,0,0,0,1,0,3.1,0.06,255.66286,0.0,427.25
2009-02-15 00:00:00+00:00,47.54260867,7.58371693,,,0,0,1,0,0,3.1,0.06,275.57382,7.818005e-05,304.73438
2009-02-15 00:00:00+00:00,23.27,5.6,,,0,1,0,0,0,3.1,0.06,283.7954,0.0,2246.375
2009-02-15 00:00:00+00:00,69.1,-105.1166667,,,0,0,0,0,1,3.1,0.06,241.80821,3.6750328e-06,0.0
2009-02-15 00:00:00+00:00,0.38,6.72,,,1,0,0,0,0,3.1,0.06,299.5808,5.3782922e-05,0.0
2009-02-15 00:00:00+00:00,-22.66416667,-48.06,,,1,0,0,0,0,3.1,0.06,300.26816,1.7175811e-05,490.46875
2009-02-15 00:00:00+00:00,-67.57,-68.13,,,0,0,0,0,1,3.1,0.06,,,11.128906
2009-02-15 00:00:00+00:00,49.67,-93.72,,,0,0,0,1,0,3.1,0.06,253.17429,0.0,427.09375
2009-02-15 00:00:00+00:00,29.7,91.13333333,,,0,0,0,0,1,3.1,0.06,278.28745,0.0,3735.25
2009-02-15 00:00:00+00:00,12.54194444,39.76972222,,,0,1,0,0,0,3.1,0.06,294.29175,0.0,1782.5
2009-02-15 00:00:00+00:00,18.9,72.82,,,1,0,0,0,0,3.1,0.06,298.59833,9.677715e-07,0.0
2009-03-15 00:00:00+00:00,52.3,104.2833333,,,0,0,0,1,0,0.7,0.57,263.8028,4.3188353e-05,427.25
2009-03-15 00:00:00+00:00,47.54260867,7.58371693,,,0,0,1,0,0,0.7,0.57,280.6726,5.061738e-05,304.73438
2009-03-15 00:00:00+00:00,23.27,5.6,,,0,1,0,0,0,0.7,0.57,290.30063,0.0,2246.375
2009-03-15 00:00:00+00:00,69.1,-105.1166667,,,0,0,0,0,1,0.7,0.57,243.1565,0.0,0.0
2009-03-15 00:00:00+00:00,0.38,6.72,,,1,0,0,0,0,0.7,0.57,299.85513,2.4328649e-05,0.0
2009-03-15 00:00:00+00:00,-22.66416667,-48.06,,,1,0,0,0,0,0.7,0.57,297.41522,0.0,490.46875
2009-03-15 00:00:00+00:00,-67.57,-68.13,,,0,0,0,0,1,0.7,0.57,,,11.128906
2009-03-15 00:00:00+00:00,49.67,-93.72,,,0,0,0,1,0,0.7,0.57,260.8752,0.0,427.09375
2009-03-15 00:00:00+00:00,29.7,91.13333333,,,0,0,0,0,1,0.7,0.57,279.83447,0.0,3735.25
2009-03-15 00:00:00+00:00,12.54194444,39.76972222,,,0,1,0,0,0,0.7,0.57,292.06146,0.0,1782.5
2009-03-15 00:00:00+00:00,18.9,72.82,,,1,0,0,0,0,0.7,0.57,301.4438,0.0,0.0
2009-04-15 00:00:00+00:00,52.3,104.2833333,,,0,0,0,1,0,1.3,-0.2,274.4403,9.581715e-06,427.25
2009-04-15 00:00:00+00:00,47.54260867,7.58371693,,,0,0,1,0,0,1.3,-0.2,282.91833,0.0,304.73438
2009-04-15 00:00:00+00:00,23.27,5.6,,,0,1,0,0,0,1.3,-0.2,296.89438,3.008006e-06,2246.375
2009-04-15 00:00:00+00:00,69.1,-105.1166667,,,0,0,0,0,1,1.3,-0.2,254.06247,0.0,0.0
2009-04-15 00:00:00+00:00,0.38,6.72,,,1,0,0,0,0,1.3,-0.2,299.87546,6.255299e-05,0.0
2009-04-15 00:00:00+00:00,-22.66416667,-48.06,,,1,0,0,0,0,1.3,-0.2,297.1657,0.0,490.46875
2009-04-15 00:00:00+00:00,-67.57,-68.13,,,0,0,0,0,1,1.3,-0.2,,,11.128906
2009-04-15 00:00:00+00:00,49.67,-93.72,,,0,0,0,1,0,1.3,-0.2,277.2502,4.495409e-05,427.09375
2009-04-15 00:00:00+00:00,29.7,91.13333333,,,0,0,0,0,1,1.3,-0.2,286.5204,0.0,3735.25
2009-04-15 00:00:00+00:00,12.54194444,39.76972222,,,0,1,0,0,0,1.3,-0.2,293.189,0.0,1782.5
2009-04-15 00:00:00+00:00,18.9,72.82,,,1,0,0,0,0,1.3,-0.2,304.4036,0.0,0.0
2009-05-15 00:00:00+00:00,52.3,104.2833333,,,0,0,0,1,0,-0.2,1.68,275.76517,0.0,427.25
2009-05-15 00:00:00+00:00,47.54260867,7.58371693,,,0,0,1,0,0,-0.2,1.68,283.27762,0.00012932588,304.73438
2009-05-15 00:00:00+00:00,23.27,5.6,,,0,1,0,0,0,-0.2,1.68,291.479,0.0,2246.375
2009-05-15 00:00:00+00:00,69.1,-105.1166667,,,0,0,0,0,1,-0.2,1.68,267.88373,0.0,0.0
2009-05-15 00:00:00+00:00,0.38,6.72,,,1,0,0,0,0,-0.2,1.68,299.2739,2.0703743e-05,0.0
2009-05-15 00:00:00+00:00,-22.66416667,-48.06,,,1,0,0,0,0,-0.2,1.68,293.55328,0.0,490.46875
2009-05-15 00:00:00+00:00,-67.57,-68.13,,,0,0,0,0,1,-0.2,1.68,,,11.128906
2009-05-15 00:00:00+00:00,49.67,-93.72,,,0,0,0,1,0,-0.2,1.68,286.28452,0.0,427.09375
2009-05-15 00:00:00+00:00,29.7,91.13333333,,,0,0,0,0,1,-0.2,1.68,290.29697,0.0,3735.25
2009-05-15 00:00:00+00:00,12.54194444,39.76972222,,,0,1,0,0,0,-0.2,1.68,297.05948,0.0,1782.5
2009-05-15 00:00:00+00:00,18.9,72.82,,,1,0,0,0,0,-0.2,1.68,304.1564,0.0,0.0
2009-06-15 00:00:00+00:00,52.3,104.2833333,,,0,0,0,1,0,0.2,-1.21,286.41016,0.0,427.25
2009-06-15 00:00:00+00:00,47.54260867,7.58371693,,,0,0,1,0,0,0.2,-1.21,294.31192,0.0,304.73438
2009-06-15 00:00:00+00:00,23.27,5.6,,,0,1,0,0,0,0.2,-1.21,299.685,0.0,2246.375
2009-06-15 00:00:00+00:00,69.1,-105.1166667,,,0,0,0,0,1,0.2,-1.21,273.6568,0.0,0.0
2009-06-15 00:00:00+00:00,0.38,6.72,,,1,0,0,0,0,0.2,-1.21,297.51358,0.0,0.0
2009-06-15 00:00:00+00:00,-22.66416667,-48.06,,,1,0,0,0,0,0.2,-1.21,291.26266,0.0,490.46875
2009-06-15 00:00:00+00:00,-67.57,-68.13,,,0,0,0,0,1,0.2,-1.21,,,11.128906
2009-06-15 00:00:00+00:00,49.67,-93.72,,,0,0,0,1,0,0.2,-1.21,291.413,0.0,427.09375
2009-06-15 00:00:00+00:00,29.7,91.13333333,,,0,0,0,0,1,0.2,-1.21,292.43237,0.000103448685,3735.25
2009-06-15 00:00:00+00:00,12.54194444,39.76972222,,,0,1,0,0,0,0.2,-1.21,295.7614,0.0,1782.5
2009-06-15 00:00:00+00:00,18.9,72.82,,,1,0,0,0,0,0.2,-1.21,301.3871,2.8725064e-05,0.0
2009-07-15 00:00:00+00:00,52.3,104.2833333,,,0,0,0,1,0,0.4,-2.15,287.94693,2.1176776e-05,427.25
2009-07-15 00:00:00+00:00,47.54260867,7.58371693,,,0,0,1,0,0,0.4,-2.15,296.3533,0.0,304.73438
2009-07-15 00:00:00+00:00,23.27,5.6,,,0,1,0,0,0,0.4,-2.15,300.05978,0.0,2246.375
2009-07-15 00:00:00+00:00,69.1,-105.1166667,,,0,0,0,0,1,0.4,-2.15,285.2116,0.0,0.0
2009-07-15 00:00:00+00:00,0.38,6.72,,,1,0,0,0,0,0.4,-2.15,295.45154,6.8366935e-06,0.0
2009-07-15 00:00:00+00:00,-22.66416667,-48.06,,,1,0,0,0,0,0.4,-2.15,294.5286,0.0,490.46875
2009-07-15 00:00:00+00:00,-67.57,-68.13,,,0,0,0,0,1,0.4,-2.15,,,11.128906
2009-07-15 00:00:00+00:00,49.67,-93.72,,,0,0,0,1,0,0.4,-2.15,294.76526,0.0,427.09375
2009-07-15 00:00:00+00:00,29.7,91.13333333,,,0,0,0,0,1,0.4,-2.15,292.15936,0.0,3735.25
2009-07-15 00:00:00+00:00,12.54194444,39.76972222,,,0,1,0,0,0,0.4,-2.15,295.12897,0.0,1782.5
2009-07-15 00:00:00+00:00,18.9,72.82,,,1,0,0,0,0,0.4,-2.15,301.59042,0.00012973667,0.0
2009-08-15 00:00:00+00:00,52.3,104.2833333,,,0,0,0,1,0,-0.3,-0.19,289.03848,0.000119165015,427.25
2009-08-15 00:00:00+00:00,47.54260867,7.58371693,,,0,0,1,0,0,-0.3,-0.19,288.3293,0.0,304.73438
2009-08-15 00:00:00+00:00,23.27,5.6,,,0,1,0,0,0,-0.3,-0.19,300.2973,0.0,2246.375
2009-08-15 00:00:00+00:00,69.1,-105.1166667,,,0,0,0,0,1,-0.3,-0.19,278.77817,0.0,0.0
2009-08-15 00:00:00+00:00,0.38,6.72,,,1,0,0,0,0,-0.3,-0.19,296.58142,0.0,0.0
2009-08-15 00:00:00+00:00,-22.66416667,-48.06,,,1,0,0,0,0,-0.3,-0.19,289.9872,2.2662613e-05,490.46875
2009-08-15 00:00:00+00:00,-67.57,-68.13,,,0,0,0,0,1,-0.3,-0.19,,,11.128906
2009-08-15 00:00:00+00:00,49.67,-93.72,,,0,0,0,1,0,-0.3,-0.19,294.9381,1.6212138e-05,427.09375
2009-08-15 00:00:00+00:00,29.7,91.13333333,,,0,0,0,0,1,-0.3,-0.19,291.02448,8.318956e-05,3735.25
2009-08-15 00:00:00+00:00,12.54194444,39.76972222,,,0,1,0,0,0,-0.3,-0.19,292.80426,0.00032819906,1782.5
2009-08-15 00:00:00+00:00,18.9,72.82,,,1,0,0,0,0,-0.3,-0.19,300.33582,8.957933e-05,0.0
2009-09-15 00:00:00+00:00,52.3,104.2833333,,,0,0,0,1,0,0.5,1.51,284.34555,0.0,427.25
2009-09-15 00:00:00+00:00,47.54260867,7.58371693,,,0,0,1,0,0,0.5,1.51,294.1491,0.0,304.73438
2009-09-15 00:00:00+00:00,23.27,5.6,,,0,1,0,0,0,0.5,1.51,298.43625,0.0,2246.375
2009-09-15 00:00:00+00:00,69.1,-105.1166667,,,0,0,0,0,1,0.5,1.51,274.24512,0.0,0.0
2009-09-15 00:00:00+00:00,0.38,6.72,,,1,0,0,0,0,0.5,1.51,296.68533,1.5211213e-05,0.0
2009-09-15 00:00:00+00:00,-22.66416667,-48.06,,,1,0,0,0,0,0.5,1.51,299.74808,0.0,490.46875
2009-09-15 00:00:00+00:00,-67.57,-68.13,,,0,0,0,0,1,0.5,1.51,,,11.128906
2009-09-15 00:00:00+00:00,49.67,-93.72,,,0,0,0,1,0,0.5,1.51,291.85843,0.0,427.09375
2009-09-15 00:00:00+00:00,29.7,91.13333333,,,0,0,0,0,1,0.5,1.51,289.4806,0.0,3735.25
2009-09-15 00:00:00+00:00,12.54194444,39.76972222,,,0,1,0,0,0,0.5,1.51,293.63403,0.0,1782.5
2009-09-15 00:00:00+00:00,18.9,72.82,,,1,0,0,0,0,0.5,1.51,300.2992,2.391758e-05,0.0
2009-10-15 00:00:00+00:00,52.3,104.2833333,,,0,0,0,1,0,-2.0,-1.03,272.51385,0.0,427.25
2009-10-15 00:00:00+00:00,47.54260867,7.58371693,,,0,0,1,0,0,-2.0,-1.03,279.03888,0.0,304.73438
2009-10-15 00:00:00+00:00,23.27,5.6,,,0,1,0,0,0,-2.0,-1.03,291.61017,0.0,2246.375
2009-10-15 00:00:00+00:00,69.1,-105.1166667,,,0,0,0,0,1,-2.0,-1.03,262.85663,1.51516015e-05,0.0
2009-10-15 00:00:00+00:00,0.38,6.72,,,1,0,0,0,0,-2.0,-1.03,298.30258,7.766294e-06,0.0
2009-10-15 00:00:00+00:00,-22.66416667,-48.06,,,1,0,0,0,0,-2.0,-1.03,294.42398,2.6787351e-05,490.46875
2009-10-15 00:00:00+00:00,-67.57,-68.13,,,0,0,0,0,1,-2.0,-1.03,,,11.128906
2009-10-15 00:00:00+00:00,49.67,-93.72,,,0,0,0,1,0,-2.0,-1.03,284.95264,0.0,427.09375
2009-10-15 00:00:00+00:00,29.7,91.13333333,,,0,0,0,0,1,-2.0,-1.03,286.9112,0.0,3735.25
2009-10-15 00:00:00+00:00,12.54194444,39.76972222,,,0,1,0,0,0,-2.0,-1.03,291.43008,0.0,1782.5
2009-10-15 00:00:00+00:00,18.9,72.82,,,1,0,0,0,0,-2.0,-1.03,302.35822,0.0,0.0
2009-11-15 00:00:00+00:00,52.3,104.2833333,,,0,0,0,1,0,-1.0,-0.02,265.974,0.0,427.25
2009-11-15 00:00:00+00:00,47.54260867,7.58371693,,,0,0,1,0,0,-1.0,-0.02,280.0393,8.033528e-05,304.73438
2009-11-15 00:00:00+00:00,23.27,5.6,,,0,1,0,0,0,-1.0,-0.02,286.08615,0.0,2246.375
2009-11-15 00:00:00+00:00,69.1,-105.1166667,,,0,0,0,0,1,-1.0,-0.02,250.06343,0.0,0.0
2009-11-15 00:00:00+00:00,0.38,6.72,,,1,0,0,0,0,-1.0,-0.02,297.8639,0.00012693222,0.0
2009-11-15 00:00:00+00:00,-22.66416667,-48.06,,,1,0,0,0,0,-1.0,-0.02,296.35962,0.00010396804,490.46875
2009-11-15 00:00:00+00:00,-67.57,-68.13,,,0,0,0,0,1,-1.0,-0.02,,,11.128906
2009-11-15 00:00:00+00:00,49.67,-93.72,,,0,0,0,1,0,-1.0,-0.02,264.85306,3.0513202e-05,427.09375
2009-11-15 00:00:00+00:00,29.7,91.13333333,,,0,0,0,0,1,-1.0,-0.02,276.5186,0.0,3735.25
2009-11-15 00:00:00+00:00,12.54194444,39.76972222,,,0,1,0,0,0,-1.0,-0.02,292.24384,0.0,1782.5
2009-11-15 00:00:00+00:00,18.9,72.82,,,1,0,0,0,0,-1.0,-0.02,300.02817,0.0,0.0
2009-12-15 00:00:00+00:00,52.3,104.2833333,,,0,0,0,1,0,-1.2,-1.93,257.47507,0.0,427.25
2009-12-15 00:00:00+00:00,47.54260867,7.58371693,,,0,0,1,0,0,-1.2,-1.93,272.98413,1.0140039e-05,304.73438
2009-12-15 00:00:00+00:00,23.27,5.6,,,0,1,0,0,0,-1.2,-1.93,283.764,0.0,2246.375
2009-12-15 00:00:00+00:00,69.1,-105.1166667,,,0,0,0,0,1,-1.2,-1.93,245.7953,0.0,0.0
2009-12-15 00:00:00+00:00,0.38,6.72,,,1,0,0,0,0,-1.2,-1.93,298.0826,2.9588133e-05,0.0
2009-12-15 00:00:00+00:00,-22.66416667,-48.06,,,1,0,0,0,0,-1.2,-1.93,297.8531,2.64931e-05,490.46875
2009-12-15 00:00:00+00:00,-67.57,-68.13,,,0,0,0,0,1,-1.2,-1.93,,,11.128906
2009-12-15 00:00:00+00:00,49.67,-93.72,,,0,0,0,1,0,-1.2,-1.93,255.68108,0.0,427.09375
2009-12-15 00:00:00+00:00,29.7,91.13333333,,,0,0,0,0,1,-1.2,-1.93,274.43582,9.426312e-06,3735.25
2009-12-15 00:00:00+00:00,12.54194444,39.76972222,,,0,1,0,0,0,-1.2,-1.93,292.05667,0.0,1782.5
2009-12-15 00:00:00+00:00,18.9,72.82,,,1,0,0,0,0,-1.2,-1.93,298.3546,0.0,0.0
