Date,Lat,Lon,O18,H2,KPN_A,KPN_B,KPN_C,KPN_D,KPN_E,ENSO,NAO,Temperature,Precipitation,Alt
1990-01-15 00:00:00+00:00,52.3,104.2833333,,,0,0,0,1,0,-0.1,1.04,241.01529,0.0,427.25
1990-01-15 00:00:00+00:00,47.54260867,7.58371693,,,0,0,1,0,0,-0.1,1.04,277.5874,2.1438535e-05,304.73438
1990-01-15 00:00:00+00:00,23.27,5.6,,,0,1,0,0,0,-0.1,1.04,281.44028,0.0,2246.375
1990-01-15 00:00:00+00:00,69.1,-105.1166667,,,0,0,0,0,1,-0.1,1.04,246.35281,3.6534811e-06,0.0
1990-01-15 00:00:00+00:00,0.38,6.72,,,1,0,0,0,0,-0.1,1.04,298.0019,6.0052233e-05,0.0
1990-01-15 00:00:00+00:00,-22.66416667,-48.06,,,0,0,1,0,0,-0.1,1.04,297.59894,0.0,490.46875
1990-01-15 00:00:00+00:00,-67.57,-68.13,,,0,0,0,0,1,-0.1,1.04,,,11.128906
1990-01-15 00:00:00+00:00,49.67,-93.72,,,0,0,0,1,0,-0.1,1.04,258.89856,0.0,427.09375
1990-01-15 00:00:00+00:00,29.7,91.13333333,,,0,0,0,0,1,-0.1,1.04,273.4025,0.0,3735.25
1990-01-15 00:00:00+00:00,12.54194444,39.76972222,,,0,1,0,0,0,-0.1,1.04,290.47162,0.0,1782.5
1990-01-15 00:00:00+00:00,18.9,72.82,,,1,0,0,0,0,-0.1,1.04,296.61002,0.0,0.0
1990-02-15 00:00:00+00:00,52.3,104.2833333,,,0,0,0,1,0,-3.0,1.41,248.77339,0.0,427.25
1990-02-15 00:00:00+00:00,47.54260867,7.58371693,,,0,0,1,0,0,-3.0,1.41,273.37122,3.0468433e-05,304.73438
1990-02-15 00:00:00+00:00,23.27,5.6,,,0,1,0,0,0,-3.0,1.41,284.48395,0.0,2246.375
1990-02-15 00:00:00+00:00,69.1,-105.1166667,,,0,0,0,0,1,-3.0,1.41,245.21017,3.628829e-06,0.0
1990-02-15 00:00:00+00:00,0.38,6.72,,,1,0,0,0,0,-3.0,1.41,299.5214,9.734531e-05,0.0
1990-02-15 00:00:00+00:00,-22.66416667,-48.06,,,0,0,1,0,0,-3.0,1.41,297.23132,0.00016437218,490.46875
1990-02-15 00:00:00+00:00,-67.57,-68.13,,,0,0,0,0,1,-3.0,1.41,,,11.128906
1990-02-15 00:00:00+00:00,49.67,-93.72,,,0,0,0,1,0,-3.0,1.41,263.50128,0.0,427.09375
1990-02-15 00:00:00+00:00,29.7,91.13333333,,,0,0,0,0,1,-3.0,1.41,278.23373,0.0,3735.25
1990-02-15 00:00:00+00:00,12.54194444,39.76972222,,,0,1,0,0,0,-3.0,1.41,292.46835,0.0,1782.5
1990-02-15 00:00:00+00:00,18.9,72.82,,,1,0,0,0,0,-3.0,1.41,299.89645,0.0,0.0
1990-03-15 00:00:00+00:00,52.3,104.2833333,,,0,0,0,1,0,-0.7,1.46,265.5352,7.893203e-06,427.25
1990-03-15 00:00:00+00:00,47.54260867,7.58371693,,,0,0,1,0,0,-0.7,1.46,287.01233,0.0,304.73438
1990-03-15 00:00:00+00:00,23.27,5.6,,,0,1,0,0,0,-0.7,1.46,291.05667,0.0,2246.375
1990-03-15 00:00:00+00:00,69.1,-105.1166667,,,0,0,0,0,1,-0.7,1.46,241.15219,0.0,0.0
1990-03-15 00:00:00+00:00,0.38,6.72,,,1,0,0,0,0,-0.7,1.46,299.16672,9.9761986e-05,0.0
1990-03-15 00:00:00+00:00,-22.66416667,-48.06,,,0,0,1,0,0,-0.7,1.46,301.31375,1.2361141e-05,490.46875
1990-03-15 00:00:00+00:00,-67.57,-68.13,,,0,0,0,0,1,-0.7,1.46,,,11.128906
1990-03-15 00:00:00+00:00,49.67,-93.72,,,0,0,0,1,0,-0.7,1.46,267.56287,0.0,427.09375
1990-03-15 00:00:00+00:00,29.7,91.13333333,,,0,0,0,0,1,-0.7,1.46,281.07196,0.0,3735.25
1990-03-15 00:00:00+00:00,12.54194444,39.76972222,,,0,1,0,0,0,-0.7,1.46,291.01807,0.0,1782.5
1990-03-15 00:00:00+00:00,18.9,72.82,,,1,0,0,0,0,-0.7,1.46,299.523,0.0,0.0
1990-04-15 00:00:00+00:00,52.3,104.2833333,,,0,0,0,1,0,0.3,2.0,270.60144,0.0,427.25
1990-04-15 00:00:00+00:00,47.54260867,7.58371693,,,0,0,1,0,0,0.3,2.0,282.64044,9.3579165e-06,304.73438
1990-04-15 00:00:00+00:00,23.27,5.6,,,0,1,0,0,0,0.3,2.0,293.18344,0.0,2246.375
1990-04-15 00:00:00+00:00,69.1,-105.1166667,,,0,0,0,0,1,0.3,2.0,246.46289,0.0,0.0
1990-04-15 00:00:00+00:00,0.38,6.72,,,1,0,0,0,0,0.3,2.0,298.83908,0.00013925796,0.0
1990-04-15 00:00:00+00:00,-22.66416667,-48.06,,,0,0,1,0,0,0.3,2.0,298.476,0.0,490.46875
1990-04-15 00:00:00+00:00,-67.57,-68.13,,,0,0,0,0,1,0.3,2.0,,,11.128906
1990-04-15 00:00:00+00:00,49.67,-93.72,,,0,0,0,1,0,0.3,2.0,272.06458,0.0,427.09375
1990-04-15 00:00:00+00:00,29.7,91.13333333,,,0,0,0,0,1,0.3,2.0,283.62964,0.0,3735.25
1990-04-15 00:00:00+00:00,12.54194444,39.76972222,,,0,1,0,0,0,0.3,2.0,292.61365,0.0,1782.5
1990-04-15 00:00:00+00:00,18.9,72.82,,,1,0,0,0,0,0.3,2.0,300.30957,0.0,0.0
1990-05-15 00:00:00+00:00,52.3,104.2833333,,,0,0,0,1,0,2.0,-1.53,281.8993,0.0,427.25
1990-05-15 00:00:00+00:00,47.54260867,7.58371693,,,0,0,1,0,0,2.0,-1.53,284.0831,0.0,304.73438
1990-05-15 00:00:00+00:00,23.27,5.6,,,0,1,0,0,0,2.0,-1.53,298.70206,0.0,2246.375
1990-05-15 00:00:00+00:00,69.1,-105.1166667,,,0,0,0,0,1,2.0,-1.53,268.6674,9.983738e-06,0.0
1990-05-15 00:00:00+00:00,0.38,6.72,,,1,0,0,0,0,2.0,-1.53,299.23334,2.4857185e-05,0.0
1990-05-15 00:00:00+00:00,-22.66416667,-48.06,,,0,0,1,0,0,2.0,-1.53,296.37207,0.0,490.46875
1990-05-15 00:00:00+00:00,-67.57,-68.13,,,0,0,0,0,1,2.0,-1.53,,,11.128906
1990-05-15 00:00:00+00:00,49.67,-93.72,,,0,0,0,1,0,2.0,-1.53,283.4806,0.0,427.09375
1990-05-15 00:00:00+00:00,29.7,91.13333333,,,0,0,0,0,1,2.0,-1.53,287.41202,0.0,3735.25
1990-05-15 00:00:00+00:00,12.54194444,39.76972222,,,0,1,0,0,0,2.0,-1.53,292.6496,0.00011774108,1782.5
1990-05-15 00:00:00+00:00,18.9,72.82,,,1,0,0,0,0,2.0,-1.53,303.73392,0.0,0.0
1990-06-15 00:00:00+00:00,52.3,104.2833333,,,0,0,0,1,0,0.5,-0.02,286.44028,0.0,427.25
1990-06-15 00:00:00+00:00,47.54260867,7.58371693,,,0,0,1,0,0,0.5,-0.02,283.85306,7.29385e-05,304.73438
1990-06-15 00:00:00+00:00,23.27,5.6,,,0,1,0,0,0,0.5,-0.02,297.5896,0.0,2246.375
1990-06-15 00:00:00+00:00,69.1,-105.1166667,,,0,0,0,0,1,0.5,-0.02,273.25525,7.10288e-05,0.0
1990-06-15 00:00:00+00:00,0.38,6.72,,,1,0,0,0,0,0.5,-0.02,296.5555,1.423369e-05,0.0
1990-06-15 00:00:00+00:00,-22.66416667,-48.06,,,0,0,1,0,0,0.5,-0.02,296.6179,0.0,490.46875
1990-06-15 00:00:00+00:00,-67.57,-68.13,,,0,0,0,0,1,0.5,-0.02,,,11.128906
1990-06-15 00:00:00+00:00,49.67,-93.72,,,0,0,0,1,0,0.5,-0.02,291.9544,0.0,427.09375
1990-06-15 00:00:00+00:00,29.7,91.13333333,,,0,0,0,0,1,0.5,-0.02,292.35144,2.4494051e-05,3735.25
1990-06-15 00:00:00+00:00,12.54194444,39.76972222,,,0,1,0,0,0,0.5,-0.02,295.69485,0.0,1782.5
1990-06-15 00:00:00+00:00,18.9,72.82,,,1,0,0,0,0,0.5,-0.02,301.8621,0.00023370606,0.0
1990-07-15 00:00:00+00:00,52.3,104.2833333,,,0,0,0,1,0,0.9,0.53,287.46823,3.630942e-05,427.25
1990-07-15 00:00:00+00:00,47.54260867,7.58371693,,,0,0,1,0,0,0.9,0.53,289.97604,0.00014255536,304.73438
1990-07-15 00:00:00+00:00,23.27,5.6,,,0,1,0,0,0,0.9,0.53,300.318,0.0,2246.375
1990-07-15 00:00:00+00:00,69.1,-105.1166667,,,0,0,0,0,1,0.9,0.53,282.10434,0.0,0.0
1990-07-15 00:00:00+00:00,0.38,6.72,,,1,0,0,0,0,0.9,0.53,298.0316,0.0,0.0
1990-07-15 00:00:00+00:00,-22.66416667,-48.06,,,0,0,1,0,0,0.9,0.53,289.09506,0.0,490.46875
1990-07-15 00:00:00+00:00,-67.57,-68.13,,,0,0,0,0,1,0.9,0.53,,,11.128906
1990-07-15 00:00:00+00:00,49.67,-93.72,,,0,0,0,1,0,0.9,0.53,290.66998,0.0,427.09375
1990-07-15 00:00:00+00:00,29.7,91.13333333,,,0,0,0,0,1,0.9,0.53,295.4116,0.0,3735.25
1990-07-15 00:00:00+00:00,12.54194444,39.76972222,,,0,1,0,0,0,0.9,0.53,294.24734,0.0,1782.5
1990-07-15 00:00:00+00:00,18.9,72.82,,,1,0,0,0,0,0.9,0.53,300.5285,0.00010720324,0.0
1990-08-15 00:00:00+00:00,52.3,104.2833333,,,0,0,0,1,0,-0.3,0.97,283.0069,4.213773e-05,427.25
1990-08-15 00:00:00+00:00,47.54260867,7.58371693,,,0,0,1,0,0,-0.3,0.97,288.31622,0.0,304.73438
1990-08-15 00:00:00+00:00,23.27,5.6,,,0,1,0,0,0,-0.3,0.97,300.51013,0.0,2246.375
1990-08-15 00:00:00+00:00,69.1,-105.1166667,,,0,0,0,0,1,-0.3,0.97,279.10025,0.0,0.0
1990-08-15 00:00:00+00:00,0.38,6.72,,,1,0,0,0,0,-0.3,0.97,295.30478,4.971285e-06,0.0
1990-08-15 00:00:00+00:00,-22.66416667,-48.06,,,0,0,1,0,0,-0.3,0.97,291.42133,0.00022579593,490.46875
1990-08-15 00:00:00+00:00,-67.57,-68.13,,,0,0,0,0,1,-0.3,0.97,,,11.128906
1990-08-15 00:00:00+00:00,49.67,-93.72,,,0,0,0,1,0,-0.3,0.97,291.8669,1.8071214e-05,427.09375
1990-08-15 00:00:00+00:00,29.7,91.13333333,,,0,0,0,0,1,-0.3,0.97,291.04663,5.062963e-05,3735.25
1990-08-15 00:00:00+00:00,12.54194444,39.76972222,,,0,1,0,0,0,-0.3,0.97,292.76416,0.0002949692,1782.5
1990-08-15 00:00:00+00:00,18.9,72.82,,,1,0,0,0,0,-0.3,0.97,299.86636,0.00020630055,0.0
1990-09-15 00:00:00+00:00,52.3,104.2833333,,,0,0,0,1,0,-1.2,1.06,286.9907,0.0,427.25
1990-09-15 00:00:00+00:00,47.54260867,7.58371693,,,0,0,1,0,0,-1.2,1.06,288.01483,4.4750464e-05,304.73438
1990-09-15 00:00:00+00:00,23.27,5.6,,,0,1,0,0,0,-1.2,1.06,297.59366,0.0,2246.375
1990-09-15 00:00:00+00:00,69.1,-105.1166667,,,0,0,0,0,1,-1.2,1.06,277.7306,4.0373663e-05,0.0
1990-09-15 00:00:00+00:00,0.38,6.72,,,1,0,0,0,0,-1.2,1.06,296.4437,0.000107047505,0.0
1990-09-15 00:00:00+00:00,-22.66416667,-48.06,,,0,0,1,0,0,-1.2,1.06,289.67435,0.0,490.46875
1990-09-15 00:00:00+00:00,-67.57,-68.13,,,0,0,0,0,1,-1.2,1.06,,,11.128906
1990-09-15 00:00:00+00:00,49.67,-93.72,,,0,0,0,1,0,-1.2,1.06,290.21704,0.0,427.09375
1990-09-15 00:00:00+00:00,29.7,91.13333333,,,0,0,0,0,1,-1.2,1.06,290.5359,0.0,3735.25
1990-09-15 00:00:00+00:00,12.54194444,39.76972222,,,0,1,0,0,0,-1.2,1.06,296.77045,0.0,1782.5
1990-09-15 00:00:00+00:00,18.9,72.82,,,1,0,0,0,0,-1.2,1.06,300.32956,2.496309e-05,0.0
1990-10-15 00:00:00+00:00,52.3,104.2833333,,,0,0,0,1,0,0.4,0.23,275.02838,0.0,427.25
1990-10-15 00:00:00+00:00,47.54260867,7.58371693,,,0,0,1,0,0,0.4,0.23,281.48444,0.0,304.73438
1990-10-15 00:00:00+00:00,23.27,5.6,,,0,1,0,0,0,0.4,0.23,293.56232,0.0,2246.375
1990-10-15 00:00:00+00:00,69.1,-105.1166667,,,0,0,0,0,1,0.4,0.23,262.0698,3.7060342e-06,0.0
1990-10-15 00:00:00+00:00,0.38,6.72,,,1,0,0,0,0,0.4,0.23,297.27176,9.784813e-05,0.0
1990-10-15 00:00:00+00:00,-22.66416667,-48.06,,,0,0,1,0,0,0.4,0.23,289.93207,0.0002727087,490.46875
1990-10-15 00:00:00+00:00,-67.57,-68.13,,,0,0,0,0,1,0.4,0.23,,,11.128906
1990-10-15 00:00:00+00:00,49.67,-93.72,,,0,0,0,1,0,0.4,0.23,281.39407,0.0,427.09375
1990-10-15 00:00:00+00:00,29.7,91.13333333,,,0,0,0,0,1,0.4,0.23,283.63715,0.0,3735.25
1990-10-15 00:00:00+00:00,12.54194444,39.76972222,,,0,1,0,0,0,0.4,0.23,292.61346,0.0,1782.5
1990-10-15 00:00:00+00:00,18.9,72.82,,,1,0,0,0,0,0.4,0.23,300.68207,0.0,0.0
1990-11-15 00:00:00+00:00,52.3,104.2833333,,,0,0,0,1,0,-0.8,-0.24,265.68042,1.081089e-05,427.25
1990-11-15 00:00:00+00:00,47.54260867,7.58371693,,,0,0,1,0,0,-0.8,-0.24,273.2821,0.0,304.73438
1990-11-15 00:00:00+00:00,23.27,5.6,,,0,1,0,0,0,-0.8,-0.24,287.90048,0.0,2246.375
1990-11-15 00:00:00+00:00,69.1,-105.1166667,,,0,0,0,0,1,-0.8,-0.24,251.75404,0.0,0.0
1990-11-15 00:00:00+00:00,0.38,6.72,,,1,0,0,0,0,-0.8,-0.24,298.82397,4.3803695e-05,0.0
1990-11-15 00:00:00+00:00,-22.66416667,-48.06,,,0,0,1,0,0,-0.8,-0.24,298.9644,2.4298375e-05,490.46875
1990-11-15 00:00:00+00:00,-67.57,-68.13,,,0,0,0,0,1,-0.8,-0.24,,,11.128906
1990-11-15 00:00:00+00:00,49.67,-93.72,,,0,0,0,1,0,-0.8,-0.24,266.95847,5.7052403e-05,427.09375
1990-11-15 00:00:00+00:00,29.7,91.13333333,,,0,0,0,0,1,-0.8,-0.24,281.41003,0.0,3735.25
1990-11-15 00:00:00+00:00,12.54194444,39.76972222,,,0,1,0,0,0,-0.8,-0.24,290.55627,0.0,1782.5
1990-11-15 00:00:00+00:00,18.9,72.82,,,1,0,0,0,0,-0.8,-0.24,301.44577,0.0,0.0
1990-12-15 00:00:00+00:00,52.3,104.2833333,,,0,0,0,1,0,-0.4,0.22,260.92258,0.0,427.25
1990-12-15 00:00:00+00:00,47.54260867,7.58371693,,,0,0,1,0,0,-0.4,0.22,266.41748,0.0,304.73438
1990-12-15 00:00:00+00:00,23.27,5.6,,,0,1,0,0,0,-0.4,0.22,281.20663,0.0,2246.375
1990-12-15 00:00:00+00:00,69.1,-105.1166667,,,0,0,0,0,1,-0.4,0.22,246.00165,0.0,0.0
1990-12-15 00:00:00+00:00,0.38,6.72,,,1,0,0,0,0,-0.4,0.22,299.1616,9.9305136e-05,0.0
1990-12-15 00:00:00+00:00,-22.66416667,-48.06,,,0,0,1,0,0,-0.4,0.22,298.6819,8.664277e-05,490.46875
1990-12-15 00:00:00+00:00,-67.57,-68.13,,,0,0,0,0,1,-0.4,0.22,,,11.128906
1990-12-15 00:00:00+00:00,49.67,-93.72,,,0,0,0,1,0,-0.4,0.22,250.9413,0.0,427.09375
1990-12-15 00:00:00+00:00,29.7,91.13333333,,,0,0,0,0,1,-0.4,0.22,277.4317,0.0,3735.25
1990-12-15 00:00:00+00:00,12.54194444,39.76972222,,,0,1,0,0,0,-0.4,0.22,293.81592,0.0,1782.5
1990-12-15 00:00:00+00:00,18.9,72.82,,,1,0,0,0,0,-0.4,0.22,299.18143,0.0,0.0
1991-01-15 00:00:00+00:00,52.3,104.2833333,,,0,0,0,1,0,1.0,0.86,255.82463,0.0,427.25
1991-01-15 00:00:00+00:00,47.54260867,7.58371693,,,0,0,1,0,0,1.0,0.86,275.52057,9.464041e-06,304.73438
1991-01-15 00:00:00+00:00,23.27,5.6,,,0,1,0,0,0,1.0,0.86,281.40915,0.0,2246.375
1991-01-15 00:00:00+00:00,69.1,-105.1166667,,,0,0,0,0,1,1.0,0.86,237.04262,0.0,0.0
1991-01-15 00:00:00+00:00,0.38,6.72,,,1,0,0,0,0,1.0,0.86,299.60666,2.2118045e-05,0.0
1991-01-15 00:00:00+00:00,-22.66416667,-48.06,,,1,0,0,0,0,1.0,0.86,299.59216,0.0,490.46875
1991-01-15 00:00:00+00:00,-67.57,-68.13,,,0,0,0,0,1,1.0,0.86,,,11.128906
1991-01-15 00:00:00+00:00,49.67,-93.72,,,0,0,0,1,0,1.0,0.86,237.93217,0.0,427.09375
1991-01-15 00:00:00+00:00,29.7,91.13333333,,,0,0,0,0,1,1.0,0.86,272.5303,0.0,3735.25
1991-01-15 00:00:00+00:00,12.54194444,39.76972222,,,0,1,0,0,0,1.0,0.86,292.92648,0.0,1782.5
1991-01-15 00:00:00+00:00,18.9,72.82,,,1,0,0,0,0,1.0,0.86,297.20798,0.0,0.0
1991-02-15 00:00:00+00:00,52.3,104.2833333,,,0,0,0,1,0,0.4,1.04,256.9048,0.0,427.25
1991-02-15 00:00:00+00:00,47.54260867,7.58371693,,,0,0,1,0,0,0.4,1.04,276.02112,6.932666e-06,304.73438
1991-02-15 00:00:00+00:00,23.27,5.6,,,0,1,0,0,0,0.4,1.04,285.92358,0.0,2246.375
1991-02-15 00:00:00+00:00,69.1,-105.1166667,,,0,0,0,0,1,0.4,1.04,245.76659,0.0,0.0
1991-02-15 00:00:00+00:00,0.38,6.72,,,1,0,0,0,0,0.4,1.04,299.0987,0.000120265395,0.0
1991-02-15 00:00:00+00:00,-22.66416667,-48.06,,,1,0,0,0,0,0.4,1.04,296.89615,4.2457883e-05,490.46875
1991-02-15 00:00:00+00:00,-67.57,-68.13,,,0,0,0,0,1,0.4,1.04,,,11.128906
1991-02-15 00:00:00+00:00,49.67,-93.72,,,0,0,0,1,0,0.4,1.04,272.8494,0.0,427.09375
1991-02-15 00:00:00+00:00,29.7,91.13333333,,,0,0,0,0,1,0.4,1.04,277.09778,0.0,3735.25
1991-02-15 00:00:00+00:00,12.54194444,39.76972222,,,0,1,0,0,0,0.4,1.04,293.0437,0.0,1782.5
1991-02-15 00:00:00+00:00,18.9,72.82,,,1,0,0,0,0,0.4,1.04,299.36435,0.0,0.0
1991-03-15 00:00:00+00:00,52.3,104.2833333,,,0,0,0,1,0,-1.1,-0.2,259.21823,0.0,427.25
1991-03-15 00:00:00+00:00,47.54260867,7.58371693,,,0,0,1,0,0,-1.1,-0.2,277.4941,0.0,304.73438
1991-03-15 00:00:00+00:00,23.27,5.6,,,0,1,0,0,0,-1.1,-0.2,289.01422,0.0,2246.375
1991-03-15 00:00:00+00:00,69.1,-105.1166667,,,0,0,0,0,1,-1.1,-0.2,235.97816,0.0,0.0
1991-03-15 00:00:00+00:00,0.38,6.72,,,1,0,0,0,0,-1.1,-0.2,299.63953,9.909804e-05,0.0
1991-03-15 00:00:00+00:00,-22.66416667,-48.06,,,1,0,0,0,0,-1.1,-0.2,298.47003,0.00012634324,490.46875
1991-03-15 00:00:00+00:00,-67.57,-68.13,,,0,0,0,0,1,-1.1,-0.2,,,11.128906
1991-03-15 00:00:00+00:00,49.67,-93.72,,,0,0,0,1,0,-1.1,-0.2,279.8934,0.0,427.09375
1991-03-15 00:00:00+00:00,29.7,91.13333333,,,0,0,0,0,1,-1.1,-0.2,274.485,0.0,3735.25
1991-03-15 00:00:00+00:00,12.54194444,39.76972222,,,0,1,0,0,0,-1.1,-0.2,294.75372,0.0,1782.5
1991-03-15 00:00:00+00:00,18.9,72.82,,,1,0,0,0,0,-1.1,-0.2,302.2154,0.0,0.0
1991-04-15 00:00:00+00:00,52.3,104.2833333,,,0,0,0,1,0,-1.0,0.29,278.0538,0.0,427.25
1991-04-15 00:00:00+00:00,47.54260867,7.58371693,,,0,0,1,0,0,-1.0,0.29,279.82642,2.1275679e-05,304.73438
1991-04-15 00:00:00+00:00,23.27,5.6,,,0,1,0,0,0,-1.0,0.29,294.85226,0.0,2246.375
1991-04-15 00:00:00+00:00,69.1,-105.1166667,,,0,0,0,0,1,-1.0,0.29,250.77496,0.0,0.0
1991-04-15 00:00:00+00:00,0.38,6.72,,,1,0,0,0,0,-1.0,0.29,300.8179,0.0,0.0
1991-04-15 00:00:00+00:00,-22.66416667,-48.06,,,1,0,0,0,0,-1.0,0.29,296.99396,6.5457534e-05,490.46875
1991-04-15 00:00:00+00:00,-67.57,-68.13,,,0,0,0,0,1,-1.0,0.29,,,11.128906
1991-04-15 00:00:00+00:00,49.67,-93.72,,,0,0,0,1,0,-1.0,0.29,273.65182,0.0,427.09375
1991-04-15 00:00:00+00:00,29.7,91.13333333,,,0,0,0,0,1,-1.0,0.29,285.96997,0.0,3735.25
1991-04-15 00:00:00+00:00,12.54194444,39.76972222,,,0,1,0,0,0,-1.0,0.29,296.79266,0.0,1782.5
1991-04-15 00:00:00+00:00,18.9,72.82,,,1,0,0,0,0,-1.0,0.29,303.34717,0.0,0.0
1991-05-15 00:00:00+00:00,52.3,104.2833333,,,0,0,0,1,0,-1.7,0.08,285.32794,0.0,427.25
1991-05-15 00:00:00+00:00,47.54260867,7.58371693,,,0,0,1,0,0,-1.7,0.08,278.39886,2.1416827e-05,304.73438
1991-05-15 00:00:00+00:00,23.27,5.6,,,0,1,0,0,0,-1.7,0.08,300.1545,0.0,2246.375
1991-05-15 00:00:00+00:00,69.1,-105.1166667,,,0,0,0,0,1,-1.7,0.08,266.103,0.0,0.0
1991-05-15 00:00:00+00:00,0.38,6.72,,,1,0,0,0,0,-1.7,0.08,296.10236,0.00019026431,0.0
1991-05-15 00:00:00+00:00,-22.66416667,-48.06,,,1,0,0,0,0,-1.7,0.08,298.69016,0.0,490.46875
1991-05-15 00:00:00+00:00,-67.57,-68.13,,,0,0,0,0,1,-1.7,0.08,,,11.128906
1991-05-15 00:00:00+00:00,49.67,-93.72,,,0,0,0,1,0,-1.7,0.08,288.56927,0.000100741076,427.09375
1991-05-15 00:00:00+00:00,29.7,91.13333333,,,0,0,0,0,1,-1.7,0.08,288.69495,0.0,3735.25
1991-05-15 00:00:00+00:00,12.54194444,39.76972222,,,0,1,0,0,0,-1.7,0.08,295.72946,0.0,1782.5
1991-05-15 00:00:00+00:00,18.9,72.82,,,1,0,0,0,0,-1.7,0.08,303.5219,0.0,0.0
1991-06-15 00:00:00+00:00,52.3,104.2833333,,,0,0,0,1,0,-0.2,-0.82,293.13184,0.0,427.25
1991-06-15 00:00:00+00:00,47.54260867,7.58371693,,,0,0,1,0,0,-0.2,-0.82,286.55173,7.815208e-05,304.73438
1991-06-15 00:00:00+00:00,23.27,5.6,,,0,1,0,0,0,-0.2,-0.82,301.05972,0.0,2246.375
1991-06-15 00:00:00+00:00,69.1,-105.1166667,,,0,0,0,0,1,-0.2,-0.82,276.8314,0.0,0.0
1991-06-15 00:00:00+00:00,0.38,6.72,,,1,0,0,0,0,-0.2,-0.82,296.0248,6.266281e-05,0.0
1991-06-15 00:00:00+00:00,-22.66416667,-48.06,,,1,0,0,0,0,-0.2,-0.82,296.0617,0.0,490.46875
1991-06-15 00:00:00+00:00,-67.57,-68.13,,,0,0,0,0,1,-0.2,-0.82,,,11.128906
1991-06-15 00:00:00+00:00,49.67,-93.72,,,0,0,0,1,0,-0.2,-0.82,286.46106,7.500975e-05,427.09375
1991-06-15 00:00:00+00:00,29.7,91.13333333,,,0,0,0,0,1,-0.2,-0.82,290.31046,0.0,3735.25
1991-06-15 00:00:00+00:00,12.54194444,39.76972222,,,0,1,0,0,0,-0.2,-0.82,296.55652,0.0,1782.5
1991-06-15 00:00:00+00:00,18.9,72.82,,,1,0,0,0,0,-0.2,-0.82,302.20544,0.00024429322,0.0
1991-07-15 00:00:00+00:00,52.3,104.2833333,,,0,0,0,1,0,0.0,-0.49,290.20712,0.0,427.25
1991-07-15 00:00:00+00:00,47.54260867,7.58371693,,,0,0,1,0,0,0.0,-0.49,293.8521,0.0,304.73438
1991-07-15 00:00:00+00:00,23.27,5.6,,,0,1,0,0,0,0.0,-0.49,301.32812,0.0,2246.375
1991-07-15 00:00:00+00:00,69.1,-105.1166667,,,0,0,0,0,1,0.0,-0.49,278.3615,7.069973e-06,0.0
1991-07-15 00:00:00+00:00,0.38,6.72,,,1,0,0,0,0,0.0,-0.49,296.88895,0.0,0.0
1991-07-15 00:00:00+00:00,-22.66416667,-48.06,,,1,0,0,0,0,0.0,-0.49,294.7392,1.1063703e-05,490.46875
1991-07-15 00:00:00+00:00,-67.57,-68.13,,,0,0,0,0,1,0.0,-0.49,,,11.128906
1991-07-15 00:00:00+00:00,49.67,-93.72,,,0,0,0,1,0,0.0,-0.49,291.03036,0.0,427.09375
1991-07-15 00:00:00+00:00,29.7,91.13333333,,,0,0,0,0,1,0.0,-0.49,292.28488,0.0,3735.25
1991-07-15 00:00:00+00:00,12.54194444,39.76972222,,,0,1,0,0,0,0.0,-0.49,291.48752,0.00027935766,1782.5
1991-07-15 00:00:00+00:00,18.9,72.82,,,1,0,0,0,0,0.0,-0.49,300.1436,0.00027386137,0.0
1991-08-15 00:00:00+00:00,52.3,104.2833333,,,0,0,0,1,0,-0.7,1.23,289.32678,0.0,427.25
1991-08-15 00:00:00+00:00,47.54260867,7.58371693,,,0,0,1,0,0,-0.7,1.23,285.54004,2.9540313e-05,304.73438
1991-08-15 00:00:00+00:00,23.27,5.6,,,0,1,0,0,0,-0.7,1.23,296.4433,9.807469e-06,2246.375
1991-08-15 00:00:00+00:00,69.1,-105.1166667,,,0,0,0,0,1,-0.7,1.23,278.66544,0.0,0.0
1991-08-15 00:00:00+00:00,0.38,6.72,,,1,0,0,0,0,-0.7,1.23,295.656,7.538732e-06,0.0
1991-08-15 00:00:00+00:00,-22.66416667,-48.06,,,1,0,0,0,0,-0.7,1.23,292.93835,0.0,490.46875
1991-08-15 00:00:00+00:00,-67.57,-68.13,,,0,0,0,0,1,-0.7,1.23,,,11.128906
1991-08-15 00:00:00+00:00,49.67,-93.72,,,0,0,0,1,0,-0.7,1.23,289.72775,0.0,427.09375
1991-08-15 00:00:00+00:00,29.7,91.13333333,,,0,0,0,0,1,-0.7,1.23,290.25702,7.522886e-05,3735.25
1991-08-15 00:00:00+00:00,12.54194444,39.76972222,,,0,1,0,0,0,-0.7,1.23,289.80682,0.0009131712,1782.5
1991-08-15 00:00:00+00:00,18.9,72.82,,,1,0,0,0,0,-0.7,1.23,301.39862,3.940022e-05,0.0
1991-09-15 00:00:00+00:00,52.3,104.2833333,,,0,0,0,1,0,-2.5,0.48,283.80923,6.032683e-05,427.25
1991-09-15 00:00:00+00:00,47.54260867,7.58371693,,,0,0,1,0,0,-2.5,0.48,286.30573,0.0,304.73438
1991-09-15 00:00:00+00:00,23.27,5.6,,,0,1,0,0,0,-2.5,0.48,295.89554,8.076424e-06,2246.375
1991-09-15 00:00:00+00:00,69.1,-105.1166667,,,0,0,0,0,1,-2.5,0.48,272.54053,0.0,0.0
1991-09-15 00:00:00+00:00,0.38,6.72,,,1,0,0,0,0,-2.5,0.48,295.62958,0.0001248092,0.0
1991-09-15 00:00:00+00:00,-22.66416667,-48.06,,,1,0,0,0,0,-2.5,0.48,292.61984,0.0,490.46875
1991-09-15 00:00:00+00:00,-67.57,-68.13,,,0,0,0,0,1,-2.5,0.48,,,11.128906
1991-09-15 00:00:00+00:00,49.67,-93.72,,,0,0,0,1,0,-2.5,0.48,287.58368,0.0,427.09375
1991-09-15 00:00:00+00:00,29.7,91.13333333,,,0,0,0,0,1,-2.5,0.48,288.13913,0.0,3735.25
1991-09-15 00:00:00+00:00,12.54194444,39.76972222,,,0,1,0,0,0,-2.5,0.48,293.94138,0.0,1782.5
1991-09-15 00:00:00+00:00,18.9,72.82,,,1,0,0,0,0,-2.5,0.48,300.15155,5.3218013e-05,0.0
1991-10-15 00:00:00+00:00,52.3,104.2833333,,,0,0,0,1,0,-1.7,-0.19,271.65195,3.8315273e-05,427.25
1991-10-15 00:00:00+00:00,47.54260867,7.58371693,,,0,0,1,0,0,-1.7,-0.19,282.95102,6.1223823e-06,304.73438
1991-10-15 00:00:00+00:00,23.27,5.6,,,0,1,0,0,0,-1.7,-0.19,294.97702,0.0,2246.375
1991-10-15 00:00:00+00:00,69.1,-105.1166667,,,0,0,0,0,1,-1.7,-0.19,251.09111,0.0,0.0
1991-10-15 00:00:00+00:00,0.38,6.72,,,1,0,0,0,0,-1.7,-0.19,296.5483,8.338909e-05,0.0
1991-10-15 00:00:00+00:00,-22.66416667,-48.06,,,1,0,0,0,0,-1.7,-0.19,295.04523,5.715574e-05,490.46875
1991-10-15 00:00:00+00:00,-67.57,-68.13,,,0,0,0,0,1,-1.7,-0.19,,,11.128906
1991-10-15 00:00:00+00:00,49.67,-93.72,,,0,0,0,1,0,-1.7,-0.19,281.52258,0.0,427.09375
1991-10-15 00:00:00+00:00,29.7,91.13333333,,,0,0,0,0,1,-1.7,-0.19,285.96634,0.0,3735.25
1991-10-15 00:00:00+00:00,12.54194444,39.76972222,,,0,1,0,0,0,-1.7,-0.19,292.13766,0.0,1782.5
1991-10-15 00:00:00+00:00,18.9,72.82,,,1,0,0,0,0,-1.7,-0.19,301.7916,0.0,0.0
1991-11-15 00:00:00+00:00,52.3,104.2833333,,,0,0,0,1,0,-1.1,0.48,256.7115,0.0,427.25
1991-11-15 00:00:00+00:00,47.54260867,7.58371693,,,0,0,1,0,0,-1.1,0.48,279.19147,0.0,304.73438
1991-11-15 00:00:00+00:00,23.27,5.6,,,0,1,0,0,0,-1.1,0.48,288.1567,0.0,2246.375
1991-11-15 00:00:00+00:00,69.1,-105.1166667,,,0,0,0,0,1,-1.1,0.48,240.92628,0.0,0.0
1991-11-15 00:00:00+00:00,0.38,6.72,,,1,0,0,0,0,-1.1,0.48,297.92682,9.67777e-05,0.0
1991-11-15 00:00:00+00:00,-22.66416667,-48.06,,,1,0,0,0,0,-1.1,0.48,298.13568,1.214506e-05,490.46875
1991-11-15 00:00:00+00:00,-67.57,-68.13,,,0,0,0,0,1,-1.1,0.48,,,11.128906
1991-11-15 00:00:00+00:00,49.67,-93.72,,,0,0,0,1,0,-1.1,0.48,271.3019,0.0,427.09375
1991-11-15 00:00:00+00:00,29.7,91.13333333,,,0,0,0,0,1,-1.1,0.48,280.84924,0.0,3735.25
1991-11-15 00:00:00+00:00,12.54194444,39.76972222,,,0,1,0,0,0,-1.1,0.48,290.18625,0.0,1782.5
1991-11-15 00:00:00+00:00,18.9,72.82,,,1,0,0,0,0,-1.1,0.48,300.5571,0.0,0.0
1991-12-15 00:00:00+00:00,52.3,104.2833333,,,0,0,0,1,0,-2.9,0.46,250.20602,0.0,427.25
1991-12-15 00:00:00+00:00,47.54260867,7.58371693,,,0,0,1,0,0,-2.9,0.46,270.75644,1.2508881e-05,304.73438
1991-12-15 00:00:00+00:00,23.27,5.6,,,0,1,0,0,0,-2.9,0.46,283.90012,0.0,2246.375
1991-12-15 00:00:00+00:00,69.1,-105.1166667,,,0,0,0,0,1,-2.9,0.46,248.29364,0.0,0.0
1991-12-15 00:00:00+00:00,0.38,6.72,,,1,0,0,0,0,-2.9,0.46,297.68204,8.693455e-05,0.0
1991-12-15 00:00:00+00:00,-22.66416667,-48.06,,,1,0,0,0,0,-2.9,0.46,297.10342,6.821513e-05,490.46875
1991-12-15 00:00:00+00:00,-67.57,-68.13,,,0,0,0,0,1,-2.9,0.46,,,11.128906
1991-12-15 00:00:00+00:00,49.67,-93.72,,,0,0,0,1,0,-2.9,0.46,258.92538,3.8307244e-05,427.09375
1991-12-15 00:00:00+00:00,29.7,91.13333333,,,0,0,0,0,1,-2.9,0.46,277.45578,0.0,3735.25
1991-12-15 00:00:00+00:00,12.54194444,39.76972222,,,0,1,0,0,0,-2.9,0.46,290.87024,0.0,1782.5
1991-12-15 00:00:00+00:00,18.9,72.82,,,1,0,0,0,0,-2.9,0.46,299.79007,0.0,0.0
1992-01-15 00:00:00+00:00,52.3,104.2833333,,,0,0,0,1,0,-4.7,-0.13,257.42188,7.5244952e-06,427.25
1992-01-15 00:00:00+00:00,47.54260867,7.58371693,,,0,0,1,0,0,-4.7,-0.13,271.6753,1.161078e-05,304.73438
1992-01-15 00:00:00+00:00,23.27,5.6,,,0,1,0,0,0,-4.7,-0.13,278.52267,0.0,2246.375
1992-01-15 00:00:00+00:00,69.1,-105.1166667,,,0,0,0,0,1,-4.7,-0.13,232.93622,0.0,0.0
1992-01-15 00:00:00+00:00,0.38,6.72,,,1,0,0,0,0,-4.7,-0.13,298.13962,6.0847153e-05,0.0
1992-01-15 00:00:00+00:00,-22.66416667,-48.06,,,1,0,0,0,0,-4.7,-0.13,297.17975,0.00015826759,490.46875
1992-01-15 00:00:00+00:00,-67.57,-68.13,,,0,0,0,0,1,-4.7,-0.13,,,11.128906
1992-01-15 00:00:00+00:00,49.67,-93.72,,,0,0,0,1,0,-4.7,-0.13,263.6187,1.0922684e-05,427.09375
1992-01-15 00:00:00+00:00,29.7,91.13333333,,,0,0,0,0,1,-4.7,-0.13,273.64285,0.0,3735.25
1992-01-15 00:00:00+00:00,12.54194444,39.76972222,,,0,1,0,0,0,-4.7,-0.13,290.51782,0.0,1782.5
1992-01-15 00:00:00+00:00,18.9,72.82,,,1,0,0,0,0,-4.7,-0.13,297.75528,0.0,0.0
1992-02-15 00:00:00+00:00,52.3,104.2833333,,,0,0,0,1,0,-1.5,1.07,249.63051,0.0,427.25
1992-02-15 00:00:00+00:00,47.54260867,7.58371693,,,0,0,1,0,0,-1.5,1.07,259.98273,0.0,304.73438
1992-02-15 00:00:00+00:00,23.27,5.6,,,0,1,0,0,0,-1.5,1.07,286.6422,0.0,2246.375
1992-02-15 00:00:00+00:00,69.1,-105.1166667,,,0,0,0,0,1,-1.5,1.07,249.46107,2.3178505e-05,0.0
1992-02-15 00:00:00+00:00,0.38,6.72,,,1,0,0,0,0,-1.5,1.07,299.01355,5.196001e-05,0.0
1992-02-15 00:00:00+00:00,-22.66416667,-48.06,,,1,0,0,0,0,-1.5,1.07,297.33252,6.852604e-05,490.46875
1992-02-15 00:00:00+00:00,-67.57,-68.13,,,0,0,0,0,1,-1.5,1.07,,,11.128906
1992-02-15 00:00:00+00:00,49.67,-93.72,,,0,0,0,1,0,-1.5,1.07,264.0892,0.0,427.09375
1992-02-15 00:00:00+00:00,29.7,91.13333333,,,0,0,0,0,1,-1.5,1.07,276.8389,0.0,3735.25
1992-02-15 00:00:00+00:00,12.54194444,39.76972222,,,0,1,0,0,0,-1.5,1.07,292.48938,0.0,1782.5
1992-02-15 00:00:00+00:00,18.9,72.82,,,1,0,0,0,0,-1.5,1.07,295.26288,0.0,0.0
1992-03-15 00:00:00+00:00,52.3,104.2833333,,,0,0,0,1,0,-3.3,0.87,265.77417,0.0,427.25
1992-03-15 00:00:00+00:00,47.54260867,7.58371693,,,0,0,1,0,0,-3.3,0.87,279.541,0.0,304.73438
1992-03-15 00:00:00+00:00,23.27,5.6,,,0,1,0,0,0,-3.3,0.87,286.34326,0.0,2246.375
1992-03-15 00:00:00+00:00,69.1,-105.1166667,,,0,0,0,0,1,-3.3,0.87,237.0292,0.0,0.0
1992-03-15 00:00:00+00:00,0.38,6.72,,,1,0,0,0,0,-3.3,0.87,299.46518,1.4748107e-05,0.0
1992-03-15 00:00:00+00:00,-22.66416667,-48.06,,,1,0,0,0,0,-3.3,0.87,296.63882,5.3153723e-05,490.46875
1992-03-15 00:00:00+00:00,-67.57,-68.13,,,0,0,0,0,1,-3.3,0.87,,,11.128906
1992-03-15 00:00:00+00:00,49.67,-93.72,,,0,0,0,1,0,-3.3,0.87,275.5079,0.0,427.09375
1992-03-15 00:00:00+00:00,29.7,91.13333333,,,0,0,0,0,1,-3.3,0.87,278.7936,0.0,3735.25
1992-03-15 00:00:00+00:00,12.54194444,39.76972222,,,0,1,0,0,0,-3.3,0.87,294.3518,0.0,1782.5
1992-03-15 00:00:00+00:00,18.9,72.82,,,1,0,0,0,0,-3.3,0.87,300.25113,0.0,0.0
1992-04-15 00:00:00+00:00,52.3,104.2833333,,,0,0,0,1,0,-1.7,1.86,271.2938,0.0,427.25
1992-04-15 00:00:00+00:00,47.54260867,7.58371693,,,0,0,1,0,0,-1.7,1.86,290.02435,0.0,304.73438
1992-04-15 00:00:00+00:00,23.27,5.6,,,0,1,0,0,0,-1.7,1.86,291.91916,0.0,2246.375
1992-04-15 00:00:00+00:00,69.1,-105.1166667,,,0,0,0,0,1,-1.7,1.86,253.90338,2.73083e-05,0.0
1992-04-15 00:00:00+00:00,0.38,6.72,,,1,0,0,0,0,-1.7,1.86,298.54172,3.0326912e-05,0.0
1992-04-15 00:00:00+00:00,-22.66416667,-48.06,,,1,0,0,0,0,-1.7,1.86,298.34506,1.4316512e-05,490.46875
1992-04-15 00:00:00+00:00,-67.57,-68.13,,,0,0,0,0,1,-1.7,1.86,,,11.128906
1992-04-15 00:00:00+00:00,49.67,-93.72,,,0,0,0,1,0,-1.7,1.86,284.21048,0.0,427.09375
1992-04-15 00:00:00+00:00,29.7,91.13333333,,,0,0,0,0,1,-1.7,1.86,286.20496,0.0,3735.25
1992-04-15 00:00:00+00:00,12.54194444,39.76972222,,,0,1,0,0,0,-1.7,1.86,292.7752,0.0,1782.5
1992-04-15 00:00:00+00:00,18.9,72.82,,,1,0,0,0,0,-1.7,1.86,301.47778,0.0,0.0
1992-05-15 00:00:00+00:00,52.3,104.2833333,,,0,0,0,1,0,0.4,2.63,280.55518,0.0,427.25
1992-05-15 00:00:00+00:00,47.54260867,7.58371693,,,0,0,1,0,0,0.4,2.63,289.28027,4.675767e-05,304.73438
1992-05-15 00:00:00+00:00,23.27,5.6,,,0,1,0,0,0,0.4,2.63,297.55707,0.0,2246.375
1992-05-15 00:00:00+00:00,69.1,-105.1166667,,,0,0,0,0,1,0.4,2.63,267.0884,0.0,0.0
1992-05-15 00:00:00+00:00,0.38,6.72,,,1,0,0,0,0,0.4,2.63,297.0559,0.00011453694,0.0
1992-05-15 00:00:00+00:00,-22.66416667,-48.06,,,1,0,0,0,0,0.4,2.63,282.5978,0.0,490.46875
1992-05-15 00:00:00+00:00,-67.57,-68.13,,,0,0,0,0,1,0.4,2.63,,,11.128906
1992-05-15 00:00:00+00:00,49.67,-93.72,,,0,0,0,1,0,0.4,2.63,293.086,0.0,427.09375
1992-05-15 00:00:00+00:00,29.7,91.13333333,,,0,0,0,0,1,0.4,2.63,286.96497,0.0,3735.25
1992-05-15 00:00:00+00:00,12.54194444,39.76972222,,,0,1,0,0,0,0.4,2.63,291.83743,0.00011676762,1782.5
1992-05-15 00:00:00+00:00,18.9,72.82,,,1,0,0,0,0,0.4,2.63,302.03845,4.43634e-06,0.0
1992-06-15 00:00:00+00:00,52.3,104.2833333,,,0,0,0,1,0,-1.0,0.2,291.7089,0.0,427.25
1992-06-15 00:00:00+00:00,47.54260867,7.58371693,,,0,0,1,0,0,-1.0,0.2,291.14642,7.0010195e-05,304.73438
1992-06-15 00:00:00+00:00,23.27,5.6,,,0,1,0,0,0,-1.0,0.2,300.5011,0.0,2246.375
1992-06-15 00:00:00+00:00,69.1,-105.1166667,,,0,0,0,0,1,-1.0,0.2,276.09317,0.0,0.0
1992-06-15 00:00:00+00:00,0.38,6.72,,,1,0,0,0,0,-1.0,0.2,295.3621,3.4011286e-05,0.0
1992-06-15 00:00:00+00:00,-22.66416667,-48.06,,,1,0,0,0,0,-1.0,0.2,289.53195,2.1600448e-05,490.46875
1992-06-15 00:00:00+00:00,-67.57,-68.13,,,0,0,0,0,1,-1.0,0.2,,,11.128906
1992-06-15 00:00:00+00:00,49.67,-93.72,,,0,0,0,1,0,-1.0,0.2,291.89938,1.2564822e-05,427.09375
1992-06-15 00:00:00+00:00,29.7,91.13333333,,,0,0,0,0,1,-1.0,0.2,289.60025,0.00030059498,3735.25
1992-06-15 00:00:00+00:00,12.54194444,39.76972222,,,0,1,0,0,0,-1.0,0.2,295.5072,3.575553e-06,1782.5
1992-06-15 00:00:00+00:00,18.9,72.82,,,1,0,0,0,0,-1.0,0.2,301.43454,0.00012570042,0.0
1992-07-15 00:00:00+00:00,52.3,104.2833333,,,0,0,0,1,0,-1.0,0.16,288.37515,0.0,427.25
1992-07-15 00:00:00+00:00,47.54260867,7.58371693,,,0,0,1,0,0,-1.0,0.16,293.6743,1.0152005e-05,304.73438
1992-07-15 00:00:00+00:00,23.27,5.6,,,0,1,0,0,0,-1.0,0.16,302.05493,0.0,2246.375
1992-07-15 00:00:00+00:00,69.1,-105.1166667,,,0,0,0,0,1,-1.0,0.16,282.88562,0.0,0.0
1992-07-15 00:00:00+00:00,0.38,6.72,,,1,0,0,0,0,-1.0,0.16,294.52612,4.004742e-06,0.0
1992-07-15 00:00:00+00:00,-22.66416667,-48.06,,,1,0,0,0,0,-1.0,0.16,293.34317,0.0,490.46875
1992-07-15 00:00:00+00:00,-67.57,-68.13,,,0,0,0,0,1,-1.0,0.16,,,11.128906
1992-07-15 00:00:00+00:00,49.67,-93.72,,,0,0,0,1,0,-1.0,0.16,285.82788,0.0,427.09375
1992-07-15 00:00:00+00:00,29.7,91.13333333,,,0,0,0,0,1,-1.0,0.16,290.8527,0.0,3735.25
1992-07-15 00:00:00+00:00,12.54194444,39.76972222,,,0,1,0,0,0,-1.0,0.16,292.94666,0.0,1782.5
1992-07-15 00:00:00+00:00,18.9,72.82,,,1,0,0,0,0,-1.0,0.16,299.55942,0.000102829494,0.0
1992-08-15 00:00:00+00:00,52.3,104.2833333,,,0,0,0,1,0,0.6,0.85,288.78107,0.0,427.25
1992-08-15 00:00:00+00:00,47.54260867,7.58371693,,,0,0,1,0,0,0.6,0.85,296.0151,0.0,304.73438
1992-08-15 00:00:00+00:00,23.27,5.6,,,0,1,0,0,0,0.6,0.85,299.02777,0.0,2246.375
1992-08-15 00:00:00+00:00,69.1,-105.1166667,,,0,0,0,0,1,0.6,0.85,281.5067,0.0,0.0
1992-08-15 00:00:00+00:00,0.38,6.72,,,1,0,0,0,0,0.6,0.85,295.0908,1.0994676e-05,0.0
1992-08-15 00:00:00+00:00,-22.66416667,-48.06,,,1,0,0,0,0,0.6,0.85,291.87112,3.085483e-05,490.46875
1992-08-15 00:00:00+00:00,-67.57,-68.13,,,0,0,0,0,1,0.6,0.85,,,11.128906
1992-08-15 00:00:00+00:00,49.67,-93.72,,,0,0,0,1,0,0.6,0.85,288.6892,0.0,427.09375
1992-08-15 00:00:00+00:00,29.7,91.13333333,,,0,0,0,0,1,0.6,0.85,289.5939,4.7614314e-05,3735.25
1992-08-15 00:00:00+00:00,12.54194444,39.76972222,,,0,1,0,0,0,0.6,0.85,292.75583,0.0,1782.5
1992-08-15 00:00:00+00:00,18.9,72.82,,,1,0,0,0,0,0.6,0.85,299.75705,0.00016637836,0.0
1992-09-15 00:00:00+00:00,52.3,104.2833333,,,0,0,0,1,0,0.1,-0.44,285.61078,0.0,427.25
1992-09-15 00:00:00+00:00,47.54260867,7.58371693,,,0,0,1,0,0,0.1,-0.44,284.78604,3.6808924e-05,304.73438
1992-09-15 00:00:00+00:00,23.27,5.6,,,0,1,0,0,0,0.1,-0.44,299.52145,0.0,2246.375
1992-09-15 00:00:00+00:00,69.1,-105.1166667,,,0,0,0,0,1,0.1,-0.44,265.79153,0.0,0.0
1992-09-15 00:00:00+00:00,0.38,6.72,,,1,0,0,0,0,0.1,-0.44,296.436,5.043741e-05,0.0
1992-09-15 00:00:00+00:00,-22.66416667,-48.06,,,1,0,0,0,0,0.1,-0.44,296.12134,2.7793146e-06,490.46875
1992-09-15 00:00:00+00:00,-67.57,-68.13,,,0,0,0,0,1,0.1,-0.44,,,11.128906
1992-09-15 00:00:00+00:00,49.67,-93.72,,,0,0,0,1,0,0.1,-0.44,283.74796,0.0,427.09375
1992-09-15 00:00:00+00:00,29.7,91.13333333,,,0,0,0,0,1,0.1,-0.44,289.23212,0.0,3735.25
1992-09-15 00:00:00+00:00,12.54194444,39.76972222,,,0,1,0,0,0,0.1,-0.44,292.9507,0.0,1782.5
1992-09-15 00:00:00+00:00,18.9,72.82,,,1,0,0,0,0,0.1,-0.44,299.92822,1.4455836e-05,0.0
1992-10-15 00:00:00+00:00,52.3,104.2833333,,,0,0,0,1,0,-2.3,-1.76,277.41452,0.0,427.25
1992-10-15 00:00:00+00:00,47.54260867,7.58371693,,,0,0,1,0,0,-2.3,-1.76,284.88312,0.0,304.73438
1992-10-15 00:00:00+00:00,23.27,5.6,,,0,1,0,0,0,-2.3,-1.76,293.65598,0.0,2246.375
1992-10-15 00:00:00+00:00,69.1,-105.1166667,,,0,0,0,0,1,-2.3,-1.76,253.7992,0.0,0.0
1992-10-15 00:00:00+00:00,0.38,6.72,,,1,0,0,0,0,-2.3,-1.76,296.91818,5.3922573e-05,0.0
1992-10-15 00:00:00+00:00,-22.66416667,-48.06,,,1,0,0,0,0,-2.3,-1.76,291.9238,0.0,490.46875
1992-10-15 00:00:00+00:00,-67.57,-68.13,,,0,0,0,0,1,-2.3,-1.76,,,11.128906
1992-10-15 00:00:00+00:00,49.67,-93.72,,,0,0,0,1,0,-2.3,-1.76,273.8635,3.0854982e-05,427.09375
1992-10-15 00:00:00+00:00,29.7,91.13333333,,,0,0,0,0,1,-2.3,-1.76,286.40347,0.0,3735.25
1992-10-15 00:00:00+00:00,12.54194444,39.76972222,,,0,1,0,0,0,-2.3,-1.76,289.2429,8.7303495e-05,1782.5
1992-10-15 00:00:00+00:00,18.9,72.82,,,1,0,0,0,0,-2.3,-1.76,299.88785,0.0,0.0
1992-11-15 00:00:00+00:00,52.3,104.2833333,,,0,0,0,1,0,-1.1,1.19,260.99417,1.0769581e-05,427.25
1992-11-15 00:00:00+00:00,47.54260867,7.58371693,,,0,0,1,0,0,-1.1,1.19,276.8648,0.0,304.73438
1992-11-15 00:00:00+00:00,23.27,5.6,,,0,1,0,0,0,-1.1,1.19,285.241,0.0,2246.375
1992-11-15 00:00:00+00:00,69.1,-105.1166667,,,0,0,0,0,1,-1.1,1.19,244.06432,0.0,0.0
1992-11-15 00:00:00+00:00,0.38,6.72,,,1,0,0,0,0,-1.1,1.19,296.769,0.00011242267,0.0
1992-11-15 00:00:00+00:00,-22.66416667,-48.06,,,1,0,0,0,0,-1.1,1.19,297.35486,0.0,490.46875
1992-11-15 00:00:00+00:00,-67.57,-68.13,,,0,0,0,0,1,-1.1,1.19,,,11.128906
1992-11-15 00:00:00+00:00,49.67,-93.72,,,0,0,0,1,0,-1.1,1.19,263.12204,0.0,427.09375
1992-11-15 00:00:00+00:00,29.7,91.13333333,,,0,0,0,0,1,-1.1,1.19,276.78616,0.0,3735.25
1992-11-15 00:00:00+00:00,12.54194444,39.76972222,,,0,1,0,0,0,-1.1,1.19,290.39444,8.483604e-05,1782.5
1992-11-15 00:00:00+00:00,18.9,72.82,,,1,0,0,0,0,-1.1,1.19,299.29025,0.0,0.0
1992-12-15 00:00:00+00:00,52.3,104.2833333,,,0,0,0,1,0,-0.9,0.47,250.01727,0.0,427.25
1992-12-15 00:00:00+00:00,47.54260867,7.58371693,,,0,0,1,0,0,-0.9,0.47,271.6183,0.0,304.73438
1992-12-15 00:00:00+00:00,23.27,5.6,,,0,1,0,0,0,-0.9,0.47,281.38318,0.0,2246.375
1992-12-15 00:00:00+00:00,69.1,-105.1166667,,,0,0,0,0,1,-0.9,0.47,240.00243,0.0,0.0
1992-12-15 00:00:00+00:00,0.38,6.72,,,1,0,0,0,0,-0.9,0.47,297.54913,0.0001391081,0.0
1992-12-15 00:00:00+00:00,-22.66416667,-48.06,,,1,0,0,0,0,-0.9,0.47,297.90768,7.200514e-05,490.46875
1992-12-15 00:00:00+00:00,-67.57,-68.13,,,0,0,0,0,1,-0.9,0.47,,,11.128906
1992-12-15 00:00:00+00:00,49.67,-93.72,,,0,0,0,1,0,-0.9,0.47,254.52371,0.0,427.09375
1992-12-15 00:00:00+00:00,29.7,91.13333333,,,0,0,0,0,1,-0.9,0.47,269.50357,0.0,3735.25
1992-12-15 00:00:00+00:00,12.54194444,39.76972222,,,0,1,0,0,0,-0.9,0.47,288.68683,0.0,1782.5
1992-12-15 00:00:00+00:00,18.9,72.82,,,1,0,0,0,0,-0.9,0.47,297.06216,0.0,0.0
1993-01-15 00:00:00+00:00,52.3,104.2833333,,,0,0,0,1,0,-1.5,1.6,260.13654,0.0,427.25
1993-01-15 00:00:00+00:00,47.54260867,7.58371693,,,0,0,1,0,0,-1.5,1.6,283.4114,1.2849479e-05,304.73438
1993-01-15 00:00:00+00:00,23.27,5.6,,,0,1,0,0,0,-1.5,1.6,281.0086,0.0,2246.375
1993-01-15 00:00:00+00:00,69.1,-105.1166667,,,0,0,0,0,1,-1.5,1.6,239.25592,9.650615e-06,0.0
1993-01-15 00:00:00+00:00,0.38,6.72,,,1,0,0,0,0,-1.5,1.6,297.8881,3.7618556e-05,0.0
1993-01-15 00:00:00+00:00,-22.66416667,-48.06,,,1,0,0,0,0,-1.5,1.6,295.80685,0.0,490.46875
1993-01-15 00:00:00+00:00,-67.57,-68.13,,,0,0,0,0,1,-1.5,1.6,,,11.128906
1993-01-15 00:00:00+00:00,49.67,-93.72,,,0,0,0,1,0,-1.5,1.6,256.9409,0.0,427.09375
1993-01-15 00:00:00+00:00,29.7,91.13333333,,,0,0,0,0,1,-1.5,1.6,273.06448,0.0,3735.25
1993-01-15 00:00:00+00:00,12.54194444,39.76972222,,,0,1,0,0,0,-1.5,1.6,291.51657,0.0,1782.5
1993-01-15 00:00:00+00:00,18.9,72.82,,,1,0,0,0,0,-1.5,1.6,298.16006,0.0,0.0
1993-02-15 00:00:00+00:00,52.3,104.2833333,,,0,0,0,1,0,-1.2,0.5,262.53885,0.0,427.25
1993-02-15 00:00:00+00:00,47.54260867,7.58371693,,,0,0,1,0,0,-1.2,0.5,275.163,0.0,304.73438
1993-02-15 00:00:00+00:00,23.27,5.6,,,0,1,0,0,0,-1.2,0.5,278.79095,0.0,2246.375
1993-02-15 00:00:00+00:00,69.1,-105.1166667,,,0,0,0,0,1,-1.2,0.5,247.95723,0.0,0.0
1993-02-15 00:00:00+00:00,0.38,6.72,,,1,0,0,0,0,-1.2,0.5,299.09525,4.962879e-05,0.0
1993-02-15 00:00:00+00:00,-22.66416667,-48.06,,,1,0,0,0,0,-1.2,0.5,297.30432,0.0,490.46875
1993-02-15 00:00:00+00:00,-67.57,-68.13,,,0,0,0,0,1,-1.2,0.5,,,11.128906
1993-02-15 00:00:00+00:00,49.67,-93.72,,,0,0,0,1,0,-1.2,0.5,256.05685,0.0,427.09375
1993-02-15 00:00:00+00:00,29.7,91.13333333,,,0,0,0,0,1,-1.2,0.5,275.0532,0.0,3735.25
1993-02-15 00:00:00+00:00,12.54194444,39.76972222,,,0,1,0,0,0,-1.2,0.5,291.4136,0.0,1782.5
1993-02-15 00:00:00+00:00,18.9,72.82,,,1,0,0,0,0,-1.2,0.5,297.2342,0.0,0.0
1993-03-15 00:00:00+00:00,52.3,104.2833333,,,0,0,0,1,0,-0.8,0.67,269.90152,0.0,427.25
1993-03-15 00:00:00+00:00,47.54260867,7.58371693,,,0,0,1,0,0,-0.8,0.67,281.55963,4.5720208e-05,304.73438
1993-03-15 00:00:00+00:00,23.27,5.6,,,0,1,0,0,0,-0.8,0.67,289.4238,0.0,2246.375
1993-03-15 00:00:00+00:00,69.1,-105.1166667,,,0,0,0,0,1,-0.8,0.67,241.49591,0.0,0.0
1993-03-15 00:00:00+00:00,0.38,6.72,,,1,0,0,0,0,-0.8,0.67,298.22592,0.00011959025,0.0
1993-03-15 00:00:00+00:00,-22.66416667,-48.06,,,1,0,0,0,0,-0.8,0.67,296.5887,9.668358e-05,490.46875
1993-03-15 00:00:00+00:00,-67.57,-68.13,,,0,0,0,0,1,-0.8,0.67,,,11.128906
1993-03-15 00:00:00+00:00,49.67,-93.72,,,0,0,0,1,0,-0.8,0.67,271.39334,1.7453762e-05,427.09375
1993-03-15 00:00:00+00:00,29.7,91.13333333,,,0,0,0,0,1,-0.8,0.67,277.3675,0.0,3735.25
1993-03-15 00:00:00+00:00,12.54194444,39.76972222,,,0,1,0,0,0,-0.8,0.67,293.54855,0.0,1782.5
1993-03-15 00:00:00+00:00,18.9,72.82,,,1,0,0,0,0,-0.8,0.67,301.86276,0.0,0.0
1993-04-15 00:00:00+00:00,52.3,104.2833333,,,0,0,0,1,0,-1.9,0.97,275.4438,0.0,427.25
1993-04-15 00:00:00+00:00,47.54260867,7.58371693,,,0,0,1,0,0,-1.9,0.97,273.6355,8.083166e-06,304.73438
1993-04-15 00:00:00+00:00,23.27,5.6,,,0,1,0,0,0,-1.9,0.97,294.79825,0.0,2246.375
1993-04-15 00:00:00+00:00,69.1,-105.1166667,,,0,0,0,0,1,-1.9,0.97,249.82704,0.0,0.0
1993-04-15 00:00:00+00:00,0.38,6.72,,,1,0,0,0,0,-1.9,0.97,298.7539,6.666844e-05,0.0
1993-04-15 00:00:00+00:00,-22.66416667,-48.06,,,1,0,0,0,0,-1.9,0.97,293.88287,6.771197e-06,490.46875
1993-04-15 00:00:00+00:00,-67.57,-68.13,,,0,0,0,0,1,-1.9,0.97,,,11.128906
1993-04-15 00:00:00+00:00,49.67,-93.72,,,0,0,0,1,0,-1.9,0.97,274.1471,0.0,427.09375
1993-04-15 00:00:00+00:00,29.7,91.13333333,,,0,0,0,0,1,-1.9,0.97,285.55237,0.0,3735.25
1993-04-15 00:00:00+00:00,12.54194444,39.76972222,,,0,1,0,0,0,-1.9,0.97,295.1465,3.9769267e-05,1782.5
1993-04-15 00:00:00+00:00,18.9,72.82,,,1,0,0,0,0,-1.9,0.97,302.7219,0.0,0.0
1993-05-15 00:00:00+00:00,52.3,104.2833333,,,0,0,0,1,0,-0.6,-0.78,286.2245,0.0,427.25
1993-05-15 00:00:00+00:00,47.54260867,7.58371693,,,0,0,1,0,0,-0.6,-0.78,289.36438,0.0,304.73438
1993-05-15 00:00:00+00:00,23.27,5.6,,,0,1,0,0,0,-0.6,-0.78,295.321,0.0,2246.375
1993-05-15 00:00:00+00:00,69.1,-105.1166667,,,0,0,0,0,1,-0.6,-0.78,257.9322,0.0,0.0
1993-05-15 00:00:00+00:00,0.38,6.72,,,1,0,0,0,0,-0.6,-0.78,297.9364,7.860931e-05,0.0
1993-05-15 00:00:00+00:00,-22.66416667,-48.06,,,1,0,0,0,0,-0.6,-0.78,293.16592,2.1897487e-05,490.46875
1993-05-15 00:00:00+00:00,-67.57,-68.13,,,0,0,0,0,1,-0.6,-0.78,,,11.128906
1993-05-15 00:00:00+00:00,49.67,-93.72,,,0,0,0,1,0,-0.6,-0.78,282.5069,0.0,427.09375
1993-05-15 00:00:00+00:00,29.7,91.13333333,,,0,0,0,0,1,-0.6,-0.78,287.1284,4.8648903e-06,3735.25
1993-05-15 00:00:00+00:00,12.54194444,39.76972222,,,0,1,0,0,0,-0.6,-0.78,295.01483,0.0,1782.5
1993-05-15 00:00:00+00:00,18.9,72.82,,,1,0,0,0,0,-0.6,-0.78,303.4283,3.7659324e-06,0.0
1993-06-15 00:00:00+00:00,52.3,104.2833333,,,0,0,0,1,0,-1.4,-0.59,290.08093,0.0,427.25
1993-06-15 00:00:00+00:00,47.54260867,7.58371693,,,0,0,1,0,0,-1.4,-0.59,286.1984,0.00015912505,304.73438
1993-06-15 00:00:00+00:00,23.27,5.6,,,0,1,0,0,0,-1.4,-0.59,297.3171,5.15413e-06,2246.375
1993-06-15 00:00:00+00:00,69.1,-105.1166667,,,0,0,0,0,1,-1.4,-0.59,272.53806,0.0,0.0
1993-06-15 00:00:00+00:00,0.38,6.72,,,1,0,0,0,0,-1.4,-0.59,297.43195,0.0,0.0
1993-06-15 00:00:00+00:00,-22.66416667,-48.06,,,1,0,0,0,0,-1.4,-0.59,293.0389,9.571858e-06,490.46875
1993-06-15 00:00:00+00:00,-67.57,-68.13,,,0,0,0,0,1,-1.4,-0.59,,,11.128906
1993-06-15 00:00:00+00:00,49.67,-93.72,,,0,0,0,1,0,-1.4,-0.59,294.75003,0.0,427.09375
1993-06-15 00:00:00+00:00,29.7,91.13333333,,,0,0,0,0,1,-1.4,-0.59,290.4573,0.0,3735.25
1993-06-15 00:00:00+00:00,12.54194444,39.76972222,,,0,1,0,0,0,-1.4,-0.59,294.546,0.0,1782.5
1993-06-15 00:00:00+00:00,18.9,72.82,,,1,0,0,0,0,-1.4,-0.59,301.25494,7.765474e-05,0.0
1993-07-15 00:00:00+00:00,52.3,104.2833333,,,0,0,0,1,0,-1.3,-3.18,287.04575,0.0,427.25
1993-07-15 00:00:00+00:00,47.54260867,7.58371693,,,0,0,1,0,0,-1.3,-3.18,290.95908,0.00016955403,304.73438
1993-07-15 00:00:00+00:00,23.27,5.6,,,0,1,0,0,0,-1.3,-3.18,299.80417,0.0,2246.375
1993-07-15 00:00:00+00:00,69.1,-105.1166667,,,0,0,0,0,1,-1.3,-3.18,278.8136,0.0,0.0
1993-07-15 00:00:00+00:00,0.38,6.72,,,1,0,0,0,0,-1.3,-3.18,294.79996,5.1807906e-06,0.0
1993-07-15 00:00:00+00:00,-22.66416667,-48.06,,,1,0,0,0,0,-1.3,-3.18,293.91943,0.0,490.46875
1993-07-15 00:00:00+00:00,-67.57,-68.13,,,0,0,0,0,1,-1.3,-3.18,,,11.128906
1993-07-15 00:00:00+00:00,49.67,-93.72,,,0,0,0,1,0,-1.3,-3.18,287.31284,0.0,427.09375
1993-07-15 00:00:00+00:00,29.7,91.13333333,,,0,0,0,0,1,-1.3,-3.18,291.2851,1.2932233e-05,3735.25
1993-07-15 00:00:00+00:00,12.54194444,39.76972222,,,0,1,0,0,0,-1.3,-3.18,293.473,0.0,1782.5
1993-07-15 00:00:00+00:00,18.9,72.82,,,1,0,0,0,0,-1.3,-3.18,301.46173,4.072198e-05,0.0
1993-08-15 00:00:00+00:00,52.3,104.2833333,,,0,0,0,1,0,-1.6,0.12,285.1607,0.0,427.25
1993-08-15 00:00:00+00:00,47.54260867,7.58371693,,,0,0,1,0,0,-1.6,0.12,287.15652,0.00014143669,304.73438
1993-08-15 00:00:00+00:00,23.27,5.6,,,0,1,0,0,0,-1.6,0.12,300.73972,0.0,2246.375
1993-08-15 00:00:00+00:00,69.1,-105.1166667,,,0,0,0,0,1,-1.6,0.12,278.2239,0.0,0.0
1993-08-15 00:00:00+00:00,0.38,6.72,,,1,0,0,0,0,-1.6,0.12,296.75958,8.6564836e-07,0.0
1993-08-15 00:00:00+00:00,-22.66416667,-48.06,,,1,0,0,0,0,-1.6,0.12,295.0921,0.0,490.46875
1993-08-15 00:00:00+00:00,-67.57,-68.13,,,0,0,0,0,1,-1.6,0.12,,,11.128906
1993-08-15 00:00:00+00:00,49.67,-93.72,,,0,0,0,1,0,-1.6,0.12,293.10834,0.0,427.09375
1993-08-15 00:00:00+00:00,29.7,91.13333333,,,0,0,0,0,1,-1.6,0.12,289.93335,7.24515e-05,3735.25
1993-08-15 00:00:00+00:00,12.54194444,39.76972222,,,0,1,0,0,0,-1.6,0.12,292.99707,0.0,1782.5
1993-08-15 00:00:00+00:00,18.9,72.82,,,1,0,0,0,0,-1.6,0.12,300.01566,8.114792e-05,0.0
1993-09-15 00:00:00+00:00,52.3,104.2833333,,,0,0,0,1,0,-1.2,-0.57,278.47464,7.207595e-05,427.25
1993-09-15 00:00:00+00:00,47.54260867,7.58371693,,,0,0,1,0,0,-1.2,-0.57,286.4479,0.0,304.73438
1993-09-15 00:00:00+00:00,23.27,5.6,,,0,1,0,0,0,-1.2,-0.57,294.41867,0.0,2246.375
1993-09-15 00:00:00+00:00,69.1,-105.1166667,,,0,0,0,0,1,-1.2,-0.57,276.61966,9.579949e-06,0.0
1993-09-15 00:00:00+00:00,0.38,6.72,,,1,0,0,0,0,-1.2,-0.57,296.93964,1.5632106e-06,0.0
1993-09-15 00:00:00+00:00,-22.66416667,-48.06,,,1,0,0,0,0,-1.2,-0.57,297.75067,0.0,490.46875
1993-09-15 00:00:00+00:00,-67.57,-68.13,,,0,0,0,0,1,-1.2,-0.57,,,11.128906
1993-09-15 00:00:00+00:00,49.67,-93.72,,,0,0,0,1,0,-1.2,-0.57,283.4848,0.0,427.09375
1993-09-15 00:00:00+00:00,29.7,91.13333333,,,0,0,0,0,1,-1.2,-0.57,289.7077,0.0,3735.25
1993-09-15 00:00:00+00:00,12.54194444,39.76972222,,,0,1,0,0,0,-1.2,-0.57,292.10773,8.201843e-05,1782.5
1993-09-15 00:00:00+00:00,18.9,72.82,,,1,0,0,0,0,-1.2,-0.57,300.1211,1.7112197e-05,0.0
1993-10-15 00:00:00+00:00,52.3,104.2833333,,,0,0,0,1,0,-1.8,-0.71,275.2235,0.0,427.25
1993-10-15 00:00:00+00:00,47.54260867,7.58371693,,,0,0,1,0,0,-1.8,-0.71,286.1685,6.597364e-05,304.73438
1993-10-15 00:00:00+00:00,23.27,5.6,,,0,1,0,0,0,-1.8,-0.71,292.26474,0.0,2246.375
1993-10-15 00:00:00+00:00,69.1,-105.1166667,,,0,0,0,0,1,-1.8,-0.71,268.59592,0.0,0.0
1993-10-15 00:00:00+00:00,0.38,6.72,,,1,0,0,0,0,-1.8,-0.71,297.24756,1.5685316e-06,0.0
1993-10-15 00:00:00+00:00,-22.66416667,-48.06,,,1,0,0,0,0,-1.8,-0.71,293.04587,0.000109528424,490.46875
1993-10-15 00:00:00+00:00,-67.57,-68.13,,,0,0,0,0,1,-1.8,-0.71,,,11.128906
1993-10-15 00:00:00+00:00,49.67,-93.72,,,0,0,0,1,0,-1.8,-0.71,280.4199,2.0894211e-05,427.09375
1993-10-15 00:00:00+00:00,29.7,91.13333333,,,0,0,0,0,1,-1.8,-0.71,283.47018,8.331436e-06,3735.25
1993-10-15 00:00:00+00:00,12.54194444,39.76972222,,,0,1,0,0,0,-1.8,-0.71,293.64572,0.0,1782.5
1993-10-15 00:00:00+00:00,18.9,72.82,,,1,0,0,0,0,-1.8,-0.71,302.23068,0.0,0.0
1993-11-15 00:00:00+00:00,52.3,104.2833333,,,0,0,0,1,0,-0.1,2.56,263.18018,0.0,427.25
1993-11-15 00:00:00+00:00,47.54260867,7.58371693,,,0,0,1,0,0,-0.1,2.56,282.9656,0.0004757339,304.73438
1993-11-15 00:00:00+00:00,23.27,5.6,,,0,1,0,0,0,-0.1,2.56,285.1826,0.0,2246.375
1993-11-15 00:00:00+00:00,69.1,-105.1166667,,,0,0,0,0,1,-0.1,2.56,261.13715,1.3941641e-05,0.0
1993-11-15 00:00:00+00:00,0.38,6.72,,,1,0,0,0,0,-0.1,2.56,297.0336,4.851281e-05,0.0
1993-11-15 00:00:00+00:00,-22.66416667,-48.06,,,1,0,0,0,0,-0.1,2.56,293.10715,0.0,490.46875
1993-11-15 00:00:00+00:00,-67.57,-68.13,,,0,0,0,0,1,-0.1,2.56,,,11.128906
1993-11-15 00:00:00+00:00,49.67,-93.72,,,0,0,0,1,0,-0.1,2.56,272.23834,0.0,427.09375
1993-11-15 00:00:00+00:00,29.7,91.13333333,,,0,0,0,0,1,-0.1,2.56,279.6942,0.0,3735.25
1993-11-15 00:00:00+00:00,12.54194444,39.76972222,,,0,1,0,0,0,-0.1,2.56,293.1837,0.0,1782.5
1993-11-15 00:00:00+00:00,18.9,72.82,,,1,0,0,0,0,-0.1,2.56,298.3941,0.0,0.0
1993-12-15 00:00:00+00:00,52.3,104.2833333,,,0,0,0,1,0,0.3,1.56,260.4108,0.0,427.25
1993-12-15 00:00:00+00:00,47.54260867,7.58371693,,,0,0,1,0,0,0.3,1.56,278.07138,2.3024446e-05,304.73438
1993-12-15 00:00:00+00:00,23.27,5.6,,,0,1,0,0,0,0.3,1.56,284.728,0.0,2246.375
1993-12-15 00:00:00+00:00,69.1,-105.1166667,,,0,0,0,0,1,0.3,1.56,242.98416,0.0,0.0
1993-12-15 00:00:00+00:00,0.38,6.72,,,1,0,0,0,0,0.3,1.56,298.65527,3.044318e-05,0.0
1993-12-15 00:00:00+00:00,-22.66416667,-48.06,,,1,0,0,0,0,0.3,1.56,302.22632,0.0,490.46875
1993-12-15 00:00:00+00:00,-67.57,-68.13,,,0,0,0,0,1,0.3,1.56,,,11.128906
1993-12-15 00:00:00+00:00,49.67,-93.72,,,0,0,0,1,0,0.3,1.56,265.24594,1.0127572e-05,427.09375
1993-12-15 00:00:00+00:00,29.7,91.13333333,,,0,0,0,0,1,0.3,1.56,278.547,0.0,3735.25
1993-12-15 00:00:00+00:00,12.54194444,39.76972222,,,0,1,0,0,0,0.3,1.56,289.34344,0.0,1782.5
1993-12-15 00:00:00+00:00,18.9,72.82,,,1,0,0,0,0,0.3,1.56,297.4596,0.0,0.0
1994-01-15 00:00:00+00:00,52.3,104.2833333,,,0,0,0,1,0,-0.2,1.04,262.21124,1.6154227e-05,427.25
1994-01-15 00:00:00+00:00,47.54260867,7.58371693,,,0,0,1,0,0,-0.2,1.04,282.10806,1.0661791e-05,304.73438
1994-01-15 00:00:00+00:00,23.27,5.6,,,0,1,0,0,0,-0.2,1.04,283.15247,0.0,2246.375
1994-01-15 00:00:00+00:00,69.1,-105.1166667,,,0,0,0,0,1,-0.2,1.04,242.97258,3.0089932e-06,0.0
1994-01-15 00:00:00+00:00,0.38,6.72,,,1,0,0,0,0,-0.2,1.04,297.89218,4.587513e-05,0.0
1994-01-15 00:00:00+00:00,-22.66416667,-48.06,,,1,0,0,0,0,-0.2,1.04,297.5003,4.0374598e-05,490.46875
1994-01-15 00:00:00+00:00,-67.57,-68.13,,,0,0,0,0,1,-0.2,1.04,,,11.128906
1994-01-15 00:00:00+00:00,49.67,-93.72,,,0,0,0,1,0,-0.2,1.04,255.1155,0.0,427.09375
1994-01-15 00:00:00+00:00,29.7,91.13333333,,,0,0,0,0,1,-0.2,1.04,276.53793,5.2269297e-06,3735.25
1994-01-15 00:00:00+00:00,12.54194444,39.76972222,,,0,1,0,0,0,-0.2,1.04,291.7104,0.0,1782.5
1994-01-15 00:00:00+00:00,18.9,72.82,,,1,0,0,0,0,-0.2,1.04,297.66647,0.0,0.0
1994-02-15 00:00:00+00:00,52.3,104.2833333,,,0,0,0,1,0,0.4,0.46,259.26895,0.0,427.25
1994-02-15 00:00:00+00:00,47.54260867,7.58371693,,,0,0,1,0,0,0.4,0.46,277.944,2.0271798e-05,304.73438
1994-02-15 00:00:00+00:00,23.27,5.6,,,0,1,0,0,0,0.4,0.46,283.98782,0.0,2246.375
1994-02-15 00:00:00+00:00,69.1,-105.1166667,,,0,0,0,0,1,0.4,0.46,240.19524,0.0,0.0
1994-02-15 00:00:00+00:00,0.38,6.72,,,1,0,0,0,0,0.4,0.46,298.73843,6.3064246e-05,0.0
1994-02-15 00:00:00+00:00,-22.66416667,-48.06,,,1,0,0,0,0,0.4,0.46,300.18433,2.0887252e-05,490.46875
1994-02-15 00:00:00+00:00,-67.57,-68.13,,,0,0,0,0,1,0.4,0.46,,,11.128906
1994-02-15 00:00:00+00:00,49.67,-93.72,,,0,0,0,1,0,0.4,0.46,257.466,0.0,427.09375
1994-02-15 00:00:00+00:00,29.7,91.13333333,,,0,0,0,0,1,0.4,0.46,275.57706,0.0,3735.25
1994-02-15 00:00:00+00:00,12.54194444,39.76972222,,,0,1,0,0,0,0.4,0.46,293.75626,0.0,1782.5
1994-02-15 00:00:00+00:00,18.9,72.82,,,1,0,0,0,0,0.4,0.46,296.5148,0.0,0.0
1994-03-15 00:00:00+00:00,52.3,104.2833333,,,0,0,0,1,0,-1.1,1.26,264.3751,0.0,427.25
1994-03-15 00:00:00+00:00,47.54260867,7.58371693,,,0,0,1,0,0,-1.1,1.26,275.6368,0.0,304.73438
1994-03-15 00:00:00+00:00,23.27,5.6,,,0,1,0,0,0,-1.1,1.26,282.80786,0.0,2246.375
1994-03-15 00:00:00+00:00,69.1,-105.1166667,,,0,0,0,0,1,-1.1,1.26,237.88927,4.1247886e-06,0.0
1994-03-15 00:00:00+00:00,0.38,6.72,,,1,0,0,0,0,-1.1,1.26,296.98853,0.0010275854,0.0
1994-03-15 00:00:00+00:00,-22.66416667,-48.06,,,1,0,0,0,0,-1.1,1.26,296.37012,0.0002049483,490.46875
1994-03-15 00:00:00+00:00,-67.57,-68.13,,,0,0,0,0,1,-1.1,1.26,,,11.128906
1994-03-15 00:00:00+00:00,49.67,-93.72,,,0,0,0,1,0,-1.1,1.26,264.51865,0.0,427.09375
1994-03-15 00:00:00+00:00,29.7,91.13333333,,,0,0,0,0,1,-1.1,1.26,280.6089,0.0,3735.25
1994-03-15 00:00:00+00:00,12.54194444,39.76972222,,,0,1,0,0,0,-1.1,1.26,293.29132,0.0,1782.5
1994-03-15 00:00:00+00:00,18.9,72.82,,,1,0,0,0,0,-1.1,1.26,301.01114,0.0,0.0
1994-04-15 00:00:00+00:00,52.3,104.2833333,,,0,0,0,1,0,-2.1,1.14,276.00146,0.0,427.25
1994-04-15 00:00:00+00:00,47.54260867,7.58371693,,,0,0,1,0,0,-2.1,1.14,276.6505,0.0,304.73438
1994-04-15 00:00:00+00:00,23.27,5.6,,,0,1,0,0,0,-2.1,1.14,295.8547,0.0,2246.375
1994-04-15 00:00:00+00:00,69.1,-105.1166667,,,0,0,0,0,1,-2.1,1.14,252.76381,0.0,0.0
1994-04-15 00:00:00+00:00,0.38,6.72,,,1,0,0,0,0,-2.1,1.14,297.73672,7.718145e-05,0.0
1994-04-15 00:00:00+00:00,-22.66416667,-48.06,,,1,0,0,0,0,-2.1,1.14,294.3641,1.4662658e-05,490.46875
1994-04-15 00:00:00+00:00,-67.57,-68.13,,,0,0,0,0,1,-2.1,1.14,,,11.128906
1994-04-15 00:00:00+00:00,49.67,-93.72,,,0,0,0,1,0,-2.1,1.14,269.37762,0.0,427.09375
1994-04-15 00:00:00+00:00,29.7,91.13333333,,,0,0,0,0,1,-2.1,1.14,282.68262,0.0,3735.25
1994-04-15 00:00:00+00:00,12.54194444,39.76972222,,,0,1,0,0,0,-2.1,1.14,296.1925,0.0,1782.5
1994-04-15 00:00:00+00:00,18.9,72.82,,,1,0,0,0,0,-2.1,1.14,300.7052,0.0,0.0
1994-05-15 00:00:00+00:00,52.3,104.2833333,,,0,0,0,1,0,-1.1,-0.57,277.2302,0.0,427.25
1994-05-15 00:00:00+00:00,47.54260867,7.58371693,,,0,0,1,0,0,-1.1,-0.57,286.4562,0.0,304.73438
1994-05-15 00:00:00+00:00,23.27,5.6,,,0,1,0,0,0,-1.1,-0.57,293.47775,0.0,2246.375
1994-05-15 00:00:00+00:00,69.1,-105.1166667,,,0,0,0,0,1,-1.1,-0.57,263.7264,0.0,0.0
1994-05-15 00:00:00+00:00,0.38,6.72,,,1,0,0,0,0,-1.1,-0.57,299.8929,0.0,0.0
1994-05-15 00:00:00+00:00,-22.66416667,-48.06,,,1,0,0,0,0,-1.1,-0.57,293.5796,0.0,490.46875
1994-05-15 00:00:00+00:00,-67.57,-68.13,,,0,0,0,0,1,-1.1,-0.57,,,11.128906
1994-05-15 00:00:00+00:00,49.67,-93.72,,,0,0,0,1,0,-1.1,-0.57,277.8135,0.0,427.09375
1994-05-15 00:00:00+00:00,29.7,91.13333333,,,0,0,0,0,1,-1.1,-0.57,288.27295,1.3925036e-05,3735.25
1994-05-15 00:00:00+00:00,12.54194444,39.76972222,,,0,1,0,0,0,-1.1,-0.57,296.5347,0.0,1782.5
1994-05-15 00:00:00+00:00,18.9,72.82,,,1,0,0,0,0,-1.1,-0.57,303.23953,0.0,0.0
1994-06-15 00:00:00+00:00,52.3,104.2833333,,,0,0,0,1,0,-0.7,1.52,283.7127,0.0,427.25
1994-06-15 00:00:00+00:00,47.54260867,7.58371693,,,0,0,1,0,0,-0.7,1.52,285.55795,0.0,304.73438
1994-06-15 00:00:00+00:00,23.27,5.6,,,0,1,0,0,0,-0.7,1.52,298.96915,0.0,2246.375
1994-06-15 00:00:00+00:00,69.1,-105.1166667,,,0,0,0,0,1,-0.7,1.52,270.08426,0.0,0.0
1994-06-15 00:00:00+00:00,0.38,6.72,,,1,0,0,0,0,-0.7,1.52,295.0473,1.7506146e-06,0.0
1994-06-15 00:00:00+00:00,-22.66416667,-48.06,,,1,0,0,0,0,-0.7,1.52,292.76917,0.0,490.46875
1994-06-15 00:00:00+00:00,-67.57,-68.13,,,0,0,0,0,1,-0.7,1.52,,,11.128906
1994-06-15 00:00:00+00:00,49.67,-93.72,,,0,0,0,1,0,-0.7,1.52,289.6491,0.0,427.09375
1994-06-15 00:00:00+00:00,29.7,91.13333333,,,0,0,0,0,1,-0.7,1.52,291.97485,5.127576e-05,3735.25
1994-06-15 00:00:00+00:00,12.54194444,39.76972222,,,0,1,0,0,0,-0.7,1.52,295.6873,0.0,1782.5
1994-06-15 00:00:00+00:00,18.9,72.82,,,1,0,0,0,0,-0.7,1.52,301.29108,0.00019893263,0.0
1994-07-15 00:00:00+00:00,52.3,104.2833333,,,0,0,0,1,0,-2.2,1.31,289.0543,0.0,427.25
1994-07-15 00:00:00+00:00,47.54260867,7.58371693,,,0,0,1,0,0,-2.2,1.31,289.324,0.00018187975,304.73438
1994-07-15 00:00:00+00:00,23.27,5.6,,,0,1,0,0,0,-2.2,1.31,297.08145,2.026982e-05,2246.375
1994-07-15 00:00:00+00:00,69.1,-105.1166667,,,0,0,0,0,1,-2.2,1.31,281.18726,0.0,0.0
1994-07-15 00:00:00+00:00,0.38,6.72,,,1,0,0,0,0,-2.2,1.31,294.1429,3.5494482e-05,0.0
1994-07-15 00:00:00+00:00,-22.66416667,-48.06,,,1,0,0,0,0,-2.2,1.31,293.00317,4.5565645e-05,490.46875
1994-07-15 00:00:00+00:00,-67.57,-68.13,,,0,0,0,0,1,-2.2,1.31,,,11.128906
1994-07-15 00:00:00+00:00,49.67,-93.72,,,0,0,0,1,0,-2.2,1.31,289.44696,0.00019362726,427.09375
1994-07-15 00:00:00+00:00,29.7,91.13333333,,,0,0,0,0,1,-2.2,1.31,291.30988,2.1012132e-05,3735.25
1994-07-15 00:00:00+00:00,12.54194444,39.76972222,,,0,1,0,0,0,-2.2,1.31,296.8306,0.0,1782.5
1994-07-15 00:00:00+00:00,18.9,72.82,,,1,0,0,0,0,-2.2,1.31,299.72174,0.00010662357,0.0
1994-08-15 00:00:00+00:00,52.3,104.2833333,,,0,0,0,1,0,-2.0,0.38,290.51776,0.0,427.25
1994-08-15 00:00:00+00:00,47.54260867,7.58371693,,,0,0,1,0,0,-2.0,0.38,291.4292,0.0,304.73438
1994-08-15 00:00:00+00:00,23.27,5.6,,,0,1,0,0,0,-2.0,0.38,297.915,0.0,2246.375
1994-08-15 00:00:00+00:00,69.1,-105.1166667,,,0,0,0,0,1,-2.0,0.38,285.08554,5.8319847e-06,0.0
1994-08-15 00:00:00+00:00,0.38,6.72,,,1,0,0,0,0,-2.0,0.38,295.356,3.7276154e-06,0.0
1994-08-15 00:00:00+00:00,-22.66416667,-48.06,,,1,0,0,0,0,-2.0,0.38,295.7007,0.0,490.46875
1994-08-15 00:00:00+00:00,-67.57,-68.13,,,0,0,0,0,1,-2.0,0.38,,,11.128906
1994-08-15 00:00:00+00:00,49.67,-93.72,,,0,0,0,1,0,-2.0,0.38,290.68842,3.8857946e-05,427.09375
1994-08-15 00:00:00+00:00,29.7,91.13333333,,,0,0,0,0,1,-2.0,0.38,288.32446,2.6443087e-05,3735.25
1994-08-15 00:00:00+00:00,12.54194444,39.76972222,,,0,1,0,0,0,-2.0,0.38,292.69708,0.0,1782.5
1994-08-15 00:00:00+00:00,18.9,72.82,,,1,0,0,0,0,-2.0,0.38,299.47552,0.00016725587,0.0
1994-09-15 00:00:00+00:00,52.3,104.2833333,,,0,0,0,1,0,-2.6,-1.32,279.96503,2.1059052e-05,427.25
1994-09-15 00:00:00+00:00,47.54260867,7.58371693,,,0,0,1,0,0,-2.6,-1.32,285.74664,0.00042511476,304.73438
1994-09-15 00:00:00+00:00,23.27,5.6,,,0,1,0,0,0,-2.6,-1.32,294.64618,1.2686516e-05,2246.375
1994-09-15 00:00:00+00:00,69.1,-105.1166667,,,0,0,0,0,1,-2.6,-1.32,273.5589,0.0,0.0
1994-09-15 00:00:00+00:00,0.38,6.72,,,1,0,0,0,0,-2.6,-1.32,296.50153,1.0020842e-06,0.0
1994-09-15 00:00:00+00:00,-22.66416667,-48.06,,,1,0,0,0,0,-2.6,-1.32,292.3171,1.3237325e-05,490.46875
1994-09-15 00:00:00+00:00,-67.57,-68.13,,,0,0,0,0,1,-2.6,-1.32,,,11.128906
1994-09-15 00:00:00+00:00,49.67,-93.72,,,0,0,0,1,0,-2.6,-1.32,278.6568,1.700569e-05,427.09375
1994-09-15 00:00:00+00:00,29.7,91.13333333,,,0,0,0,0,1,-2.6,-1.32,289.16345,0.0,3735.25
1994-09-15 00:00:00+00:00,12.54194444,39.76972222,,,0,1,0,0,0,-2.6,-1.32,291.72665,0.0003057458,1782.5
1994-09-15 00:00:00+00:00,18.9,72.82,,,1,0,0,0,0,-2.6,-1.32,300.8649,1.7621194e-05,0.0
1994-10-15 00:00:00+00:00,52.3,104.2833333,,,0,0,0,1,0,-1.9,-0.97,278.04962,0.0,427.25
1994-10-15 00:00:00+00:00,47.54260867,7.58371693,,,0,0,1,0,0,-1.9,-0.97,289.17282,6.538181e-06,304.73438
1994-10-15 00:00:00+00:00,23.27,5.6,,,0,1,0,0,0,-1.9,-0.97,288.58505,0.0,2246.375
1994-10-15 00:00:00+00:00,69.1,-105.1166667,,,0,0,0,0,1,-1.9,-0.97,268.13022,0.0,0.0
1994-10-15 00:00:00+00:00,0.38,6.72,,,1,0,0,0,0,-1.9,-0.97,296.56653,0.0001710715,0.0
1994-10-15 00:00:00+00:00,-22.66416667,-48.06,,,1,0,0,0,0,-1.9,-0.97,290.90817,5.5653322e-06,490.46875
1994-10-15 00:00:00+00:00,-67.57,-68.13,,,0,0,0,0,1,-1.9,-0.97,,,11.128906
1994-10-15 00:00:00+00:00,49.67,-93.72,,,0,0,0,1,0,-1.9,-0.97,271.1124,5.2587042e-05,427.09375
1994-10-15 00:00:00+00:00,29.7,91.13333333,,,0,0,0,0,1,-1.9,-0.97,280.5496,0.0,3735.25
1994-10-15 00:00:00+00:00,12.54194444,39.76972222,,,0,1,0,0,0,-1.9,-0.97,294.84482,0.0,1782.5
1994-10-15 00:00:00+00:00,18.9,72.82,,,1,0,0,0,0,-1.9,-0.97,300.39233,1.3617785e-05,0.0
1994-11-15 00:00:00+00:00,52.3,104.2833333,,,0,0,0,1,0,-0.9,0.64,256.95456,0.0,427.25
1994-11-15 00:00:00+00:00,47.54260867,7.58371693,,,0,0,1,0,0,-0.9,0.64,281.75787,3.757078e-05,304.73438
1994-11-15 00:00:00+00:00,23.27,5.6,,,0,1,0,0,0,-0.9,0.64,287.08136,0.0,2246.375
1994-11-15 00:00:00+00:00,69.1,-105.1166667,,,0,0,0,0,1,-0.9,0.64,248.65451,0.0,0.0
1994-11-15 00:00:00+00:00,0.38,6.72,,,1,0,0,0,0,-0.9,0.64,296.27277,0.00014439717,0.0
1994-11-15 00:00:00+00:00,-22.66416667,-48.06,,,1,0,0,0,0,-0.9,0.64,301.8462,0.0,490.46875
1994-11-15 00:00:00+00:00,-67.57,-68.13,,,0,0,0,0,1,-0.9,0.64,,,11.128906
1994-11-15 00:00:00+00:00,49.67,-93.72,,,0,0,0,1,0,-0.9,0.64,272.39105,0.00014696232,427.09375
1994-11-15 00:00:00+00:00,29.7,91.13333333,,,0,0,0,0,1,-0.9,0.64,274.85904,0.0,3735.25
1994-11-15 00:00:00+00:00,12.54194444,39.76972222,,,0,1,0,0,0,-0.9,0.64,293.26083,0.0,1782.5
1994-11-15 00:00:00+00:00,18.9,72.82,,,1,0,0,0,0,-0.9,0.64,300.62372,0.0,0.0
1994-12-15 00:00:00+00:00,52.3,104.2833333,,,0,0,0,1,0,-2.0,2.02,259.6299,0.0,427.25
1994-12-15 00:00:00+00:00,47.54260867,7.58371693,,,0,0,1,0,0,-2.0,2.02,281.44867,0.0,304.73438
1994-12-15 00:00:00+00:00,23.27,5.6,,,0,1,0,0,0,-2.0,2.02,280.0166,0.0,2246.375
1994-12-15 00:00:00+00:00,69.1,-105.1166667,,,0,0,0,0,1,-2.0,2.02,245.41542,0.0,0.0
1994-12-15 00:00:00+00:00,0.38,6.72,,,1,0,0,0,0,-2.0,2.02,297.721,9.5167314e-05,0.0
1994-12-15 00:00:00+00:00,-22.66416667,-48.06,,,1,0,0,0,0,-2.0,2.02,295.61526,0.0001303078,490.46875
1994-12-15 00:00:00+00:00,-67.57,-68.13,,,0,0,0,0,1,-2.0,2.02,,,11.128906
1994-12-15 00:00:00+00:00,49.67,-93.72,,,0,0,0,1,0,-2.0,2.02,265.3968,0.0,427.09375
1994-12-15 00:00:00+00:00,29.7,91.13333333,,,0,0,0,0,1,-2.0,2.02,274.98123,0.0,3735.25
1994-12-15 00:00:00+00:00,12.54194444,39.76972222,,,0,1,0,0,0,-2.0,2.02,290.9889,0.0,1782.5
1994-12-15 00:00:00+00:00,18.9,72.82,,,1,0,0,0,0,-2.0,2.02,298.6313,0.0,0.0
1995-01-15 00:00:00+00:00,52.3,104.2833333,,,0,0,0,1,0,-0.7,0.93,261.63962,1.02697395e-05,427.25
1995-01-15 00:00:00+00:00,47.54260867,7.58371693,,,0,0,1,0,0,-0.7,0.93,278.61612,2.7955442e-05,304.73438
1995-01-15 00:00:00+00:00,23.27,5.6,,,0,1,0,0,0,-0.7,0.93,281.22455,0.0,2246.375
1995-01-15 00:00:00+00:00,69.1,-105.1166667,,,0,0,0,0,1,-0.7,0.93,241.53886,0.0,0.0
1995-01-15 00:00:00+00:00,0.38,6.72,,,1,0,0,0,0,-0.7,0.93,297.91748,0.00013037931,0.0
1995-01-15 00:00:00+00:00,-22.66416667,-48.06,,,1,0,0,0,0,-0.7,0.93,296.47495,0.0,490.46875
1995-01-15 00:00:00+00:00,-67.57,-68.13,,,0,0,0,0,1,-0.7,0.93,,,11.128906
1995-01-15 00:00:00+00:00,49.67,-93.72,,,0,0,0,1,0,-0.7,0.93,257.47183,0.0,427.09375
1995-01-15 00:00:00+00:00,29.7,91.13333333,,,0,0,0,0,1,-0.7,0.93,277.02267,0.0,3735.25
1995-01-15 00:00:00+00:00,12.54194444,39.76972222,,,0,1,0,0,0,-0.7,0.93,289.95752,0.0,1782.5
1995-01-15 00:00:00+00:00,18.9,72.82,,,1,0,0,0,0,-0.7,0.93,296.16977,0.0,0.0
1995-02-15 00:00:00+00:00,52.3,104.2833333,,,0,0,0,1,0,-0.2,1.14,259.67557,0.0,427.25
1995-02-15 00:00:00+00:00,47.54260867,7.58371693,,,0,0,1,0,0,-0.2,1.14,275.0454,0.0,304.73438
1995-02-15 00:00:00+00:00,23.27,5.6,,,0,1,0,0,0,-0.2,1.14,279.02368,0.0,2246.375
1995-02-15 00:00:00+00:00,69.1,-105.1166667,,,0,0,0,0,1,-0.2,1.14,244.22432,0.0,0.0
1995-02-15 00:00:00+00:00,0.38,6.72,,,1,0,0,0,0,-0.2,1.14,298.91492,7.091775e-05,0.0
1995-02-15 00:00:00+00:00,-22.66416667,-48.06,,,1,0,0,0,0,-0.2,1.14,298.61295,8.473513e-05,490.46875
1995-02-15 00:00:00+00:00,-67.57,-68.13,,,0,0,0,0,1,-0.2,1.14,,,11.128906
1995-02-15 00:00:00+00:00,49.67,-93.72,,,0,0,0,1,0,-0.2,1.14,258.88504,0.0,427.09375
1995-02-15 00:00:00+00:00,29.7,91.13333333,,,0,0,0,0,1,-0.2,1.14,278.6371,0.0,3735.25
1995-02-15 00:00:00+00:00,12.54194444,39.76972222,,,0,1,0,0,0,-0.2,1.14,291.29318,0.0,1782.5
1995-02-15 00:00:00+00:00,18.9,72.82,,,1,0,0,0,0,-0.2,1.14,298.86804,0.0,0.0
1995-03-15 00:00:00+00:00,52.3,104.2833333,,,0,0,0,1,0,1.2,1.25,266.26587,2.631752e-05,427.25
1995-03-15 00:00:00+00:00,47.54260867,7.58371693,,,0,0,1,0,0,1.2,1.25,275.6205,0.0,304.73438
1995-03-15 00:00:00+00:00,23.27,5.6,,,0,1,0,0,0,1.2,1.25,292.88153,0.0,2246.375
1995-03-15 00:00:00+00:00,69.1,-105.1166667,,,0,0,0,0,1,1.2,1.25,240.56816,0.0,0.0
1995-03-15 00:00:00+00:00,0.38,6.72,,,1,0,0,0,0,1.2,1.25,298.76035,0.00010798786,0.0
1995-03-15 00:00:00+00:00,-22.66416667,-48.06,,,1,0,0,0,0,1.2,1.25,296.84488,0.00014141388,490.46875
1995-03-15 00:00:00+00:00,-67.57,-68.13,,,0,0,0,0,1,1.2,1.25,,,11.128906
1995-03-15 00:00:00+00:00,49.67,-93.72,,,0,0,0,1,0,1.2,1.25,266.45444,0.0,427.09375
1995-03-15 00:00:00+00:00,29.7,91.13333333,,,0,0,0,0,1,1.2,1.25,277.7534,0.0,3735.25
1995-03-15 00:00:00+00:00,12.54194444,39.76972222,,,0,1,0,0,0,1.2,1.25,293.0211,0.0,1782.5
1995-03-15 00:00:00+00:00,18.9,72.82,,,1,0,0,0,0,1.2,1.25,301.36935,0.0,0.0
1995-04-15 00:00:00+00:00,52.3,104.2833333,,,0,0,0,1,0,-1.1,-0.85,283.68198,0.0,427.25
1995-04-15 00:00:00+00:00,47.54260867,7.58371693,,,0,0,1,0,0,-1.1,-0.85,287.9687,0.0,304.73438
1995-04-15 00:00:00+00:00,23.27,5.6,,,0,1,0,0,0,-1.1,-0.85,289.13358,0.0,2246.375
1995-04-15 00:00:00+00:00,69.1,-105.1166667,,,0,0,0,0,1,-1.1,-0.85,248.40858,0.0,0.0
1995-04-15 00:00:00+00:00,0.38,6.72,,,1,0,0,0,0,-1.1,-0.85,299.33063,0.00014717395,0.0
1995-04-15 00:00:00+00:00,-22.66416667,-48.06,,,1,0,0,0,0,-1.1,-0.85,298.89532,0.0,490.46875
1995-04-15 00:00:00+00:00,-67.57,-68.13,,,0,0,0,0,1,-1.1,-0.85,,,11.128906
1995-04-15 00:00:00+00:00,49.67,-93.72,,,0,0,0,1,0,-1.1,-0.85,274.20068,0.0,427.09375
1995-04-15 00:00:00+00:00,29.7,91.13333333,,,0,0,0,0,1,-1.1,-0.85,281.0689,0.0,3735.25
1995-04-15 00:00:00+00:00,12.54194444,39.76972222,,,0,1,0,0,0,-1.1,-0.85,294.85556,0.0,1782.5
1995-04-15 00:00:00+00:00,18.9,72.82,,,1,0,0,0,0,-1.1,-0.85,302.9833,0.0,0.0
1995-05-15 00:00:00+00:00,52.3,104.2833333,,,0,0,0,1,0,-0.6,-1.49,280.0799,0.0,427.25
1995-05-15 00:00:00+00:00,47.54260867,7.58371693,,,0,0,1,0,0,-0.6,-1.49,283.20978,0.0,304.73438
1995-05-15 00:00:00+00:00,23.27,5.6,,,0,1,0,0,0,-0.6,-1.49,296.02353,0.0,2246.375
1995-05-15 00:00:00+00:00,69.1,-105.1166667,,,0,0,0,0,1,-0.6,-1.49,268.18536,0.0,0.0
1995-05-15 00:00:00+00:00,0.38,6.72,,,1,0,0,0,0,-0.6,-1.49,296.21042,0.000121369616,0.0
1995-05-15 00:00:00+00:00,-22.66416667,-48.06,,,1,0,0,0,0,-0.6,-1.49,294.2673,0.0,490.46875
1995-05-15 00:00:00+00:00,-67.57,-68.13,,,0,0,0,0,1,-0.6,-1.49,,,11.128906
1995-05-15 00:00:00+00:00,49.67,-93.72,,,0,0,0,1,0,-0.6,-1.49,284.66434,4.6545098e-05,427.09375
1995-05-15 00:00:00+00:00,29.7,91.13333333,,,0,0,0,0,1,-0.6,-1.49,287.24234,3.3679884e-05,3735.25
1995-05-15 00:00:00+00:00,12.54194444,39.76972222,,,0,1,0,0,0,-0.6,-1.49,293.77322,0.0,1782.5
1995-05-15 00:00:00+00:00,18.9,72.82,,,1,0,0,0,0,-0.6,-1.49,303.1852,2.660752e-06,0.0
1995-06-15 00:00:00+00:00,52.3,104.2833333,,,0,0,0,1,0,0.2,0.13,289.75565,0.0,427.25
1995-06-15 00:00:00+00:00,47.54260867,7.58371693,,,0,0,1,0,0,0.2,0.13,285.39865,0.00012069452,304.73438
1995-06-15 00:00:00+00:00,23.27,5.6,,,0,1,0,0,0,0.2,0.13,300.94318,0.0,2246.375
1995-06-15 00:00:00+00:00,69.1,-105.1166667,,,0,0,0,0,1,0.2,0.13,286.65933,0.0,0.0
1995-06-15 00:00:00+00:00,0.38,6.72,,,1,0,0,0,0,0.2,0.13,297.4003,0.0,0.0
1995-06-15 00:00:00+00:00,-22.66416667,-48.06,,,1,0,0,0,0,0.2,0.13,290.97244,0.0,490.46875
1995-06-15 00:00:00+00:00,-67.57,-68.13,,,0,0,0,0,1,0.2,0.13,,,11.128906
1995-06-15 00:00:00+00:00,49.67,-93.72,,,0,0,0,1,0,0.2,0.13,286.58502,0.0,427.09375
1995-06-15 00:00:00+00:00,29.7,91.13333333,,,0,0,0,0,1,0.2,0.13,291.52734,1.4243298e-05,3735.25
1995-06-15 00:00:00+00:00,12.54194444,39.76972222,,,0,1,0,0,0,0.2,0.13,295.4487,0.0,1782.5
1995-06-15 00:00:00+00:00,18.9,72.82,,,1,0,0,0,0,0.2,0.13,301.7521,0.00018421079,0.0
1995-07-15 00:00:00+00:00,52.3,104.2833333,,,0,0,0,1,0,0.7,-0.22,292.3038,2.302389e-05,427.25
1995-07-15 00:00:00+00:00,47.54260867,7.58371693,,,0,0,1,0,0,0.7,-0.22,295.30496,0.0,304.73438
1995-07-15 00:00:00+00:00,23.27,5.6,,,0,1,0,0,0,0.7,-0.22,298.85114,0.0,2246.375
1995-07-15 00:00:00+00:00,69.1,-105.1166667,,,0,0,0,0,1,0.7,-0.22,281.95126,0.0,0.0
1995-07-15 00:00:00+00:00,0.38,6.72,,,1,0,0,0,0,0.7,-0.22,294.80045,6.9518974e-06,0.0
1995-07-15 00:00:00+00:00,-22.66416667,-48.06,,,1,0,0,0,0,0.7,-0.22,290.76004,0.0,490.46875
1995-07-15 00:00:00+00:00,-67.57,-68.13,,,0,0,0,0,1,0.7,-0.22,,,11.128906
1995-07-15 00:00:00+00:00,49.67,-93.72,,,0,0,0,1,0,0.7,-0.22,292.62354,0.0,427.09375
1995-07-15 00:00:00+00:00,29.7,91.13333333,,,0,0,0,0,1,0.7,-0.22,293.1071,7.099182e-05,3735.25
1995-07-15 00:00:00+00:00,12.54194444,39.76972222,,,0,1,0,0,0,0.7,-0.22,293.9893,0.0,1782.5
1995-07-15 00:00:00+00:00,18.9,72.82,,,1,0,0,0,0,0.7,-0.22,299.8873,0.00012920158,0.0
1995-08-15 00:00:00+00:00,52.3,104.2833333,,,0,0,0,1,0,0.5,0.69,286.44604,0.0,427.25
1995-08-15 00:00:00+00:00,47.54260867,7.58371693,,,0,0,1,0,0,0.5,0.69,291.90848,0.0,304.73438
1995-08-15 00:00:00+00:00,23.27,5.6,,,0,1,0,0,0,0.5,0.69,300.4843,0.0,2246.375
1995-08-15 00:00:00+00:00,69.1,-105.1166667,,,0,0,0,0,1,0.5,0.69,276.53754,1.2119621e-05,0.0
1995-08-15 00:00:00+00:00,0.38,6.72,,,1,0,0,0,0,0.5,0.69,295.20935,8.2246315e-06,0.0
1995-08-15 00:00:00+00:00,-22.66416667,-48.06,,,1,0,0,0,0,0.5,0.69,292.45764,0.0,490.46875
1995-08-15 00:00:00+00:00,-67.57,-68.13,,,0,0,0,0,1,0.5,0.69,,,11.128906
1995-08-15 00:00:00+00:00,49.67,-93.72,,,0,0,0,1,0,0.5,0.69,300.7005,0.0,427.09375
1995-08-15 00:00:00+00:00,29.7,91.13333333,,,0,0,0,0,1,0.5,0.69,290.1092,5.6353427e-05,3735.25
1995-08-15 00:00:00+00:00,12.54194444,39.76972222,,,0,1,0,0,0,0.5,0.69,292.69028,0.00013371372,1782.5
1995-08-15 00:00:00+00:00,18.9,72.82,,,1,0,0,0,0,0.5,0.69,299.79666,5.2942403e-05,0.0
1995-09-15 00:00:00+00:00,52.3,104.2833333,,,0,0,0,1,0,0.4,0.31,283.5304,2.0556781e-05,427.25
1995-09-15 00:00:00+00:00,47.54260867,7.58371693,,,0,0,1,0,0,0.4,0.31,291.81058,0.0,304.73438
1995-09-15 00:00:00+00:00,23.27,5.6,,,0,1,0,0,0,0.4,0.31,297.516,0.0,2246.375
1995-09-15 00:00:00+00:00,69.1,-105.1166667,,,0,0,0,0,1,0.4,0.31,279.22305,0.0,0.0
1995-09-15 00:00:00+00:00,0.38,6.72,,,1,0,0,0,0,0.4,0.31,295.9571,2.7388829e-05,0.0
1995-09-15 00:00:00+00:00,-22.66416667,-48.06,,,1,0,0,0,0,0.4,0.31,296.6672,0.0,490.46875
1995-09-15 00:00:00+00:00,-67.57,-68.13,,,0,0,0,0,1,0.4,0.31,,,11.128906
1995-09-15 00:00:00+00:00,49.67,-93.72,,,0,0,0,1,0,0.4,0.31,287.9605,0.0,427.09375
1995-09-15 00:00:00+00:00,29.7,91.13333333,,,0,0,0,0,1,0.4,0.31,290.0498,4.5340017e-05,3735.25
1995-09-15 00:00:00+00:00,12.54194444,39.76972222,,,0,1,0,0,0,0.4,0.31,293.6262,0.0,1782.5
1995-09-15 00:00:00+00:00,18.9,72.82,,,1,0,0,0,0,0.4,0.31,300.90497,1.01727455e-05,0.0
1995-10-15 00:00:00+00:00,52.3,104.2833333,,,0,0,0,1,0,0.0,0.19,263.3647,3.104837e-05,427.25
1995-10-15 00:00:00+00:00,47.54260867,7.58371693,,,0,0,1,0,0,0.0,0.19,287.749,0.0001170357,304.73438
1995-10-15 00:00:00+00:00,23.27,5.6,,,0,1,0,0,0,0.0,0.19,293.24356,0.0,2246.375
1995-10-15 00:00:00+00:00,69.1,-105.1166667,,,0,0,0,0,1,0.0,0.19,272.2896,2.6848427e-06,0.0
1995-10-15 00:00:00+00:00,0.38,6.72,,,1,0,0,0,0,0.0,0.19,296.6663,0.00013689388,0.0
1995-10-15 00:00:00+00:00,-22.66416667,-48.06,,,1,0,0,0,0,0.0,0.19,295.9941,0.00015336125,490.46875
1995-10-15 00:00:00+00:00,-67.57,-68.13,,,0,0,0,0,1,0.0,0.19,,,11.128906
1995-10-15 00:00:00+00:00,49.67,-93.72,,,0,0,0,1,0,0.0,0.19,276.91266,0.0,427.09375
1995-10-15 00:00:00+00:00,29.7,91.13333333,,,0,0,0,0,1,0.0,0.19,284.2575,0.0,3735.25
1995-10-15 00:00:00+00:00,12.54194444,39.76972222,,,0,1,0,0,0,0.0,0.19,293.66037,0.0,1782.5
1995-10-15 00:00:00+00:00,18.9,72.82,,,1,0,0,0,0,0.0,0.19,302.7668,0.0,0.0
1995-11-15 00:00:00+00:00,52.3,104.2833333,,,0,0,0,1,0,0.1,-1.38,251.07083,0.0,427.25
1995-11-15 00:00:00+00:00,47.54260867,7.58371693,,,0,0,1,0,0,0.1,-1.38,281.19052,9.630603e-05,304.73438
1995-11-15 00:00:00+00:00,23.27,5.6,,,0,1,0,0,0,0.1,-1.38,287.66217,0.0,2246.375
1995-11-15 00:00:00+00:00,69.1,-105.1166667,,,0,0,0,0,1,0.1,-1.38,242.4493,0.0,0.0
1995-11-15 00:00:00+00:00,0.38,6.72,,,1,0,0,0,0,0.1,-1.38,297.72934,7.661145e-05,0.0
1995-11-15 00:00:00+00:00,-22.66416667,-48.06,,,1,0,0,0,0,0.1,-1.38,297.18112,8.269634e-05,490.46875
1995-11-15 00:00:00+00:00,-67.57,-68.13,,,0,0,0,0,1,0.1,-1.38,,,11.128906
1995-11-15 00:00:00+00:00,49.67,-93.72,,,0,0,0,1,0,0.1,-1.38,274.93884,1.2120816e-05,427.09375
1995-11-15 00:00:00+00:00,29.7,91.13333333,,,0,0,0,0,1,0.1,-1.38,278.73538,0.0,3735.25
1995-11-15 00:00:00+00:00,12.54194444,39.76972222,,,0,1,0,0,0,0.1,-1.38,292.8172,0.0,1782.5
1995-11-15 00:00:00+00:00,18.9,72.82,,,1,0,0,0,0,0.1,-1.38,300.00854,2.0637333e-05,0.0
1995-12-15 00:00:00+00:00,52.3,104.2833333,,,0,0,0,1,0,-0.8,-1.67,247.79813,0.0,427.25
1995-12-15 00:00:00+00:00,47.54260867,7.58371693,,,0,0,1,0,0,-0.8,-1.67,270.48138,0.0,304.73438
1995-12-15 00:00:00+00:00,23.27,5.6,,,0,1,0,0,0,-0.8,-1.67,284.71387,0.0,2246.375
1995-12-15 00:00:00+00:00,69.1,-105.1166667,,,0,0,0,0,1,-0.8,-1.67,239.90712,0.0,0.0
1995-12-15 00:00:00+00:00,0.38,6.72,,,1,0,0,0,0,-0.8,-1.67,298.51215,8.3975436e-05,0.0
1995-12-15 00:00:00+00:00,-22.66416667,-48.06,,,1,0,0,0,0,-0.8,-1.67,295.2317,8.3511e-05,490.46875
1995-12-15 00:00:00+00:00,-67.57,-68.13,,,0,0,0,0,1,-0.8,-1.67,,,11.128906
1995-12-15 00:00:00+00:00,49.67,-93.72,,,0,0,0,1,0,-0.8,-1.67,255.67441,3.794862e-05,427.09375
1995-12-15 00:00:00+00:00,29.7,91.13333333,,,0,0,0,0,1,-0.8,-1.67,277.4537,0.0,3735.25
1995-12-15 00:00:00+00:00,12.54194444,39.76972222,,,0,1,0,0,0,-0.8,-1.67,289.65652,0.0,1782.5
1995-12-15 00:00:00+00:00,18.9,72.82,,,1,0,0,0,0,-0.8,-1.67,298.8901,0.0,0.0
1996-01-15 00:00:00+00:00,52.3,104.2833333,,,0,0,0,1,0,1.6,-0.12,262.54047,9.239464e-06,427.25
1996-01-15 00:00:00+00:00,47.54260867,7.58371693,,,0,0,1,0,0,1.6,-0.12,261.8815,0.0,304.73438
1996-01-15 00:00:00+00:00,23.27,5.6,,,0,1,0,0,0,1.6,-0.12,288.5005,0.0,2246.375
1996-01-15 00:00:00+00:00,69.1,-105.1166667,,,0,0,0,0,1,1.6,-0.12,243.63158,0.0,0.0
1996-01-15 00:00:00+00:00,0.38,6.72,,,1,0,0,0,0,1.6,-0.12,298.41745,0.00011007513,0.0
1996-01-15 00:00:00+00:00,-22.66416667,-48.06,,,1,0,0,0,0,1.6,-0.12,298.88675,2.2799188e-05,490.46875
1996-01-15 00:00:00+00:00,-67.57,-68.13,,,0,0,0,0,1,1.6,-0.12,,,11.128906
1996-01-15 00:00:00+00:00,49.67,-93.72,,,0,0,0,1,0,1.6,-0.12,262.9424,0.0,427.09375
1996-01-15 00:00:00+00:00,29.7,91.13333333,,,0,0,0,0,1,1.6,-0.12,273.89383,0.0,3735.25
1996-01-15 00:00:00+00:00,12.54194444,39.76972222,,,0,1,0,0,0,1.6,-0.12,290.74506,0.0,1782.5
1996-01-15 00:00:00+00:00,18.9,72.82,,,1,0,0,0,0,1.6,-0.12,298.11227,0.0,0.0
1996-02-15 00:00:00+00:00,52.3,104.2833333,,,0,0,0,1,0,0.4,-0.07,263.2242,0.0,427.25
1996-02-15 00:00:00+00:00,47.54260867,7.58371693,,,0,0,1,0,0,0.4,-0.07,278.10233,1.8655584e-05,304.73438
1996-02-15 00:00:00+00:00,23.27,5.6,,,0,1,0,0,0,0.4,-0.07,286.6542,0.0,2246.375
1996-02-15 00:00:00+00:00,69.1,-105.1166667,,,0,0,0,0,1,0.4,-0.07,232.35832,0.0,0.0
1996-02-15 00:00:00+00:00,0.38,6.72,,,1,0,0,0,0,0.4,-0.07,299.3058,4.9193077e-05,0.0
1996-02-15 00:00:00+00:00,-22.66416667,-48.06,,,1,0,0,0,0,0.4,-0.07,298.25977,6.847456e-05,490.46875
1996-02-15 00:00:00+00:00,-67.57,-68.13,,,0,0,0,0,1,0.4,-0.07,,,11.128906
1996-02-15 00:00:00+00:00,49.67,-93.72,,,0,0,0,1,0,0.4,-0.07,267.34775,0.0,427.09375
1996-02-15 00:00:00+00:00,29.7,91.13333333,,,0,0,0,0,1,0.4,-0.07,276.21204,0.0,3735.25
1996-02-15 00:00:00+00:00,12.54194444,39.76972222,,,0,1,0,0,0,0.4,-0.07,291.6372,0.0,1782.5
1996-02-15 00:00:00+00:00,18.9,72.82,,,1,0,0,0,0,0.4,-0.07,295.02408,0.0,0.0
1996-03-15 00:00:00+00:00,52.3,104.2833333,,,0,0,0,1,0,1.9,-0.24,258.50415,0.0,427.25
1996-03-15 00:00:00+00:00,47.54260867,7.58371693,,,0,0,1,0,0,1.9,-0.24,281.82803,0.0,304.73438
1996-03-15 00:00:00+00:00,23.27,5.6,,,0,1,0,0,0,1.9,-0.24,285.7946,0.0,2246.375
1996-03-15 00:00:00+00:00,69.1,-105.1166667,,,0,0,0,0,1,1.9,-0.24,233.98659,0.0,0.0
1996-03-15 00:00:00+00:00,0.38,6.72,,,1,0,0,0,0,1.9,-0.24,300.4082,9.983625e-06,0.0
1996-03-15 00:00:00+00:00,-22.66416667,-48.06,,,1,0,0,0,0,1.9,-0.24,299.59033,0.0,490.46875
1996-03-15 00:00:00+00:00,-67.57,-68.13,,,0,0,0,0,1,1.9,-0.24,,,11.128906
1996-03-15 00:00:00+00:00,49.67,-93.72,,,0,0,0,1,0,1.9,-0.24,274.25793,0.0,427.09375
1996-03-15 00:00:00+00:00,29.7,91.13333333,,,0,0,0,0,1,1.9,-0.24,283.40988,0.0,3735.25
1996-03-15 00:00:00+00:00,12.54194444,39.76972222,,,0,1,0,0,0,1.9,-0.24,295.02054,0.0,1782.5
1996-03-15 00:00:00+00:00,18.9,72.82,,,1,0,0,0,0,1.9,-0.24,301.54532,0.0,0.0
1996-04-15 00:00:00+00:00,52.3,104.2833333,,,0,0,0,1,0,1.3,-0.17,269.12173,0.0,427.25
1996-04-15 00:00:00+00:00,47.54260867,7.58371693,,,0,0,1,0,0,1.3,-0.17,283.4635,8.306516e-05,304.73438
1996-04-15 00:00:00+00:00,23.27,5.6,,,0,1,0,0,0,1.3,-0.17,297.1639,0.0,2246.375
1996-04-15 00:00:00+00:00,69.1,-105.1166667,,,0,0,0,0,1,1.3,-0.17,258.36722,0.0,0.0
1996-04-15 00:00:00+00:00,0.38,6.72,,,1,0,0,0,0,1.3,-0.17,301.456,0.0,0.0
1996-04-15 00:00:00+00:00,-22.66416667,-48.06,,,1,0,0,0,0,1.3,-0.17,296.1596,0.00017155462,490.46875
1996-04-15 00:00:00+00:00,-67.57,-68.13,,,0,0,0,0,1,1.3,-0.17,,,11.128906
1996-04-15 00:00:00+00:00,49.67,-93.72,,,0,0,0,1,0,1.3,-0.17,281.33194,0.0,427.09375
1996-04-15 00:00:00+00:00,29.7,91.13333333,,,0,0,0,0,1,1.3,-0.17,284.8729,0.0,3735.25
1996-04-15 00:00:00+00:00,12.54194444,39.76972222,,,0,1,0,0,0,1.3,-0.17,291.49426,0.0008584474,1782.5
1996-04-15 00:00:00+00:00,18.9,72.82,,,1,0,0,0,0,1.3,-0.17,303.0717,0.0,0.0
1996-05-15 00:00:00+00:00,52.3,104.2833333,,,0,0,0,1,0,0.5,-1.06,286.3982,0.0,427.25
1996-05-15 00:00:00+00:00,47.54260867,7.58371693,,,0,0,1,0,0,0.5,-1.06,287.5106,0.00010574805,304.73438
1996-05-15 00:00:00+00:00,23.27,5.6,,,0,1,0,0,0,0.5,-1.06,299.2058,0.0,2246.375
1996-05-15 00:00:00+00:00,69.1,-105.1166667,,,0,0,0,0,1,0.5,-1.06,262.5471,0.0,0.0
1996-05-15 00:00:00+00:00,0.38,6.72,,,1,0,0,0,0,0.5,-1.06,298.23703,8.121302e-05,0.0
1996-05-15 00:00:00+00:00,-22.66416667,-48.06,,,1,0,0,0,0,0.5,-1.06,296.82556,0.0,490.46875
1996-05-15 00:00:00+00:00,-67.57,-68.13,,,0,0,0,0,1,0.5,-1.06,,,11.128906
1996-05-15 00:00:00+00:00,49.67,-93.72,,,0,0,0,1,0,0.5,-1.06,283.28397,0.0,427.09375
1996-05-15 00:00:00+00:00,29.7,91.13333333,,,0,0,0,0,1,0.5,-1.06,287.01184,9.139939e-06,3735.25
1996-05-15 00:00:00+00:00,12.54194444,39.76972222,,,0,1,0,0,0,0.5,-1.06,294.87518,0.0,1782.5
1996-05-15 00:00:00+00:00,18.9,72.82,,,1,0,0,0,0,0.5,-1.06,303.46902,2.2179988e-06,0.0
1996-06-15 00:00:00+00:00,52.3,104.2833333,,,0,0,0,1,0,1.9,0.56,287.65567,0.0,427.25
1996-06-15 00:00:00+00:00,47.54260867,7.58371693,,,0,0,1,0,0,1.9,0.56,290.6421,0.0,304.73438
1996-06-15 00:00:00+00:00,23.27,5.6,,,0,1,0,0,0,1.9,0.56,299.24496,0.0,2246.375
1996-06-15 00:00:00+00:00,69.1,-105.1166667,,,0,0,0,0,1,1.9,0.56,278.44922,0.0,0.0
1996-06-15 00:00:00+00:00,0.38,6.72,,,1,0,0,0,0,1.9,0.56,296.97827,2.6239964e-06,0.0
1996-06-15 00:00:00+00:00,-22.66416667,-48.06,,,1,0,0,0,0,1.9,0.56,292.7263,0.0,490.46875
1996-06-15 00:00:00+00:00,-67.57,-68.13,,,0,0,0,0,1,1.9,0.56,,,11.128906
1996-06-15 00:00:00+00:00,49.67,-93.72,,,0,0,0,1,0,1.9,0.56,294.05176,0.0,427.09375
1996-06-15 00:00:00+00:00,29.7,91.13333333,,,0,0,0,0,1,1.9,0.56,291.93594,5.0938692e-05,3735.25
1996-06-15 00:00:00+00:00,12.54194444,39.76972222,,,0,1,0,0,0,1.9,0.56,297.0597,0.0,1782.5
1996-06-15 00:00:00+00:00,18.9,72.82,,,1,0,0,0,0,1.9,0.56,302.17227,0.00029379554,0.0
1996-07-15 00:00:00+00:00,52.3,104.2833333,,,0,0,0,1,0,1.1,0.67,289.13098,0.00037150225,427.25
1996-07-15 00:00:00+00:00,47.54260867,7.58371693,,,0,0,1,0,0,1.1,0.67,299.01276,0.0,304.73438
1996-07-15 00:00:00+00:00,23.27,5.6,,,0,1,0,0,0,1.1,0.67,300.89865,0.0,2246.375
1996-07-15 00:00:00+00:00,69.1,-105.1166667,,,0,0,0,0,1,1.1,0.67,282.94095,0.0,0.0
1996-07-15 00:00:00+00:00,0.38,6.72,,,1,0,0,0,0,1.1,0.67,296.5263,0.0,0.0
1996-07-15 00:00:00+00:00,-22.66416667,-48.06,,,1,0,0,0,0,1.1,0.67,294.24182,0.0,490.46875
1996-07-15 00:00:00+00:00,-67.57,-68.13,,,0,0,0,0,1,1.1,0.67,,,11.128906
1996-07-15 00:00:00+00:00,49.67,-93.72,,,0,0,0,1,0,1.1,0.67,293.89505,1.3035823e-05,427.09375
1996-07-15 00:00:00+00:00,29.7,91.13333333,,,0,0,0,0,1,1.1,0.67,292.40674,3.4278342e-05,3735.25
1996-07-15 00:00:00+00:00,12.54194444,39.76972222,,,0,1,0,0,0,1.1,0.67,296.71146,0.0,1782.5
1996-07-15 00:00:00+00:00,18.9,72.82,,,1,0,0,0,0,1.1,0.67,300.04086,8.024215e-05,0.0
1996-08-15 00:00:00+00:00,52.3,104.2833333,,,0,0,0,1,0,1.2,1.02,287.63623,0.0,427.25
1996-08-15 00:00:00+00:00,47.54260867,7.58371693,,,0,0,1,0,0,1.2,1.02,289.0115,2.32523e-05,304.73438
1996-08-15 00:00:00+00:00,23.27,5.6,,,0,1,0,0,0,1.2,1.02,299.49335,0.0,2246.375
1996-08-15 00:00:00+00:00,69.1,-105.1166667,,,0,0,0,0,1,1.2,1.02,277.73444,5.6804956e-06,0.0
1996-08-15 00:00:00+00:00,0.38,6.72,,,1,0,0,0,0,1.2,1.02,296.28787,1.0222992e-06,0.0
1996-08-15 00:00:00+00:00,-22.66416667,-48.06,,,1,0,0,0,0,1.2,1.02,296.95605,0.0,490.46875
1996-08-15 00:00:00+00:00,-67.57,-68.13,,,0,0,0,0,1,1.2,1.02,,,11.128906
1996-08-15 00:00:00+00:00,49.67,-93.72,,,0,0,0,1,0,1.2,1.02,296.02414,0.0,427.09375
1996-08-15 00:00:00+00:00,29.7,91.13333333,,,0,0,0,0,1,1.2,1.02,290.46368,0.00017967055,3735.25
1996-08-15 00:00:00+00:00,12.54194444,39.76972222,,,0,1,0,0,0,1.2,1.02,293.29706,0.0,1782.5
1996-08-15 00:00:00+00:00,18.9,72.82,,,1,0,0,0,0,1.2,1.02,299.94675,0.0003325478,0.0
1996-09-15 00:00:00+00:00,52.3,104.2833333,,,0,0,0,1,0,1.0,-0.86,278.7095,0.0,427.25
1996-09-15 00:00:00+00:00,47.54260867,7.58371693,,,0,0,1,0,0,1.0,-0.86,284.01282,4.7587593e-05,304.73438
1996-09-15 00:00:00+00:00,23.27,5.6,,,0,1,0,0,0,1.0,-0.86,299.30014,0.0,2246.375
1996-09-15 00:00:00+00:00,69.1,-105.1166667,,,0,0,0,0,1,1.0,-0.86,275.7129,3.2422386e-06,0.0
1996-09-15 00:00:00+00:00,0.38,6.72,,,1,0,0,0,0,1.0,-0.86,296.62912,1.0791718e-05,0.0
1996-09-15 00:00:00+00:00,-22.66416667,-48.06,,,1,0,0,0,0,1.0,-0.86,296.12747,0.0,490.46875
1996-09-15 00:00:00+00:00,-67.57,-68.13,,,0,0,0,0,1,1.0,-0.86,,,11.128906
1996-09-15 00:00:00+00:00,49.67,-93.72,,,0,0,0,1,0,1.0,-0.86,287.76974,4.2113585e-05,427.09375
1996-09-15 00:00:00+00:00,29.7,91.13333333,,,0,0,0,0,1,1.0,-0.86,290.7067,0.0,3735.25
1996-09-15 00:00:00+00:00,12.54194444,39.76972222,,,0,1,0,0,0,1.0,-0.86,293.2378,0.0,1782.5
1996-09-15 00:00:00+00:00,18.9,72.82,,,1,0,0,0,0,1.0,-0.86,300.2346,0.00027144924,0.0
1996-10-15 00:00:00+00:00,52.3,104.2833333,,,0,0,0,1,0,1.0,-0.33,276.98972,0.0,427.25
1996-10-15 00:00:00+00:00,47.54260867,7.58371693,,,0,0,1,0,0,1.0,-0.33,287.4678,0.0,304.73438
1996-10-15 00:00:00+00:00,23.27,5.6,,,0,1,0,0,0,1.0,-0.33,293.64963,0.0,2246.375
1996-10-15 00:00:00+00:00,69.1,-105.1166667,,,0,0,0,0,1,1.0,-0.33,266.4716,1.4469585e-05,0.0
1996-10-15 00:00:00+00:00,0.38,6.72,,,1,0,0,0,0,1.0,-0.33,297.29724,7.498844e-05,0.0
1996-10-15 00:00:00+00:00,-22.66416667,-48.06,,,1,0,0,0,0,1.0,-0.33,297.0239,2.2545304e-05,490.46875
1996-10-15 00:00:00+00:00,-67.57,-68.13,,,0,0,0,0,1,1.0,-0.33,,,11.128906
1996-10-15 00:00:00+00:00,49.67,-93.72,,,0,0,0,1,0,1.0,-0.33,280.47278,0.0,427.09375
1996-10-15 00:00:00+00:00,29.7,91.13333333,,,0,0,0,0,1,1.0,-0.33,286.66507,0.0,3735.25
1996-10-15 00:00:00+00:00,12.54194444,39.76972222,,,0,1,0,0,0,1.0,-0.33,294.17908,0.0,1782.5
1996-10-15 00:00:00+00:00,18.9,72.82,,,1,0,0,0,0,1.0,-0.33,302.5741,4.6405867e-06,0.0
1996-11-15 00:00:00+00:00,52.3,104.2833333,,,0,0,0,1,0,-0.1,-0.56,272.0977,0.0,427.25
1996-11-15 00:00:00+00:00,47.54260867,7.58371693,,,0,0,1,0,0,-0.1,-0.56,281.8367,8.414095e-05,304.73438
1996-11-15 00:00:00+00:00,23.27,5.6,,,0,1,0,0,0,-0.1,-0.56,290.02527,0.0,2246.375
1996-11-15 00:00:00+00:00,69.1,-105.1166667,,,0,0,0,0,1,-0.1,-0.56,252.44186,0.0,0.0
1996-11-15 00:00:00+00:00,0.38,6.72,,,1,0,0,0,0,-0.1,-0.56,298.52377,1.8019155e-05,0.0
1996-11-15 00:00:00+00:00,-22.66416667,-48.06,,,1,0,0,0,0,-0.1,-0.56,297.207,2.994611e-05,490.46875
1996-11-15 00:00:00+00:00,-67.57,-68.13,,,0,0,0,0,1,-0.1,-0.56,,,11.128906
1996-11-15 00:00:00+00:00,49.67,-93.72,,,0,0,0,1,0,-0.1,-0.56,271.80566,0.0,427.09375
1996-11-15 00:00:00+00:00,29.7,91.13333333,,,0,0,0,0,1,-0.1,-0.56,281.91562,0.0,3735.25
1996-11-15 00:00:00+00:00,12.54194444,39.76972222,,,0,1,0,0,0,-0.1,-0.56,292.88617,0.0,1782.5
1996-11-15 00:00:00+00:00,18.9,72.82,,,1,0,0,0,0,-0.1,-0.56,299.53378,0.0,0.0
1996-12-15 00:00:00+00:00,52.3,104.2833333,,,0,0,0,1,0,1.5,-1.41,258.55844,0.0,427.25
1996-12-15 00:00:00+00:00,47.54260867,7.58371693,,,0,0,1,0,0,1.5,-1.41,275.57855,0.0,304.73438
1996-12-15 00:00:00+00:00,23.27,5.6,,,0,1,0,0,0,1.5,-1.41,280.17633,0.0,2246.375
1996-12-15 00:00:00+00:00,69.1,-105.1166667,,,0,0,0,0,1,1.5,-1.41,241.16881,0.0,0.0
1996-12-15 00:00:00+00:00,0.38,6.72,,,1,0,0,0,0,1.5,-1.41,298.7284,4.3682445e-05,0.0
1996-12-15 00:00:00+00:00,-22.66416667,-48.06,,,1,0,0,0,0,1.5,-1.41,296.58197,3.5708414e-05,490.46875
1996-12-15 00:00:00+00:00,-67.57,-68.13,,,0,0,0,0,1,1.5,-1.41,,,11.128906
1996-12-15 00:00:00+00:00,49.67,-93.72,,,0,0,0,1,0,1.5,-1.41,250.3078,3.562097e-05,427.09375
1996-12-15 00:00:00+00:00,29.7,91.13333333,,,0,0,0,0,1,1.5,-1.41,277.3228,0.0,3735.25
1996-12-15 00:00:00+00:00,12.54194444,39.76972222,,,0,1,0,0,0,1.5,-1.41,289.8942,0.0,1782.5
1996-12-15 00:00:00+00:00,18.9,72.82,,,1,0,0,0,0,1.5,-1.41,299.3968,0.0,0.0
1997-01-15 00:00:00+00:00,52.3,104.2833333,,,0,0,0,1,0,0.8,-0.49,244.76044,0.0,427.25
1997-01-15 00:00:00+00:00,47.54260867,7.58371693,,,0,0,1,0,0,0.8,-0.49,276.35364,0.0,304.73438
1997-01-15 00:00:00+00:00,23.27,5.6,,,0,1,0,0,0,0.8,-0.49,280.0688,0.0,2246.375
1997-01-15 00:00:00+00:00,69.1,-105.1166667,,,0,0,0,0,1,0.8,-0.49,235.93591,0.0,0.0
1997-01-15 00:00:00+00:00,0.38,6.72,,,1,0,0,0,0,0.8,-0.49,297.70547,1.6262202e-05,0.0
1997-01-15 00:00:00+00:00,-22.66416667,-48.06,,,1,0,0,0,0,0.8,-0.49,298.25253,5.96828e-05,490.46875
1997-01-15 00:00:00+00:00,-67.57,-68.13,,,0,0,0,0,1,0.8,-0.49,,,11.128906
1997-01-15 00:00:00+00:00,49.67,-93.72,,,0,0,0,1,0,0.8,-0.49,241.80455,0.0,427.09375
1997-01-15 00:00:00+00:00,29.7,91.13333333,,,0,0,0,0,1,0.8,-0.49,277.42786,0.0,3735.25
1997-01-15 00:00:00+00:00,12.54194444,39.76972222,,,0,1,0,0,0,0.8,-0.49,292.4887,0.0,1782.5
1997-01-15 00:00:00+00:00,18.9,72.82,,,1,0,0,0,0,0.8,-0.49,298.24664,0.0,0.0
1997-02-15 00:00:00+00:00,52.3,104.2833333,,,0,0,0,1,0,2.9,1.7,258.26505,0.0,427.25
1997-02-15 00:00:00+00:00,47.54260867,7.58371693,,,0,0,1,0,0,2.9,1.7,270.4313,0.0,304.73438
1997-02-15 00:00:00+00:00,23.27,5.6,,,0,1,0,0,0,2.9,1.7,283.5858,0.0,2246.375
1997-02-15 00:00:00+00:00,69.1,-105.1166667,,,0,0,0,0,1,2.9,1.7,258.41235,1.6816273e-05,0.0
1997-02-15 00:00:00+00:00,0.38,6.72,,,1,0,0,0,0,2.9,1.7,299.94495,1.492912e-05,0.0
1997-02-15 00:00:00+00:00,-22.66416667,-48.06,,,1,0,0,0,0,2.9,1.7,297.93353,0.00017312831,490.46875
1997-02-15 00:00:00+00:00,-67.57,-68.13,,,0,0,0,0,1,2.9,1.7,,,11.128906
1997-02-15 00:00:00+00:00,49.67,-93.72,,,0,0,0,1,0,2.9,1.7,266.72284,0.0,427.09375
1997-02-15 00:00:00+00:00,29.7,91.13333333,,,0,0,0,0,1,2.9,1.7,278.0979,0.0,3735.25
1997-02-15 00:00:00+00:00,12.54194444,39.76972222,,,0,1,0,0,0,2.9,1.7,288.96152,0.0,1782.5
1997-02-15 00:00:00+00:00,18.9,72.82,,,1,0,0,0,0,2.9,1.7,299.78714,0.0,0.0
1997-03-15 00:00:00+00:00,52.3,104.2833333,,,0,0,0,1,0,-0.7,1.46,263.6629,0.0,427.25
1997-03-15 00:00:00+00:00,47.54260867,7.58371693,,,0,0,1,0,0,-0.7,1.46,275.88147,9.408508e-06,304.73438
1997-03-15 00:00:00+00:00,23.27,5.6,,,0,1,0,0,0,-0.7,1.46,289.2354,0.0,2246.375
1997-03-15 00:00:00+00:00,69.1,-105.1166667,,,0,0,0,0,1,-0.7,1.46,245.84738,0.0,0.0
1997-03-15 00:00:00+00:00,0.38,6.72,,,1,0,0,0,0,-0.7,1.46,299.45615,6.884909e-05,0.0
1997-03-15 00:00:00+00:00,-22.66416667,-48.06,,,1,0,0,0,0,-0.7,1.46,299.3234,3.2233573e-05,490.46875
1997-03-15 00:00:00+00:00,-67.57,-68.13,,,0,0,0,0,1,-0.7,1.46,,,11.128906
1997-03-15 00:00:00+00:00,49.67,-93.72,,,0,0,0,1,0,-0.7,1.46,273.3063,0.0,427.09375
1997-03-15 00:00:00+00:00,29.7,91.13333333,,,0,0,0,0,1,-0.7,1.46,280.8576,0.0,3735.25
1997-03-15 00:00:00+00:00,12.54194444,39.76972222,,,0,1,0,0,0,-0.7,1.46,292.20673,0.0,1782.5
1997-03-15 00:00:00+00:00,18.9,72.82,,,1,0,0,0,0,-0.7,1.46,301.78748,0.0,0.0
1997-04-15 00:00:00+00:00,52.3,104.2833333,,,0,0,0,1,0,-1.0,-1.02,281.58707,4.392552e-05,427.25
1997-04-15 00:00:00+00:00,47.54260867,7.58371693,,,0,0,1,0,0,-1.0,-1.02,281.55356,3.0775784e-05,304.73438
1997-04-15 00:00:00+00:00,23.27,5.6,,,0,1,0,0,0,-1.0,-1.02,294.1915,0.0,2246.375
1997-04-15 00:00:00+00:00,69.1,-105.1166667,,,0,0,0,0,1,-1.0,-1.02,261.7517,0.0,0.0
1997-04-15 00:00:00+00:00,0.38,6.72,,,1,0,0,0,0,-1.0,-1.02,300.18253,3.651312e-05,0.0
1997-04-15 00:00:00+00:00,-22.66416667,-48.06,,,1,0,0,0,0,-1.0,-1.02,295.73566,0.00034337764,490.46875
1997-04-15 00:00:00+00:00,-67.57,-68.13,,,0,0,0,0,1,-1.0,-1.02,,,11.128906
1997-04-15 00:00:00+00:00,49.67,-93.72,,,0,0,0,1,0,-1.0,-1.02,287.1531,0.0,427.09375
1997-04-15 00:00:00+00:00,29.7,91.13333333,,,0,0,0,0,1,-1.0,-1.02,281.80585,0.0,3735.25
1997-04-15 00:00:00+00:00,12.54194444,39.76972222,,,0,1,0,0,0,-1.0,-1.02,292.1413,0.0,1782.5
1997-04-15 00:00:00+00:00,18.9,72.82,,,1,0,0,0,0,-1.0,-1.02,301.99997,0.0,0.0
1997-05-15 00:00:00+00:00,52.3,104.2833333,,,0,0,0,1,0,-2.2,-0.28,285.71106,0.0,427.25
1997-05-15 00:00:00+00:00,47.54260867,7.58371693,,,0,0,1,0,0,-2.2,-0.28,280.86417,0.0,304.73438
1997-05-15 00:00:00+00:00,23.27,5.6,,,0,1,0,0,0,-2.2,-0.28,299.30786,0.0,2246.375
1997-05-15 00:00:00+00:00,69.1,-105.1166667,,,0,0,0,0,1,-2.2,-0.28,263.95172,4.9016057e-06,0.0
1997-05-15 00:00:00+00:00,0.38,6.72,,,1,0,0,0,0,-2.2,-0.28,298.79724,0.00013351958,0.0
1997-05-15 00:00:00+00:00,-22.66416667,-48.06,,,1,0,0,0,0,-2.2,-0.28,294.53473,1.5083266e-05,490.46875
1997-05-15 00:00:00+00:00,-67.57,-68.13,,,0,0,0,0,1,-2.2,-0.28,,,11.128906
1997-05-15 00:00:00+00:00,49.67,-93.72,,,0,0,0,1,0,-2.2,-0.28,285.6956,6.3130676e-05,427.09375
1997-05-15 00:00:00+00:00,29.7,91.13333333,,,0,0,0,0,1,-2.2,-0.28,290.4489,0.0,3735.25
1997-05-15 00:00:00+00:00,12.54194444,39.76972222,,,0,1,0,0,0,-2.2,-0.28,296.94946,0.0,1782.5
1997-05-15 00:00:00+00:00,18.9,72.82,,,1,0,0,0,0,-2.2,-0.28,303.00266,3.200539e-06,0.0
1997-06-15 00:00:00+00:00,52.3,104.2833333,,,0,0,0,1,0,-2.3,-1.47,287.26437,4.447812e-05,427.25
1997-06-15 00:00:00+00:00,47.54260867,7.58371693,,,0,0,1,0,0,-2.3,-1.47,293.5174,0.0,304.73438
1997-06-15 00:00:00+00:00,23.27,5.6,,,0,1,0,0,0,-2.3,-1.47,300.2409,0.0,2246.375
1997-06-15 00:00:00+00:00,69.1,-105.1166667,,,0,0,0,0,1,-2.3,-1.47,270.9541,0.0,0.0
1997-06-15 00:00:00+00:00,0.38,6.72,,,1,0,0,0,0,-2.3,-1.47,296.88437,7.1791665e-06,0.0
1997-06-15 00:00:00+00:00,-22.66416667,-48.06,,,1,0,0,0,0,-2.3,-1.47,288.6004,0.0,490.46875
1997-06-15 00:00:00+00:00,-67.57,-68.13,,,0,0,0,0,1,-2.3,-1.47,,,11.128906
1997-06-15 00:00:00+00:00,49.67,-93.72,,,0,0,0,1,0,-2.3,-1.47,289.26602,1.0457344e-05,427.09375
1997-06-15 00:00:00+00:00,29.7,91.13333333,,,0,0,0,0,1,-2.3,-1.47,291.87363,5.0898685e-05,3735.25
1997-06-15 00:00:00+00:00,12.54194444,39.76972222,,,0,1,0,0,0,-2.3,-1.47,295.97348,4.3028585e-06,1782.5
1997-06-15 00:00:00+00:00,18.9,72.82,,,1,0,0,0,0,-2.3,-1.47,302.08713,0.0001940132,0.0
1997-07-15 00:00:00+00:00,52.3,104.2833333,,,0,0,0,1,0,-1.2,0.34,294.29437,3.498142e-05,427.25
1997-07-15 00:00:00+00:00,47.54260867,7.58371693,,,0,0,1,0,0,-1.2,0.34,294.66025,0.0,304.73438
1997-07-15 00:00:00+00:00,23.27,5.6,,,0,1,0,0,0,-1.2,0.34,302.03467,0.0,2246.375
1997-07-15 00:00:00+00:00,69.1,-105.1166667,,,0,0,0,0,1,-1.2,0.34,280.3428,6.849249e-06,0.0
1997-07-15 00:00:00+00:00,0.38,6.72,,,1,0,0,0,0,-1.2,0.34,297.11386,0.0,0.0
1997-07-15 00:00:00+00:00,-22.66416667,-48.06,,,1,0,0,0,0,-1.2,0.34,291.46646,0.0,490.46875
1997-07-15 00:00:00+00:00,-67.57,-68.13,,,0,0,0,0,1,-1.2,0.34,,,11.128906
1997-07-15 00:00:00+00:00,49.67,-93.72,,,0,0,0,1,0,-1.2,0.34,291.79205,0.00014693014,427.09375
1997-07-15 00:00:00+00:00,29.7,91.13333333,,,0,0,0,0,1,-1.2,0.34,293.995,7.4768424e-05,3735.25
1997-07-15 00:00:00+00:00,12.54194444,39.76972222,,,0,1,0,0,0,-1.2,0.34,294.88684,0.00013421617,1782.5
1997-07-15 00:00:00+00:00,18.9,72.82,,,1,0,0,0,0,-1.2,0.34,301.37515,8.312285e-05,0.0
1997-08-15 00:00:00+00:00,52.3,104.2833333,,,0,0,0,1,0,-2.4,0.83,288.465,0.0,427.25
1997-08-15 00:00:00+00:00,47.54260867,7.58371693,,,0,0,1,0,0,-2.4,0.83,291.77774,0.000101418045,304.73438
1997-08-15 00:00:00+00:00,23.27,5.6,,,0,1,0,0,0,-2.4,0.83,300.8481,0.0,2246.375
1997-08-15 00:00:00+00:00,69.1,-105.1166667,,,0,0,0,0,1,-2.4,0.83,277.5262,0.0,0.0
1997-08-15 00:00:00+00:00,0.38,6.72,,,1,0,0,0,0,-2.4,0.83,296.3611,8.310253e-06,0.0
1997-08-15 00:00:00+00:00,-22.66416667,-48.06,,,1,0,0,0,0,-2.4,0.83,295.3684,0.0,490.46875
1997-08-15 00:00:00+00:00,-67.57,-68.13,,,0,0,0,0,1,-2.4,0.83,,,11.128906
1997-08-15 00:00:00+00:00,49.67,-93.72,,,0,0,0,1,0,-2.4,0.83,292.82812,8.929979e-06,427.09375
1997-08-15 00:00:00+00:00,29.7,91.13333333,,,0,0,0,0,1,-2.4,0.83,292.52307,0.0,3735.25
1997-08-15 00:00:00+00:00,12.54194444,39.76972222,,,0,1,0,0,0,-2.4,0.83,293.1765,0.0,1782.5
1997-08-15 00:00:00+00:00,18.9,72.82,,,1,0,0,0,0,-2.4,0.83,299.80237,0.00018786923,0.0
1997-09-15 00:00:00+00:00,52.3,104.2833333,,,0,0,0,1,0,-2.4,0.61,286.56085,0.0,427.25
1997-09-15 00:00:00+00:00,47.54260867,7.58371693,,,0,0,1,0,0,-2.4,0.61,283.77744,6.4945416e-05,304.73438
1997-09-15 00:00:00+00:00,23.27,5.6,,,0,1,0,0,0,-2.4,0.61,298.74017,0.0,2246.375
1997-09-15 00:00:00+00:00,69.1,-105.1166667,,,0,0,0,0,1,-2.4,0.61,270.7153,0.0,0.0
1997-09-15 00:00:00+00:00,0.38,6.72,,,1,0,0,0,0,-2.4,0.61,296.78638,6.170071e-06,0.0
1997-09-15 00:00:00+00:00,-22.66416667,-48.06,,,1,0,0,0,0,-2.4,0.61,296.9461,0.0,490.46875
1997-09-15 00:00:00+00:00,-67.57,-68.13,,,0,0,0,0,1,-2.4,0.61,,,11.128906
1997-09-15 00:00:00+00:00,49.67,-93.72,,,0,0,0,1,0,-2.4,0.61,284.24393,0.0,427.09375
1997-09-15 00:00:00+00:00,29.7,91.13333333,,,0,0,0,0,1,-2.4,0.61,290.02325,0.0,3735.25
1997-09-15 00:00:00+00:00,12.54194444,39.76972222,,,0,1,0,0,0,-2.4,0.61,292.84903,0.0,1782.5
1997-09-15 00:00:00+00:00,18.9,72.82,,,1,0,0,0,0,-2.4,0.61,300.46478,1.1473133e-05,0.0
1997-10-15 00:00:00+00:00,52.3,104.2833333,,,0,0,0,1,0,-2.4,-1.7,274.4397,0.0,427.25
1997-10-15 00:00:00+00:00,47.54260867,7.58371693,,,0,0,1,0,0,-2.4,-1.7,283.9826,0.0,304.73438
1997-10-15 00:00:00+00:00,23.27,5.6,,,0,1,0,0,0,-2.4,-1.7,295.57797,0.0,2246.375
1997-10-15 00:00:00+00:00,69.1,-105.1166667,,,0,0,0,0,1,-2.4,-1.7,256.75833,0.0,0.0
1997-10-15 00:00:00+00:00,0.38,6.72,,,1,0,0,0,0,-2.4,-1.7,297.42526,4.523848e-05,0.0
1997-10-15 00:00:00+00:00,-22.66416667,-48.06,,,1,0,0,0,0,-2.4,-1.7,298.17496,9.192354e-05,490.46875
1997-10-15 00:00:00+00:00,-67.57,-68.13,,,0,0,0,0,1,-2.4,-1.7,,,11.128906
1997-10-15 00:00:00+00:00,49.67,-93.72,,,0,0,0,1,0,-2.4,-1.7,280.41888,1.7449263e-05,427.09375
1997-10-15 00:00:00+00:00,29.7,91.13333333,,,0,0,0,0,1,-2.4,-1.7,284.8024,0.0,3735.25
1997-10-15 00:00:00+00:00,12.54194444,39.76972222,,,0,1,0,0,0,-2.4,-1.7,293.21313,0.0,1782.5
1997-10-15 00:00:00+00:00,18.9,72.82,,,1,0,0,0,0,-2.4,-1.7,299.82556,0.00012588192,0.0
1997-11-15 00:00:00+00:00,52.3,104.2833333,,,0,0,0,1,0,-2.0,-0.9,265.4125,0.0,427.25
1997-11-15 00:00:00+00:00,47.54260867,7.58371693,,,0,0,1,0,0,-2.0,-0.9,277.80023,0.0,304.73438
1997-11-15 00:00:00+00:00,23.27,5.6,,,0,1,0,0,0,-2.0,-0.9,284.77203,0.0,2246.375
1997-11-15 00:00:00+00:00,69.1,-105.1166667,,,0,0,0,0,1,-2.0,-0.9,251.76408,0.0,0.0
1997-11-15 00:00:00+00:00,0.38,6.72,,,1,0,0,0,0,-2.0,-0.9,297.64267,0.00012082907,0.0
1997-11-15 00:00:00+00:00,-22.66416667,-48.06,,,1,0,0,0,0,-2.0,-0.9,300.37515,1.3591749e-05,490.46875
1997-11-15 00:00:00+00:00,-67.57,-68.13,,,0,0,0,0,1,-2.0,-0.9,,,11.128906
1997-11-15 00:00:00+00:00,49.67,-93.72,,,0,0,0,1,0,-2.0,-0.9,269.33646,1.2101524e-05,427.09375
1997-11-15 00:00:00+00:00,29.7,91.13333333,,,0,0,0,0,1,-2.0,-0.9,277.3756,0.0,3735.25
1997-11-15 00:00:00+00:00,12.54194444,39.76972222,,,0,1,0,0,0,-2.0,-0.9,290.8594,0.0,1782.5
1997-11-15 00:00:00+00:00,18.9,72.82,,,1,0,0,0,0,-2.0,-0.9,297.52588,0.0,0.0
1997-12-15 00:00:00+00:00,52.3,104.2833333,,,0,0,0,1,0,-1.6,-0.96,263.78903,3.783839e-06,427.25
1997-12-15 00:00:00+00:00,47.54260867,7.58371693,,,0,0,1,0,0,-1.6,-0.96,273.64627,0.0,304.73438
1997-12-15 00:00:00+00:00,23.27,5.6,,,0,1,0,0,0,-1.6,-0.96,282.41348,0.0,2246.375
1997-12-15 00:00:00+00:00,69.1,-105.1166667,,,0,0,0,0,1,-1.6,-0.96,240.9645,0.0,0.0
1997-12-15 00:00:00+00:00,0.38,6.72,,,1,0,0,0,0,-1.6,-0.96,298.94583,7.04463e-05,0.0
1997-12-15 00:00:00+00:00,-22.66416667,-48.06,,,1,0,0,0,0,-1.6,-0.96,297.45605,4.3527496e-05,490.46875
1997-12-15 00:00:00+00:00,-67.57,-68.13,,,0,0,0,0,1,-1.6,-0.96,,,11.128906
1997-12-15 00:00:00+00:00,49.67,-93.72,,,0,0,0,1,0,-1.6,-0.96,263.30096,1.0614908e-05,427.09375
1997-12-15 00:00:00+00:00,29.7,91.13333333,,,0,0,0,0,1,-1.6,-0.96,280.59348,0.0,3735.25
1997-12-15 00:00:00+00:00,12.54194444,39.76972222,,,0,1,0,0,0,-1.6,-0.96,289.68964,0.0,1782.5
1997-12-15 00:00:00+00:00,18.9,72.82,,,1,0,0,0,0,-1.6,-0.96,298.26398,0.0,0.0
1998-01-15 00:00:00+00:00,52.3,104.2833333,,,0,0,0,1,0,-4.4,0.39,263.911,6.8843096e-06,427.25
1998-01-15 00:00:00+00:00,47.54260867,7.58371693,,,0,0,1,0,0,-4.4,0.39,273.7076,0.0,304.73438
1998-01-15 00:00:00+00:00,23.27,5.6,,,0,1,0,0,0,-4.4,0.39,282.09665,0.0,2246.375
1998-01-15 00:00:00+00:00,69.1,-105.1166667,,,0,0,0,0,1,-4.4,0.39,234.3592,0.0,0.0
1998-01-15 00:00:00+00:00,0.38,6.72,,,1,0,0,0,0,-4.4,0.39,298.663,0.00011007285,0.0
1998-01-15 00:00:00+00:00,-22.66416667,-48.06,,,1,0,0,0,0,-4.4,0.39,299.38504,1.8024642e-05,490.46875
1998-01-15 00:00:00+00:00,-67.57,-68.13,,,0,0,0,0,1,-4.4,0.39,,,11.128906
1998-01-15 00:00:00+00:00,49.67,-93.72,,,0,0,0,1,0,-4.4,0.39,253.02654,0.0,427.09375
1998-01-15 00:00:00+00:00,29.7,91.13333333,,,0,0,0,0,1,-4.4,0.39,274.76718,1.3374699e-06,3735.25
1998-01-15 00:00:00+00:00,12.54194444,39.76972222,,,0,1,0,0,0,-4.4,0.39,290.0179,0.0,1782.5
1998-01-15 00:00:00+00:00,18.9,72.82,,,1,0,0,0,0,-4.4,0.39,297.39963,0.0,0.0
1998-02-15 00:00:00+00:00,52.3,104.2833333,,,0,0,0,1,0,-3.4,-0.11,264.70184,0.0,427.25
1998-02-15 00:00:00+00:00,47.54260867,7.58371693,,,0,0,1,0,0,-3.4,-0.11,278.59323,0.0,304.73438
1998-02-15 00:00:00+00:00,23.27,5.6,,,0,1,0,0,0,-3.4,-0.11,282.54694,0.0,2246.375
1998-02-15 00:00:00+00:00,69.1,-105.1166667,,,0,0,0,0,1,-3.4,-0.11,235.73184,0.0,0.0
1998-02-15 00:00:00+00:00,0.38,6.72,,,1,0,0,0,0,-3.4,-0.11,299.24307,5.3922224e-05,0.0
1998-02-15 00:00:00+00:00,-22.66416667,-48.06,,,1,0,0,0,0,-3.4,-0.11,296.606,0.0001769472,490.46875
1998-02-15 00:00:00+00:00,-67.57,-68.13,,,0,0,0,0,1,-3.4,-0.11,,,11.128906
1998-02-15 00:00:00+00:00,49.67,-93.72,,,0,0,0,1,0,-3.4,-0.11,260.1862,9.380466e-06,427.09375
1998-02-15 00:00:00+00:00,29.7,91.13333333,,,0,0,0,0,1,-3.4,-0.11,278.1614,0.0,3735.25
1998-02-15 00:00:00+00:00,12.54194444,39.76972222,,,0,1,0,0,0,-3.4,-0.11,291.4661,0.0,1782.5
1998-02-15 00:00:00+00:00,18.9,72.82,,,1,0,0,0,0,-3.4,-0.11,297.16205,0.0,0.0
1998-03-15 00:00:00+00:00,52.3,104.2833333,,,0,0,0,1,0,-4.0,0.87,265.717,0.0,427.25
1998-03-15 00:00:00+00:00,47.54260867,7.58371693,,,0,0,1,0,0,-4.0,0.87,282.56308,3.1321608e-05,304.73438
1998-03-15 00:00:00+00:00,23.27,5.6,,,0,1,0,0,0,-4.0,0.87,287.93442,0.0,2246.375
1998-03-15 00:00:00+00:00,69.1,-105.1166667,,,0,0,0,0,1,-4.0,0.87,233.23244,0.0,0.0
1998-03-15 00:00:00+00:00,0.38,6.72,,,1,0,0,0,0,-4.0,0.87,298.9148,0.0001014195,0.0
1998-03-15 00:00:00+00:00,-22.66416667,-48.06,,,1,0,0,0,0,-4.0,0.87,297.41525,9.852349e-06,490.46875
1998-03-15 00:00:00+00:00,-67.57,-68.13,,,0,0,0,0,1,-4.0,0.87,,,11.128906
1998-03-15 00:00:00+00:00,49.67,-93.72,,,0,0,0,1,0,-4.0,0.87,263.9055,0.0,427.09375
1998-03-15 00:00:00+00:00,29.7,91.13333333,,,0,0,0,0,1,-4.0,0.87,276.2336,0.0,3735.25
1998-03-15 00:00:00+00:00,12.54194444,39.76972222,,,0,1,0,0,0,-4.0,0.87,294.15515,0.0,1782.5
1998-03-15 00:00:00+00:00,18.9,72.82,,,1,0,0,0,0,-4.0,0.87,300.43652,0.0,0.0
1998-04-15 00:00:00+00:00,52.3,104.2833333,,,0,0,0,1,0,-2.4,-0.68,278.43234,0.0,427.25
1998-04-15 00:00:00+00:00,47.54260867,7.58371693,,,0,0,1,0,0,-2.4,-0.68,275.7455,1.7682532e-05,304.73438
1998-04-15 00:00:00+00:00,23.27,5.6,,,0,1,0,0,0,-2.4,-0.68,288.2093,0.0,2246.375
1998-04-15 00:00:00+00:00,69.1,-105.1166667,,,0,0,0,0,1,-2.4,-0.68,251.86986,0.0,0.0
1998-04-15 00:00:00+00:00,0.38,6.72,,,1,0,0,0,0,-2.4,-0.68,298.2455,8.636313e-05,0.0
1998-04-15 00:00:00+00:00,-22.66416667,-48.06,,,1,0,0,0,0,-2.4,-0.68,296.5357,0.0,490.46875
1998-04-15 00:00:00+00:00,-67.57,-68.13,,,0,0,0,0,1,-2.4,-0.68,,,11.128906
1998-04-15 00:00:00+00:00,49.67,-93.72,,,0,0,0,1,0,-2.4,-0.68,284.00598,0.000117582626,427.09375
1998-04-15 00:00:00+00:00,29.7,91.13333333,,,0,0,0,0,1,-2.4,-0.68,282.84995,0.0,3735.25
1998-04-15 00:00:00+00:00,12.54194444,39.76972222,,,0,1,0,0,0,-2.4,-0.68,295.31775,0.0,1782.5
1998-04-15 00:00:00+00:00,18.9,72.82,,,1,0,0,0,0,-2.4,-0.68,301.49823,0.0,0.0
1998-05-15 00:00:00+00:00,52.3,104.2833333,,,0,0,0,1,0,0.4,-1.32,293.90207,0.0,427.25
1998-05-15 00:00:00+00:00,47.54260867,7.58371693,,,0,0,1,0,0,0.4,-1.32,286.51773,1.8075798e-05,304.73438
1998-05-15 00:00:00+00:00,23.27,5.6,,,0,1,0,0,0,0.4,-1.32,299.3174,0.0,2246.375
1998-05-15 00:00:00+00:00,69.1,-105.1166667,,,0,0,0,0,1,0.4,-1.32,268.18878,1.7635304e-05,0.0
1998-05-15 00:00:00+00:00,0.38,6.72,,,1,0,0,0,0,0.4,-1.32,300.32132,1.6967708e-05,0.0
1998-05-15 00:00:00+00:00,-22.66416667,-48.06,,,1,0,0,0,0,0.4,-1.32,296.69736,5.566123e-06,490.46875
1998-05-15 00:00:00+00:00,-67.57,-68.13,,,0,0,0,0,1,0.4,-1.32,,,11.128906
1998-05-15 00:00:00+00:00,49.67,-93.72,,,0,0,0,1,0,0.4,-1.32,287.91043,0.0,427.09375
1998-05-15 00:00:00+00:00,29.7,91.13333333,,,0,0,0,0,1,0.4,-1.32,287.64206,2.2423732e-05,3735.25
1998-05-15 00:00:00+00:00,12.54194444,39.76972222,,,0,1,0,0,0,0.4,-1.32,296.26215,0.0,1782.5
1998-05-15 00:00:00+00:00,18.9,72.82,,,1,0,0,0,0,0.4,-1.32,303.30032,0.0,0.0
1998-06-15 00:00:00+00:00,52.3,104.2833333,,,0,0,0,1,0,1.6,-2.72,286.26114,0.0,427.25
1998-06-15 00:00:00+00:00,47.54260867,7.58371693,,,0,0,1,0,0,1.6,-2.72,289.39062,8.9478264e-05,304.73438
1998-06-15 00:00:00+00:00,23.27,5.6,,,0,1,0,0,0,1.6,-2.72,299.0224,6.4223727e-06,2246.375
1998-06-15 00:00:00+00:00,69.1,-105.1166667,,,0,0,0,0,1,1.6,-2.72,275.61932,0.0,0.0
1998-06-15 00:00:00+00:00,0.38,6.72,,,1,0,0,0,0,1.6,-2.72,297.43756,5.264317e-07,0.0
1998-06-15 00:00:00+00:00,-22.66416667,-48.06,,,1,0,0,0,0,1.6,-2.72,293.1523,1.775586e-05,490.46875
1998-06-15 00:00:00+00:00,-67.57,-68.13,,,0,0,0,0,1,1.6,-2.72,,,11.128906
1998-06-15 00:00:00+00:00,49.67,-93.72,,,0,0,0,1,0,1.6,-2.72,293.07465,4.374006e-05,427.09375
1998-06-15 00:00:00+00:00,29.7,91.13333333,,,0,0,0,0,1,1.6,-2.72,293.21756,0.0,3735.25
1998-06-15 00:00:00+00:00,12.54194444,39.76972222,,,0,1,0,0,0,1.6,-2.72,296.98462,0.0,1782.5
1998-06-15 00:00:00+00:00,18.9,72.82,,,1,0,0,0,0,1.6,-2.72,301.36942,4.6177356e-06,0.0
1998-07-15 00:00:00+00:00,52.3,104.2833333,,,0,0,0,1,0,2.0,-0.48,289.28384,0.0,427.25
1998-07-15 00:00:00+00:00,47.54260867,7.58371693,,,0,0,1,0,0,2.0,-0.48,294.16,0.0,304.73438
1998-07-15 00:00:00+00:00,23.27,5.6,,,0,1,0,0,0,2.0,-0.48,301.6951,2.5447227e-06,2246.375
1998-07-15 00:00:00+00:00,69.1,-105.1166667,,,0,0,0,0,1,2.0,-0.48,280.68466,0.0,0.0
1998-07-15 00:00:00+00:00,0.38,6.72,,,1,0,0,0,0,2.0,-0.48,296.3673,1.9064071e-06,0.0
1998-07-15 00:00:00+00:00,-22.66416667,-48.06,,,1,0,0,0,0,2.0,-0.48,288.21848,0.0,490.46875
1998-07-15 00:00:00+00:00,-67.57,-68.13,,,0,0,0,0,1,2.0,-0.48,,,11.128906
1998-07-15 00:00:00+00:00,49.67,-93.72,,,0,0,0,1,0,2.0,-0.48,293.96906,3.3122553e-05,427.09375
1998-07-15 00:00:00+00:00,29.7,91.13333333,,,0,0,0,0,1,2.0,-0.48,291.4358,9.787567e-05,3735.25
1998-07-15 00:00:00+00:00,12.54194444,39.76972222,,,0,1,0,0,0,2.0,-0.48,293.36136,0.0,1782.5
1998-07-15 00:00:00+00:00,18.9,72.82,,,1,0,0,0,0,2.0,-0.48,300.54205,0.00025428616,0.0
1998-08-15 00:00:00+00:00,52.3,104.2833333,,,0,0,0,1,0,1.9,-0.02,282.4968,0.0,427.25
1998-08-15 00:00:00+00:00,47.54260867,7.58371693,,,0,0,1,0,0,1.9,-0.02,292.9066,0.00021199761,304.73438
1998-08-15 00:00:00+00:00,23.27,5.6,,,0,1,0,0,0,1.9,-0.02,300.19376,0.0,2246.375
1998-08-15 00:00:00+00:00,69.1,-105.1166667,,,0,0,0,0,1,1.9,-0.02,283.66498,0.0,0.0
1998-08-15 00:00:00+00:00,0.38,6.72,,,1,0,0,0,0,1.9,-0.02,295.51233,6.1330543e-06,0.0
1998-08-15 00:00:00+00:00,-22.66416667,-48.06,,,1,0,0,0,0,1.9,-0.02,289.96848,0.0,490.46875
1998-08-15 00:00:00+00:00,-67.57,-68.13,,,0,0,0,0,1,1.9,-0.02,,,11.128906
1998-08-15 00:00:00+00:00,49.67,-93.72,,,0,0,0,1,0,1.9,-0.02,286.42368,0.0,427.09375
1998-08-15 00:00:00+00:00,29.7,91.13333333,,,0,0,0,0,1,1.9,-0.02,290.345,0.0,3735.25
1998-08-15 00:00:00+00:00,12.54194444,39.76972222,,,0,1,0,0,0,1.9,-0.02,292.49844,0.00016821975,1782.5
1998-08-15 00:00:00+00:00,18.9,72.82,,,1,0,0,0,0,1.9,-0.02,299.62405,0.00023243848,0.0
1998-09-15 00:00:00+00:00,52.3,104.2833333,,,0,0,0,1,0,1.7,-2.0,278.02692,0.0,427.25
1998-09-15 00:00:00+00:00,47.54260867,7.58371693,,,0,0,1,0,0,1.7,-2.0,290.0772,0.0,304.73438
1998-09-15 00:00:00+00:00,23.27,5.6,,,0,1,0,0,0,1.7,-2.0,297.41696,0.0,2246.375
1998-09-15 00:00:00+00:00,69.1,-105.1166667,,,0,0,0,0,1,1.7,-2.0,269.93088,0.0,0.0
1998-09-15 00:00:00+00:00,0.38,6.72,,,1,0,0,0,0,1.7,-2.0,296.7377,1.9152818e-05,0.0
1998-09-15 00:00:00+00:00,-22.66416667,-48.06,,,1,0,0,0,0,1.7,-2.0,292.7304,5.9490285e-06,490.46875
1998-09-15 00:00:00+00:00,-67.57,-68.13,,,0,0,0,0,1,1.7,-2.0,,,11.128906
1998-09-15 00:00:00+00:00,49.67,-93.72,,,0,0,0,1,0,1.7,-2.0,286.03,0.0,427.09375
1998-09-15 00:00:00+00:00,29.7,91.13333333,,,0,0,0,0,1,1.7,-2.0,288.7093,0.0,3735.25
1998-09-15 00:00:00+00:00,12.54194444,39.76972222,,,0,1,0,0,0,1.7,-2.0,293.04376,0.0,1782.5
1998-09-15 00:00:00+00:00,18.9,72.82,,,1,0,0,0,0,1.7,-2.0,300.8,3.2071803e-05,0.0
1998-10-15 00:00:00+00:00,52.3,104.2833333,,,0,0,0,1,0,1.8,-0.29,275.99435,0.0,427.25
1998-10-15 00:00:00+00:00,47.54260867,7.58371693,,,0,0,1,0,0,1.8,-0.29,282.06802,0.0001017934,304.73438
1998-10-15 00:00:00+00:00,23.27,5.6,,,0,1,0,0,0,1.8,-0.29,294.55606,0.0,2246.375
1998-10-15 00:00:00+00:00,69.1,-105.1166667,,,0,0,0,0,1,1.8,-0.29,269.92957,0.0,0.0
1998-10-15 00:00:00+00:00,0.38,6.72,,,1,0,0,0,0,1.8,-0.29,297.23535,6.4280146e-05,0.0
1998-10-15 00:00:00+00:00,-22.66416667,-48.06,,,1,0,0,0,0,1.8,-0.29,297.18832,0.00013680986,490.46875
1998-10-15 00:00:00+00:00,-67.57,-68.13,,,0,0,0,0,1,1.8,-0.29,,,11.128906
1998-10-15 00:00:00+00:00,49.67,-93.72,,,0,0,0,1,0,1.8,-0.29,275.03458,0.00014037262,427.09375
1998-10-15 00:00:00+00:00,29.7,91.13333333,,,0,0,0,0,1,1.8,-0.29,287.32693,0.0,3735.25
1998-10-15 00:00:00+00:00,12.54194444,39.76972222,,,0,1,0,0,0,1.8,-0.29,294.32455,0.0,1782.5
1998-10-15 00:00:00+00:00,18.9,72.82,,,1,0,0,0,0,1.8,-0.29,300.69653,0.0,0.0
1998-11-15 00:00:00+00:00,52.3,104.2833333,,,0,0,0,1,0,1.7,-0.28,261.76752,1.468103e-05,427.25
1998-11-15 00:00:00+00:00,47.54260867,7.58371693,,,0,0,1,0,0,1.7,-0.28,278.4799,0.0,304.73438
1998-11-15 00:00:00+00:00,23.27,5.6,,,0,1,0,0,0,1.7,-0.28,288.83667,0.0,2246.375
1998-11-15 00:00:00+00:00,69.1,-105.1166667,,,0,0,0,0,1,1.7,-0.28,259.82617,0.0,0.0
1998-11-15 00:00:00+00:00,0.38,6.72,,,1,0,0,0,0,1.7,-0.28,297.37952,5.11097e-05,0.0
1998-11-15 00:00:00+00:00,-22.66416667,-48.06,,,1,0,0,0,0,1.7,-0.28,297.93124,3.4642486e-05,490.46875
1998-11-15 00:00:00+00:00,-67.57,-68.13,,,0,0,0,0,1,1.7,-0.28,,,11.128906
1998-11-15 00:00:00+00:00,49.67,-93.72,,,0,0,0,1,0,1.7,-0.28,255.77542,2.3653922e-05,427.09375
1998-11-15 00:00:00+00:00,29.7,91.13333333,,,0,0,0,0,1,1.7,-0.28,277.9817,0.0,3735.25
1998-11-15 00:00:00+00:00,12.54194444,39.76972222,,,0,1,0,0,0,1.7,-0.28,294.664,0.0,1782.5
1998-11-15 00:00:00+00:00,18.9,72.82,,,1,0,0,0,0,1.7,-0.28,299.85022,5.053714e-05,0.0
1998-12-15 00:00:00+00:00,52.3,104.2833333,,,0,0,0,1,0,2.3,0.87,264.57275,5.54776e-06,427.25
1998-12-15 00:00:00+00:00,47.54260867,7.58371693,,,0,0,1,0,0,2.3,0.87,281.28574,7.601403e-05,304.73438
1998-12-15 00:00:00+00:00,23.27,5.6,,,0,1,0,0,0,2.3,0.87,280.38696,0.0,2246.375
1998-12-15 00:00:00+00:00,69.1,-105.1166667,,,0,0,0,0,1,2.3,0.87,238.61429,0.0,0.0
1998-12-15 00:00:00+00:00,0.38,6.72,,,1,0,0,0,0,2.3,0.87,296.7293,7.2318704e-05,0.0
1998-12-15 00:00:00+00:00,-22.66416667,-48.06,,,1,0,0,0,0,2.3,0.87,298.25925,1.7497574e-05,490.46875
1998-12-15 00:00:00+00:00,-67.57,-68.13,,,0,0,0,0,1,2.3,0.87,,,11.128906
1998-12-15 00:00:00+00:00,49.67,-93.72,,,0,0,0,1,0,2.3,0.87,263.21994,0.0,427.09375
1998-12-15 00:00:00+00:00,29.7,91.13333333,,,0,0,0,0,1,2.3,0.87,277.97247,0.0,3735.25
1998-12-15 00:00:00+00:00,12.54194444,39.76972222,,,0,1,0,0,0,2.3,0.87,288.0592,0.0,1782.5
1998-12-15 00:00:00+00:00,18.9,72.82,,,1,0,0,0,0,2.3,0.87,298.21307,0.0,0.0
1999-01-15 00:00:00+00:00,52.3,104.2833333,,,0,0,0,1,0,3.0,0.77,246.44167,0.0,427.25
1999-01-15 00:00:00+00:00,47.54260867,7.58371693,,,0,0,1,0,0,3.0,0.77,270.78107,2.5740554e-05,304.73438
1999-01-15 00:00:00+00:00,23.27,5.6,,,0,1,0,0,0,3.0,0.77,282.2601,0.0,2246.375
1999-01-15 00:00:00+00:00,69.1,-105.1166667,,,0,0,0,0,1,3.0,0.77,246.23924,0.0,0.0
1999-01-15 00:00:00+00:00,0.38,6.72,,,1,0,0,0,0,3.0,0.77,297.90967,0.00016206967,0.0
1999-01-15 00:00:00+00:00,-22.66416667,-48.06,,,1,0,0,0,0,3.0,0.77,298.60272,7.849747e-05,490.46875
1999-01-15 00:00:00+00:00,-67.57,-68.13,,,0,0,0,0,1,3.0,0.77,,,11.128906
1999-01-15 00:00:00+00:00,49.67,-93.72,,,0,0,0,1,0,3.0,0.77,264.89444,0.0,427.09375
1999-01-15 00:00:00+00:00,29.7,91.13333333,,,0,0,0,0,1,3.0,0.77,276.203,0.0,3735.25
1999-01-15 00:00:00+00:00,12.54194444,39.76972222,,,0,1,0,0,0,3.0,0.77,289.7141,0.0,1782.5
1999-01-15 00:00:00+00:00,18.9,72.82,,,1,0,0,0,0,3.0,0.77,297.6724,0.0,0.0
1999-02-15 00:00:00+00:00,52.3,104.2833333,,,0,0,0,1,0,1.6,0.29,246.75166,0.0,427.25
1999-02-15 00:00:00+00:00,47.54260867,7.58371693,,,0,0,1,0,0,1.6,0.29,275.40808,0.0,304.73438
1999-02-15 00:00:00+00:00,23.27,5.6,,,0,1,0,0,0,1.6,0.29,284.22345,0.0,2246.375
1999-02-15 00:00:00+00:00,69.1,-105.1166667,,,0,0,0,0,1,1.6,0.29,239.17218,0.0,0.0
1999-02-15 00:00:00+00:00,0.38,6.72,,,1,0,0,0,0,1.6,0.29,299.18228,7.094884e-05,0.0
1999-02-15 00:00:00+00:00,-22.66416667,-48.06,,,1,0,0,0,0,1.6,0.29,298.84796,5.5882043e-05,490.46875
1999-02-15 00:00:00+00:00,-67.57,-68.13,,,0,0,0,0,1,1.6,0.29,,,11.128906
1999-02-15 00:00:00+00:00,49.67,-93.72,,,0,0,0,1,0,1.6,0.29,261.8369,0.0,427.09375
1999-02-15 00:00:00+00:00,29.7,91.13333333,,,0,0,0,0,1,1.6,0.29,276.8979,0.0,3735.25
1999-02-15 00:00:00+00:00,12.54194444,39.76972222,,,0,1,0,0,0,1.6,0.29,291.45572,0.0,1782.5
1999-02-15 00:00:00+00:00,18.9,72.82,,,1,0,0,0,0,1.6,0.29,299.1527,0.0,0.0
1999-03-15 00:00:00+00:00,52.3,104.2833333,,,0,0,0,1,0,2.1,0.23,265.16666,0.0,427.25
1999-03-15 00:00:00+00:00,47.54260867,7.58371693,,,0,0,1,0,0,2.1,0.23,281.8739,0.0,304.73438
1999-03-15 00:00:00+00:00,23.27,5.6,,,0,1,0,0,0,2.1,0.23,289.4655,0.0,2246.375
1999-03-15 00:00:00+00:00,69.1,-105.1166667,,,0,0,0,0,1,2.1,0.23,241.54126,0.0,0.0
1999-03-15 00:00:00+00:00,0.38,6.72,,,1,0,0,0,0,2.1,0.23,299.72446,4.8854643e-05,0.0
1999-03-15 00:00:00+00:00,-22.66416667,-48.06,,,1,0,0,0,0,2.1,0.23,298.54608,0.00012610051,490.46875
1999-03-15 00:00:00+00:00,-67.57,-68.13,,,0,0,0,0,1,2.1,0.23,,,11.128906
1999-03-15 00:00:00+00:00,49.67,-93.72,,,0,0,0,1,0,2.1,0.23,272.2908,0.0,427.09375
1999-03-15 00:00:00+00:00,29.7,91.13333333,,,0,0,0,0,1,2.1,0.23,281.82233,0.0,3735.25
1999-03-15 00:00:00+00:00,12.54194444,39.76972222,,,0,1,0,0,0,2.1,0.23,294.02286,0.0,1782.5
1999-03-15 00:00:00+00:00,18.9,72.82,,,1,0,0,0,0,2.1,0.23,303.58804,0.0,0.0
1999-04-15 00:00:00+00:00,52.3,104.2833333,,,0,0,0,1,0,2.3,-0.95,275.78802,0.0,427.25
1999-04-15 00:00:00+00:00,47.54260867,7.58371693,,,0,0,1,0,0,2.3,-0.95,281.3106,0.00013069992,304.73438
1999-04-15 00:00:00+00:00,23.27,5.6,,,0,1,0,0,0,2.3,-0.95,292.16492,0.0,2246.375
1999-04-15 00:00:00+00:00,69.1,-105.1166667,,,0,0,0,0,1,2.3,-0.95,258.5493,0.0,0.0
1999-04-15 00:00:00+00:00,0.38,6.72,,,1,0,0,0,0,2.3,-0.95,299.62872,2.224433e-05,0.0
1999-04-15 00:00:00+00:00,-22.66416667,-48.06,,,1,0,0,0,0,2.3,-0.95,298.57678,0.0,490.46875
1999-04-15 00:00:00+00:00,-67.57,-68.13,,,0,0,0,0,1,2.3,-0.95,,,11.128906
1999-04-15 00:00:00+00:00,49.67,-93.72,,,0,0,0,1,0,2.3,-0.95,277.7348,0.0,427.09375
1999-04-15 00:00:00+00:00,29.7,91.13333333,,,0,0,0,0,1,2.3,-0.95,285.83847,0.0,3735.25
1999-04-15 00:00:00+00:00,12.54194444,39.76972222,,,0,1,0,0,0,2.3,-0.95,296.51996,0.0,1782.5
1999-04-15 00:00:00+00:00,18.9,72.82,,,1,0,0,0,0,2.3,-0.95,303.88312,0.0,0.0
1999-05-15 00:00:00+00:00,52.3,104.2833333,,,0,0,0,1,0,0.4,0.92,281.67072,0.0,427.25
1999-05-15 00:00:00+00:00,47.54260867,7.58371693,,,0,0,1,0,0,0.4,0.92,291.9477,0.0,304.73438
1999-05-15 00:00:00+00:00,23.27,5.6,,,0,1,0,0,0,0.4,0.92,297.3566,0.0,2246.375
1999-05-15 00:00:00+00:00,69.1,-105.1166667,,,0,0,0,0,1,0.4,0.92,270.88043,5.3279e-06,0.0
1999-05-15 00:00:00+00:00,0.38,6.72,,,1,0,0,0,0,0.4,0.92,298.55215,3.7893016e-05,0.0
1999-05-15 00:00:00+00:00,-22.66416667,-48.06,,,1,0,0,0,0,0.4,0.92,294.6503,0.00016486985,490.46875
1999-05-15 00:00:00+00:00,-67.57,-68.13,,,0,0,0,0,1,0.4,0.92,,,11.128906
1999-05-15 00:00:00+00:00,49.67,-93.72,,,0,0,0,1,0,0.4,0.92,284.8805,0.0,427.09375
1999-05-15 00:00:00+00:00,29.7,91.13333333,,,0,0,0,0,1,0.4,0.92,287.2174,1.479297e-05,3735.25
1999-05-15 00:00:00+00:00,12.54194444,39.76972222,,,0,1,0,0,0,0.4,0.92,296.8583,0.0,1782.5
1999-05-15 00:00:00+00:00,18.9,72.82,,,1,0,0,0,0,0.4,0.92,303.35257,4.0344817e-06,0.0
1999-06-15 00:00:00+00:00,52.3,104.2833333,,,0,0,0,1,0,0.4,1.12,283.563,0.0,427.25
1999-06-15 00:00:00+00:00,47.54260867,7.58371693,,,0,0,1,0,0,0.4,1.12,288.84726,0.0,304.73438
1999-06-15 00:00:00+00:00,23.27,5.6,,,0,1,0,0,0,0.4,1.12,300.34128,0.0,2246.375
1999-06-15 00:00:00+00:00,69.1,-105.1166667,,,0,0,0,0,1,0.4,1.12,278.04047,0.0,0.0
1999-06-15 00:00:00+00:00,0.38,6.72,,,1,0,0,0,0,0.4,1.12,296.46664,4.3830412e-05,0.0
1999-06-15 00:00:00+00:00,-22.66416667,-48.06,,,1,0,0,0,0,0.4,1.12,293.75534,0.0,490.46875
1999-06-15 00:00:00+00:00,-67.57,-68.13,,,0,0,0,0,1,0.4,1.12,,,11.128906
1999-06-15 00:00:00+00:00,49.67,-93.72,,,0,0,0,1,0,0.4,1.12,289.42554,0.0,427.09375
1999-06-15 00:00:00+00:00,29.7,91.13333333,,,0,0,0,0,1,0.4,1.12,292.0278,3.935995e-05,3735.25
1999-06-15 00:00:00+00:00,12.54194444,39.76972222,,,0,1,0,0,0,0.4,1.12,296.37936,0.0,1782.5
1999-06-15 00:00:00+00:00,18.9,72.82,,,1,0,0,0,0,0.4,1.12,301.30948,0.00026603224,0.0
1999-07-15 00:00:00+00:00,52.3,104.2833333,,,0,0,0,1,0,0.9,-0.9,287.0231,7.055169e-05,427.25
1999-07-15 00:00:00+00:00,47.54260867,7.58371693,,,0,0,1,0,0,0.9,-0.9,290.7548,0.00013039286,304.73438
1999-07-15 00:00:00+00:00,23.27,5.6,,,0,1,0,0,0,0.9,-0.9,299.5674,0.0,2246.375
1999-07-15 00:00:00+00:00,69.1,-105.1166667,,,0,0,0,0,1,0.9,-0.9,280.66623,0.0,0.0
1999-07-15 00:00:00+00:00,0.38,6.72,,,1,0,0,0,0,0.9,-0.9,295.28442,5.7649304e-06,0.0
1999-07-15 00:00:00+00:00,-22.66416667,-48.06,,,1,0,0,0,0,0.9,-0.9,291.15167,0.0,490.46875
1999-07-15 00:00:00+00:00,-67.57,-68.13,,,0,0,0,0,1,0.9,-0.9,,,11.128906
1999-07-15 00:00:00+00:00,49.67,-93.72,,,0,0,0,1,0,0.9,-0.9,293.5199,0.0001428683,427.09375
1999-07-15 00:00:00+00:00,29.7,91.13333333,,,0,0,0,0,1,0.9,-0.9,293.17926,8.265424e-05,3735.25
1999-07-15 00:00:00+00:00,12.54194444,39.76972222,,,0,1,0,0,0,0.9,-0.9,294.09286,0.0,1782.5
1999-07-15 00:00:00+00:00,18.9,72.82,,,1,0,0,0,0,0.9,-0.9,300.53796,0.00020263599,0.0
1999-08-15 00:00:00+00:00,52.3,104.2833333,,,0,0,0,1,0,0.6,0.39,290.74142,0.00010388341,427.25
1999-08-15 00:00:00+00:00,47.54260867,7.58371693,,,0,0,1,0,0,0.6,0.39,290.21097,0.0,304.73438
1999-08-15 00:00:00+00:00,23.27,5.6,,,0,1,0,0,0,0.6,0.39,300.6408,0.0,2246.375
1999-08-15 00:00:00+00:00,69.1,-105.1166667,,,0,0,0,0,1,0.6,0.39,277.4262,0.0,0.0
1999-08-15 00:00:00+00:00,0.38,6.72,,,1,0,0,0,0,0.6,0.39,296.44846,0.0,0.0
1999-08-15 00:00:00+00:00,-22.66416667,-48.06,,,1,0,0,0,0,0.6,0.39,291.8482,0.0,490.46875
1999-08-15 00:00:00+00:00,-67.57,-68.13,,,0,0,0,0,1,0.6,0.39,,,11.128906
1999-08-15 00:00:00+00:00,49.67,-93.72,,,0,0,0,1,0,0.6,0.39,293.90515,7.6125066e-06,427.09375
1999-08-15 00:00:00+00:00,29.7,91.13333333,,,0,0,0,0,1,0.6,0.39,289.85342,2.338836e-05,3735.25
1999-08-15 00:00:00+00:00,12.54194444,39.76972222,,,0,1,0,0,0,0.6,0.39,292.3277,0.0,1782.5
1999-08-15 00:00:00+00:00,18.9,72.82,,,1,0,0,0,0,0.6,0.39,302.03455,2.7479104e-05,0.0
1999-09-15 00:00:00+00:00,52.3,104.2833333,,,0,0,0,1,0,-0.1,0.36,282.85217,1.7655595e-05,427.25
1999-09-15 00:00:00+00:00,47.54260867,7.58371693,,,0,0,1,0,0,-0.1,0.36,282.8424,2.9883717e-05,304.73438
1999-09-15 00:00:00+00:00,23.27,5.6,,,0,1,0,0,0,-0.1,0.36,299.89685,0.0,2246.375
1999-09-15 00:00:00+00:00,69.1,-105.1166667,,,0,0,0,0,1,-0.1,0.36,273.49127,0.0,0.0
1999-09-15 00:00:00+00:00,0.38,6.72,,,1,0,0,0,0,-0.1,0.36,298.38574,0.0,0.0
1999-09-15 00:00:00+00:00,-22.66416667,-48.06,,,1,0,0,0,0,-0.1,0.36,294.19608,0.0,490.46875
1999-09-15 00:00:00+00:00,-67.57,-68.13,,,0,0,0,0,1,-0.1,0.36,,,11.128906
1999-09-15 00:00:00+00:00,49.67,-93.72,,,0,0,0,1,0,-0.1,0.36,277.4467,7.464272e-05,427.09375
1999-09-15 00:00:00+00:00,29.7,91.13333333,,,0,0,0,0,1,-0.1,0.36,290.10953,6.638889e-05,3735.25
1999-09-15 00:00:00+00:00,12.54194444,39.76972222,,,0,1,0,0,0,-0.1,0.36,294.05582,0.0,1782.5
1999-09-15 00:00:00+00:00,18.9,72.82,,,1,0,0,0,0,-0.1,0.36,300.25494,0.00010736554,0.0
1999-10-15 00:00:00+00:00,52.3,104.2833333,,,0,0,0,1,0,1.6,0.2,276.42615,9.819251e-06,427.25
1999-10-15 00:00:00+00:00,47.54260867,7.58371693,,,0,0,1,0,0,1.6,0.2,283.79062,0.0,304.73438
1999-10-15 00:00:00+00:00,23.27,5.6,,,0,1,0,0,0,1.6,0.2,291.4888,0.0,2246.375
1999-10-15 00:00:00+00:00,69.1,-105.1166667,,,0,0,0,0,1,1.6,0.2,250.43712,0.0,0.0
1999-10-15 00:00:00+00:00,0.38,6.72,,,1,0,0,0,0,1.6,0.2,297.23178,6.764029e-05,0.0
1999-10-15 00:00:00+00:00,-22.66416667,-48.06,,,1,0,0,0,0,1.6,0.2,294.89252,0.00011591558,490.46875
1999-10-15 00:00:00+00:00,-67.57,-68.13,,,0,0,0,0,1,1.6,0.2,,,11.128906
1999-10-15 00:00:00+00:00,49.67,-93.72,,,0,0,0,1,0,1.6,0.2,267.75586,6.980714e-06,427.09375
1999-10-15 00:00:00+00:00,29.7,91.13333333,,,0,0,0,0,1,1.6,0.2,286.87912,0.0,3735.25
1999-10-15 00:00:00+00:00,12.54194444,39.76972222,,,0,1,0,0,0,1.6,0.2,294.69604,0.0,1782.5
1999-10-15 00:00:00+00:00,18.9,72.82,,,1,0,0,0,0,1.6,0.2,301.10623,2.7757646e-05,0.0
1999-11-15 00:00:00+00:00,52.3,104.2833333,,,0,0,0,1,0,1.7,0.65,261.5827,0.0,427.25
1999-11-15 00:00:00+00:00,47.54260867,7.58371693,,,0,0,1,0,0,1.7,0.65,281.86874,4.6152614e-05,304.73438
1999-11-15 00:00:00+00:00,23.27,5.6,,,0,1,0,0,0,1.7,0.65,289.02234,0.0,2246.375
1999-11-15 00:00:00+00:00,69.1,-105.1166667,,,0,0,0,0,1,1.7,0.65,261.7432,2.0330679e-05,0.0
1999-11-15 00:00:00+00:00,0.38,6.72,,,1,0,0,0,0,1.7,0.65,296.68915,0.00044379415,0.0
1999-11-15 00:00:00+00:00,-22.66416667,-48.06,,,1,0,0,0,0,1.7,0.65,297.51193,9.237346e-06,490.46875
1999-11-15 00:00:00+00:00,-67.57,-68.13,,,0,0,0,0,1,1.7,0.65,,,11.128906
1999-11-15 00:00:00+00:00,49.67,-93.72,,,0,0,0,1,0,1.7,0.65,275.59653,0.0,427.09375
1999-11-15 00:00:00+00:00,29.7,91.13333333,,,0,0,0,0,1,1.7,0.65,281.8209,0.0,3735.25
1999-11-15 00:00:00+00:00,12.54194444,39.76972222,,,0,1,0,0,0,1.7,0.65,292.98978,0.0,1782.5
1999-11-15 00:00:00+00:00,18.9,72.82,,,1,0,0,0,0,1.7,0.65,300.57794,0.0,0.0
1999-12-15 00:00:00+00:00,52.3,104.2833333,,,0,0,0,1,0,2.4,1.61,259.87592,1.8101437e-05,427.25
1999-12-15 00:00:00+00:00,47.54260867,7.58371693,,,0,0,1,0,0,2.4,1.61,271.4559,0.0,304.73438
1999-12-15 00:00:00+00:00,23.27,5.6,,,0,1,0,0,0,2.4,1.61,285.70203,0.0,2246.375
1999-12-15 00:00:00+00:00,69.1,-105.1166667,,,0,0,0,0,1,2.4,1.61,248.85046,0.0,0.0
1999-12-15 00:00:00+00:00,0.38,6.72,,,1,0,0,0,0,2.4,1.61,298.47076,5.4279302e-05,0.0
1999-12-15 00:00:00+00:00,-22.66416667,-48.06,,,1,0,0,0,0,2.4,1.61,298.51584,0.0,490.46875
1999-12-15 00:00:00+00:00,-67.57,-68.13,,,0,0,0,0,1,2.4,1.61,,,11.128906
1999-12-15 00:00:00+00:00,49.67,-93.72,,,0,0,0,1,0,2.4,1.61,267.58844,0.0,427.09375
1999-12-15 00:00:00+00:00,29.7,91.13333333,,,0,0,0,0,1,2.4,1.61,275.9127,0.0,3735.25
1999-12-15 00:00:00+00:00,12.54194444,39.76972222,,,0,1,0,0,0,2.4,1.61,289.9224,0.0,1782.5
1999-12-15 00:00:00+00:00,18.9,72.82,,,1,0,0,0,0,2.4,1.61,297.9253,0.0,0.0
