{
"type": "FeatureCollection",
"name": "DataTrain_Alt",
"crs": { "type": "name", "properties": { "name": "urn:ogc:def:crs:OGC:1.3:CRS84" } },
"features": [
{ "type": "Feature", "properties": { "Altitude": 49.394531 }, "geometry": { "type": "Point", "coordinates": [ -60.02, -3.12 ] } },
{ "type": "Feature", "properties": { "Altitude": 134.42188 }, "geometry": { "type": "Point", "coordinates": [ 8.7519, 52.1042 ] } },
{ "type": "Feature", "properties": { "Altitude": 11.163086 }, "geometry": { "type": "Point", "coordinates": [ -79.6, 8.92 ] } },
{ "type": "Feature", "properties": { "Altitude": 407.5 }, "geometry": { "type": "Point", "coordinates": [ 8.788556051, 46.17378583 ] } },
{ "type": "Feature", "properties": { "Altitude": 438.375 }, "geometry": { "type": "Point", "coordinates": [ 23.8675, 38.05011111 ] } },
{ "type": "Feature", "properties": { "Altitude": 22.958008 }, "geometry": { "type": "Point", "coordinates": [ 35.3, 36.98 ] } },
{ "type": "Feature", "properties": { "Altitude": 0.0 }, "geometry": { "type": "Point", "coordinates": [ 172.92, 1.35 ] } },
{ "type": "Feature", "properties": { "Altitude": 38.650391 }, "geometry": { "type": "Point", "coordinates": [ 11.93333333, 78.91666667 ] } },
{ "type": "Feature", "properties": { "Altitude": 359.875 }, "geometry": { "type": "Point", "coordinates": [ -5.47, 12.38 ] } },
{ "type": "Feature", "properties": { "Altitude": 222.79688 }, "geometry": { "type": "Point", "coordinates": [ 77.2, 28.58 ] } },
{ "type": "Feature", "properties": { "Altitude": 0.0 }, "geometry": { "type": "Point", "coordinates": [ -64.15, 46.29 ] } },
{ "type": "Feature", "properties": { "Altitude": 7.1804199 }, "geometry": { "type": "Point", "coordinates": [ 75.78, 11.25 ] } },
{ "type": "Feature", "properties": { "Altitude": 442.90625 }, "geometry": { "type": "Point", "coordinates": [ 9.19, 47.6772 ] } },
{ "type": "Feature", "properties": { "Altitude": 123.02734 }, "geometry": { "type": "Point", "coordinates": [ -82.21666667, 23.05 ] } },
{ "type": "Feature", "properties": { "Altitude": 459.29688 }, "geometry": { "type": "Point", "coordinates": [ 21.53, 68.68333333 ] } },
{ "type": "Feature", "properties": { "Altitude": 18.375977 }, "geometry": { "type": "Point", "coordinates": [ 88.85, 23.64 ] } },
{ "type": "Feature", "properties": { "Altitude": 12.836426 }, "geometry": { "type": "Point", "coordinates": [ -60.73, -31.75 ] } },
{ "type": "Feature", "properties": { "Altitude": 1095.0625 }, "geometry": { "type": "Point", "coordinates": [ -46.46583333, -22.71 ] } },
{ "type": "Feature", "properties": { "Altitude": 7.4401855 }, "geometry": { "type": "Point", "coordinates": [ -155.07, 19.72 ] } },
{ "type": "Feature", "properties": { "Altitude": 13.122559 }, "geometry": { "type": "Point", "coordinates": [ -85.66666667, 9.966666667 ] } },
{ "type": "Feature", "properties": { "Altitude": 572.9375 }, "geometry": { "type": "Point", "coordinates": [ 19.59, 49.0975 ] } },
{ "type": "Feature", "properties": { "Altitude": 113.78516 }, "geometry": { "type": "Point", "coordinates": [ 1.940433, 47.833185 ] } },
{ "type": "Feature", "properties": { "Altitude": 13.000488 }, "geometry": { "type": "Point", "coordinates": [ 27.15111111, 38.43055556 ] } },
{ "type": "Feature", "properties": { "Altitude": 177.36719 }, "geometry": { "type": "Point", "coordinates": [ 27.88333333, 47.7 ] } },
{ "type": "Feature", "properties": { "Altitude": 94.726562 }, "geometry": { "type": "Point", "coordinates": [ 28.49166667, 47.4 ] } },
{ "type": "Feature", "properties": { "Altitude": 1014.125 }, "geometry": { "type": "Point", "coordinates": [ -65.76, 18.27 ] } },
{ "type": "Feature", "properties": { "Altitude": 105.30859 }, "geometry": { "type": "Point", "coordinates": [ 21.49041944, 47.47051111 ] } },
{ "type": "Feature", "properties": { "Altitude": 113.0625 }, "geometry": { "type": "Point", "coordinates": [ 21.79, 38.28 ] } },
{ "type": "Feature", "properties": { "Altitude": 283.89062 }, "geometry": { "type": "Point", "coordinates": [ 14.597, 46.095 ] } },
{ "type": "Feature", "properties": { "Altitude": 265.90625 }, "geometry": { "type": "Point", "coordinates": [ 9.9578, 49.7703 ] } },
{ "type": "Feature", "properties": { "Altitude": 80.589844 }, "geometry": { "type": "Point", "coordinates": [ 127.46, 36.62 ] } },
{ "type": "Feature", "properties": { "Altitude": 60.339844 }, "geometry": { "type": "Point", "coordinates": [ -58.83, -27.47 ] } },
{ "type": "Feature", "properties": { "Altitude": 52.294922 }, "geometry": { "type": "Point", "coordinates": [ 0.493333172, 40.8203002 ] } },
{ "type": "Feature", "properties": { "Altitude": 2580.375 }, "geometry": { "type": "Point", "coordinates": [ -99.20359444, 19.27116389 ] } },
{ "type": "Feature", "properties": { "Altitude": 61.966797 }, "geometry": { "type": "Point", "coordinates": [ -6.648333333, 54.35333333 ] } },
{ "type": "Feature", "properties": { "Altitude": 105.53516 }, "geometry": { "type": "Point", "coordinates": [ -20.56666667, -75.58333333 ] } },
{ "type": "Feature", "properties": { "Altitude": 0.0 }, "geometry": { "type": "Point", "coordinates": [ 25.95, 31.62 ] } },
{ "type": "Feature", "properties": { "Altitude": 738.875 }, "geometry": { "type": "Point", "coordinates": [ 55.75, -21.15 ] } },
{ "type": "Feature", "properties": { "Altitude": 186.0 }, "geometry": { "type": "Point", "coordinates": [ -87.75, 41.78 ] } },
{ "type": "Feature", "properties": { "Altitude": 8.8959961 }, "geometry": { "type": "Point", "coordinates": [ 7.423583333, 43.73238889 ] } },
{ "type": "Feature", "properties": { "Altitude": 1.3475342 }, "geometry": { "type": "Point", "coordinates": [ -123.0172222, 49.19472222 ] } },
{ "type": "Feature", "properties": { "Altitude": 0.0 }, "geometry": { "type": "Point", "coordinates": [ -14.42, -7.92 ] } },
{ "type": "Feature", "properties": { "Altitude": 0.0 }, "geometry": { "type": "Point", "coordinates": [ 151.85, 7.47 ] } },
{ "type": "Feature", "properties": { "Altitude": 918.34375 }, "geometry": { "type": "Point", "coordinates": [ -100.7463889, 41.05916667 ] } },
{ "type": "Feature", "properties": { "Altitude": 0.0 }, "geometry": { "type": "Point", "coordinates": [ -177.37, 28.22 ] } },
{ "type": "Feature", "properties": { "Altitude": 507.71875 }, "geometry": { "type": "Point", "coordinates": [ -106.6244, 52.141 ] } },
{ "type": "Feature", "properties": { "Altitude": 73.40625 }, "geometry": { "type": "Point", "coordinates": [ 81.13333333, 6.433333333 ] } },
{ "type": "Feature", "properties": { "Altitude": 40.330078 }, "geometry": { "type": "Point", "coordinates": [ 28.2, 45.8 ] } },
{ "type": "Feature", "properties": { "Altitude": 370.03125 }, "geometry": { "type": "Point", "coordinates": [ 15.44888889, 47.07777778 ] } },
{ "type": "Feature", "properties": { "Altitude": 112.08594 }, "geometry": { "type": "Point", "coordinates": [ -75.67, 45.32 ] } },
{ "type": "Feature", "properties": { "Altitude": 600.90625 }, "geometry": { "type": "Point", "coordinates": [ 8.186782163, 46.72738634 ] } },
{ "type": "Feature", "properties": { "Altitude": 162.28906 }, "geometry": { "type": "Point", "coordinates": [ 49.61666667, 58.65 ] } },
{ "type": "Feature", "properties": { "Altitude": 0.0 }, "geometry": { "type": "Point", "coordinates": [ 100.05, 9.466666667 ] } },
{ "type": "Feature", "properties": { "Altitude": 408.09375 }, "geometry": { "type": "Point", "coordinates": [ -64.24918333, -33.11011944 ] } },
{ "type": "Feature", "properties": { "Altitude": 1527.1875 }, "geometry": { "type": "Point", "coordinates": [ 29.22716, -1.68218 ] } },
{ "type": "Feature", "properties": { "Altitude": 248.26562 }, "geometry": { "type": "Point", "coordinates": [ 7.594444444, 47.59583333 ] } },
{ "type": "Feature", "properties": { "Altitude": 507.65625 }, "geometry": { "type": "Point", "coordinates": [ -70.7, -33.45 ] } },
{ "type": "Feature", "properties": { "Altitude": 16.645508 }, "geometry": { "type": "Point", "coordinates": [ -94.06, 58.75 ] } },
{ "type": "Feature", "properties": { "Altitude": 716.1875 }, "geometry": { "type": "Point", "coordinates": [ 11.0622, 47.4828 ] } },
{ "type": "Feature", "properties": { "Altitude": 391.1875 }, "geometry": { "type": "Point", "coordinates": [ 57.47873889, -20.299175 ] } },
{ "type": "Feature", "properties": { "Altitude": 14.827637 }, "geometry": { "type": "Point", "coordinates": [ -0.366386255, 39.48056611 ] } },
{ "type": "Feature", "properties": { "Altitude": 108.88672 }, "geometry": { "type": "Point", "coordinates": [ 25.75518056, 66.49686111 ] } },
{ "type": "Feature", "properties": { "Altitude": 1281.8125 }, "geometry": { "type": "Point", "coordinates": [ 31.76111111, -0.331666667 ] } },
{ "type": "Feature", "properties": { "Altitude": 80.6875 }, "geometry": { "type": "Point", "coordinates": [ 10.4464, 52.2914 ] } },
{ "type": "Feature", "properties": { "Altitude": 90.308594 }, "geometry": { "type": "Point", "coordinates": [ 28.9, 46.96666667 ] } },
{ "type": "Feature", "properties": { "Altitude": 68.566406 }, "geometry": { "type": "Point", "coordinates": [ 140.72, -2.53 ] } },
{ "type": "Feature", "properties": { "Altitude": 5.4519043 }, "geometry": { "type": "Point", "coordinates": [ 8.85, 44.42 ] } },
{ "type": "Feature", "properties": { "Altitude": 259.26562 }, "geometry": { "type": "Point", "coordinates": [ 6.6581, 49.7478 ] } },
{ "type": "Feature", "properties": { "Altitude": 467.60938 }, "geometry": { "type": "Point", "coordinates": [ -6.4, 32.36666667 ] } },
{ "type": "Feature", "properties": { "Altitude": 974.96875 }, "geometry": { "type": "Point", "coordinates": [ 11.0108, 47.8008 ] } },
{ "type": "Feature", "properties": { "Altitude": 200.63281 }, "geometry": { "type": "Point", "coordinates": [ 16.35638889, 48.24861111 ] } },
{ "type": "Feature", "properties": { "Altitude": 920.125 }, "geometry": { "type": "Point", "coordinates": [ 32.88, 39.95 ] } },
{ "type": "Feature", "properties": { "Altitude": 105.19531 }, "geometry": { "type": "Point", "coordinates": [ 112.4333333, 68.5 ] } },
{ "type": "Feature", "properties": { "Altitude": 6.2902832 }, "geometry": { "type": "Point", "coordinates": [ -119.2833333, 76.23333333 ] } },
{ "type": "Feature", "properties": { "Altitude": 388.64062 }, "geometry": { "type": "Point", "coordinates": [ 37.21666667, 36.18333333 ] } },
{ "type": "Feature", "properties": { "Altitude": 55.289062 }, "geometry": { "type": "Point", "coordinates": [ 101.7833306, 2.883333333 ] } },
{ "type": "Feature", "properties": { "Altitude": 1406.625 }, "geometry": { "type": "Point", "coordinates": [ -111.7148, 40.2778 ] } },
{ "type": "Feature", "properties": { "Altitude": 27.780273 }, "geometry": { "type": "Point", "coordinates": [ -16.67, 81.6 ] } },
{ "type": "Feature", "properties": { "Altitude": 5.1230469 }, "geometry": { "type": "Point", "coordinates": [ 106.83, -6.18 ] } },
{ "type": "Feature", "properties": { "Altitude": 570.6875 }, "geometry": { "type": "Point", "coordinates": [ -16.30333333, 28.50444444 ] } },
{ "type": "Feature", "properties": { "Altitude": 12.141602 }, "geometry": { "type": "Point", "coordinates": [ -21.93, 64.13 ] } },
{ "type": "Feature", "properties": { "Altitude": 200.4375 }, "geometry": { "type": "Point", "coordinates": [ -75.289167, 9.357072 ] } },
{ "type": "Feature", "properties": { "Altitude": 1116.625 }, "geometry": { "type": "Point", "coordinates": [ -86.31138889, 13.03916667 ] } },
{ "type": "Feature", "properties": { "Altitude": 6.1674805 }, "geometry": { "type": "Point", "coordinates": [ 144.97, -37.82 ] } },
{ "type": "Feature", "properties": { "Altitude": 1473.25 }, "geometry": { "type": "Point", "coordinates": [ 31.02, -17.83 ] } },
{ "type": "Feature", "properties": { "Altitude": 631.21875 }, "geometry": { "type": "Point", "coordinates": [ 15.58333333, 40.95 ] } },
{ "type": "Feature", "properties": { "Altitude": 82.167969 }, "geometry": { "type": "Point", "coordinates": [ 144.69, -40.68 ] } },
{ "type": "Feature", "properties": { "Altitude": 1017.5312 }, "geometry": { "type": "Point", "coordinates": [ -88.51805556, 13.50277778 ] } },
{ "type": "Feature", "properties": { "Altitude": 0.0 }, "geometry": { "type": "Point", "coordinates": [ 12.91666667, 41.38333333 ] } },
{ "type": "Feature", "properties": { "Altitude": 632.4375 }, "geometry": { "type": "Point", "coordinates": [ -27.33, 38.72 ] } },
{ "type": "Feature", "properties": { "Altitude": 1.6268311 }, "geometry": { "type": "Point", "coordinates": [ -176.65, 51.88 ] } },
{ "type": "Feature", "properties": { "Altitude": 544.75 }, "geometry": { "type": "Point", "coordinates": [ 133.88, -23.8 ] } },
{ "type": "Feature", "properties": { "Altitude": 3.8469238 }, "geometry": { "type": "Point", "coordinates": [ 100.4, 6.2 ] } },
{ "type": "Feature", "properties": { "Altitude": 5.7392578 }, "geometry": { "type": "Point", "coordinates": [ 100.5, 13.73 ] } },
{ "type": "Feature", "properties": { "Altitude": 10.664062 }, "geometry": { "type": "Point", "coordinates": [ -73.03333333, -36.79744444 ] } },
{ "type": "Feature", "properties": { "Altitude": 1515.25 }, "geometry": { "type": "Point", "coordinates": [ 91.88, 25.57 ] } },
{ "type": "Feature", "properties": { "Altitude": 111.70312 }, "geometry": { "type": "Point", "coordinates": [ 57.39833333, -20.26805556 ] } },
{ "type": "Feature", "properties": { "Altitude": 2781.625 }, "geometry": { "type": "Point", "coordinates": [ -78.48333333, -0.166666667 ] } },
{ "type": "Feature", "properties": { "Altitude": 244.98438 }, "geometry": { "type": "Point", "coordinates": [ -1.004162565, 41.66056063 ] } },
{ "type": "Feature", "properties": { "Altitude": 45.302734 }, "geometry": { "type": "Point", "coordinates": [ -59.48972222, 13.07176111 ] } },
{ "type": "Feature", "properties": { "Altitude": 2.7424316 }, "geometry": { "type": "Point", "coordinates": [ 145.8, -5.22 ] } },
{ "type": "Feature", "properties": { "Altitude": 1381.3125 }, "geometry": { "type": "Point", "coordinates": [ -96.91, 19.53 ] } },
{ "type": "Feature", "properties": { "Altitude": 661.0 }, "geometry": { "type": "Point", "coordinates": [ 10.27266, 43.97455 ] } },
{ "type": "Feature", "properties": { "Altitude": 16.515625 }, "geometry": { "type": "Point", "coordinates": [ 130.87, -12.43 ] } },
{ "type": "Feature", "properties": { "Altitude": 137.14062 }, "geometry": { "type": "Point", "coordinates": [ -25.65, 37.77 ] } },
{ "type": "Feature", "properties": { "Altitude": 116.25 }, "geometry": { "type": "Point", "coordinates": [ 80.93888889, 26.87472222 ] } },
{ "type": "Feature", "properties": { "Altitude": 671.09375 }, "geometry": { "type": "Point", "coordinates": [ -3.67806112, 40.41195035 ] } },
{ "type": "Feature", "properties": { "Altitude": 816.46875 }, "geometry": { "type": "Point", "coordinates": [ 35.5, 32.97 ] } },
{ "type": "Feature", "properties": { "Altitude": 56.794922 }, "geometry": { "type": "Point", "coordinates": [ -8.421399, 43.365884 ] } },
{ "type": "Feature", "properties": { "Altitude": 1157.3125 }, "geometry": { "type": "Point", "coordinates": [ -84.10913333, 10.00036389 ] } },
{ "type": "Feature", "properties": { "Altitude": 313.79688 }, "geometry": { "type": "Point", "coordinates": [ 9.2, 48.8281 ] } },
{ "type": "Feature", "properties": { "Altitude": 109.49609 }, "geometry": { "type": "Point", "coordinates": [ 18.46111111, -33.95833333 ] } },
{ "type": "Feature", "properties": { "Altitude": 3064.0 }, "geometry": { "type": "Point", "coordinates": [ -78.55, -0.37 ] } },
{ "type": "Feature", "properties": { "Altitude": 131.14062 }, "geometry": { "type": "Point", "coordinates": [ 80.45, 7.533333333 ] } },
{ "type": "Feature", "properties": { "Altitude": 661.125 }, "geometry": { "type": "Point", "coordinates": [ -88.02145, 14.93894444 ] } },
{ "type": "Feature", "properties": { "Altitude": 0.0 }, "geometry": { "type": "Point", "coordinates": [ 6.57, 58.1 ] } },
{ "type": "Feature", "properties": { "Altitude": 16.674805 }, "geometry": { "type": "Point", "coordinates": [ -85.53, 10.5 ] } },
{ "type": "Feature", "properties": { "Altitude": 1924.0 }, "geometry": { "type": "Point", "coordinates": [ 8.332719621, 46.57248471 ] } },
{ "type": "Feature", "properties": { "Altitude": 1616.0625 }, "geometry": { "type": "Point", "coordinates": [ 13.71777778, 47.81666667 ] } },
{ "type": "Feature", "properties": { "Altitude": 1.7120972 }, "geometry": { "type": "Point", "coordinates": [ -90.30222222, -0.743055556 ] } },
{ "type": "Feature", "properties": { "Altitude": 168.53906 }, "geometry": { "type": "Point", "coordinates": [ 126.62, 45.68 ] } },
{ "type": "Feature", "properties": { "Altitude": 2835.75 }, "geometry": { "type": "Point", "coordinates": [ -77.81944444, 0.604166667 ] } },
{ "type": "Feature", "properties": { "Altitude": 176.47656 }, "geometry": { "type": "Point", "coordinates": [ -75.4, -0.92 ] } },
{ "type": "Feature", "properties": { "Altitude": 244.72656 }, "geometry": { "type": "Point", "coordinates": [ -51.18, -30.08 ] } },
{ "type": "Feature", "properties": { "Altitude": 7.7121582 }, "geometry": { "type": "Point", "coordinates": [ 6.55, 53.23 ] } },
{ "type": "Feature", "properties": { "Altitude": 434.125 }, "geometry": { "type": "Point", "coordinates": [ 6.233803787, 46.39864119 ] } },
{ "type": "Feature", "properties": { "Altitude": 366.15625 }, "geometry": { "type": "Point", "coordinates": [ 22.79993889, 45.06767778 ] } },
{ "type": "Feature", "properties": { "Altitude": 1451.4375 }, "geometry": { "type": "Point", "coordinates": [ 101.3833333, 4.466666667 ] } },
{ "type": "Feature", "properties": { "Altitude": 155.11719 }, "geometry": { "type": "Point", "coordinates": [ 123.9, 13.1 ] } },
{ "type": "Feature", "properties": { "Altitude": 1012.8125 }, "geometry": { "type": "Point", "coordinates": [ -47.93, -15.85 ] } },
{ "type": "Feature", "properties": { "Altitude": 33.068359 }, "geometry": { "type": "Point", "coordinates": [ -10.25, 51.93 ] } },
{ "type": "Feature", "properties": { "Altitude": 17.209961 }, "geometry": { "type": "Point", "coordinates": [ 4.93, 51.57 ] } },
{ "type": "Feature", "properties": { "Altitude": 359.875 }, "geometry": { "type": "Point", "coordinates": [ 18.56247222, 4.377083333 ] } },
{ "type": "Feature", "properties": { "Altitude": 286.6875 }, "geometry": { "type": "Point", "coordinates": [ -63.9775, -65.07944444 ] } },
{ "type": "Feature", "properties": { "Altitude": 238.80469 }, "geometry": { "type": "Point", "coordinates": [ 14.9506, 51.1622 ] } },
{ "type": "Feature", "properties": { "Altitude": 1.5737915 }, "geometry": { "type": "Point", "coordinates": [ -5.35, 36.15 ] } },
{ "type": "Feature", "properties": { "Altitude": 0.0 }, "geometry": { "type": "Point", "coordinates": [ 30.7, 36.88 ] } },
{ "type": "Feature", "properties": { "Altitude": 17.163086 }, "geometry": { "type": "Point", "coordinates": [ -67.14, 18.21 ] } },
{ "type": "Feature", "properties": { "Altitude": 125.46484 }, "geometry": { "type": "Point", "coordinates": [ 12.43, 51.35 ] } },
{ "type": "Feature", "properties": { "Altitude": 735.625 }, "geometry": { "type": "Point", "coordinates": [ -4.754446679, 41.64083945 ] } },
{ "type": "Feature", "properties": { "Altitude": 1348.75 }, "geometry": { "type": "Point", "coordinates": [ 79.93333333, 37.13333333 ] } },
{ "type": "Feature", "properties": { "Altitude": 3202.0 }, "geometry": { "type": "Point", "coordinates": [ -38.4799, 72.58 ] } },
{ "type": "Feature", "properties": { "Altitude": 150.79688 }, "geometry": { "type": "Point", "coordinates": [ 28.3, 46.49722222 ] } },
{ "type": "Feature", "properties": { "Altitude": 881.625 }, "geometry": { "type": "Point", "coordinates": [ 6.333333333, 44.13333333 ] } },
{ "type": "Feature", "properties": { "Altitude": 30.959961 }, "geometry": { "type": "Point", "coordinates": [ 4.888775, 43.91281944 ] } },
{ "type": "Feature", "properties": { "Altitude": 34.056641 }, "geometry": { "type": "Point", "coordinates": [ 114.1666667, 22.31666667 ] } },
{ "type": "Feature", "properties": { "Altitude": 1395.625 }, "geometry": { "type": "Point", "coordinates": [ -84.81, 10.30513889 ] } },
{ "type": "Feature", "properties": { "Altitude": 149.28125 }, "geometry": { "type": "Point", "coordinates": [ 36.28333333, 49.93333333 ] } },
{ "type": "Feature", "properties": { "Altitude": 177.79688 }, "geometry": { "type": "Point", "coordinates": [ -56.1, -15.6 ] } },
{ "type": "Feature", "properties": { "Altitude": 231.57812 }, "geometry": { "type": "Point", "coordinates": [ 43.12988333, 36.34064444 ] } },
{ "type": "Feature", "properties": { "Altitude": 182.40625 }, "geometry": { "type": "Point", "coordinates": [ -90.325, -0.694444444 ] } },
{ "type": "Feature", "properties": { "Altitude": 112.44141 }, "geometry": { "type": "Point", "coordinates": [ 8.365, 49.0392 ] } },
{ "type": "Feature", "properties": { "Altitude": 334.40625 }, "geometry": { "type": "Point", "coordinates": [ -119.559, 49.1823 ] } },
{ "type": "Feature", "properties": { "Altitude": 0.0 }, "geometry": { "type": "Point", "coordinates": [ 37.87, -46.88 ] } },
{ "type": "Feature", "properties": { "Altitude": 298.53125 }, "geometry": { "type": "Point", "coordinates": [ 14.51666667, 46.06666667 ] } },
{ "type": "Feature", "properties": { "Altitude": 27.053711 }, "geometry": { "type": "Point", "coordinates": [ 114.81, 4.05 ] } },
{ "type": "Feature", "properties": { "Altitude": 823.65625 }, "geometry": { "type": "Point", "coordinates": [ 123.1759167, 9.29255 ] } },
{ "type": "Feature", "properties": { "Altitude": -0.90939331 }, "geometry": { "type": "Point", "coordinates": [ 168.32, -46.42 ] } },
{ "type": "Feature", "properties": { "Altitude": -4.4990234 }, "geometry": { "type": "Point", "coordinates": [ 5.05, 52.8 ] } },
{ "type": "Feature", "properties": { "Altitude": 448.71875 }, "geometry": { "type": "Point", "coordinates": [ 14.31833333, 46.64833333 ] } },
{ "type": "Feature", "properties": { "Altitude": 0.0 }, "geometry": { "type": "Point", "coordinates": [ -18.66666667, 76.76666667 ] } },
{ "type": "Feature", "properties": { "Altitude": 2148.125 }, "geometry": { "type": "Point", "coordinates": [ 13.67138889, 46.60305556 ] } },
{ "type": "Feature", "properties": { "Altitude": 4.737793 }, "geometry": { "type": "Point", "coordinates": [ -48.48, -1.43 ] } },
{ "type": "Feature", "properties": { "Altitude": 140.28906 }, "geometry": { "type": "Point", "coordinates": [ -109.43, -27.17 ] } },
{ "type": "Feature", "properties": { "Altitude": 444.85938 }, "geometry": { "type": "Point", "coordinates": [ 23.866675, 38.05011111 ] } },
{ "type": "Feature", "properties": { "Altitude": 27.091797 }, "geometry": { "type": "Point", "coordinates": [ 121.4, 37.53 ] } },
{ "type": "Feature", "properties": { "Altitude": 1549.8125 }, "geometry": { "type": "Point", "coordinates": [ -88.09023056, 14.93085556 ] } },
{ "type": "Feature", "properties": { "Altitude": 50.095703 }, "geometry": { "type": "Point", "coordinates": [ -3.800555816, 43.49111613 ] } },
{ "type": "Feature", "properties": { "Altitude": 20.375 }, "geometry": { "type": "Point", "coordinates": [ 115.97, -31.95 ] } },
{ "type": "Feature", "properties": { "Altitude": 298.15625 }, "geometry": { "type": "Point", "coordinates": [ -148.38, 64.68972778 ] } },
{ "type": "Feature", "properties": { "Altitude": 410.0 }, "geometry": { "type": "Point", "coordinates": [ -6.333333333, 39.46666667 ] } },
{ "type": "Feature", "properties": { "Altitude": 86.441406 }, "geometry": { "type": "Point", "coordinates": [ 7.6, 50.3381 ] } },
{ "type": "Feature", "properties": { "Altitude": 382.5625 }, "geometry": { "type": "Point", "coordinates": [ -7.995494444, 12.69325 ] } },
{ "type": "Feature", "properties": { "Altitude": 57.433594 }, "geometry": { "type": "Point", "coordinates": [ -54.71666667, -2.433333333 ] } },
{ "type": "Feature", "properties": { "Altitude": 4.7202148 }, "geometry": { "type": "Point", "coordinates": [ 8.7058, 53.8713 ] } },
{ "type": "Feature", "properties": { "Altitude": 0.0 }, "geometry": { "type": "Point", "coordinates": [ 10.23, 36.83 ] } },
{ "type": "Feature", "properties": { "Altitude": 0.0 }, "geometry": { "type": "Point", "coordinates": [ -43.17, -22.9 ] } },
{ "type": "Feature", "properties": { "Altitude": 695.0 }, "geometry": { "type": "Point", "coordinates": [ -135.07, 60.72 ] } },
{ "type": "Feature", "properties": { "Altitude": 70.4375 }, "geometry": { "type": "Point", "coordinates": [ -65.885, 18.23388889 ] } },
{ "type": "Feature", "properties": { "Altitude": 259.60938 }, "geometry": { "type": "Point", "coordinates": [ 145.8294444, -31.48388889 ] } },
{ "type": "Feature", "properties": { "Altitude": 2.3126221 }, "geometry": { "type": "Point", "coordinates": [ 72.42805556, -7.315277778 ] } },
{ "type": "Feature", "properties": { "Altitude": 167.09375 }, "geometry": { "type": "Point", "coordinates": [ -60.61868994, -22.03073263 ] } },
{ "type": "Feature", "properties": { "Altitude": 10.34082 }, "geometry": { "type": "Point", "coordinates": [ -0.325697, 51.387367 ] } },
{ "type": "Feature", "properties": { "Altitude": 19.124023 }, "geometry": { "type": "Point", "coordinates": [ -38.55, -3.72 ] } },
{ "type": "Feature", "properties": { "Altitude": 201.11719 }, "geometry": { "type": "Point", "coordinates": [ 16.389575, 48.18427778 ] } },
{ "type": "Feature", "properties": { "Altitude": 37.345703 }, "geometry": { "type": "Point", "coordinates": [ -9.88, -40.35 ] } },
{ "type": "Feature", "properties": { "Altitude": 100.17578 }, "geometry": { "type": "Point", "coordinates": [ 23.72, 37.97 ] } },
{ "type": "Feature", "properties": { "Altitude": 920.40625 }, "geometry": { "type": "Point", "coordinates": [ 9.9428, 50.4972 ] } },
{ "type": "Feature", "properties": { "Altitude": 370.21875 }, "geometry": { "type": "Point", "coordinates": [ 12.1019, 49.0422 ] } },
{ "type": "Feature", "properties": { "Altitude": 23.232422 }, "geometry": { "type": "Point", "coordinates": [ 10.68333333, 34.71666667 ] } },
{ "type": "Feature", "properties": { "Altitude": 1135.4375 }, "geometry": { "type": "Point", "coordinates": [ 32.45, 0.05 ] } },
{ "type": "Feature", "properties": { "Altitude": 47.5625 }, "geometry": { "type": "Point", "coordinates": [ 13.4019, 52.4672 ] } },
{ "type": "Feature", "properties": { "Altitude": 1033.25 }, "geometry": { "type": "Point", "coordinates": [ -114.0166667, 51.01666667 ] } },
{ "type": "Feature", "properties": { "Altitude": 14.698242 }, "geometry": { "type": "Point", "coordinates": [ 24.83286111, 60.18008889 ] } },
{ "type": "Feature", "properties": { "Altitude": 1444.25 }, "geometry": { "type": "Point", "coordinates": [ -106.07, 28.63 ] } },
{ "type": "Feature", "properties": { "Altitude": 10.936523 }, "geometry": { "type": "Point", "coordinates": [ 40.52, 41.02444444 ] } },
{ "type": "Feature", "properties": { "Altitude": 494.59375 }, "geometry": { "type": "Point", "coordinates": [ 11.59, 48.22 ] } },
{ "type": "Feature", "properties": { "Altitude": 1278.5 }, "geometry": { "type": "Point", "coordinates": [ 47.55805556, -18.91472222 ] } },
{ "type": "Feature", "properties": { "Altitude": 5.3820801 }, "geometry": { "type": "Point", "coordinates": [ 2.625298143, 39.55339029 ] } },
{ "type": "Feature", "properties": { "Altitude": 94.585938 }, "geometry": { "type": "Point", "coordinates": [ 27.62542222, 62.89179444 ] } },
{ "type": "Feature", "properties": { "Altitude": 626.8125 }, "geometry": { "type": "Point", "coordinates": [ -3.920273851, 38.98916547 ] } },
{ "type": "Feature", "properties": { "Altitude": 55.933594 }, "geometry": { "type": "Point", "coordinates": [ 25.18, 35.33 ] } },
{ "type": "Feature", "properties": { "Altitude": 294.5 }, "geometry": { "type": "Point", "coordinates": [ 15.03, 12.13 ] } },
{ "type": "Feature", "properties": { "Altitude": 387.75 }, "geometry": { "type": "Point", "coordinates": [ 6.470833333, 46.37222222 ] } },
{ "type": "Feature", "properties": { "Altitude": 5.0107422 }, "geometry": { "type": "Point", "coordinates": [ -52.32, 4.93 ] } },
{ "type": "Feature", "properties": { "Altitude": 1046.0625 }, "geometry": { "type": "Point", "coordinates": [ 6.607999655, 46.98141401 ] } },
{ "type": "Feature", "properties": { "Altitude": 1575.0625 }, "geometry": { "type": "Point", "coordinates": [ -90.937833, 14.559667 ] } },
{ "type": "Feature", "properties": { "Altitude": 46.541016 }, "geometry": { "type": "Point", "coordinates": [ -60.42, 53.32 ] } },
{ "type": "Feature", "properties": { "Altitude": 1326.75 }, "geometry": { "type": "Point", "coordinates": [ 28.18, -25.73 ] } },
{ "type": "Feature", "properties": { "Altitude": 397.48438 }, "geometry": { "type": "Point", "coordinates": [ 8.083138245, 47.37233597 ] } },
{ "type": "Feature", "properties": { "Altitude": 55.042969 }, "geometry": { "type": "Point", "coordinates": [ -1.1, 51.6 ] } },
{ "type": "Feature", "properties": { "Altitude": 11.063965 }, "geometry": { "type": "Point", "coordinates": [ 89.08333333, 22.71666667 ] } },
{ "type": "Feature", "properties": { "Altitude": 504.75 }, "geometry": { "type": "Point", "coordinates": [ 104.02, 30.67 ] } },
{ "type": "Feature", "properties": { "Altitude": 10.254883 }, "geometry": { "type": "Point", "coordinates": [ 13.22722222, -8.811944444 ] } },
{ "type": "Feature", "properties": { "Altitude": 913.15625 }, "geometry": { "type": "Point", "coordinates": [ 91.66277778, 25.21916667 ] } },
{ "type": "Feature", "properties": { "Altitude": 1890.5625 }, "geometry": { "type": "Point", "coordinates": [ 41.27555556, 39.91055556 ] } },
{ "type": "Feature", "properties": { "Altitude": 267.98438 }, "geometry": { "type": "Point", "coordinates": [ -7.9, 38.56666667 ] } },
{ "type": "Feature", "properties": { "Altitude": 0.0 }, "geometry": { "type": "Point", "coordinates": [ -16.9, 32.63333333 ] } },
{ "type": "Feature", "properties": { "Altitude": 828.84375 }, "geometry": { "type": "Point", "coordinates": [ 15.14777778, 50.8325 ] } },
{ "type": "Feature", "properties": { "Altitude": 11.479492 }, "geometry": { "type": "Point", "coordinates": [ -58.57258333, -34.82175 ] } },
{ "type": "Feature", "properties": { "Altitude": 7.9216309 }, "geometry": { "type": "Point", "coordinates": [ -52.37, 4.83 ] } },
{ "type": "Feature", "properties": { "Altitude": 42.933594 }, "geometry": { "type": "Point", "coordinates": [ 121.04, 14.64 ] } },
{ "type": "Feature", "properties": { "Altitude": 2551.125 }, "geometry": { "type": "Point", "coordinates": [ -74.13, 4.7 ] } },
{ "type": "Feature", "properties": { "Altitude": 539.375 }, "geometry": { "type": "Point", "coordinates": [ 43.0, 36.86666667 ] } },
{ "type": "Feature", "properties": { "Altitude": 38.980469 }, "geometry": { "type": "Point", "coordinates": [ 13.4342, 54.6789 ] } },
{ "type": "Feature", "properties": { "Altitude": 14.506836 }, "geometry": { "type": "Point", "coordinates": [ -71.2425, -29.89805556 ] } },
{ "type": "Feature", "properties": { "Altitude": 123.51562 }, "geometry": { "type": "Point", "coordinates": [ -62.88506389, -33.56237778 ] } },
{ "type": "Feature", "properties": { "Altitude": 9.4589844 }, "geometry": { "type": "Point", "coordinates": [ 3.75, 51.3 ] } },
{ "type": "Feature", "properties": { "Altitude": 156.85938 }, "geometry": { "type": "Point", "coordinates": [ -16.92395, 32.65878 ] } },
{ "type": "Feature", "properties": { "Altitude": 216.5 }, "geometry": { "type": "Point", "coordinates": [ -96.98, 50.62 ] } },
{ "type": "Feature", "properties": { "Altitude": 0.0 }, "geometry": { "type": "Point", "coordinates": [ -58.28, -34.38 ] } },
{ "type": "Feature", "properties": { "Altitude": 370.76562 }, "geometry": { "type": "Point", "coordinates": [ -65.83194444, 18.248 ] } },
{ "type": "Feature", "properties": { "Altitude": 386.4375 }, "geometry": { "type": "Point", "coordinates": [ -74.97, 49.82 ] } },
{ "type": "Feature", "properties": { "Altitude": 3.2288818 }, "geometry": { "type": "Point", "coordinates": [ 102.2833333, 6.166666667 ] } },
{ "type": "Feature", "properties": { "Altitude": 139.71094 }, "geometry": { "type": "Point", "coordinates": [ 2.763346411, 41.91172742 ] } },
{ "type": "Feature", "properties": { "Altitude": 22.099609 }, "geometry": { "type": "Point", "coordinates": [ 139.77, 35.68 ] } },
{ "type": "Feature", "properties": { "Altitude": 1061.3125 }, "geometry": { "type": "Point", "coordinates": [ 8.292706832, 46.65772518 ] } },
{ "type": "Feature", "properties": { "Altitude": 135.66406 }, "geometry": { "type": "Point", "coordinates": [ 39.71666667, 54.61666667 ] } },
{ "type": "Feature", "properties": { "Altitude": 77.78125 }, "geometry": { "type": "Point", "coordinates": [ 115.0249, -34.05 ] } },
{ "type": "Feature", "properties": { "Altitude": 78.234375 }, "geometry": { "type": "Point", "coordinates": [ -79.46166667, -1.1 ] } },
{ "type": "Feature", "properties": { "Altitude": 1971.625 }, "geometry": { "type": "Point", "coordinates": [ 40.26815278, 21.36774444 ] } },
{ "type": "Feature", "properties": { "Altitude": 0.0 }, "geometry": { "type": "Point", "coordinates": [ -7.96, 37.01 ] } },
{ "type": "Feature", "properties": { "Altitude": 486.53125 }, "geometry": { "type": "Point", "coordinates": [ 13.93333333, 45.6 ] } },
{ "type": "Feature", "properties": { "Altitude": -4.0114746 }, "geometry": { "type": "Point", "coordinates": [ 29.95, 31.18333333 ] } },
{ "type": "Feature", "properties": { "Altitude": 182.82031 }, "geometry": { "type": "Point", "coordinates": [ 14.39291667, 50.11622222 ] } },
{ "type": "Feature", "properties": { "Altitude": 553.34375 }, "geometry": { "type": "Point", "coordinates": [ -104.2, 51.77 ] } },
{ "type": "Feature", "properties": { "Altitude": 59.621094 }, "geometry": { "type": "Point", "coordinates": [ -8.6, 41.13333333 ] } },
{ "type": "Feature", "properties": { "Altitude": 855.53125 }, "geometry": { "type": "Point", "coordinates": [ -46.54916667, -22.94916667 ] } },
{ "type": "Feature", "properties": { "Altitude": 39.535156 }, "geometry": { "type": "Point", "coordinates": [ 44.38765833, 33.27722222 ] } },
{ "type": "Feature", "properties": { "Altitude": 405.375 }, "geometry": { "type": "Point", "coordinates": [ -91.62, 48.75 ] } },
{ "type": "Feature", "properties": { "Altitude": 210.4375 }, "geometry": { "type": "Point", "coordinates": [ 2.09, 13.52 ] } },
{ "type": "Feature", "properties": { "Altitude": 16.452148 }, "geometry": { "type": "Point", "coordinates": [ 91.84533333, 24.91 ] } },
{ "type": "Feature", "properties": { "Altitude": 17.238281 }, "geometry": { "type": "Point", "coordinates": [ -1.066666667, 43.68333333 ] } },
{ "type": "Feature", "properties": { "Altitude": 61.660156 }, "geometry": { "type": "Point", "coordinates": [ -1.170837424, 38.00194982 ] } },
{ "type": "Feature", "properties": { "Altitude": 846.53125 }, "geometry": { "type": "Point", "coordinates": [ -68.87741667, -32.87847222 ] } },
{ "type": "Feature", "properties": { "Altitude": 3.5220947 }, "geometry": { "type": "Point", "coordinates": [ -80.16323611, 25.7325 ] } },
{ "type": "Feature", "properties": { "Altitude": 139.10156 }, "geometry": { "type": "Point", "coordinates": [ 3.052222222, 36.78 ] } },
{ "type": "Feature", "properties": { "Altitude": 13.927246 }, "geometry": { "type": "Point", "coordinates": [ 119.2833333, 26.08333333 ] } },
{ "type": "Feature", "properties": { "Altitude": 487.23438 }, "geometry": { "type": "Point", "coordinates": [ 104.35, 52.27 ] } },
{ "type": "Feature", "properties": { "Altitude": 86.394531 }, "geometry": { "type": "Point", "coordinates": [ -5.611393166, 37.1644591 ] } },
{ "type": "Feature", "properties": { "Altitude": 0.0 }, "geometry": { "type": "Point", "coordinates": [ 9.44157, 0.31524 ] } },
{ "type": "Feature", "properties": { "Altitude": 356.8125 }, "geometry": { "type": "Point", "coordinates": [ 19.84861111, 50.06166667 ] } },
{ "type": "Feature", "properties": { "Altitude": 0.0 }, "geometry": { "type": "Point", "coordinates": [ -96.13, 19.2 ] } },
{ "type": "Feature", "properties": { "Altitude": 1152.75 }, "geometry": { "type": "Point", "coordinates": [ 13.31666667, 41.9 ] } },
{ "type": "Feature", "properties": { "Altitude": 5.7802734 }, "geometry": { "type": "Point", "coordinates": [ 153.08, -27.43 ] } },
{ "type": "Feature", "properties": { "Altitude": 669.40625 }, "geometry": { "type": "Point", "coordinates": [ -5.7, -15.97 ] } },
{ "type": "Feature", "properties": { "Altitude": 43.185547 }, "geometry": { "type": "Point", "coordinates": [ 103.6666667, 1.6 ] } },
{ "type": "Feature", "properties": { "Altitude": 36.355469 }, "geometry": { "type": "Point", "coordinates": [ -9.105733333, 38.79273611 ] } },
{ "type": "Feature", "properties": { "Altitude": 562.53125 }, "geometry": { "type": "Point", "coordinates": [ 34.78, 30.79 ] } },
{ "type": "Feature", "properties": { "Altitude": 1302.3125 }, "geometry": { "type": "Point", "coordinates": [ -0.33149, 42.7728 ] } },
{ "type": "Feature", "properties": { "Altitude": 3.6977539 }, "geometry": { "type": "Point", "coordinates": [ 121.0, 14.52 ] } },
{ "type": "Feature", "properties": { "Altitude": 2276.625 }, "geometry": { "type": "Point", "coordinates": [ -99.17605556, 19.32622222 ] } },
{ "type": "Feature", "properties": { "Altitude": 1.5458374 }, "geometry": { "type": "Point", "coordinates": [ 13.4056, 54.0967 ] } },
{ "type": "Feature", "properties": { "Altitude": 464.20312 }, "geometry": { "type": "Point", "coordinates": [ 8.53, 12.05 ] } },
{ "type": "Feature", "properties": { "Altitude": 900.71875 }, "geometry": { "type": "Point", "coordinates": [ 87.62, 43.78 ] } },
{ "type": "Feature", "properties": { "Altitude": 911.78125 }, "geometry": { "type": "Point", "coordinates": [ -5.651107617, 42.58834633 ] } },
{ "type": "Feature", "properties": { "Altitude": 554.875 }, "geometry": { "type": "Point", "coordinates": [ -54.67, -20.47 ] } },
{ "type": "Feature", "properties": { "Altitude": 44.347656 }, "geometry": { "type": "Point", "coordinates": [ 34.81616111, 31.99730278 ] } },
{ "type": "Feature", "properties": { "Altitude": 206.96094 }, "geometry": { "type": "Point", "coordinates": [ -27.34, 38.7 ] } },
{ "type": "Feature", "properties": { "Altitude": 459.84375 }, "geometry": { "type": "Point", "coordinates": [ 9.49, 47.12 ] } },
{ "type": "Feature", "properties": { "Altitude": 83.28125 }, "geometry": { "type": "Point", "coordinates": [ 55.484, -20.901 ] } },
{ "type": "Feature", "properties": { "Altitude": 1.7967529 }, "geometry": { "type": "Point", "coordinates": [ 5.18, 52.1 ] } },
{ "type": "Feature", "properties": { "Altitude": 55.640625 }, "geometry": { "type": "Point", "coordinates": [ -60.2, -2.95 ] } },
{ "type": "Feature", "properties": { "Altitude": 119.02734 }, "geometry": { "type": "Point", "coordinates": [ 13.73, 51.05 ] } },
{ "type": "Feature", "properties": { "Altitude": 2189.625 }, "geometry": { "type": "Point", "coordinates": [ -106.305, 35.82305556 ] } },
{ "type": "Feature", "properties": { "Altitude": 111.17188 }, "geometry": { "type": "Point", "coordinates": [ 5.78, 50.92 ] } },
{ "type": "Feature", "properties": { "Altitude": 119.03125 }, "geometry": { "type": "Point", "coordinates": [ 16.84333333, 47.74305556 ] } },
{ "type": "Feature", "properties": { "Altitude": 1154.5 }, "geometry": { "type": "Point", "coordinates": [ 16.37, -9.55 ] } },
{ "type": "Feature", "properties": { "Altitude": 397.82812 }, "geometry": { "type": "Point", "coordinates": [ -79.6, -3.322222222 ] } },
{ "type": "Feature", "properties": { "Altitude": 339.82812 }, "geometry": { "type": "Point", "coordinates": [ 139.4875, -20.67777778 ] } },
{ "type": "Feature", "properties": { "Altitude": 39.933594 }, "geometry": { "type": "Point", "coordinates": [ -38.52, -13.0 ] } },
{ "type": "Feature", "properties": { "Altitude": 624.1875 }, "geometry": { "type": "Point", "coordinates": [ 123.92, 13.03 ] } },
{ "type": "Feature", "properties": { "Altitude": 7.5837402 }, "geometry": { "type": "Point", "coordinates": [ 110.34, 1.53 ] } },
{ "type": "Feature", "properties": { "Altitude": 4333.0 }, "geometry": { "type": "Point", "coordinates": [ -66.33189, -20.9731 ] } },
{ "type": "Feature", "properties": { "Altitude": 1764.125 }, "geometry": { "type": "Point", "coordinates": [ -156.2678, 20.76085 ] } },
{ "type": "Feature", "properties": { "Altitude": 580.9375 }, "geometry": { "type": "Point", "coordinates": [ 73.26611111, 33.65694444 ] } },
{ "type": "Feature", "properties": { "Altitude": 12.522461 }, "geometry": { "type": "Point", "coordinates": [ 105.84, 21.03 ] } },
{ "type": "Feature", "properties": { "Altitude": 1519.75 }, "geometry": { "type": "Point", "coordinates": [ 103.88, 36.05 ] } },
{ "type": "Feature", "properties": { "Altitude": 4.0 }, "geometry": { "type": "Point", "coordinates": [ 166.65, 19.28 ] } },
{ "type": "Feature", "properties": { "Altitude": 1767.6875 }, "geometry": { "type": "Point", "coordinates": [ 9.898180888, 46.49143367 ] } },
{ "type": "Feature", "properties": { "Altitude": 23.824219 }, "geometry": { "type": "Point", "coordinates": [ 100.8, 13.17 ] } },
{ "type": "Feature", "properties": { "Altitude": 22.926758 }, "geometry": { "type": "Point", "coordinates": [ -57.5714306, -38.006017 ] } },
{ "type": "Feature", "properties": { "Altitude": 64.535156 }, "geometry": { "type": "Point", "coordinates": [ -87.54305556, 33.21722222 ] } },
{ "type": "Feature", "properties": { "Altitude": 59.488281 }, "geometry": { "type": "Point", "coordinates": [ -0.774722222, 44.73805556 ] } },
{ "type": "Feature", "properties": { "Altitude": 264.3125 }, "geometry": { "type": "Point", "coordinates": [ 117.887, 4.399 ] } },
{ "type": "Feature", "properties": { "Altitude": 2.3325195 }, "geometry": { "type": "Point", "coordinates": [ 50.62, 26.27 ] } },
{ "type": "Feature", "properties": { "Altitude": 1260.6875 }, "geometry": { "type": "Point", "coordinates": [ 28.65, -13.0 ] } },
{ "type": "Feature", "properties": { "Altitude": 2400.75 }, "geometry": { "type": "Point", "coordinates": [ -78.436, -0.1968 ] } },
{ "type": "Feature", "properties": { "Altitude": 9.5 }, "geometry": { "type": "Point", "coordinates": [ 6.25, 51.83 ] } },
{ "type": "Feature", "properties": { "Altitude": 41.798828 }, "geometry": { "type": "Point", "coordinates": [ 18.6, -33.97 ] } },
{ "type": "Feature", "properties": { "Altitude": 758.46875 }, "geometry": { "type": "Point", "coordinates": [ 9.400776879, 47.42692898 ] } },
{ "type": "Feature", "properties": { "Altitude": 59.777344 }, "geometry": { "type": "Point", "coordinates": [ 2.12, 41.38 ] } },
{ "type": "Feature", "properties": { "Altitude": 1930.4375 }, "geometry": { "type": "Point", "coordinates": [ 29.69194444, -1.283611111 ] } },
{ "type": "Feature", "properties": { "Altitude": 166.9375 }, "geometry": { "type": "Point", "coordinates": [ 136.8052778, -31.15583333 ] } },
{ "type": "Feature", "properties": { "Altitude": 4.7189941 }, "geometry": { "type": "Point", "coordinates": [ 129.38, 36.03 ] } },
{ "type": "Feature", "properties": { "Altitude": 162.88281 }, "geometry": { "type": "Point", "coordinates": [ 11.2919, 51.3744 ] } },
{ "type": "Feature", "properties": { "Altitude": 0.0 }, "geometry": { "type": "Point", "coordinates": [ -171.78, -13.8 ] } },
{ "type": "Feature", "properties": { "Altitude": 475.8125 }, "geometry": { "type": "Point", "coordinates": [ 80.62638889, 7.334444444 ] } },
{ "type": "Feature", "properties": { "Altitude": 0.0 }, "geometry": { "type": "Point", "coordinates": [ -80.80080278, 24.83736944 ] } },
{ "type": "Feature", "properties": { "Altitude": 39.230469 }, "geometry": { "type": "Point", "coordinates": [ 9.734166667, 4.036666667 ] } },
{ "type": "Feature", "properties": { "Altitude": 469.17188 }, "geometry": { "type": "Point", "coordinates": [ -78.0, 72.4 ] } },
{ "type": "Feature", "properties": { "Altitude": 564.53125 }, "geometry": { "type": "Point", "coordinates": [ 11.8758, 50.3119 ] } },
{ "type": "Feature", "properties": { "Altitude": 16.196289 }, "geometry": { "type": "Point", "coordinates": [ 66.66666667, 66.53333333 ] } },
{ "type": "Feature", "properties": { "Altitude": 2.8572998 }, "geometry": { "type": "Point", "coordinates": [ -79.98333333, -3.25 ] } },
{ "type": "Feature", "properties": { "Altitude": 1484.125 }, "geometry": { "type": "Point", "coordinates": [ 51.58, 35.74 ] } },
{ "type": "Feature", "properties": { "Altitude": 1349.5 }, "geometry": { "type": "Point", "coordinates": [ -6.248618618, 43.04363014 ] } },
{ "type": "Feature", "properties": { "Altitude": 916.125 }, "geometry": { "type": "Point", "coordinates": [ 35.84828333, 31.95765 ] } },
{ "type": "Feature", "properties": { "Altitude": 2.5202637 }, "geometry": { "type": "Point", "coordinates": [ 79.9, 8.983333333 ] } },
{ "type": "Feature", "properties": { "Altitude": 1107.4375 }, "geometry": { "type": "Point", "coordinates": [ 44.96666667, 42.11666667 ] } },
{ "type": "Feature", "properties": { "Altitude": 3582.75 }, "geometry": { "type": "Point", "coordinates": [ -68.12305556, -16.49888889 ] } },
{ "type": "Feature", "properties": { "Altitude": 1174.25 }, "geometry": { "type": "Point", "coordinates": [ 33.195, 0.453055556 ] } },
{ "type": "Feature", "properties": { "Altitude": 1788.0 }, "geometry": { "type": "Point", "coordinates": [ 69.21333333, 34.57 ] } },
{ "type": "Feature", "properties": { "Altitude": 1077.9375 }, "geometry": { "type": "Point", "coordinates": [ 106.7166667, 26.58333333 ] } },
{ "type": "Feature", "properties": { "Altitude": 1.9006348 }, "geometry": { "type": "Point", "coordinates": [ 11.0603, 54.5283 ] } },
{ "type": "Feature", "properties": { "Altitude": 474.0625 }, "geometry": { "type": "Point", "coordinates": [ 124.66, 11.13 ] } },
{ "type": "Feature", "properties": { "Altitude": 28.0 }, "geometry": { "type": "Point", "coordinates": [ 100.2348889, 6.565555556 ] } },
{ "type": "Feature", "properties": { "Altitude": 659.34375 }, "geometry": { "type": "Point", "coordinates": [ -2.859444444, 36.83861111 ] } },
{ "type": "Feature", "properties": { "Altitude": 1.0 }, "geometry": { "type": "Point", "coordinates": [ -70.02, 18.47 ] } },
{ "type": "Feature", "properties": { "Altitude": 70.085938 }, "geometry": { "type": "Point", "coordinates": [ 26.46138889, 58.26388889 ] } },
{ "type": "Feature", "properties": { "Altitude": 675.46875 }, "geometry": { "type": "Point", "coordinates": [ 12.66666667, 3.416666667 ] } },
{ "type": "Feature", "properties": { "Altitude": 5.5644531 }, "geometry": { "type": "Point", "coordinates": [ -80.491375, 25.51900833 ] } },
{ "type": "Feature", "properties": { "Altitude": 120.36328 }, "geometry": { "type": "Point", "coordinates": [ 15.97, 45.80666667 ] } },
{ "type": "Feature", "properties": { "Altitude": 7.5170898 }, "geometry": { "type": "Point", "coordinates": [ -81.25, 68.78666667 ] } },
{ "type": "Feature", "properties": { "Altitude": 385.92188 }, "geometry": { "type": "Point", "coordinates": [ 32.55, 15.6 ] } },
{ "type": "Feature", "properties": { "Altitude": 665.96875 }, "geometry": { "type": "Point", "coordinates": [ 28.36666667, 37.21666667 ] } },
{ "type": "Feature", "properties": { "Altitude": 40.765625 }, "geometry": { "type": "Point", "coordinates": [ -35.2, -5.8 ] } },
{ "type": "Feature", "properties": { "Altitude": 1096.9375 }, "geometry": { "type": "Point", "coordinates": [ 33.616389, 1.685556 ] } },
{ "type": "Feature", "properties": { "Altitude": 25.359375 }, "geometry": { "type": "Point", "coordinates": [ 130.7291667, 32.81333333 ] } },
{ "type": "Feature", "properties": { "Altitude": 863.25 }, "geometry": { "type": "Point", "coordinates": [ 54.08333333, 17.25 ] } },
{ "type": "Feature", "properties": { "Altitude": 500.04688 }, "geometry": { "type": "Point", "coordinates": [ -4.983333333, 33.96666667 ] } },
{ "type": "Feature", "properties": { "Altitude": 665.5 }, "geometry": { "type": "Point", "coordinates": [ -113.52, 53.57 ] } },
{ "type": "Feature", "properties": { "Altitude": 2101.5 }, "geometry": { "type": "Point", "coordinates": [ 84.30961, 28.276976 ] } },
{ "type": "Feature", "properties": { "Altitude": 0.0 }, "geometry": { "type": "Point", "coordinates": [ 46.266606, 41.818399 ] } },
{ "type": "Feature", "properties": { "Altitude": 12.735352 }, "geometry": { "type": "Point", "coordinates": [ 2.329255556, 6.417169444 ] } },
{ "type": "Feature", "properties": { "Altitude": 7.8220215 }, "geometry": { "type": "Point", "coordinates": [ -159.8, -21.2 ] } },
{ "type": "Feature", "properties": { "Altitude": 361.35938 }, "geometry": { "type": "Point", "coordinates": [ 136.6, 45.0 ] } },
{ "type": "Feature", "properties": { "Altitude": 1892.5 }, "geometry": { "type": "Point", "coordinates": [ -4.010553289, 40.7930564 ] } },
{ "type": "Feature", "properties": { "Altitude": 1295.4375 }, "geometry": { "type": "Point", "coordinates": [ -7.55, 40.41666667 ] } },
{ "type": "Feature", "properties": { "Altitude": 119.27734 }, "geometry": { "type": "Point", "coordinates": [ 78.36666667, 55.33333333 ] } },
{ "type": "Feature", "properties": { "Altitude": 876.875 }, "geometry": { "type": "Point", "coordinates": [ 13.7514, 50.7311 ] } },
{ "type": "Feature", "properties": { "Altitude": 168.71094 }, "geometry": { "type": "Point", "coordinates": [ -72.28833333, 43.70555556 ] } },
{ "type": "Feature", "properties": { "Altitude": 430.0 }, "geometry": { "type": "Point", "coordinates": [ -67.65, 10.25 ] } },
{ "type": "Feature", "properties": { "Altitude": 148.02344 }, "geometry": { "type": "Point", "coordinates": [ -123.13, 48.78 ] } },
{ "type": "Feature", "properties": { "Altitude": 4444.0 }, "geometry": { "type": "Point", "coordinates": [ -76.32505556, -11.40438889 ] } },
{ "type": "Feature", "properties": { "Altitude": 79.976562 }, "geometry": { "type": "Point", "coordinates": [ 92.15, 58.45 ] } },
{ "type": "Feature", "properties": { "Altitude": 118.94141 }, "geometry": { "type": "Point", "coordinates": [ 17.029468, 51.116535 ] } },
{ "type": "Feature", "properties": { "Altitude": 43.574219 }, "geometry": { "type": "Point", "coordinates": [ -72.93, -41.47 ] } },
{ "type": "Feature", "properties": { "Altitude": 659.34375 }, "geometry": { "type": "Point", "coordinates": [ 7.49, 46.89 ] } },
{ "type": "Feature", "properties": { "Altitude": 8.0805664 }, "geometry": { "type": "Point", "coordinates": [ 103.3333333, 3.783333333 ] } },
{ "type": "Feature", "properties": { "Altitude": 136.57812 }, "geometry": { "type": "Point", "coordinates": [ 35.9, 56.9 ] } },
{ "type": "Feature", "properties": { "Altitude": 80.558594 }, "geometry": { "type": "Point", "coordinates": [ 39.82, 47.25 ] } },
{ "type": "Feature", "properties": { "Altitude": 15.649902 }, "geometry": { "type": "Point", "coordinates": [ -123.43, 48.65 ] } },
{ "type": "Feature", "properties": { "Altitude": 2983.5 }, "geometry": { "type": "Point", "coordinates": [ -99.25580556, 19.24921667 ] } },
{ "type": "Feature", "properties": { "Altitude": 881.09375 }, "geometry": { "type": "Point", "coordinates": [ 123.94, 13.03 ] } },
{ "type": "Feature", "properties": { "Altitude": 1161.1875 }, "geometry": { "type": "Point", "coordinates": [ 51.32, 35.68 ] } },
{ "type": "Feature", "properties": { "Altitude": 336.76562 }, "geometry": { "type": "Point", "coordinates": [ 23.61, 46.78 ] } },
{ "type": "Feature", "properties": { "Altitude": 1647.3125 }, "geometry": { "type": "Point", "coordinates": [ -105.2682583, 40.008 ] } },
{ "type": "Feature", "properties": { "Altitude": 381.14062 }, "geometry": { "type": "Point", "coordinates": [ 18.58725, 4.365694444 ] } },
{ "type": "Feature", "properties": { "Altitude": 1641.75 }, "geometry": { "type": "Point", "coordinates": [ -104.7547222, 40.80638889 ] } },
{ "type": "Feature", "properties": { "Altitude": 130.52344 }, "geometry": { "type": "Point", "coordinates": [ 37.57, 55.75 ] } },
{ "type": "Feature", "properties": { "Altitude": 39.710938 }, "geometry": { "type": "Point", "coordinates": [ 88.66, 25.62 ] } },
{ "type": "Feature", "properties": { "Altitude": 0.0 }, "geometry": { "type": "Point", "coordinates": [ 46.08333333, 41.46666667 ] } },
{ "type": "Feature", "properties": { "Altitude": 52.724609 }, "geometry": { "type": "Point", "coordinates": [ 39.2, -6.88 ] } },
{ "type": "Feature", "properties": { "Altitude": 357.125 }, "geometry": { "type": "Point", "coordinates": [ 10.183, 44.096 ] } },
{ "type": "Feature", "properties": { "Altitude": 517.78125 }, "geometry": { "type": "Point", "coordinates": [ 118.5372222, -26.61361111 ] } },
{ "type": "Feature", "properties": { "Altitude": 57.181641 }, "geometry": { "type": "Point", "coordinates": [ -72.24741667, 11.37261111 ] } },
{ "type": "Feature", "properties": { "Altitude": 60.449219 }, "geometry": { "type": "Point", "coordinates": [ -44.23, -2.6 ] } },
{ "type": "Feature", "properties": { "Altitude": 8.8525391 }, "geometry": { "type": "Point", "coordinates": [ 7.1519, 53.7122 ] } },
{ "type": "Feature", "properties": { "Altitude": 151.59375 }, "geometry": { "type": "Point", "coordinates": [ -97.22, 31.62 ] } },
{ "type": "Feature", "properties": { "Altitude": 3.7172852 }, "geometry": { "type": "Point", "coordinates": [ 79.8795, 6.9506 ] } },
{ "type": "Feature", "properties": { "Altitude": 363.76562 }, "geometry": { "type": "Point", "coordinates": [ -74.28, 46.05 ] } },
{ "type": "Feature", "properties": { "Altitude": 444.5 }, "geometry": { "type": "Point", "coordinates": [ 78.59666667, 30.14055556 ] } },
{ "type": "Feature", "properties": { "Altitude": 481.4375 }, "geometry": { "type": "Point", "coordinates": [ 80.6, 7.266666667 ] } },
{ "type": "Feature", "properties": { "Altitude": 54.0 }, "geometry": { "type": "Point", "coordinates": [ -57.63, -25.27 ] } },
{ "type": "Feature", "properties": { "Altitude": 234.99219 }, "geometry": { "type": "Point", "coordinates": [ -79.77, 44.23 ] } },
{ "type": "Feature", "properties": { "Altitude": 36.554688 }, "geometry": { "type": "Point", "coordinates": [ -16.2553441, 28.46344137 ] } },
{ "type": "Feature", "properties": { "Altitude": 3.3973389 }, "geometry": { "type": "Point", "coordinates": [ 99.73, 6.329722222 ] } },
{ "type": "Feature", "properties": { "Altitude": 279.60938 }, "geometry": { "type": "Point", "coordinates": [ -7.866666667, 38.01666667 ] } },
{ "type": "Feature", "properties": { "Altitude": 77.109375 }, "geometry": { "type": "Point", "coordinates": [ -27.22009444, 38.66038889 ] } },
{ "type": "Feature", "properties": { "Altitude": 9.4057617 }, "geometry": { "type": "Point", "coordinates": [ 10.4, 43.71 ] } },
{ "type": "Feature", "properties": { "Altitude": 508.1875 }, "geometry": { "type": "Point", "coordinates": [ -156.3578, 20.77085 ] } },
{ "type": "Feature", "properties": { "Altitude": 49.828125 }, "geometry": { "type": "Point", "coordinates": [ 142.0866667, -34.23583333 ] } },
{ "type": "Feature", "properties": { "Altitude": 292.625 }, "geometry": { "type": "Point", "coordinates": [ -1.503111111, 12.37861111 ] } },
{ "type": "Feature", "properties": { "Altitude": 1877.5 }, "geometry": { "type": "Point", "coordinates": [ -64.69846, -21.54022 ] } },
{ "type": "Feature", "properties": { "Altitude": 30.420898 }, "geometry": { "type": "Point", "coordinates": [ -76.650846, 7.789855 ] } },
{ "type": "Feature", "properties": { "Altitude": 143.5 }, "geometry": { "type": "Point", "coordinates": [ 123.9166667, 47.38333333 ] } },
{ "type": "Feature", "properties": { "Altitude": 104.83984 }, "geometry": { "type": "Point", "coordinates": [ -68.28, -54.78 ] } },
{ "type": "Feature", "properties": { "Altitude": 546.1875 }, "geometry": { "type": "Point", "coordinates": [ 13.60116667, 43.54983333 ] } },
{ "type": "Feature", "properties": { "Altitude": 142.89844 }, "geometry": { "type": "Point", "coordinates": [ 23.70583333, 52.09444444 ] } },
{ "type": "Feature", "properties": { "Altitude": 123.0 }, "geometry": { "type": "Point", "coordinates": [ -67.82, -9.98 ] } },
{ "type": "Feature", "properties": { "Altitude": 635.21875 }, "geometry": { "type": "Point", "coordinates": [ -47.13333333, -23.0 ] } },
{ "type": "Feature", "properties": { "Altitude": 580.5 }, "geometry": { "type": "Point", "coordinates": [ -104.42, 50.12 ] } },
{ "type": "Feature", "properties": { "Altitude": 5.9343262 }, "geometry": { "type": "Point", "coordinates": [ 21.81416667, 58.38277778 ] } },
{ "type": "Feature", "properties": { "Altitude": 32.589844 }, "geometry": { "type": "Point", "coordinates": [ -70.833333, -53.0 ] } },
{ "type": "Feature", "properties": { "Altitude": 8.2612305 }, "geometry": { "type": "Point", "coordinates": [ 34.17, 31.28 ] } },
{ "type": "Feature", "properties": { "Altitude": 13.935547 }, "geometry": { "type": "Point", "coordinates": [ -83.28333333, 10.06666667 ] } },
{ "type": "Feature", "properties": { "Altitude": 50.568359 }, "geometry": { "type": "Point", "coordinates": [ -57.87, -51.7 ] } },
{ "type": "Feature", "properties": { "Altitude": 264.90625 }, "geometry": { "type": "Point", "coordinates": [ 15.15, 48.15 ] } },
{ "type": "Feature", "properties": { "Altitude": 238.64844 }, "geometry": { "type": "Point", "coordinates": [ -116.0, 63.52 ] } },
{ "type": "Feature", "properties": { "Altitude": 581.875 }, "geometry": { "type": "Point", "coordinates": [ -67.97, -34.03 ] } },
{ "type": "Feature", "properties": { "Altitude": 170.76562 }, "geometry": { "type": "Point", "coordinates": [ 10.164, 44.051 ] } },
{ "type": "Feature", "properties": { "Altitude": 297.67188 }, "geometry": { "type": "Point", "coordinates": [ -91.055468, 14.330962 ] } },
{ "type": "Feature", "properties": { "Altitude": 97.964844 }, "geometry": { "type": "Point", "coordinates": [ -67.14916667, -0.121944444 ] } },
{ "type": "Feature", "properties": { "Altitude": 0.0 }, "geometry": { "type": "Point", "coordinates": [ 43.516667, 41.733333 ] } },
{ "type": "Feature", "properties": { "Altitude": 753.21875 }, "geometry": { "type": "Point", "coordinates": [ -110.9439, 32.2361 ] } },
{ "type": "Feature", "properties": { "Altitude": 90.707031 }, "geometry": { "type": "Point", "coordinates": [ -73.377425, -3.823991667 ] } },
{ "type": "Feature", "properties": { "Altitude": 2329.125 }, "geometry": { "type": "Point", "coordinates": [ 38.73, 9.0 ] } },
{ "type": "Feature", "properties": { "Altitude": 841.375 }, "geometry": { "type": "Point", "coordinates": [ 8.4889, 51.18 ] } },
{ "type": "Feature", "properties": { "Altitude": 63.519531 }, "geometry": { "type": "Point", "coordinates": [ 18.36861111, 39.79638889 ] } },
{ "type": "Feature", "properties": { "Altitude": 0.0 }, "geometry": { "type": "Point", "coordinates": [ 164.0, 31.0 ] } },
{ "type": "Feature", "properties": { "Altitude": 5.9509277 }, "geometry": { "type": "Point", "coordinates": [ 126.9333333, 33.46555556 ] } },
{ "type": "Feature", "properties": { "Altitude": 77.949219 }, "geometry": { "type": "Point", "coordinates": [ 43.90712778, 34.18238333 ] } },
{ "type": "Feature", "properties": { "Altitude": 13.855469 }, "geometry": { "type": "Point", "coordinates": [ 118.121, 4.317 ] } },
{ "type": "Feature", "properties": { "Altitude": 20.967773 }, "geometry": { "type": "Point", "coordinates": [ -48.12, 61.22 ] } },
{ "type": "Feature", "properties": { "Altitude": 0.0 }, "geometry": { "type": "Point", "coordinates": [ -75.55, 35.27 ] } },
{ "type": "Feature", "properties": { "Altitude": 5119.5 }, "geometry": { "type": "Point", "coordinates": [ -68.12, -16.346 ] } },
{ "type": "Feature", "properties": { "Altitude": 3812.625 }, "geometry": { "type": "Point", "coordinates": [ -69.21805556, -15.95555556 ] } },
{ "type": "Feature", "properties": { "Altitude": 6.8730469 }, "geometry": { "type": "Point", "coordinates": [ 113.32, 23.13 ] } },
{ "type": "Feature", "properties": { "Altitude": 450.32812 }, "geometry": { "type": "Point", "coordinates": [ -90.405, -0.649 ] } },
{ "type": "Feature", "properties": { "Altitude": 20.787109 }, "geometry": { "type": "Point", "coordinates": [ 103.9, 1.35 ] } },
{ "type": "Feature", "properties": { "Altitude": 123.36719 }, "geometry": { "type": "Point", "coordinates": [ 9.203080556, 45.43846111 ] } },
{ "type": "Feature", "properties": { "Altitude": 86.800781 }, "geometry": { "type": "Point", "coordinates": [ 114.4166667, 38.03333333 ] } },
{ "type": "Feature", "properties": { "Altitude": 569.15625 }, "geometry": { "type": "Point", "coordinates": [ 15.38333056, 44.53333333 ] } },
{ "type": "Feature", "properties": { "Altitude": 59.626953 }, "geometry": { "type": "Point", "coordinates": [ -65.695, 18.29888889 ] } },
{ "type": "Feature", "properties": { "Altitude": 1145.625 }, "geometry": { "type": "Point", "coordinates": [ 11.08, 44.09 ] } },
{ "type": "Feature", "properties": { "Altitude": 1448.0 }, "geometry": { "type": "Point", "coordinates": [ 39.80694444, 10.83861111 ] } },
{ "type": "Feature", "properties": { "Altitude": 72.261719 }, "geometry": { "type": "Point", "coordinates": [ -91.103443, 14.168625 ] } },
{ "type": "Feature", "properties": { "Altitude": 39.275391 }, "geometry": { "type": "Point", "coordinates": [ 77.71833333, 8.727777778 ] } },
{ "type": "Feature", "properties": { "Altitude": 285.1875 }, "geometry": { "type": "Point", "coordinates": [ 11.0055, 49.5971 ] } },
{ "type": "Feature", "properties": { "Altitude": 1690.0 }, "geometry": { "type": "Point", "coordinates": [ 17.1525, -22.94805556 ] } },
{ "type": "Feature", "properties": { "Altitude": 21.530273 }, "geometry": { "type": "Point", "coordinates": [ 11.7294, 52.8911 ] } },
{ "type": "Feature", "properties": { "Altitude": 119.36328 }, "geometry": { "type": "Point", "coordinates": [ -55.82, 47.98 ] } },
{ "type": "Feature", "properties": { "Altitude": 818.96875 }, "geometry": { "type": "Point", "coordinates": [ 35.75, 32.36666667 ] } },
{ "type": "Feature", "properties": { "Altitude": 24.027344 }, "geometry": { "type": "Point", "coordinates": [ 138.58, -34.93 ] } },
{ "type": "Feature", "properties": { "Altitude": 2452.375 }, "geometry": { "type": "Point", "coordinates": [ -69.05, -20.91666667 ] } },
{ "type": "Feature", "properties": { "Altitude": 492.75 }, "geometry": { "type": "Point", "coordinates": [ -7.416666667, 39.28333333 ] } },
{ "type": "Feature", "properties": { "Altitude": 41.878906 }, "geometry": { "type": "Point", "coordinates": [ 34.23333333, 31.28333333 ] } },
{ "type": "Feature", "properties": { "Altitude": 690.15625 }, "geometry": { "type": "Point", "coordinates": [ 78.48333333, 30.35277778 ] } },
{ "type": "Feature", "properties": { "Altitude": 25.587891 }, "geometry": { "type": "Point", "coordinates": [ 114.13, 30.62 ] } },
{ "type": "Feature", "properties": { "Altitude": 618.8125 }, "geometry": { "type": "Point", "coordinates": [ 123.93, 13.06 ] } },
{ "type": "Feature", "properties": { "Altitude": 198.47656 }, "geometry": { "type": "Point", "coordinates": [ -14.37277778, -7.944444444 ] } },
{ "type": "Feature", "properties": { "Altitude": 159.28125 }, "geometry": { "type": "Point", "coordinates": [ -65.75083333, 18.32888889 ] } },
{ "type": "Feature", "properties": { "Altitude": 918.15625 }, "geometry": { "type": "Point", "coordinates": [ -78.96666667, -0.316666667 ] } },
{ "type": "Feature", "properties": { "Altitude": 1801.8125 }, "geometry": { "type": "Point", "coordinates": [ -73.06, 7.125555556 ] } },
{ "type": "Feature", "properties": { "Altitude": 2.7862549 }, "geometry": { "type": "Point", "coordinates": [ -80.45309444, 25.086675 ] } },
{ "type": "Feature", "properties": { "Altitude": 244.73438 }, "geometry": { "type": "Point", "coordinates": [ -85.58444444, 42.29055556 ] } },
{ "type": "Feature", "properties": { "Altitude": 50.175781 }, "geometry": { "type": "Point", "coordinates": [ 44.62431944, 33.76333611 ] } },
{ "type": "Feature", "properties": { "Altitude": 18.375977 }, "geometry": { "type": "Point", "coordinates": [ -6.838286111, 34.01937778 ] } },
{ "type": "Feature", "properties": { "Altitude": 35.275391 }, "geometry": { "type": "Point", "coordinates": [ -68.83, 76.52 ] } },
{ "type": "Feature", "properties": { "Altitude": 1227.625 }, "geometry": { "type": "Point", "coordinates": [ -65.4, -24.78 ] } },
{ "type": "Feature", "properties": { "Altitude": 156.41406 }, "geometry": { "type": "Point", "coordinates": [ 15.98333333, 45.81666667 ] } },
{ "type": "Feature", "properties": { "Altitude": 372.54688 }, "geometry": { "type": "Point", "coordinates": [ 0.2, 10.86 ] } },
{ "type": "Feature", "properties": { "Altitude": 81.234375 }, "geometry": { "type": "Point", "coordinates": [ 141.81, 39.03 ] } },
{ "type": "Feature", "properties": { "Altitude": 21.585938 }, "geometry": { "type": "Point", "coordinates": [ -58.48, -34.58 ] } },
{ "type": "Feature", "properties": { "Altitude": 951.28125 }, "geometry": { "type": "Point", "coordinates": [ -71.33, -41.15 ] } },
{ "type": "Feature", "properties": { "Altitude": 12.334473 }, "geometry": { "type": "Point", "coordinates": [ 105.7986667, 21.04534722 ] } },
{ "type": "Feature", "properties": { "Altitude": 7.6940918 }, "geometry": { "type": "Point", "coordinates": [ 138.09, 9.49 ] } },
{ "type": "Feature", "properties": { "Altitude": 1490.125 }, "geometry": { "type": "Point", "coordinates": [ 100.43, 38.93 ] } },
{ "type": "Feature", "properties": { "Altitude": 661.0625 }, "geometry": { "type": "Point", "coordinates": [ 123.97, 13.05 ] } },
{ "type": "Feature", "properties": { "Altitude": 176.45312 }, "geometry": { "type": "Point", "coordinates": [ 16.29311, 46.32516 ] } },
{ "type": "Feature", "properties": { "Altitude": 481.70312 }, "geometry": { "type": "Point", "coordinates": [ 7.33848445, 46.22030867 ] } },
{ "type": "Feature", "properties": { "Altitude": 53.808594 }, "geometry": { "type": "Point", "coordinates": [ 57.1, 65.11666667 ] } },
{ "type": "Feature", "properties": { "Altitude": 59.384766 }, "geometry": { "type": "Point", "coordinates": [ 126.635925, 36.55530278 ] } },
{ "type": "Feature", "properties": { "Altitude": 17.620117 }, "geometry": { "type": "Point", "coordinates": [ 12.56, 55.677 ] } },
{ "type": "Feature", "properties": { "Altitude": 499.48438 }, "geometry": { "type": "Point", "coordinates": [ 13.08333333, 41.91595556 ] } },
{ "type": "Feature", "properties": { "Altitude": 16.541016 }, "geometry": { "type": "Point", "coordinates": [ -2.356942, 36.846389 ] } },
{ "type": "Feature", "properties": { "Altitude": 1.0638428 }, "geometry": { "type": "Point", "coordinates": [ -64.68, 32.37 ] } },
{ "type": "Feature", "properties": { "Altitude": 394.96875 }, "geometry": { "type": "Point", "coordinates": [ -63.4069, -21.25428 ] } },
{ "type": "Feature", "properties": { "Altitude": 1077.1875 }, "geometry": { "type": "Point", "coordinates": [ 43.483333, 42.033333 ] } },
{ "type": "Feature", "properties": { "Altitude": 804.96875 }, "geometry": { "type": "Point", "coordinates": [ 35.78333333, 31.72 ] } },
{ "type": "Feature", "properties": { "Altitude": 153.78906 }, "geometry": { "type": "Point", "coordinates": [ 13.51533333, 43.587 ] } },
{ "type": "Feature", "properties": { "Altitude": 1907.8125 }, "geometry": { "type": "Point", "coordinates": [ 102.6833333, 25.01666667 ] } },
{ "type": "Feature", "properties": { "Altitude": 1509.1875 }, "geometry": { "type": "Point", "coordinates": [ 29.05573, -1.56708 ] } },
{ "type": "Feature", "properties": { "Altitude": 243.30469 }, "geometry": { "type": "Point", "coordinates": [ -82.12, 49.38 ] } },
{ "type": "Feature", "properties": { "Altitude": 542.53125 }, "geometry": { "type": "Point", "coordinates": [ 7.439320571, 46.95222563 ] } },
{ "type": "Feature", "properties": { "Altitude": 75.496094 }, "geometry": { "type": "Point", "coordinates": [ -71.60361111, -33.05536111 ] } },
{ "type": "Feature", "properties": { "Altitude": 1398.4375 }, "geometry": { "type": "Point", "coordinates": [ 106.9833333, 47.93333333 ] } },
{ "type": "Feature", "properties": { "Altitude": 160.24219 }, "geometry": { "type": "Point", "coordinates": [ -85.11, 9.69 ] } },
{ "type": "Feature", "properties": { "Altitude": 302.09375 }, "geometry": { "type": "Point", "coordinates": [ 146.2558333, -26.41388889 ] } },
{ "type": "Feature", "properties": { "Altitude": 385.5 }, "geometry": { "type": "Point", "coordinates": [ 110.08, 25.07 ] } },
{ "type": "Feature", "properties": { "Altitude": 2123.375 }, "geometry": { "type": "Point", "coordinates": [ 41.48333333, 40.18333333 ] } },
{ "type": "Feature", "properties": { "Altitude": 0.0 }, "geometry": { "type": "Point", "coordinates": [ 44.766667, 41.75 ] } },
{ "type": "Feature", "properties": { "Altitude": 697.40625 }, "geometry": { "type": "Point", "coordinates": [ -110.2, 51.67 ] } },
{ "type": "Feature", "properties": { "Altitude": 1259.9375 }, "geometry": { "type": "Point", "coordinates": [ 47.53, -18.9 ] } },
{ "type": "Feature", "properties": { "Altitude": 1546.1875 }, "geometry": { "type": "Point", "coordinates": [ 7.84117, 46.20239 ] } },
{ "type": "Feature", "properties": { "Altitude": 144.05469 }, "geometry": { "type": "Point", "coordinates": [ 92.2, 22.2 ] } },
{ "type": "Feature", "properties": { "Altitude": 588.34375 }, "geometry": { "type": "Point", "coordinates": [ -135.52, 63.37 ] } },
{ "type": "Feature", "properties": { "Altitude": 166.05469 }, "geometry": { "type": "Point", "coordinates": [ -64.33, -37.32 ] } },
{ "type": "Feature", "properties": { "Altitude": 95.183594 }, "geometry": { "type": "Point", "coordinates": [ 26.55916667, 41.67805556 ] } },
{ "type": "Feature", "properties": { "Altitude": 94.164062 }, "geometry": { "type": "Point", "coordinates": [ 22.96, 40.67 ] } },
{ "type": "Feature", "properties": { "Altitude": 3124.5 }, "geometry": { "type": "Point", "coordinates": [ -67.80245, -16.29773889 ] } },
{ "type": "Feature", "properties": { "Altitude": 614.3125 }, "geometry": { "type": "Point", "coordinates": [ 2.5047, 41.7787 ] } },
{ "type": "Feature", "properties": { "Altitude": 1713.75 }, "geometry": { "type": "Point", "coordinates": [ -1.65147, 40.50691 ] } },
{ "type": "Feature", "properties": { "Altitude": 8.7597656 }, "geometry": { "type": "Point", "coordinates": [ 88.49583333, 22.74527778 ] } },
{ "type": "Feature", "properties": { "Altitude": 1321.5625 }, "geometry": { "type": "Point", "coordinates": [ -65.19, -24.11 ] } },
{ "type": "Feature", "properties": { "Altitude": 23.626953 }, "geometry": { "type": "Point", "coordinates": [ 90.27916667, 23.95277778 ] } },
{ "type": "Feature", "properties": { "Altitude": 154.96875 }, "geometry": { "type": "Point", "coordinates": [ 2.07, 7.17 ] } },
{ "type": "Feature", "properties": { "Altitude": 137.54688 }, "geometry": { "type": "Point", "coordinates": [ -59.83, -36.8 ] } },
{ "type": "Feature", "properties": { "Altitude": 36.330078 }, "geometry": { "type": "Point", "coordinates": [ 12.95694444, 41.58194444 ] } },
{ "type": "Feature", "properties": { "Altitude": 1230.6875 }, "geometry": { "type": "Point", "coordinates": [ 41.86666667, 9.583055556 ] } },
{ "type": "Feature", "properties": { "Altitude": 58.835938 }, "geometry": { "type": "Point", "coordinates": [ -67.08, -0.13 ] } },
{ "type": "Feature", "properties": { "Altitude": 62.875 }, "geometry": { "type": "Point", "coordinates": [ -62.33333333, 82.5 ] } },
{ "type": "Feature", "properties": { "Altitude": 52.0 }, "geometry": { "type": "Point", "coordinates": [ -63.92, -8.77 ] } },
{ "type": "Feature", "properties": { "Altitude": 224.10938 }, "geometry": { "type": "Point", "coordinates": [ -75.22027778, 9.545 ] } },
{ "type": "Feature", "properties": { "Altitude": 4.0249023 }, "geometry": { "type": "Point", "coordinates": [ -80.33465278, 25.46411667 ] } },
{ "type": "Feature", "properties": { "Altitude": 510.6875 }, "geometry": { "type": "Point", "coordinates": [ 36.81666667, 31.85 ] } },
{ "type": "Feature", "properties": { "Altitude": 65.0 }, "geometry": { "type": "Point", "coordinates": [ -69.98, -4.38 ] } },
{ "type": "Feature", "properties": { "Altitude": 12.535156 }, "geometry": { "type": "Point", "coordinates": [ -63.27, 45.37 ] } },
{ "type": "Feature", "properties": { "Altitude": 479.0625 }, "geometry": { "type": "Point", "coordinates": [ 124.65, 11.11 ] } },
{ "type": "Feature", "properties": { "Altitude": 2830.5 }, "geometry": { "type": "Point", "coordinates": [ -78.68, -1.65 ] } },
{ "type": "Feature", "properties": { "Altitude": 93.789062 }, "geometry": { "type": "Point", "coordinates": [ -53.469, 69.2666 ] } },
{ "type": "Feature", "properties": { "Altitude": 0.0 }, "geometry": { "type": "Point", "coordinates": [ -78.83, -33.62 ] } },
{ "type": "Feature", "properties": { "Altitude": 9.9770508 }, "geometry": { "type": "Point", "coordinates": [ 91.99, 21.44 ] } },
{ "type": "Feature", "properties": { "Altitude": 265.25 }, "geometry": { "type": "Point", "coordinates": [ -101.1, 53.97 ] } },
{ "type": "Feature", "properties": { "Altitude": 175.35938 }, "geometry": { "type": "Point", "coordinates": [ -64.29, -36.62 ] } },
{ "type": "Feature", "properties": { "Altitude": 43.292969 }, "geometry": { "type": "Point", "coordinates": [ 9.5486, 54.5275 ] } },
{ "type": "Feature", "properties": { "Altitude": 94.992188 }, "geometry": { "type": "Point", "coordinates": [ 129.75, 62.08 ] } },
{ "type": "Feature", "properties": { "Altitude": 1735.125 }, "geometry": { "type": "Point", "coordinates": [ -2.90198, 37.30268 ] } },
{ "type": "Feature", "properties": { "Altitude": 12.910645 }, "geometry": { "type": "Point", "coordinates": [ 115.78, -31.95 ] } },
{ "type": "Feature", "properties": { "Altitude": 325.17188 }, "geometry": { "type": "Point", "coordinates": [ 123.91, 13.07 ] } },
{ "type": "Feature", "properties": { "Altitude": 1029.4375 }, "geometry": { "type": "Point", "coordinates": [ 80.85833333, 40.595 ] } },
{ "type": "Feature", "properties": { "Altitude": 0.0 }, "geometry": { "type": "Point", "coordinates": [ 48.47085278, 29.98601389 ] } },
{ "type": "Feature", "properties": { "Altitude": 118.87109 }, "geometry": { "type": "Point", "coordinates": [ -72.09198611, -36.6395 ] } },
{ "type": "Feature", "properties": { "Altitude": 0.0 }, "geometry": { "type": "Point", "coordinates": [ 81.73, 7.72 ] } },
{ "type": "Feature", "properties": { "Altitude": 3.7930908 }, "geometry": { "type": "Point", "coordinates": [ 30.3, 59.96666667 ] } },
{ "type": "Feature", "properties": { "Altitude": 3100.375 }, "geometry": { "type": "Point", "coordinates": [ -106.4038889, 35.9075 ] } },
{ "type": "Feature", "properties": { "Altitude": 470.85938 }, "geometry": { "type": "Point", "coordinates": [ -7.733333333, 41.31666667 ] } },
{ "type": "Feature", "properties": { "Altitude": 157.48438 }, "geometry": { "type": "Point", "coordinates": [ 117.998, 4.349 ] } },
{ "type": "Feature", "properties": { "Altitude": 628.3125 }, "geometry": { "type": "Point", "coordinates": [ -65.78583333, 18.27694444 ] } },
{ "type": "Feature", "properties": { "Altitude": 80.324219 }, "geometry": { "type": "Point", "coordinates": [ 7.86, 33.88 ] } },
{ "type": "Feature", "properties": { "Altitude": 59.011719 }, "geometry": { "type": "Point", "coordinates": [ 12.5, 41.9 ] } },
{ "type": "Feature", "properties": { "Altitude": -1.0 }, "geometry": { "type": "Point", "coordinates": [ 10.35235, 43.83758 ] } },
{ "type": "Feature", "properties": { "Altitude": 1068.9375 }, "geometry": { "type": "Point", "coordinates": [ 109.85, 40.67 ] } },
{ "type": "Feature", "properties": { "Altitude": 478.40625 }, "geometry": { "type": "Point", "coordinates": [ 13.3528, 48.545 ] } },
{ "type": "Feature", "properties": { "Altitude": 39.578125 }, "geometry": { "type": "Point", "coordinates": [ 118.18, 32.18 ] } },
{ "type": "Feature", "properties": { "Altitude": 674.46875 }, "geometry": { "type": "Point", "coordinates": [ 40.20361111, 37.90111111 ] } },
{ "type": "Feature", "properties": { "Altitude": 537.75 }, "geometry": { "type": "Point", "coordinates": [ 78.7625, 23.82611111 ] } },
{ "type": "Feature", "properties": { "Altitude": 79.179688 }, "geometry": { "type": "Point", "coordinates": [ 2.6965, 48.4042 ] } },
{ "type": "Feature", "properties": { "Altitude": 1.7421875 }, "geometry": { "type": "Point", "coordinates": [ 24.09549, 56.93604 ] } },
{ "type": "Feature", "properties": { "Altitude": 111.88281 }, "geometry": { "type": "Point", "coordinates": [ 43.49110278, 34.93145278 ] } },
{ "type": "Feature", "properties": { "Altitude": 299.89062 }, "geometry": { "type": "Point", "coordinates": [ -3.111833333, 14.64616667 ] } },
{ "type": "Feature", "properties": { "Altitude": -22.556641 }, "geometry": { "type": "Point", "coordinates": [ 48.03, 46.25 ] } },
{ "type": "Feature", "properties": { "Altitude": 2.0092773 }, "geometry": { "type": "Point", "coordinates": [ -65.73277778, 18.37583333 ] } },
{ "type": "Feature", "properties": { "Altitude": 23.870117 }, "geometry": { "type": "Point", "coordinates": [ 67.13, 24.9 ] } },
{ "type": "Feature", "properties": { "Altitude": 71.449219 }, "geometry": { "type": "Point", "coordinates": [ 173.28, -35.07 ] } },
{ "type": "Feature", "properties": { "Altitude": 98.636719 }, "geometry": { "type": "Point", "coordinates": [ -65.05, -42.48 ] } },
{ "type": "Feature", "properties": { "Altitude": 19.595703 }, "geometry": { "type": "Point", "coordinates": [ 3.18, 36.72 ] } },
{ "type": "Feature", "properties": { "Altitude": 165.34375 }, "geometry": { "type": "Point", "coordinates": [ -3.7, 58.38333333 ] } },
{ "type": "Feature", "properties": { "Altitude": 0.5645752 }, "geometry": { "type": "Point", "coordinates": [ 13.61666667, 45.46666667 ] } },
{ "type": "Feature", "properties": { "Altitude": 217.28906 }, "geometry": { "type": "Point", "coordinates": [ 79.52, 18.27 ] } },
{ "type": "Feature", "properties": { "Altitude": 788.75 }, "geometry": { "type": "Point", "coordinates": [ 22.45, 13.48 ] } },
{ "type": "Feature", "properties": { "Altitude": 1465.6875 }, "geometry": { "type": "Point", "coordinates": [ 29.01794, -1.68421 ] } },
{ "type": "Feature", "properties": { "Altitude": 308.89062 }, "geometry": { "type": "Point", "coordinates": [ -65.16666667, -37.43333333 ] } },
{ "type": "Feature", "properties": { "Altitude": 223.875 }, "geometry": { "type": "Point", "coordinates": [ 24.28416667, 45.03527778 ] } },
{ "type": "Feature", "properties": { "Altitude": 1040.0 }, "geometry": { "type": "Point", "coordinates": [ 113.5833333, 54.46666667 ] } },
{ "type": "Feature", "properties": { "Altitude": 60.794922 }, "geometry": { "type": "Point", "coordinates": [ -1.083333333, 52.88333333 ] } },
{ "type": "Feature", "properties": { "Altitude": 226.0625 }, "geometry": { "type": "Point", "coordinates": [ 35.56666667, 33.86666667 ] } },
{ "type": "Feature", "properties": { "Altitude": 40.359375 }, "geometry": { "type": "Point", "coordinates": [ -75.469, 9.4778 ] } },
{ "type": "Feature", "properties": { "Altitude": 1135.125 }, "geometry": { "type": "Point", "coordinates": [ -84.1, 9.93 ] } },
{ "type": "Feature", "properties": { "Altitude": 1992.375 }, "geometry": { "type": "Point", "coordinates": [ -78.56666667, -2.6 ] } },
{ "type": "Feature", "properties": { "Altitude": 48.583984 }, "geometry": { "type": "Point", "coordinates": [ -83.56566667, 22.464925 ] } },
{ "type": "Feature", "properties": { "Altitude": 108.5625 }, "geometry": { "type": "Point", "coordinates": [ 113.65, 34.72 ] } },
{ "type": "Feature", "properties": { "Altitude": 414.57812 }, "geometry": { "type": "Point", "coordinates": [ 25.20643889, 0.512102778 ] } },
{ "type": "Feature", "properties": { "Altitude": 1486.125 }, "geometry": { "type": "Point", "coordinates": [ -84.8075, 10.30944444 ] } },
{ "type": "Feature", "properties": { "Altitude": 66.21875 }, "geometry": { "type": "Point", "coordinates": [ 37.577, 49.04 ] } },
{ "type": "Feature", "properties": { "Altitude": 5.9089355 }, "geometry": { "type": "Point", "coordinates": [ 90.36, 22.7 ] } },
{ "type": "Feature", "properties": { "Altitude": 648.125 }, "geometry": { "type": "Point", "coordinates": [ 35.85, 32.53 ] } },
{ "type": "Feature", "properties": { "Altitude": 8.8662109 }, "geometry": { "type": "Point", "coordinates": [ 82.25666667, 17.02111111 ] } },
{ "type": "Feature", "properties": { "Altitude": 1487.3125 }, "geometry": { "type": "Point", "coordinates": [ 8.0036, 47.8747 ] } },
{ "type": "Feature", "properties": { "Altitude": 22.039062 }, "geometry": { "type": "Point", "coordinates": [ -74.78, 10.88 ] } },
{ "type": "Feature", "properties": { "Altitude": 981.1875 }, "geometry": { "type": "Point", "coordinates": [ 14.82, 37.11611111 ] } },
{ "type": "Feature", "properties": { "Altitude": 10.330566 }, "geometry": { "type": "Point", "coordinates": [ 103.1, 5.383333333 ] } },
{ "type": "Feature", "properties": { "Altitude": 3.3602295 }, "geometry": { "type": "Point", "coordinates": [ 117.1666667, 39.1 ] } },
{ "type": "Feature", "properties": { "Altitude": 76.890625 }, "geometry": { "type": "Point", "coordinates": [ 13.1931, 53.5483 ] } },
{ "type": "Feature", "properties": { "Altitude": 3127.375 }, "geometry": { "type": "Point", "coordinates": [ -78.14166667, -0.377777778 ] } },
{ "type": "Feature", "properties": { "Altitude": 626.78125 }, "geometry": { "type": "Point", "coordinates": [ -47.543743, -22.399288 ] } },
{ "type": "Feature", "properties": { "Altitude": 678.8125 }, "geometry": { "type": "Point", "coordinates": [ -6.733333333, 41.8 ] } },
{ "type": "Feature", "properties": { "Altitude": 3849.375 }, "geometry": { "type": "Point", "coordinates": [ -69.29166667, -16.27083333 ] } },
{ "type": "Feature", "properties": { "Altitude": 168.0625 }, "geometry": { "type": "Point", "coordinates": [ 117.9405556, 4.321388889 ] } },
{ "type": "Feature", "properties": { "Altitude": 552.5625 }, "geometry": { "type": "Point", "coordinates": [ 10.28423, 44.0206 ] } },
{ "type": "Feature", "properties": { "Altitude": 26.070312 }, "geometry": { "type": "Point", "coordinates": [ 12.3, 55.67 ] } },
{ "type": "Feature", "properties": { "Altitude": 3831.25 }, "geometry": { "type": "Point", "coordinates": [ -68.91666667, -16.85 ] } },
{ "type": "Feature", "properties": { "Altitude": 1077.8125 }, "geometry": { "type": "Point", "coordinates": [ 123.15, 9.28 ] } },
{ "type": "Feature", "properties": { "Altitude": 422.4375 }, "geometry": { "type": "Point", "coordinates": [ 15.25, -4.37 ] } },
{ "type": "Feature", "properties": { "Altitude": 163.78906 }, "geometry": { "type": "Point", "coordinates": [ 117.986, 4.359 ] } },
{ "type": "Feature", "properties": { "Altitude": 46.894531 }, "geometry": { "type": "Point", "coordinates": [ 24.9803513, 57.9343266 ] } },
{ "type": "Feature", "properties": { "Altitude": 2129.75 }, "geometry": { "type": "Point", "coordinates": [ -79.20111111, -4.036388889 ] } },
{ "type": "Feature", "properties": { "Altitude": 0.0 }, "geometry": { "type": "Point", "coordinates": [ 41.7, 42.14 ] } },
{ "type": "Feature", "properties": { "Altitude": 541.25 }, "geometry": { "type": "Point", "coordinates": [ 14.72555556, 36.9275 ] } },
{ "type": "Feature", "properties": { "Altitude": 51.390625 }, "geometry": { "type": "Point", "coordinates": [ -58.8425, -51.342 ] } },
{ "type": "Feature", "properties": { "Altitude": 1534.5 }, "geometry": { "type": "Point", "coordinates": [ 14.98333333, 44.81666667 ] } },
{ "type": "Feature", "properties": { "Altitude": 20.03418 }, "geometry": { "type": "Point", "coordinates": [ 110.35, 20.03333333 ] } },
{ "type": "Feature", "properties": { "Altitude": 1928.125 }, "geometry": { "type": "Point", "coordinates": [ 125.24, 6.99 ] } },
{ "type": "Feature", "properties": { "Altitude": 1258.6875 }, "geometry": { "type": "Point", "coordinates": [ -64.17048, -21.50303 ] } },
{ "type": "Feature", "properties": { "Altitude": 479.5 }, "geometry": { "type": "Point", "coordinates": [ -27.19, 38.71 ] } },
{ "type": "Feature", "properties": { "Altitude": 81.433594 }, "geometry": { "type": "Point", "coordinates": [ -57.51472879, -25.23582483 ] } },
{ "type": "Feature", "properties": { "Altitude": 52.095703 }, "geometry": { "type": "Point", "coordinates": [ 72.55, 23.03 ] } },
{ "type": "Feature", "properties": { "Altitude": 279.64062 }, "geometry": { "type": "Point", "coordinates": [ 117.9925, 4.378333333 ] } },
{ "type": "Feature", "properties": { "Altitude": 72.246094 }, "geometry": { "type": "Point", "coordinates": [ 135.17, 48.52 ] } },
{ "type": "Feature", "properties": { "Altitude": 25.551758 }, "geometry": { "type": "Point", "coordinates": [ 31.28, 30.08 ] } },
{ "type": "Feature", "properties": { "Altitude": 61.443359 }, "geometry": { "type": "Point", "coordinates": [ 35.15833333, 42.025 ] } },
{ "type": "Feature", "properties": { "Altitude": 0.0 }, "geometry": { "type": "Point", "coordinates": [ 61.68333333, 69.76666667 ] } },
{ "type": "Feature", "properties": { "Altitude": 0.0 }, "geometry": { "type": "Point", "coordinates": [ -169.52, 16.73 ] } },
{ "type": "Feature", "properties": { "Altitude": 2218.75 }, "geometry": { "type": "Point", "coordinates": [ -106.3, 35.86222222 ] } },
{ "type": "Feature", "properties": { "Altitude": 435.625 }, "geometry": { "type": "Point", "coordinates": [ -4.304111111, 11.17694444 ] } },
{ "type": "Feature", "properties": { "Altitude": 193.03906 }, "geometry": { "type": "Point", "coordinates": [ 36.26666667, 51.73333333 ] } },
{ "type": "Feature", "properties": { "Altitude": 504.51562 }, "geometry": { "type": "Point", "coordinates": [ -119.5494, 49.881 ] } },
{ "type": "Feature", "properties": { "Altitude": 800.375 }, "geometry": { "type": "Point", "coordinates": [ 123.17, 9.29 ] } },
{ "type": "Feature", "properties": { "Altitude": 4.9833984 }, "geometry": { "type": "Point", "coordinates": [ -67.05, 17.975 ] } },
{ "type": "Feature", "properties": { "Altitude": 227.71094 }, "geometry": { "type": "Point", "coordinates": [ 18.47571111, 48.28460556 ] } },
{ "type": "Feature", "properties": { "Altitude": 1417.1875 }, "geometry": { "type": "Point", "coordinates": [ 32.83, 34.95 ] } },
{ "type": "Feature", "properties": { "Altitude": 240.94531 }, "geometry": { "type": "Point", "coordinates": [ 14.8, 50.9 ] } },
{ "type": "Feature", "properties": { "Altitude": 844.875 }, "geometry": { "type": "Point", "coordinates": [ -43.96733333, -19.87086111 ] } },
{ "type": "Feature", "properties": { "Altitude": 3321.375 }, "geometry": { "type": "Point", "coordinates": [ -72.87166667, 7.189444444 ] } },
{ "type": "Feature", "properties": { "Altitude": 583.1875 }, "geometry": { "type": "Point", "coordinates": [ -72.07, -45.35 ] } },
{ "type": "Feature", "properties": { "Altitude": 101.74609 }, "geometry": { "type": "Point", "coordinates": [ 109.4, 24.35 ] } },
{ "type": "Feature", "properties": { "Altitude": 72.417969 }, "geometry": { "type": "Point", "coordinates": [ -120.45, 34.9 ] } },
{ "type": "Feature", "properties": { "Altitude": 0.0 }, "geometry": { "type": "Point", "coordinates": [ 16.09055556, 43.03916667 ] } },
{ "type": "Feature", "properties": { "Altitude": 4.5031738 }, "geometry": { "type": "Point", "coordinates": [ 116.06, 5.93 ] } },
{ "type": "Feature", "properties": { "Altitude": 62.691406 }, "geometry": { "type": "Point", "coordinates": [ 28.1, 36.38 ] } },
{ "type": "Feature", "properties": { "Altitude": 1371.25 }, "geometry": { "type": "Point", "coordinates": [ 10.47625833, 44.18900278 ] } },
{ "type": "Feature", "properties": { "Altitude": 5.8200684 }, "geometry": { "type": "Point", "coordinates": [ -57.7858, -51.7012 ] } },
{ "type": "Feature", "properties": { "Altitude": 16.0 }, "geometry": { "type": "Point", "coordinates": [ -51.07, 0.05 ] } },
{ "type": "Feature", "properties": { "Altitude": 439.10938 }, "geometry": { "type": "Point", "coordinates": [ 1.38, 10.3 ] } },
{ "type": "Feature", "properties": { "Altitude": 113.0 }, "geometry": { "type": "Point", "coordinates": [ 144.83, 13.55 ] } },
{ "type": "Feature", "properties": { "Altitude": 1698.0625 }, "geometry": { "type": "Point", "coordinates": [ 38.48, 7.08 ] } },
{ "type": "Feature", "properties": { "Altitude": 0.0 }, "geometry": { "type": "Point", "coordinates": [ -48.0, 35.0 ] } },
{ "type": "Feature", "properties": { "Altitude": 780.84375 }, "geometry": { "type": "Point", "coordinates": [ -46.63333333, -23.57 ] } },
{ "type": "Feature", "properties": { "Altitude": 9.3139648 }, "geometry": { "type": "Point", "coordinates": [ 41.63333333, 41.65 ] } },
{ "type": "Feature", "properties": { "Altitude": 228.9375 }, "geometry": { "type": "Point", "coordinates": [ -80.27, 42.85 ] } },
{ "type": "Feature", "properties": { "Altitude": 2186.5 }, "geometry": { "type": "Point", "coordinates": [ 35.35, -0.37 ] } },
{ "type": "Feature", "properties": { "Altitude": 3679.0 }, "geometry": { "type": "Point", "coordinates": [ -66.63797, -20.67652 ] } },
{ "type": "Feature", "properties": { "Altitude": 2753.5 }, "geometry": { "type": "Point", "coordinates": [ -79.71638889, -4.633888889 ] } },
{ "type": "Feature", "properties": { "Altitude": 67.636719 }, "geometry": { "type": "Point", "coordinates": [ -94.98, 74.72 ] } },
{ "type": "Feature", "properties": { "Altitude": 2004.75 }, "geometry": { "type": "Point", "coordinates": [ 42.01666667, 9.4 ] } },
{ "type": "Feature", "properties": { "Altitude": 68.214844 }, "geometry": { "type": "Point", "coordinates": [ -4.57, 48.36 ] } },
{ "type": "Feature", "properties": { "Altitude": 200.875 }, "geometry": { "type": "Point", "coordinates": [ -110.9706, 29.0814 ] } },
{ "type": "Feature", "properties": { "Altitude": 1175.3125 }, "geometry": { "type": "Point", "coordinates": [ 55.47161911, -21.02823729 ] } },
{ "type": "Feature", "properties": { "Altitude": 311.70312 }, "geometry": { "type": "Point", "coordinates": [ 18.31282815, 0.065481835 ] } },
{ "type": "Feature", "properties": { "Altitude": 2226.875 }, "geometry": { "type": "Point", "coordinates": [ 81.00833333, 36.29166667 ] } },
{ "type": "Feature", "properties": { "Altitude": 906.125 }, "geometry": { "type": "Point", "coordinates": [ 5.78, 44.95 ] } },
{ "type": "Feature", "properties": { "Altitude": 553.1875 }, "geometry": { "type": "Point", "coordinates": [ -65.74583333, 18.30388889 ] } },
{ "type": "Feature", "properties": { "Altitude": 34.734375 }, "geometry": { "type": "Point", "coordinates": [ -56.16666667, -34.90416667 ] } },
{ "type": "Feature", "properties": { "Altitude": 4.2321777 }, "geometry": { "type": "Point", "coordinates": [ 24.07, 56.97 ] } },
{ "type": "Feature", "properties": { "Altitude": 1192.1875 }, "geometry": { "type": "Point", "coordinates": [ 32.526, -0.411 ] } },
{ "type": "Feature", "properties": { "Altitude": 3176.75 }, "geometry": { "type": "Point", "coordinates": [ 78.94027778, 30.99666667 ] } },
{ "type": "Feature", "properties": { "Altitude": 61.84375 }, "geometry": { "type": "Point", "coordinates": [ 42.82328333, 33.65243333 ] } },
{ "type": "Feature", "properties": { "Altitude": 714.65625 }, "geometry": { "type": "Point", "coordinates": [ 35.98333333, 31.66666667 ] } },
{ "type": "Feature", "properties": { "Altitude": 372.875 }, "geometry": { "type": "Point", "coordinates": [ -81.8, 40.37 ] } },
{ "type": "Feature", "properties": { "Altitude": 92.0 }, "geometry": { "type": "Point", "coordinates": [ -69.2, 0.616666667 ] } },
{ "type": "Feature", "properties": { "Altitude": 1457.5 }, "geometry": { "type": "Point", "coordinates": [ -84.80472222, 10.30666667 ] } },
{ "type": "Feature", "properties": { "Altitude": 787.34375 }, "geometry": { "type": "Point", "coordinates": [ 68.78, 38.55 ] } },
{ "type": "Feature", "properties": { "Altitude": 1111.5 }, "geometry": { "type": "Point", "coordinates": [ 106.2166667, 38.48333333 ] } },
{ "type": "Feature", "properties": { "Altitude": 1709.9375 }, "geometry": { "type": "Point", "coordinates": [ -106.0647222, 36.00805556 ] } },
{ "type": "Feature", "properties": { "Altitude": 141.59375 }, "geometry": { "type": "Point", "coordinates": [ -85.56, 80.0 ] } },
{ "type": "Feature", "properties": { "Altitude": 505.07812 }, "geometry": { "type": "Point", "coordinates": [ 15.66666667, 40.88333333 ] } },
{ "type": "Feature", "properties": { "Altitude": 612.5 }, "geometry": { "type": "Point", "coordinates": [ -89.12, 13.7 ] } },
{ "type": "Feature", "properties": { "Altitude": 123.19141 }, "geometry": { "type": "Point", "coordinates": [ -72.36333333, 11.21944444 ] } },
{ "type": "Feature", "properties": { "Altitude": 2.4233398 }, "geometry": { "type": "Point", "coordinates": [ 106.62, 17.46 ] } },
{ "type": "Feature", "properties": { "Altitude": 151.39844 }, "geometry": { "type": "Point", "coordinates": [ 46.03333333, 51.56666667 ] } },
{ "type": "Feature", "properties": { "Altitude": 203.71875 }, "geometry": { "type": "Point", "coordinates": [ -111.97, 60.02 ] } },
{ "type": "Feature", "properties": { "Altitude": 277.0 }, "geometry": { "type": "Point", "coordinates": [ -80.08166667, -3.882777778 ] } },
{ "type": "Feature", "properties": { "Altitude": 2599.5 }, "geometry": { "type": "Point", "coordinates": [ -74.02864167, 4.693816667 ] } },
{ "type": "Feature", "properties": { "Altitude": 195.67188 }, "geometry": { "type": "Point", "coordinates": [ -62.16, -38.47 ] } },
{ "type": "Feature", "properties": { "Altitude": 1143.6875 }, "geometry": { "type": "Point", "coordinates": [ 32.53, 0.73 ] } },
{ "type": "Feature", "properties": { "Altitude": 2957.125 }, "geometry": { "type": "Point", "coordinates": [ -65.71519, -21.43846 ] } },
{ "type": "Feature", "properties": { "Altitude": 602.15625 }, "geometry": { "type": "Point", "coordinates": [ 15.61666667, 40.98333333 ] } },
{ "type": "Feature", "properties": { "Altitude": 84.476562 }, "geometry": { "type": "Point", "coordinates": [ 80.38333333, 8.35 ] } },
{ "type": "Feature", "properties": { "Altitude": 14.982422 }, "geometry": { "type": "Point", "coordinates": [ 54.11666667, 17.03333333 ] } },
{ "type": "Feature", "properties": { "Altitude": 5.151123 }, "geometry": { "type": "Point", "coordinates": [ -58.8508, -52.2065 ] } },
{ "type": "Feature", "properties": { "Altitude": 333.67188 }, "geometry": { "type": "Point", "coordinates": [ 33.40214238, 34.91313571 ] } },
{ "type": "Feature", "properties": { "Altitude": 862.78125 }, "geometry": { "type": "Point", "coordinates": [ -85.32, 10.76666667 ] } },
{ "type": "Feature", "properties": { "Altitude": 877.0625 }, "geometry": { "type": "Point", "coordinates": [ 35.93, 31.98 ] } },
{ "type": "Feature", "properties": { "Altitude": 32.667969 }, "geometry": { "type": "Point", "coordinates": [ 0.25, 52.16666667 ] } },
{ "type": "Feature", "properties": { "Altitude": 383.375 }, "geometry": { "type": "Point", "coordinates": [ 13.3372, 50.9269 ] } },
{ "type": "Feature", "properties": { "Altitude": 234.5625 }, "geometry": { "type": "Point", "coordinates": [ 1.959444444, 41.32 ] } },
{ "type": "Feature", "properties": { "Altitude": 1907.5 }, "geometry": { "type": "Point", "coordinates": [ 57.6375, 23.07083333 ] } },
{ "type": "Feature", "properties": { "Altitude": 76.5 }, "geometry": { "type": "Point", "coordinates": [ -49.13472222, -5.333333333 ] } },
{ "type": "Feature", "properties": { "Altitude": 35.291016 }, "geometry": { "type": "Point", "coordinates": [ -63.11916667, 46.28916667 ] } },
{ "type": "Feature", "properties": { "Altitude": 127.09766 }, "geometry": { "type": "Point", "coordinates": [ -148.21635280000001, 64.69403056 ] } },
{ "type": "Feature", "properties": { "Altitude": 1882.75 }, "geometry": { "type": "Point", "coordinates": [ 80.76666667, 6.966666667 ] } },
{ "type": "Feature", "properties": { "Altitude": 1778.25 }, "geometry": { "type": "Point", "coordinates": [ -64.78, -31.39 ] } },
{ "type": "Feature", "properties": { "Altitude": 947.03125 }, "geometry": { "type": "Point", "coordinates": [ 13.06111111, 43.34305556 ] } },
{ "type": "Feature", "properties": { "Altitude": 1737.1875 }, "geometry": { "type": "Point", "coordinates": [ -67.72678333, -16.18825833 ] } },
{ "type": "Feature", "properties": { "Altitude": 798.625 }, "geometry": { "type": "Point", "coordinates": [ -65.79388889, 18.295 ] } },
{ "type": "Feature", "properties": { "Altitude": 9.2939453 }, "geometry": { "type": "Point", "coordinates": [ 17.23333333, 40.51666667 ] } },
{ "type": "Feature", "properties": { "Altitude": 14.911133 }, "geometry": { "type": "Point", "coordinates": [ 79.87, 6.906666667 ] } },
{ "type": "Feature", "properties": { "Altitude": 103.00391 }, "geometry": { "type": "Point", "coordinates": [ 56.18, 58.01 ] } },
{ "type": "Feature", "properties": { "Altitude": 3815.25 }, "geometry": { "type": "Point", "coordinates": [ -69.98222222, -15.55555556 ] } },
{ "type": "Feature", "properties": { "Altitude": 719.1875 }, "geometry": { "type": "Point", "coordinates": [ 125.19, 7.04 ] } },
{ "type": "Feature", "properties": { "Altitude": 218.125 }, "geometry": { "type": "Point", "coordinates": [ 27.63, 53.93 ] } },
{ "type": "Feature", "properties": { "Altitude": 1113.25 }, "geometry": { "type": "Point", "coordinates": [ 30.55, 37.75 ] } },
{ "type": "Feature", "properties": { "Altitude": 32.125 }, "geometry": { "type": "Point", "coordinates": [ -80.48231667, 22.06538333 ] } },
{ "type": "Feature", "properties": { "Altitude": 881.0625 }, "geometry": { "type": "Point", "coordinates": [ -27.31, 38.73 ] } },
{ "type": "Feature", "properties": { "Altitude": 199.46875 }, "geometry": { "type": "Point", "coordinates": [ 37.51666667, 55.7 ] } },
{ "type": "Feature", "properties": { "Altitude": 0.0 }, "geometry": { "type": "Point", "coordinates": [ -124.48, 47.67 ] } },
{ "type": "Feature", "properties": { "Altitude": 0.63311768 }, "geometry": { "type": "Point", "coordinates": [ 4.78, 52.93 ] } },
{ "type": "Feature", "properties": { "Altitude": 958.9375 }, "geometry": { "type": "Point", "coordinates": [ -77.94388889, -1.5075 ] } },
{ "type": "Feature", "properties": { "Altitude": 245.49219 }, "geometry": { "type": "Point", "coordinates": [ -54.83871667, -25.45590833 ] } },
{ "type": "Feature", "properties": { "Altitude": 16.938477 }, "geometry": { "type": "Point", "coordinates": [ -161.8, 60.78 ] } },
{ "type": "Feature", "properties": { "Altitude": 3703.375 }, "geometry": { "type": "Point", "coordinates": [ -67.08, -17.97472 ] } },
{ "type": "Feature", "properties": { "Altitude": 367.4375 }, "geometry": { "type": "Point", "coordinates": [ 18.383333, 9.15 ] } },
{ "type": "Feature", "properties": { "Altitude": 2350.5 }, "geometry": { "type": "Point", "coordinates": [ -65.5, -23.75 ] } },
{ "type": "Feature", "properties": { "Altitude": 2725.25 }, "geometry": { "type": "Point", "coordinates": [ -74.29085833, 4.501352778 ] } },
{ "type": "Feature", "properties": { "Altitude": 78.394531 }, "geometry": { "type": "Point", "coordinates": [ -75.6862, 45.3738 ] } },
{ "type": "Feature", "properties": { "Altitude": 500.26562 }, "geometry": { "type": "Point", "coordinates": [ 36.71666667, 34.75 ] } },
{ "type": "Feature", "properties": { "Altitude": 233.73438 }, "geometry": { "type": "Point", "coordinates": [ -2.9875, 36.78416667 ] } },
{ "type": "Feature", "properties": { "Altitude": -7.1420898 }, "geometry": { "type": "Point", "coordinates": [ 29.87666667, 31.2025 ] } },
{ "type": "Feature", "properties": { "Altitude": 1644.5 }, "geometry": { "type": "Point", "coordinates": [ -106.2561111, 35.75 ] } },
{ "type": "Feature", "properties": { "Altitude": 0.0 }, "geometry": { "type": "Point", "coordinates": [ 18.08333333, 42.66 ] } },
{ "type": "Feature", "properties": { "Altitude": 2965.0 }, "geometry": { "type": "Point", "coordinates": [ -99.3094, 19.31396667 ] } },
{ "type": "Feature", "properties": { "Altitude": 323.625 }, "geometry": { "type": "Point", "coordinates": [ -38.57735833, -8.587013889 ] } },
{ "type": "Feature", "properties": { "Altitude": 2530.0 }, "geometry": { "type": "Point", "coordinates": [ -78.98333333, -2.883333333 ] } },
{ "type": "Feature", "properties": { "Altitude": 211.74219 }, "geometry": { "type": "Point", "coordinates": [ 147.4572222, -35.15833333 ] } },
{ "type": "Feature", "properties": { "Altitude": 59.224609 }, "geometry": { "type": "Point", "coordinates": [ 9.823, 52.405 ] } },
{ "type": "Feature", "properties": { "Altitude": 2.6035156 }, "geometry": { "type": "Point", "coordinates": [ -60.007, 43.933 ] } },
{ "type": "Feature", "properties": { "Altitude": 159.84375 }, "geometry": { "type": "Point", "coordinates": [ -114.27, 62.28 ] } },
{ "type": "Feature", "properties": { "Altitude": 38.84375 }, "geometry": { "type": "Point", "coordinates": [ 11.33888889, 44.52361111 ] } },
{ "type": "Feature", "properties": { "Altitude": 1.5 }, "geometry": { "type": "Point", "coordinates": [ 101.5833333, 2.816666667 ] } },
{ "type": "Feature", "properties": { "Altitude": 37.949219 }, "geometry": { "type": "Point", "coordinates": [ 44.03346944, 32.61658333 ] } },
{ "type": "Feature", "properties": { "Altitude": 0.0 }, "geometry": { "type": "Point", "coordinates": [ 45.48333333, 41.93333333 ] } },
{ "type": "Feature", "properties": { "Altitude": 364.48438 }, "geometry": { "type": "Point", "coordinates": [ 123.96, 13.01 ] } },
{ "type": "Feature", "properties": { "Altitude": 180.96875 }, "geometry": { "type": "Point", "coordinates": [ 118.0361111, 4.390833333 ] } },
{ "type": "Feature", "properties": { "Altitude": 671.1875 }, "geometry": { "type": "Point", "coordinates": [ 13.2, 3.966666667 ] } },
{ "type": "Feature", "properties": { "Altitude": 533.15625 }, "geometry": { "type": "Point", "coordinates": [ -6.590833333, 42.54633333 ] } },
{ "type": "Feature", "properties": { "Altitude": 3.6643066 }, "geometry": { "type": "Point", "coordinates": [ 151.1730556, -33.94638889 ] } },
{ "type": "Feature", "properties": { "Altitude": 14.29541 }, "geometry": { "type": "Point", "coordinates": [ -85.345, 10.31 ] } },
{ "type": "Feature", "properties": { "Altitude": 31.658203 }, "geometry": { "type": "Point", "coordinates": [ 33.83, 31.08 ] } },
{ "type": "Feature", "properties": { "Altitude": 2151.0 }, "geometry": { "type": "Point", "coordinates": [ -111.67, 35.13 ] } },
{ "type": "Feature", "properties": { "Altitude": 1727.9375 }, "geometry": { "type": "Point", "coordinates": [ -106.3547222, 35.67805556 ] } },
{ "type": "Feature", "properties": { "Altitude": 0.0 }, "geometry": { "type": "Point", "coordinates": [ 13.63, 78.07 ] } },
{ "type": "Feature", "properties": { "Altitude": 1213.5625 }, "geometry": { "type": "Point", "coordinates": [ 125.23, 7.02 ] } },
{ "type": "Feature", "properties": { "Altitude": 154.53906 }, "geometry": { "type": "Point", "coordinates": [ 1.469444444, 43.55833333 ] } },
{ "type": "Feature", "properties": { "Altitude": 2965.0 }, "geometry": { "type": "Point", "coordinates": [ -99.30938333, 19.31396667 ] } },
{ "type": "Feature", "properties": { "Altitude": 0.0 }, "geometry": { "type": "Point", "coordinates": [ -156.78, 71.3 ] } },
{ "type": "Feature", "properties": { "Altitude": 41.537109 }, "geometry": { "type": "Point", "coordinates": [ 81.01666667, 8.35 ] } },
{ "type": "Feature", "properties": { "Altitude": 0.059604645 }, "geometry": { "type": "Point", "coordinates": [ 33.05, 68.96666667 ] } },
{ "type": "Feature", "properties": { "Altitude": 2387.875 }, "geometry": { "type": "Point", "coordinates": [ 125.26, 6.98 ] } },
{ "type": "Feature", "properties": { "Altitude": 2256.25 }, "geometry": { "type": "Point", "coordinates": [ 29.26785, -1.55085 ] } },
{ "type": "Feature", "properties": { "Altitude": 32.529297 }, "geometry": { "type": "Point", "coordinates": [ -60.6875, -51.3505 ] } },
{ "type": "Feature", "properties": { "Altitude": 3.553833 }, "geometry": { "type": "Point", "coordinates": [ 47.81508333, 30.51176389 ] } },
{ "type": "Feature", "properties": { "Altitude": 399.76562 }, "geometry": { "type": "Point", "coordinates": [ 117.9086111, 4.427 ] } },
{ "type": "Feature", "properties": { "Altitude": 633.375 }, "geometry": { "type": "Point", "coordinates": [ 8.728055556, 36.17222222 ] } },
{ "type": "Feature", "properties": { "Altitude": 141.75781 }, "geometry": { "type": "Point", "coordinates": [ 5.47, 50.7 ] } },
{ "type": "Feature", "properties": { "Altitude": 266.375 }, "geometry": { "type": "Point", "coordinates": [ 77.89388889, 29.86777778 ] } },
{ "type": "Feature", "properties": { "Altitude": 1342.3125 }, "geometry": { "type": "Point", "coordinates": [ 106.7, 35.53333056 ] } },
{ "type": "Feature", "properties": { "Altitude": 282.5 }, "geometry": { "type": "Point", "coordinates": [ -119.4651694, 49.03146667 ] } },
{ "type": "Feature", "properties": { "Altitude": 3688.25 }, "geometry": { "type": "Point", "coordinates": [ -67.76126, -20.90388 ] } },
{ "type": "Feature", "properties": { "Altitude": 119.17969 }, "geometry": { "type": "Point", "coordinates": [ 16.84305556, 47.85166667 ] } },
{ "type": "Feature", "properties": { "Altitude": 2690.875 }, "geometry": { "type": "Point", "coordinates": [ -74.166525, 4.575530556 ] } },
{ "type": "Feature", "properties": { "Altitude": 2186.875 }, "geometry": { "type": "Point", "coordinates": [ -106.2791667, 35.88194444 ] } },
{ "type": "Feature", "properties": { "Altitude": 1426.5 }, "geometry": { "type": "Point", "coordinates": [ 29.65, 37.05 ] } },
{ "type": "Feature", "properties": { "Altitude": 117.19141 }, "geometry": { "type": "Point", "coordinates": [ 39.86666667, 59.28333333 ] } },
{ "type": "Feature", "properties": { "Altitude": 230.54688 }, "geometry": { "type": "Point", "coordinates": [ 125.2166667, 43.9 ] } },
{ "type": "Feature", "properties": { "Altitude": 231.36719 }, "geometry": { "type": "Point", "coordinates": [ 124.62, 11.12 ] } },
{ "type": "Feature", "properties": { "Altitude": 2527.5 }, "geometry": { "type": "Point", "coordinates": [ -72.93805556, 7.208333333 ] } },
{ "type": "Feature", "properties": { "Altitude": 813.53125 }, "geometry": { "type": "Point", "coordinates": [ -86.36027778, 13.12416667 ] } },
{ "type": "Feature", "properties": { "Altitude": 48.189453 }, "geometry": { "type": "Point", "coordinates": [ -69.917, 18.483 ] } },
{ "type": "Feature", "properties": { "Altitude": 0.0 }, "geometry": { "type": "Point", "coordinates": [ 15.29777778, 37.10277778 ] } },
{ "type": "Feature", "properties": { "Altitude": 573.625 }, "geometry": { "type": "Point", "coordinates": [ 11.15833333, 2.916666667 ] } },
{ "type": "Feature", "properties": { "Altitude": 3229.25 }, "geometry": { "type": "Point", "coordinates": [ 29.25038, -1.53085 ] } },
{ "type": "Feature", "properties": { "Altitude": 762.84375 }, "geometry": { "type": "Point", "coordinates": [ -68.85, -32.88 ] } },
{ "type": "Feature", "properties": { "Altitude": 2257.125 }, "geometry": { "type": "Point", "coordinates": [ -106.3336111, 35.85888889 ] } },
{ "type": "Feature", "properties": { "Altitude": 465.64062 }, "geometry": { "type": "Point", "coordinates": [ 15.68333333, 40.96666667 ] } },
{ "type": "Feature", "properties": { "Altitude": 0.0 }, "geometry": { "type": "Point", "coordinates": [ 13.75, 45.65 ] } },
{ "type": "Feature", "properties": { "Altitude": 609.09375 }, "geometry": { "type": "Point", "coordinates": [ 103.91, 21.32 ] } },
{ "type": "Feature", "properties": { "Altitude": 454.85938 }, "geometry": { "type": "Point", "coordinates": [ -58.56, -62.12 ] } },
{ "type": "Feature", "properties": { "Altitude": 73.972656 }, "geometry": { "type": "Point", "coordinates": [ -62.67, -30.92 ] } },
{ "type": "Feature", "properties": { "Altitude": 78.261719 }, "geometry": { "type": "Point", "coordinates": [ -81.29438889, 22.91692222 ] } },
{ "type": "Feature", "properties": { "Altitude": 23.490234 }, "geometry": { "type": "Point", "coordinates": [ 4.825277778, 43.945 ] } },
{ "type": "Feature", "properties": { "Altitude": 12.702637 }, "geometry": { "type": "Point", "coordinates": [ -91.200961, 13.995364 ] } },
{ "type": "Feature", "properties": { "Altitude": 3488.75 }, "geometry": { "type": "Point", "coordinates": [ -76.07, 3.305997222 ] } },
{ "type": "Feature", "properties": { "Altitude": 2535.625 }, "geometry": { "type": "Point", "coordinates": [ 29.26068, -1.54475 ] } },
{ "type": "Feature", "properties": { "Altitude": 1134.8125 }, "geometry": { "type": "Point", "coordinates": [ 35.75335, -6.18527 ] } },
{ "type": "Feature", "properties": { "Altitude": 25.894531 }, "geometry": { "type": "Point", "coordinates": [ 14.55444444, 36.78611111 ] } },
{ "type": "Feature", "properties": { "Altitude": 2504.375 }, "geometry": { "type": "Point", "coordinates": [ -156.2478, 20.74167222 ] } },
{ "type": "Feature", "properties": { "Altitude": 3949.375 }, "geometry": { "type": "Point", "coordinates": [ -69.325, -16.63333333 ] } },
{ "type": "Feature", "properties": { "Altitude": 18.334961 }, "geometry": { "type": "Point", "coordinates": [ 23.73, 37.9 ] } },
{ "type": "Feature", "properties": { "Altitude": 17.571289 }, "geometry": { "type": "Point", "coordinates": [ 10.33, 55.47 ] } },
{ "type": "Feature", "properties": { "Altitude": 570.125 }, "geometry": { "type": "Point", "coordinates": [ 35.85, 32.55 ] } },
{ "type": "Feature", "properties": { "Altitude": 0.0 }, "geometry": { "type": "Point", "coordinates": [ -43.11666667, 60.03333333 ] } },
{ "type": "Feature", "properties": { "Altitude": 1820.6875 }, "geometry": { "type": "Point", "coordinates": [ -89.28055556, 13.73194444 ] } },
{ "type": "Feature", "properties": { "Altitude": 121.97656 }, "geometry": { "type": "Point", "coordinates": [ -148.2046056, 64.70806111 ] } },
{ "type": "Feature", "properties": { "Altitude": 0.0 }, "geometry": { "type": "Point", "coordinates": [ 158.65, 52.98 ] } },
{ "type": "Feature", "properties": { "Altitude": 653.5 }, "geometry": { "type": "Point", "coordinates": [ -3.686133333, 40.40725278 ] } },
{ "type": "Feature", "properties": { "Altitude": 2340.625 }, "geometry": { "type": "Point", "coordinates": [ -78.43991111, -0.009227778 ] } },
{ "type": "Feature", "properties": { "Altitude": 294.57812 }, "geometry": { "type": "Point", "coordinates": [ -3.52, 14.08 ] } },
{ "type": "Feature", "properties": { "Altitude": 53.804688 }, "geometry": { "type": "Point", "coordinates": [ -80.90583333, 22.71916667 ] } },
{ "type": "Feature", "properties": { "Altitude": 44.691406 }, "geometry": { "type": "Point", "coordinates": [ 113.0666667, 28.2 ] } },
{ "type": "Feature", "properties": { "Altitude": 353.9375 }, "geometry": { "type": "Point", "coordinates": [ 78.3025, 30.11222222 ] } },
{ "type": "Feature", "properties": { "Altitude": 10.356445 }, "geometry": { "type": "Point", "coordinates": [ 96.17, 16.77 ] } },
{ "type": "Feature", "properties": { "Altitude": 155.96094 }, "geometry": { "type": "Point", "coordinates": [ 14.84138889, 37.29611111 ] } },
{ "type": "Feature", "properties": { "Altitude": 444.70312 }, "geometry": { "type": "Point", "coordinates": [ 15.02694444, 37.15805556 ] } },
{ "type": "Feature", "properties": { "Altitude": 0.0 }, "geometry": { "type": "Point", "coordinates": [ 40.5, 64.58 ] } },
{ "type": "Feature", "properties": { "Altitude": 1513.3125 }, "geometry": { "type": "Point", "coordinates": [ -84.05, 9.8 ] } },
{ "type": "Feature", "properties": { "Altitude": 20.870117 }, "geometry": { "type": "Point", "coordinates": [ 15.24, 44.12 ] } },
{ "type": "Feature", "properties": { "Altitude": 14.047852 }, "geometry": { "type": "Point", "coordinates": [ 45.28, 31.31859722 ] } },
{ "type": "Feature", "properties": { "Altitude": 19.258789 }, "geometry": { "type": "Point", "coordinates": [ 10.07945, 42.5859 ] } },
{ "type": "Feature", "properties": { "Altitude": 25.878906 }, "geometry": { "type": "Point", "coordinates": [ 16.86666667, 41.1 ] } },
{ "type": "Feature", "properties": { "Altitude": 3633.25 }, "geometry": { "type": "Point", "coordinates": [ -105.7833333, 35.7875 ] } },
{ "type": "Feature", "properties": { "Altitude": 124.00391 }, "geometry": { "type": "Point", "coordinates": [ -85.46111111, 10.62277778 ] } },
{ "type": "Feature", "properties": { "Altitude": 397.76562 }, "geometry": { "type": "Point", "coordinates": [ -65.165193, 45.69356 ] } },
{ "type": "Feature", "properties": { "Altitude": 1385.8125 }, "geometry": { "type": "Point", "coordinates": [ 34.08333333, 36.79444444 ] } },
{ "type": "Feature", "properties": { "Altitude": 0.0 }, "geometry": { "type": "Point", "coordinates": [ -157.46, 1.98 ] } },
{ "type": "Feature", "properties": { "Altitude": 676.84375 }, "geometry": { "type": "Point", "coordinates": [ 11.98333333, 2.933333333 ] } },
{ "type": "Feature", "properties": { "Altitude": 731.34375 }, "geometry": { "type": "Point", "coordinates": [ 36.08922351, 31.36971747 ] } },
{ "type": "Feature", "properties": { "Altitude": 738.5 }, "geometry": { "type": "Point", "coordinates": [ 37.10256124, 32.199137 ] } },
{ "type": "Feature", "properties": { "Altitude": 396.5625 }, "geometry": { "type": "Point", "coordinates": [ 14.469722, 48.951944 ] } },
{ "type": "Feature", "properties": { "Altitude": 777.75 }, "geometry": { "type": "Point", "coordinates": [ 74.49333333, 15.88055556 ] } },
{ "type": "Feature", "properties": { "Altitude": 120.01172 }, "geometry": { "type": "Point", "coordinates": [ 56.9593, 57.4368 ] } },
{ "type": "Feature", "properties": { "Altitude": 38.8125 }, "geometry": { "type": "Point", "coordinates": [ 161.3425, 68.75944444 ] } },
{ "type": "Feature", "properties": { "Altitude": 1367.125 }, "geometry": { "type": "Point", "coordinates": [ 17.7, -14.67 ] } },
{ "type": "Feature", "properties": { "Altitude": 44.912109 }, "geometry": { "type": "Point", "coordinates": [ 13.05, 40.96666667 ] } },
{ "type": "Feature", "properties": { "Altitude": 664.3125 }, "geometry": { "type": "Point", "coordinates": [ 35.88333333, 32.18333333 ] } },
{ "type": "Feature", "properties": { "Altitude": 352.0625 }, "geometry": { "type": "Point", "coordinates": [ -96.49277778, 41.15305556 ] } },
{ "type": "Feature", "properties": { "Altitude": 266.92188 }, "geometry": { "type": "Point", "coordinates": [ -84.00027778, 10.29583333 ] } },
{ "type": "Feature", "properties": { "Altitude": 3648.875 }, "geometry": { "type": "Point", "coordinates": [ -76.00170278, 3.440516667 ] } },
{ "type": "Feature", "properties": { "Altitude": 408.65625 }, "geometry": { "type": "Point", "coordinates": [ -39.60638889, -5.975277778 ] } },
{ "type": "Feature", "properties": { "Altitude": 506.5 }, "geometry": { "type": "Point", "coordinates": [ 35.66666667, 33.96666667 ] } },
{ "type": "Feature", "properties": { "Altitude": 1061.9375 }, "geometry": { "type": "Point", "coordinates": [ 36.57, 32.70555556 ] } },
{ "type": "Feature", "properties": { "Altitude": 400.01562 }, "geometry": { "type": "Point", "coordinates": [ 123.2, 9.31 ] } },
{ "type": "Feature", "properties": { "Altitude": 1334.5 }, "geometry": { "type": "Point", "coordinates": [ 108.7969333, 37.6045 ] } },
{ "type": "Feature", "properties": { "Altitude": 322.9375 }, "geometry": { "type": "Point", "coordinates": [ 23.95, 49.81666667 ] } },
{ "type": "Feature", "properties": { "Altitude": 268.21875 }, "geometry": { "type": "Point", "coordinates": [ -4.1, 14.53 ] } },
{ "type": "Feature", "properties": { "Altitude": 0.0 }, "geometry": { "type": "Point", "coordinates": [ 32.35, 67.15 ] } },
{ "type": "Feature", "properties": { "Altitude": 58.746094 }, "geometry": { "type": "Point", "coordinates": [ 57.63944444, -20.47583333 ] } },
{ "type": "Feature", "properties": { "Altitude": 302.84375 }, "geometry": { "type": "Point", "coordinates": [ 158.02, 54.18 ] } },
{ "type": "Feature", "properties": { "Altitude": 398.90625 }, "geometry": { "type": "Point", "coordinates": [ 57.51694444, -20.26361111 ] } },
{ "type": "Feature", "properties": { "Altitude": 2560.5 }, "geometry": { "type": "Point", "coordinates": [ -74.12840833, 4.618216667 ] } },
{ "type": "Feature", "properties": { "Altitude": 2341.125 }, "geometry": { "type": "Point", "coordinates": [ 38.92861667, 15.33401667 ] } },
{ "type": "Feature", "properties": { "Altitude": 730.9375 }, "geometry": { "type": "Point", "coordinates": [ -64.58, -30.58 ] } },
{ "type": "Feature", "properties": { "Altitude": 1279.9375 }, "geometry": { "type": "Point", "coordinates": [ 17.79888889, -23.72305556 ] } },
{ "type": "Feature", "properties": { "Altitude": 280.32812 }, "geometry": { "type": "Point", "coordinates": [ -27.19, 38.77 ] } },
{ "type": "Feature", "properties": { "Altitude": 451.29688 }, "geometry": { "type": "Point", "coordinates": [ -38.03212222, -8.259188889 ] } },
{ "type": "Feature", "properties": { "Altitude": 23.109375 }, "geometry": { "type": "Point", "coordinates": [ 103.2483333, 2.016666667 ] } },
{ "type": "Feature", "properties": { "Altitude": 2.7612305 }, "geometry": { "type": "Point", "coordinates": [ -171.72, -2.77 ] } },
{ "type": "Feature", "properties": { "Altitude": 3990.625 }, "geometry": { "type": "Point", "coordinates": [ -69.16666667, -16.41666667 ] } },
{ "type": "Feature", "properties": { "Altitude": 1071.375 }, "geometry": { "type": "Point", "coordinates": [ -4.7, 40.65 ] } },
{ "type": "Feature", "properties": { "Altitude": 148.03125 }, "geometry": { "type": "Point", "coordinates": [ 0.46944, 10.36512 ] } },
{ "type": "Feature", "properties": { "Altitude": 860.71875 }, "geometry": { "type": "Point", "coordinates": [ 106.88, 27.7 ] } },
{ "type": "Feature", "properties": { "Altitude": 299.82812 }, "geometry": { "type": "Point", "coordinates": [ 16.6, 43.58333056 ] } },
{ "type": "Feature", "properties": { "Altitude": 2188.5 }, "geometry": { "type": "Point", "coordinates": [ 44.21666667, 15.48333333 ] } },
{ "type": "Feature", "properties": { "Altitude": 1330.375 }, "geometry": { "type": "Point", "coordinates": [ 35.58, 30.27 ] } },
{ "type": "Feature", "properties": { "Altitude": 1425.875 }, "geometry": { "type": "Point", "coordinates": [ -1.598681669, 40.45801195 ] } },
{ "type": "Feature", "properties": { "Altitude": 75.289062 }, "geometry": { "type": "Point", "coordinates": [ 13.23444, -8.83833 ] } },
{ "type": "Feature", "properties": { "Altitude": 5.9284668 }, "geometry": { "type": "Point", "coordinates": [ 10.237, 43.941 ] } },
{ "type": "Feature", "properties": { "Altitude": 26.814453 }, "geometry": { "type": "Point", "coordinates": [ 57.66694444, -20.04277778 ] } },
{ "type": "Feature", "properties": { "Altitude": 37.4375 }, "geometry": { "type": "Point", "coordinates": [ -56.71, -34.35 ] } },
{ "type": "Feature", "properties": { "Altitude": 612.03125 }, "geometry": { "type": "Point", "coordinates": [ -90.385, -0.626 ] } },
{ "type": "Feature", "properties": { "Altitude": 598.15625 }, "geometry": { "type": "Point", "coordinates": [ 117.977, 4.332 ] } },
{ "type": "Feature", "properties": { "Altitude": 1429.5 }, "geometry": { "type": "Point", "coordinates": [ -73.06944444, 7.102222222 ] } },
{ "type": "Feature", "properties": { "Altitude": 220.07031 }, "geometry": { "type": "Point", "coordinates": [ 60.73332, 56.7193 ] } },
{ "type": "Feature", "properties": { "Altitude": 876.84375 }, "geometry": { "type": "Point", "coordinates": [ -3.633333333, 42.36666667 ] } },
{ "type": "Feature", "properties": { "Altitude": 391.51562 }, "geometry": { "type": "Point", "coordinates": [ -149.475, -17.55055556 ] } },
{ "type": "Feature", "properties": { "Altitude": 102.72656 }, "geometry": { "type": "Point", "coordinates": [ 21.73, 48.65833333 ] } },
{ "type": "Feature", "properties": { "Altitude": 41.009766 }, "geometry": { "type": "Point", "coordinates": [ -56.616825, -34.633575 ] } },
{ "type": "Feature", "properties": { "Altitude": 3811.75 }, "geometry": { "type": "Point", "coordinates": [ -69.675, -15.24166667 ] } },
{ "type": "Feature", "properties": { "Altitude": 200.71875 }, "geometry": { "type": "Point", "coordinates": [ -67.5273, -14.43933333 ] } },
{ "type": "Feature", "properties": { "Altitude": 1598.1875 }, "geometry": { "type": "Point", "coordinates": [ -77.81, -0.338055556 ] } },
{ "type": "Feature", "properties": { "Altitude": 3701.25 }, "geometry": { "type": "Point", "coordinates": [ -67.66944, -19.65028 ] } },
{ "type": "Feature", "properties": { "Altitude": 9.2573242 }, "geometry": { "type": "Point", "coordinates": [ 88.37166667, 22.79777778 ] } },
{ "type": "Feature", "properties": { "Altitude": 1510.1875 }, "geometry": { "type": "Point", "coordinates": [ -4.123611111, 34.07222222 ] } },
{ "type": "Feature", "properties": { "Altitude": 82.484375 }, "geometry": { "type": "Point", "coordinates": [ -60.7, 2.833333333 ] } },
{ "type": "Feature", "properties": { "Altitude": 989.09375 }, "geometry": { "type": "Point", "coordinates": [ 35.75, 31.2 ] } },
{ "type": "Feature", "properties": { "Altitude": 543.28125 }, "geometry": { "type": "Point", "coordinates": [ 35.8349964, 32.64368642 ] } },
{ "type": "Feature", "properties": { "Altitude": 58.107422 }, "geometry": { "type": "Point", "coordinates": [ 45.95, 33.1 ] } },
{ "type": "Feature", "properties": { "Altitude": 1180.3125 }, "geometry": { "type": "Point", "coordinates": [ -73.18333333, 7.133333333 ] } },
{ "type": "Feature", "properties": { "Altitude": 13.19873 }, "geometry": { "type": "Point", "coordinates": [ -89.609, -0.8968 ] } },
{ "type": "Feature", "properties": { "Altitude": 372.23438 }, "geometry": { "type": "Point", "coordinates": [ 15.21666667, 2.05 ] } },
{ "type": "Feature", "properties": { "Altitude": 1905.0 }, "geometry": { "type": "Point", "coordinates": [ 29.07066, -1.48732 ] } },
{ "type": "Feature", "properties": { "Altitude": 2519.0 }, "geometry": { "type": "Point", "coordinates": [ -84.21931389, 10.18183333 ] } },
{ "type": "Feature", "properties": { "Altitude": 2339.5 }, "geometry": { "type": "Point", "coordinates": [ -16.5, 28.31 ] } },
{ "type": "Feature", "properties": { "Altitude": 1706.875 }, "geometry": { "type": "Point", "coordinates": [ 9.878949582, 46.52639678 ] } },
{ "type": "Feature", "properties": { "Altitude": 3852.375 }, "geometry": { "type": "Point", "coordinates": [ -69.4375, -15.45833333 ] } },
{ "type": "Feature", "properties": { "Altitude": 3702.875 }, "geometry": { "type": "Point", "coordinates": [ -66.95972, -19.23 ] } },
{ "type": "Feature", "properties": { "Altitude": 557.78125 }, "geometry": { "type": "Point", "coordinates": [ -27.22, 38.73 ] } },
{ "type": "Feature", "properties": { "Altitude": 559.65625 }, "geometry": { "type": "Point", "coordinates": [ 15.61888889, 44.88055556 ] } },
{ "type": "Feature", "properties": { "Altitude": 346.875 }, "geometry": { "type": "Point", "coordinates": [ -4.433330556, 11.19 ] } },
{ "type": "Feature", "properties": { "Altitude": 1575.9375 }, "geometry": { "type": "Point", "coordinates": [ 36.13027778, 33.725 ] } },
{ "type": "Feature", "properties": { "Altitude": 399.84375 }, "geometry": { "type": "Point", "coordinates": [ 108.93, 34.3 ] } },
{ "type": "Feature", "properties": { "Altitude": 1292.8125 }, "geometry": { "type": "Point", "coordinates": [ 15.6354, 40.95 ] } },
{ "type": "Feature", "properties": { "Altitude": 2088.375 }, "geometry": { "type": "Point", "coordinates": [ 36.63, -1.22 ] } },
{ "type": "Feature", "properties": { "Altitude": 195.91406 }, "geometry": { "type": "Point", "coordinates": [ 9.2, 42.48 ] } },
{ "type": "Feature", "properties": { "Altitude": 3135.0 }, "geometry": { "type": "Point", "coordinates": [ -74.00515278, 5.1796 ] } },
{ "type": "Feature", "properties": { "Altitude": 1118.0 }, "geometry": { "type": "Point", "coordinates": [ 13.614822, 49.068224 ] } },
{ "type": "Feature", "properties": { "Altitude": 46.498047 }, "geometry": { "type": "Point", "coordinates": [ -61.27, -5.8 ] } },
{ "type": "Feature", "properties": { "Altitude": 2779.625 }, "geometry": { "type": "Point", "coordinates": [ 38.51, 6.48 ] } },
{ "type": "Feature", "properties": { "Altitude": 1908.25 }, "geometry": { "type": "Point", "coordinates": [ 38.08, 4.88 ] } },
{ "type": "Feature", "properties": { "Altitude": 42.232422 }, "geometry": { "type": "Point", "coordinates": [ 9.036344848, 4.070876167 ] } },
{ "type": "Feature", "properties": { "Altitude": 67.328125 }, "geometry": { "type": "Point", "coordinates": [ -83.64950833, 22.53695556 ] } },
{ "type": "Feature", "properties": { "Altitude": 162.0 }, "geometry": { "type": "Point", "coordinates": [ 42.49, 34.18388889 ] } },
{ "type": "Feature", "properties": { "Altitude": 52.037109 }, "geometry": { "type": "Point", "coordinates": [ -79.53333333, 8.983333333 ] } },
{ "type": "Feature", "properties": { "Altitude": 4086.25 }, "geometry": { "type": "Point", "coordinates": [ -68.17015556, -16.49968333 ] } },
{ "type": "Feature", "properties": { "Altitude": 56.615234 }, "geometry": { "type": "Point", "coordinates": [ 85.07027778, 25.57361111 ] } },
{ "type": "Feature", "properties": { "Altitude": 783.40625 }, "geometry": { "type": "Point", "coordinates": [ 10.18, 44.038 ] } },
{ "type": "Feature", "properties": { "Altitude": 4.4699707 }, "geometry": { "type": "Point", "coordinates": [ 106.8, -6.15 ] } },
{ "type": "Feature", "properties": { "Altitude": 24.701172 }, "geometry": { "type": "Point", "coordinates": [ 27.21666667, 31.33 ] } },
{ "type": "Feature", "properties": { "Altitude": 3057.375 }, "geometry": { "type": "Point", "coordinates": [ -83.85, 9.983333333 ] } },
{ "type": "Feature", "properties": { "Altitude": 420.75 }, "geometry": { "type": "Point", "coordinates": [ 18.69, 12.18 ] } },
{ "type": "Feature", "properties": { "Altitude": 1944.375 }, "geometry": { "type": "Point", "coordinates": [ -106.2183333, 35.87083333 ] } },
{ "type": "Feature", "properties": { "Altitude": 524.125 }, "geometry": { "type": "Point", "coordinates": [ -27.11, 38.71 ] } },
{ "type": "Feature", "properties": { "Altitude": 45.865234 }, "geometry": { "type": "Point", "coordinates": [ -66.009974, 46.585217 ] } },
{ "type": "Feature", "properties": { "Altitude": 185.57031 }, "geometry": { "type": "Point", "coordinates": [ 45.37399722, 34.33664722 ] } },
{ "type": "Feature", "properties": { "Altitude": 33.568359 }, "geometry": { "type": "Point", "coordinates": [ 106.6714167, -6.289166667 ] } },
{ "type": "Feature", "properties": { "Altitude": 1374.375 }, "geometry": { "type": "Point", "coordinates": [ 5.52, 22.78 ] } },
{ "type": "Feature", "properties": { "Altitude": 1077.375 }, "geometry": { "type": "Point", "coordinates": [ -2.466666667, 41.76666667 ] } },
{ "type": "Feature", "properties": { "Altitude": 345.25 }, "geometry": { "type": "Point", "coordinates": [ -156.1939111, 20.865 ] } },
{ "type": "Feature", "properties": { "Altitude": 112.85156 }, "geometry": { "type": "Point", "coordinates": [ 73.38, 55.01 ] } },
{ "type": "Feature", "properties": { "Altitude": 0.0 }, "geometry": { "type": "Point", "coordinates": [ -51.75, 64.16666667 ] } },
{ "type": "Feature", "properties": { "Altitude": 873.6875 }, "geometry": { "type": "Point", "coordinates": [ -69.551489, -41.335753 ] } },
{ "type": "Feature", "properties": { "Altitude": 174.50781 }, "geometry": { "type": "Point", "coordinates": [ -72.65, -7.66 ] } },
{ "type": "Feature", "properties": { "Altitude": 2593.25 }, "geometry": { "type": "Point", "coordinates": [ -106.6013889, 35.91888889 ] } },
{ "type": "Feature", "properties": { "Altitude": 415.78125 }, "geometry": { "type": "Point", "coordinates": [ -67.25855278, -15.58006389 ] } },
{ "type": "Feature", "properties": { "Altitude": 4385.0 }, "geometry": { "type": "Point", "coordinates": [ -68.88333333, -19.70027778 ] } },
{ "type": "Feature", "properties": { "Altitude": 168.0 }, "geometry": { "type": "Point", "coordinates": [ 106.6, 29.62 ] } },
{ "type": "Feature", "properties": { "Altitude": 13.739746 }, "geometry": { "type": "Point", "coordinates": [ 55.45, -4.62 ] } },
{ "type": "Feature", "properties": { "Altitude": 287.34375 }, "geometry": { "type": "Point", "coordinates": [ -148.362502799999987, 64.69083611 ] } },
{ "type": "Feature", "properties": { "Altitude": 2.2935791 }, "geometry": { "type": "Point", "coordinates": [ 29.88, 31.2 ] } },
{ "type": "Feature", "properties": { "Altitude": 59.087891 }, "geometry": { "type": "Point", "coordinates": [ -27.08, 38.75 ] } },
{ "type": "Feature", "properties": { "Altitude": 1096.9375 }, "geometry": { "type": "Point", "coordinates": [ 33.61638889, 1.685555556 ] } },
{ "type": "Feature", "properties": { "Altitude": 778.28125 }, "geometry": { "type": "Point", "coordinates": [ 112.55, 37.78 ] } },
{ "type": "Feature", "properties": { "Altitude": 41.673828 }, "geometry": { "type": "Point", "coordinates": [ -83.46, 8.95 ] } },
{ "type": "Feature", "properties": { "Altitude": 295.04688 }, "geometry": { "type": "Point", "coordinates": [ 102.13, 19.88 ] } },
{ "type": "Feature", "properties": { "Altitude": 60.207031 }, "geometry": { "type": "Point", "coordinates": [ 30.63, 46.48 ] } },
{ "type": "Feature", "properties": { "Altitude": 2769.25 }, "geometry": { "type": "Point", "coordinates": [ -72.93138889, 7.204166667 ] } },
{ "type": "Feature", "properties": { "Altitude": 22.137695 }, "geometry": { "type": "Point", "coordinates": [ -17.0625, 14.77 ] } },
{ "type": "Feature", "properties": { "Altitude": 580.21875 }, "geometry": { "type": "Point", "coordinates": [ 36.25694444, 32.83888889 ] } },
{ "type": "Feature", "properties": { "Altitude": 381.9375 }, "geometry": { "type": "Point", "coordinates": [ 32.549, 15.611 ] } },
{ "type": "Feature", "properties": { "Altitude": 915.34375 }, "geometry": { "type": "Point", "coordinates": [ 77.59416667, 12.97166667 ] } },
{ "type": "Feature", "properties": { "Altitude": 565.40625 }, "geometry": { "type": "Point", "coordinates": [ 57.48555556, -20.3625 ] } },
{ "type": "Feature", "properties": { "Altitude": 2250.25 }, "geometry": { "type": "Point", "coordinates": [ -84.12208333, 10.10808333 ] } },
{ "type": "Feature", "properties": { "Altitude": 3693.875 }, "geometry": { "type": "Point", "coordinates": [ -67.11556, -18.35361 ] } },
{ "type": "Feature", "properties": { "Altitude": 1121.375 }, "geometry": { "type": "Point", "coordinates": [ 78.44666667, 30.72916667 ] } },
{ "type": "Feature", "properties": { "Altitude": 53.099609 }, "geometry": { "type": "Point", "coordinates": [ 117.8705556, 4.321666667 ] } },
{ "type": "Feature", "properties": { "Altitude": 1775.9375 }, "geometry": { "type": "Point", "coordinates": [ 43.85833333, 39.66666667 ] } },
{ "type": "Feature", "properties": { "Altitude": 3895.25 }, "geometry": { "type": "Point", "coordinates": [ -69.5, -15.55 ] } },
{ "type": "Feature", "properties": { "Altitude": 76.433594 }, "geometry": { "type": "Point", "coordinates": [ 43.81666667, 56.21666667 ] } },
{ "type": "Feature", "properties": { "Altitude": 468.625 }, "geometry": { "type": "Point", "coordinates": [ 34.79, 30.87 ] } },
{ "type": "Feature", "properties": { "Altitude": 0.0 }, "geometry": { "type": "Point", "coordinates": [ 35.88, 34.88 ] } },
{ "type": "Feature", "properties": { "Altitude": 17.537109 }, "geometry": { "type": "Point", "coordinates": [ 69.06666667, 60.96666667 ] } },
{ "type": "Feature", "properties": { "Altitude": 1082.0625 }, "geometry": { "type": "Point", "coordinates": [ 124.66, 11.18 ] } },
{ "type": "Feature", "properties": { "Altitude": 2752.625 }, "geometry": { "type": "Point", "coordinates": [ 29.25452, -1.54018 ] } },
{ "type": "Feature", "properties": { "Altitude": 3830.0 }, "geometry": { "type": "Point", "coordinates": [ -69.7, -16.00555556 ] } },
{ "type": "Feature", "properties": { "Altitude": 785.84375 }, "geometry": { "type": "Point", "coordinates": [ -89.19388889, 14.43056111 ] } },
{ "type": "Feature", "properties": { "Altitude": 0.0 }, "geometry": { "type": "Point", "coordinates": [ -157.47, 1.99 ] } },
{ "type": "Feature", "properties": { "Altitude": 2239.0 }, "geometry": { "type": "Point", "coordinates": [ -67.78571667, -16.23433889 ] } },
{ "type": "Feature", "properties": { "Altitude": 224.92188 }, "geometry": { "type": "Point", "coordinates": [ 5.45, 43.45 ] } },
{ "type": "Feature", "properties": { "Altitude": 744.46875 }, "geometry": { "type": "Point", "coordinates": [ -89.86, 13.93111111 ] } },
{ "type": "Feature", "properties": { "Altitude": 1921.875 }, "geometry": { "type": "Point", "coordinates": [ -106.0888889, 35.61666667 ] } },
{ "type": "Feature", "properties": { "Altitude": 3862.75 }, "geometry": { "type": "Point", "coordinates": [ -69.29166667, -16.40555556 ] } },
{ "type": "Feature", "properties": { "Altitude": 57.335938 }, "geometry": { "type": "Point", "coordinates": [ 43.48, 32.55 ] } },
{ "type": "Feature", "properties": { "Altitude": 217.65625 }, "geometry": { "type": "Point", "coordinates": [ 79.54, 18.29 ] } },
{ "type": "Feature", "properties": { "Altitude": 755.28125 }, "geometry": { "type": "Point", "coordinates": [ -78.33333333, -2.716666667 ] } },
{ "type": "Feature", "properties": { "Altitude": 120.83984 }, "geometry": { "type": "Point", "coordinates": [ 42.37745, 34.14065556 ] } },
{ "type": "Feature", "properties": { "Altitude": 38.376953 }, "geometry": { "type": "Point", "coordinates": [ -65.002861, 46.771245 ] } },
{ "type": "Feature", "properties": { "Altitude": 733.375 }, "geometry": { "type": "Point", "coordinates": [ -83.71666667, 9.783333333 ] } },
{ "type": "Feature", "properties": { "Altitude": 20.811523 }, "geometry": { "type": "Point", "coordinates": [ 14.52611111, 45.12083333 ] } },
{ "type": "Feature", "properties": { "Altitude": 17.729492 }, "geometry": { "type": "Point", "coordinates": [ -17.5, 14.73333333 ] } },
{ "type": "Feature", "properties": { "Altitude": 4650.0 }, "geometry": { "type": "Point", "coordinates": [ -68.04285278, -16.335 ] } },
{ "type": "Feature", "properties": { "Altitude": 5.8664551 }, "geometry": { "type": "Point", "coordinates": [ 46.26530278, 31.05230556 ] } },
{ "type": "Feature", "properties": { "Altitude": 2551.5 }, "geometry": { "type": "Point", "coordinates": [ -73.96563056, 4.978761111 ] } },
{ "type": "Feature", "properties": { "Altitude": 2403.5 }, "geometry": { "type": "Point", "coordinates": [ 39.13638889, 7.9575 ] } },
{ "type": "Feature", "properties": { "Altitude": 350.1875 }, "geometry": { "type": "Point", "coordinates": [ 38.0125, 36.82222222 ] } },
{ "type": "Feature", "properties": { "Altitude": 494.60938 }, "geometry": { "type": "Point", "coordinates": [ -37.94643611, -8.17755 ] } },
{ "type": "Feature", "properties": { "Altitude": 0.0 }, "geometry": { "type": "Point", "coordinates": [ -156.46195, 20.77 ] } },
{ "type": "Feature", "properties": { "Altitude": 5.8981934 }, "geometry": { "type": "Point", "coordinates": [ 80.0065, 9.6678 ] } },
{ "type": "Feature", "properties": { "Altitude": 1029.5 }, "geometry": { "type": "Point", "coordinates": [ 36.18972222, 35.57222222 ] } },
{ "type": "Feature", "properties": { "Altitude": 0.0 }, "geometry": { "type": "Point", "coordinates": [ 81.13333333, 6.116666667 ] } },
{ "type": "Feature", "properties": { "Altitude": 935.09375 }, "geometry": { "type": "Point", "coordinates": [ 39.08, 3.51 ] } },
{ "type": "Feature", "properties": { "Altitude": 76.1875 }, "geometry": { "type": "Point", "coordinates": [ 35.84972222, 34.43666667 ] } },
{ "type": "Feature", "properties": { "Altitude": 4.4956055 }, "geometry": { "type": "Point", "coordinates": [ 79.825, 8.04 ] } },
{ "type": "Feature", "properties": { "Altitude": 3955.875 }, "geometry": { "type": "Point", "coordinates": [ -69.69166667, -15.7625 ] } },
{ "type": "Feature", "properties": { "Altitude": 903.46875 }, "geometry": { "type": "Point", "coordinates": [ 124.74, 11.1 ] } },
{ "type": "Feature", "properties": { "Altitude": 1991.0 }, "geometry": { "type": "Point", "coordinates": [ 29.27818, -1.56909 ] } },
{ "type": "Feature", "properties": { "Altitude": 36.576172 }, "geometry": { "type": "Point", "coordinates": [ -80.465, -1.040555556 ] } },
{ "type": "Feature", "properties": { "Altitude": 12.334473 }, "geometry": { "type": "Point", "coordinates": [ 105.7986111, 21.04534722 ] } },
{ "type": "Feature", "properties": { "Altitude": 243.28906 }, "geometry": { "type": "Point", "coordinates": [ -79.28333333, 0.104722222 ] } },
{ "type": "Feature", "properties": { "Altitude": 81.972656 }, "geometry": { "type": "Point", "coordinates": [ -27.19, 38.79 ] } },
{ "type": "Feature", "properties": { "Altitude": 652.0 }, "geometry": { "type": "Point", "coordinates": [ 43.96005556, 26.20576389 ] } },
{ "type": "Feature", "properties": { "Altitude": 110.76172 }, "geometry": { "type": "Point", "coordinates": [ -72.58922222, -38.73263889 ] } },
{ "type": "Feature", "properties": { "Altitude": 125.35938 }, "geometry": { "type": "Point", "coordinates": [ -156.42195, 20.77585 ] } },
{ "type": "Feature", "properties": { "Altitude": 1699.625 }, "geometry": { "type": "Point", "coordinates": [ 38.31666667, 4.058333333 ] } },
{ "type": "Feature", "properties": { "Altitude": 428.60938 }, "geometry": { "type": "Point", "coordinates": [ 124.64, 11.15 ] } },
{ "type": "Feature", "properties": { "Altitude": 131.42969 }, "geometry": { "type": "Point", "coordinates": [ 82.9, 55.03 ] } },
{ "type": "Feature", "properties": { "Altitude": 3419.5 }, "geometry": { "type": "Point", "coordinates": [ 29.24557, -1.52603 ] } },
{ "type": "Feature", "properties": { "Altitude": 343.8125 }, "geometry": { "type": "Point", "coordinates": [ 34.07239317, -18.67178694 ] } },
{ "type": "Feature", "properties": { "Altitude": 511.8125 }, "geometry": { "type": "Point", "coordinates": [ 35.51694444, 33.31027778 ] } },
{ "type": "Feature", "properties": { "Altitude": 1773.0625 }, "geometry": { "type": "Point", "coordinates": [ 29.25533, -1.61374 ] } },
{ "type": "Feature", "properties": { "Altitude": 278.35938 }, "geometry": { "type": "Point", "coordinates": [ 34.8, 31.25 ] } },
{ "type": "Feature", "properties": { "Altitude": 223.46875 }, "geometry": { "type": "Point", "coordinates": [ 117.893, 4.373 ] } },
{ "type": "Feature", "properties": { "Altitude": 54.740234 }, "geometry": { "type": "Point", "coordinates": [ 129.080278, 35.230556 ] } },
{ "type": "Feature", "properties": { "Altitude": 107.61719 }, "geometry": { "type": "Point", "coordinates": [ -90.326, -0.719 ] } },
{ "type": "Feature", "properties": { "Altitude": 0.0 }, "geometry": { "type": "Point", "coordinates": [ -84.83333333, 9.966666667 ] } },
{ "type": "Feature", "properties": { "Altitude": 1200.6875 }, "geometry": { "type": "Point", "coordinates": [ 9.225749944, 4.166530499 ] } },
{ "type": "Feature", "properties": { "Altitude": 11.975586 }, "geometry": { "type": "Point", "coordinates": [ 34.31045278, 36.61002222 ] } },
{ "type": "Feature", "properties": { "Altitude": 947.6875 }, "geometry": { "type": "Point", "coordinates": [ 35.825, 33.11666667 ] } },
{ "type": "Feature", "properties": { "Altitude": 4013.625 }, "geometry": { "type": "Point", "coordinates": [ -68.9, -19.82 ] } },
{ "type": "Feature", "properties": { "Altitude": 600.53125 }, "geometry": { "type": "Point", "coordinates": [ 0.38, 43.12 ] } },
{ "type": "Feature", "properties": { "Altitude": 134.21875 }, "geometry": { "type": "Point", "coordinates": [ -148.1482528, 64.72394722 ] } },
{ "type": "Feature", "properties": { "Altitude": 112.5 }, "geometry": { "type": "Point", "coordinates": [ -80.00138889, -3.63 ] } },
{ "type": "Feature", "properties": { "Altitude": 286.40625 }, "geometry": { "type": "Point", "coordinates": [ 2.93, 11.13 ] } },
{ "type": "Feature", "properties": { "Altitude": 510.65625 }, "geometry": { "type": "Point", "coordinates": [ -3.009444444, 36.85194444 ] } },
{ "type": "Feature", "properties": { "Altitude": 2674.625 }, "geometry": { "type": "Point", "coordinates": [ 38.78, 7.07 ] } },
{ "type": "Feature", "properties": { "Altitude": 892.09375 }, "geometry": { "type": "Point", "coordinates": [ 15.31666667, 44.78333333 ] } },
{ "type": "Feature", "properties": { "Altitude": 160.85938 }, "geometry": { "type": "Point", "coordinates": [ 16.23333333, 39.4 ] } },
{ "type": "Feature", "properties": { "Altitude": 656.5 }, "geometry": { "type": "Point", "coordinates": [ -3.041666667, 36.87638889 ] } },
{ "type": "Feature", "properties": { "Altitude": 295.85938 }, "geometry": { "type": "Point", "coordinates": [ 74.84611111, 32.6925 ] } },
{ "type": "Feature", "properties": { "Altitude": 4088.875 }, "geometry": { "type": "Point", "coordinates": [ -67.92107222, -16.3258 ] } },
{ "type": "Feature", "properties": { "Altitude": 1722.75 }, "geometry": { "type": "Point", "coordinates": [ 125.25, 7.0 ] } },
{ "type": "Feature", "properties": { "Altitude": 2466.0 }, "geometry": { "type": "Point", "coordinates": [ -106.3569444, 35.76472222 ] } },
{ "type": "Feature", "properties": { "Altitude": 407.15625 }, "geometry": { "type": "Point", "coordinates": [ 13.3, 38.1 ] } },
{ "type": "Feature", "properties": { "Altitude": 820.25 }, "geometry": { "type": "Point", "coordinates": [ 35.77694444, 32.09194444 ] } },
{ "type": "Feature", "properties": { "Altitude": 467.89062 }, "geometry": { "type": "Point", "coordinates": [ -89.40666667, 13.80833333 ] } },
{ "type": "Feature", "properties": { "Altitude": 3044.125 }, "geometry": { "type": "Point", "coordinates": [ 9.191961598, 4.196035816 ] } },
{ "type": "Feature", "properties": { "Altitude": 945.78125 }, "geometry": { "type": "Point", "coordinates": [ 35.9, 33.83333333 ] } },
{ "type": "Feature", "properties": { "Altitude": 558.65625 }, "geometry": { "type": "Point", "coordinates": [ -79.16666667, -0.25 ] } },
{ "type": "Feature", "properties": { "Altitude": 1864.375 }, "geometry": { "type": "Point", "coordinates": [ -72.97388889, 7.198611111 ] } },
{ "type": "Feature", "properties": { "Altitude": 713.3125 }, "geometry": { "type": "Point", "coordinates": [ 11.4554616, 3.8631031 ] } },
{ "type": "Feature", "properties": { "Altitude": 902.40625 }, "geometry": { "type": "Point", "coordinates": [ 117.923, 4.463 ] } },
{ "type": "Feature", "properties": { "Altitude": 684.6875 }, "geometry": { "type": "Point", "coordinates": [ 38.19453384, 32.50254705 ] } },
{ "type": "Feature", "properties": { "Altitude": 1070.25 }, "geometry": { "type": "Point", "coordinates": [ 35.65111111, 33.80833333 ] } },
{ "type": "Feature", "properties": { "Altitude": 1604.125 }, "geometry": { "type": "Point", "coordinates": [ 19.583, 48.933 ] } },
{ "type": "Feature", "properties": { "Altitude": 272.375 }, "geometry": { "type": "Point", "coordinates": [ -156.39, 20.7778 ] } },
{ "type": "Feature", "properties": { "Altitude": 31.467773 }, "geometry": { "type": "Point", "coordinates": [ -85.8, 10.31 ] } },
{ "type": "Feature", "properties": { "Altitude": 1523.6875 }, "geometry": { "type": "Point", "coordinates": [ 29.1506, -1.63366 ] } },
{ "type": "Feature", "properties": { "Altitude": 26.646484 }, "geometry": { "type": "Point", "coordinates": [ 45.82293889, 32.51428889 ] } },
{ "type": "Feature", "properties": { "Altitude": 3824.75 }, "geometry": { "type": "Point", "coordinates": [ -70.1875, -15.44583333 ] } },
{ "type": "Feature", "properties": { "Altitude": 29.197266 }, "geometry": { "type": "Point", "coordinates": [ 121.1, 41.13 ] } },
{ "type": "Feature", "properties": { "Altitude": 1425.0625 }, "geometry": { "type": "Point", "coordinates": [ 78.44666667, 30.74527778 ] } },
{ "type": "Feature", "properties": { "Altitude": 1910.6875 }, "geometry": { "type": "Point", "coordinates": [ -2.877777778, 36.91666667 ] } },
{ "type": "Feature", "properties": { "Altitude": 1.5 }, "geometry": { "type": "Point", "coordinates": [ -122.6, 45.6 ] } },
{ "type": "Feature", "properties": { "Altitude": 527.28125 }, "geometry": { "type": "Point", "coordinates": [ 78.47, 17.45 ] } },
{ "type": "Feature", "properties": { "Altitude": 214.35156 }, "geometry": { "type": "Point", "coordinates": [ -121.97, 47.38 ] } },
{ "type": "Feature", "properties": { "Altitude": 1932.8125 }, "geometry": { "type": "Point", "coordinates": [ 42.11666667, 9.316666667 ] } },
{ "type": "Feature", "properties": { "Altitude": 972.1875 }, "geometry": { "type": "Point", "coordinates": [ -67.43877778, -29.15241944 ] } },
{ "type": "Feature", "properties": { "Altitude": 12.96875 }, "geometry": { "type": "Point", "coordinates": [ 3.95, 43.57 ] } },
{ "type": "Feature", "properties": { "Altitude": 3925.125 }, "geometry": { "type": "Point", "coordinates": [ -69.33, -16.83 ] } },
{ "type": "Feature", "properties": { "Altitude": 3837.625 }, "geometry": { "type": "Point", "coordinates": [ -70.25833333, -15.69166667 ] } },
{ "type": "Feature", "properties": { "Altitude": 6.5202637 }, "geometry": { "type": "Point", "coordinates": [ -8.485, 37.162 ] } },
{ "type": "Feature", "properties": { "Altitude": 397.07812 }, "geometry": { "type": "Point", "coordinates": [ 14.32375, 10.586583 ] } },
{ "type": "Feature", "properties": { "Altitude": 341.34375 }, "geometry": { "type": "Point", "coordinates": [ -27.18, 38.69 ] } },
{ "type": "Feature", "properties": { "Altitude": 4717.25 }, "geometry": { "type": "Point", "coordinates": [ -68.7, -20.98333333 ] } },
{ "type": "Feature", "properties": { "Altitude": 1574.5 }, "geometry": { "type": "Point", "coordinates": [ 29.94194444, -0.841111111 ] } },
{ "type": "Feature", "properties": { "Altitude": 1032.9375 }, "geometry": { "type": "Point", "coordinates": [ 35.575, 33.465 ] } },
{ "type": "Feature", "properties": { "Altitude": 3948.0 }, "geometry": { "type": "Point", "coordinates": [ -68.6, -19.85 ] } },
{ "type": "Feature", "properties": { "Altitude": 2305.125 }, "geometry": { "type": "Point", "coordinates": [ 9.210045501, 4.28978658 ] } },
{ "type": "Feature", "properties": { "Altitude": 311.42188 }, "geometry": { "type": "Point", "coordinates": [ -83.14106667, 22.77156389 ] } },
{ "type": "Feature", "properties": { "Altitude": 2883.375 }, "geometry": { "type": "Point", "coordinates": [ -76.13, 3.33 ] } },
{ "type": "Feature", "properties": { "Altitude": 1487.1875 }, "geometry": { "type": "Point", "coordinates": [ 35.87638889, 33.3625 ] } },
{ "type": "Feature", "properties": { "Altitude": 4.7116699 }, "geometry": { "type": "Point", "coordinates": [ 9.066666667, 39.25 ] } },
{ "type": "Feature", "properties": { "Altitude": 0.0 }, "geometry": { "type": "Point", "coordinates": [ -79.63333333, 0.966666667 ] } },
{ "type": "Feature", "properties": { "Altitude": 228.72656 }, "geometry": { "type": "Point", "coordinates": [ 79.44, 18.28 ] } },
{ "type": "Feature", "properties": { "Altitude": 29.703125 }, "geometry": { "type": "Point", "coordinates": [ -149.611111099999988, -17.6 ] } },
{ "type": "Feature", "properties": { "Altitude": 909.0 }, "geometry": { "type": "Point", "coordinates": [ -149.5194444, -17.61527778 ] } },
{ "type": "Feature", "properties": { "Altitude": 584.375 }, "geometry": { "type": "Point", "coordinates": [ 7.13, 43.92 ] } },
{ "type": "Feature", "properties": { "Altitude": 397.04688 }, "geometry": { "type": "Point", "coordinates": [ 38.3, 34.55 ] } },
{ "type": "Feature", "properties": { "Altitude": 243.50781 }, "geometry": { "type": "Point", "coordinates": [ 17.11190833, 48.16905278 ] } },
{ "type": "Feature", "properties": { "Altitude": 18.05957 }, "geometry": { "type": "Point", "coordinates": [ -83.16666667, 8.64 ] } },
{ "type": "Feature", "properties": { "Altitude": 0.0 }, "geometry": { "type": "Point", "coordinates": [ -82.33333333, 23.16666667 ] } },
{ "type": "Feature", "properties": { "Altitude": 47.953125 }, "geometry": { "type": "Point", "coordinates": [ 35.50972222, 33.87194444 ] } },
{ "type": "Feature", "properties": { "Altitude": 0.0 }, "geometry": { "type": "Point", "coordinates": [ 8.166666667, 40.56666667 ] } },
{ "type": "Feature", "properties": { "Altitude": 0.0 }, "geometry": { "type": "Point", "coordinates": [ -158.09, 1.8 ] } },
{ "type": "Feature", "properties": { "Altitude": 615.59375 }, "geometry": { "type": "Point", "coordinates": [ -67.56611944, -15.83233889 ] } },
{ "type": "Feature", "properties": { "Altitude": 1183.9375 }, "geometry": { "type": "Point", "coordinates": [ -3.123611111, 36.84083333 ] } },
{ "type": "Feature", "properties": { "Altitude": 859.8125 }, "geometry": { "type": "Point", "coordinates": [ 34.8, 30.61 ] } },
{ "type": "Feature", "properties": { "Altitude": 0.0 }, "geometry": { "type": "Point", "coordinates": [ 29.85, 31.2 ] } },
{ "type": "Feature", "properties": { "Altitude": 216.14844 }, "geometry": { "type": "Point", "coordinates": [ 79.47, 18.32 ] } },
{ "type": "Feature", "properties": { "Altitude": 33.941406 }, "geometry": { "type": "Point", "coordinates": [ 86.18055556, 69.4075 ] } },
{ "type": "Feature", "properties": { "Altitude": 425.82812 }, "geometry": { "type": "Point", "coordinates": [ 69.27, 41.27 ] } },
{ "type": "Feature", "properties": { "Altitude": 794.53125 }, "geometry": { "type": "Point", "coordinates": [ 39.02605833, 32.74271667 ] } },
{ "type": "Feature", "properties": { "Altitude": 36.015625 }, "geometry": { "type": "Point", "coordinates": [ 34.34842465, -18.97515623 ] } },
{ "type": "Feature", "properties": { "Altitude": 2052.125 }, "geometry": { "type": "Point", "coordinates": [ 78.68805556, 30.94611111 ] } },
{ "type": "Feature", "properties": { "Altitude": 22.352539 }, "geometry": { "type": "Point", "coordinates": [ 44.92469167, 31.99034444 ] } },
{ "type": "Feature", "properties": { "Altitude": 19.938477 }, "geometry": { "type": "Point", "coordinates": [ 21.72, 36.83 ] } },
{ "type": "Feature", "properties": { "Altitude": 609.3125 }, "geometry": { "type": "Point", "coordinates": [ -119.405, 49.01636944 ] } },
{ "type": "Feature", "properties": { "Altitude": 332.48438 }, "geometry": { "type": "Point", "coordinates": [ -85.37055556, 10.69444444 ] } },
{ "type": "Feature", "properties": { "Altitude": 1856.6875 }, "geometry": { "type": "Point", "coordinates": [ 39.7175, 11.08333333 ] } },
{ "type": "Feature", "properties": { "Altitude": 4028.5 }, "geometry": { "type": "Point", "coordinates": [ -76.08044444, 3.301436111 ] } },
{ "type": "Feature", "properties": { "Altitude": 0.0 }, "geometry": { "type": "Point", "coordinates": [ 76.62491944, 9.040136111 ] } },
{ "type": "Feature", "properties": { "Altitude": 125.95703 }, "geometry": { "type": "Point", "coordinates": [ 41.46666667, 52.73333333 ] } },
{ "type": "Feature", "properties": { "Altitude": 473.71875 }, "geometry": { "type": "Point", "coordinates": [ -149.5805556, -17.58833333 ] } },
{ "type": "Feature", "properties": { "Altitude": 149.10938 }, "geometry": { "type": "Point", "coordinates": [ 5.4, 31.92 ] } },
{ "type": "Feature", "properties": { "Altitude": 114.01953 }, "geometry": { "type": "Point", "coordinates": [ 43.68120556, 34.60376944 ] } },
{ "type": "Feature", "properties": { "Altitude": 2874.625 }, "geometry": { "type": "Point", "coordinates": [ -156.2589, 20.7139 ] } },
{ "type": "Feature", "properties": { "Altitude": 1079.75 }, "geometry": { "type": "Point", "coordinates": [ -73.08333333, 7.0 ] } },
{ "type": "Feature", "properties": { "Altitude": 3823.75 }, "geometry": { "type": "Point", "coordinates": [ -68.60416667, -19.54333333 ] } },
{ "type": "Feature", "properties": { "Altitude": 2165.5 }, "geometry": { "type": "Point", "coordinates": [ 79.46, 29.4 ] } },
{ "type": "Feature", "properties": { "Altitude": 238.67188 }, "geometry": { "type": "Point", "coordinates": [ -90.365, -0.686 ] } },
{ "type": "Feature", "properties": { "Altitude": 6.0583496 }, "geometry": { "type": "Point", "coordinates": [ 35.19388889, 33.27333333 ] } },
{ "type": "Feature", "properties": { "Altitude": 2309.875 }, "geometry": { "type": "Point", "coordinates": [ -106.2802778, 35.92138889 ] } },
{ "type": "Feature", "properties": { "Altitude": 322.23438 }, "geometry": { "type": "Point", "coordinates": [ -3.5225, 11.48527778 ] } },
{ "type": "Feature", "properties": { "Altitude": 1950.1875 }, "geometry": { "type": "Point", "coordinates": [ -74.36964167, 4.469205556 ] } },
{ "type": "Feature", "properties": { "Altitude": 12.481445 }, "geometry": { "type": "Point", "coordinates": [ 80.25777778, 12.98861111 ] } },
{ "type": "Feature", "properties": { "Altitude": 95.164062 }, "geometry": { "type": "Point", "coordinates": [ -85.62, 10.59 ] } },
{ "type": "Feature", "properties": { "Altitude": 0.0 }, "geometry": { "type": "Point", "coordinates": [ 9.9, 2.933333333 ] } },
{ "type": "Feature", "properties": { "Altitude": 1480.25 }, "geometry": { "type": "Point", "coordinates": [ 39.64083333, 12.14416667 ] } },
{ "type": "Feature", "properties": { "Altitude": 787.9375 }, "geometry": { "type": "Point", "coordinates": [ -5.5, 40.95 ] } },
{ "type": "Feature", "properties": { "Altitude": 650.46875 }, "geometry": { "type": "Point", "coordinates": [ 19.68, 49.36 ] } },
{ "type": "Feature", "properties": { "Altitude": 346.375 }, "geometry": { "type": "Point", "coordinates": [ -148.3142861, 64.74313611 ] } },
{ "type": "Feature", "properties": { "Altitude": 2070.25 }, "geometry": { "type": "Point", "coordinates": [ 38.29722222, 7.954166667 ] } },
{ "type": "Feature", "properties": { "Altitude": 54.458984 }, "geometry": { "type": "Point", "coordinates": [ -85.675, 10.38 ] } },
{ "type": "Feature", "properties": { "Altitude": 50.814453 }, "geometry": { "type": "Point", "coordinates": [ 43.29637778, 33.43005278 ] } },
{ "type": "Feature", "properties": { "Altitude": 1916.8125 }, "geometry": { "type": "Point", "coordinates": [ -77.89055556, -0.463888889 ] } },
{ "type": "Feature", "properties": { "Altitude": 1283.3125 }, "geometry": { "type": "Point", "coordinates": [ 9.086789421, 4.121796633 ] } },
{ "type": "Feature", "properties": { "Altitude": 1647.5625 }, "geometry": { "type": "Point", "coordinates": [ 38.71666667, 7.933333333 ] } },
{ "type": "Feature", "properties": { "Altitude": 295.01562 }, "geometry": { "type": "Point", "coordinates": [ -76.86666667, 0.083333333 ] } },
{ "type": "Feature", "properties": { "Altitude": 85.078125 }, "geometry": { "type": "Point", "coordinates": [ -27.15, 38.65 ] } },
{ "type": "Feature", "properties": { "Altitude": 32.458984 }, "geometry": { "type": "Point", "coordinates": [ -16.21666667, 15.61666667 ] } },
{ "type": "Feature", "properties": { "Altitude": 1134.25 }, "geometry": { "type": "Point", "coordinates": [ -86.39666667, 13.06805556 ] } },
{ "type": "Feature", "properties": { "Altitude": 8.0175781 }, "geometry": { "type": "Point", "coordinates": [ -66.0, 18.43 ] } },
{ "type": "Feature", "properties": { "Altitude": 230.03906 }, "geometry": { "type": "Point", "coordinates": [ 79.47, 18.26 ] } },
{ "type": "Feature", "properties": { "Altitude": 911.71875 }, "geometry": { "type": "Point", "coordinates": [ -156.3228, 20.76085 ] } },
{ "type": "Feature", "properties": { "Altitude": 453.07812 }, "geometry": { "type": "Point", "coordinates": [ -65.21666667, -26.81666667 ] } },
{ "type": "Feature", "properties": { "Altitude": 524.84375 }, "geometry": { "type": "Point", "coordinates": [ -90.398, -0.641 ] } },
{ "type": "Feature", "properties": { "Altitude": 288.17188 }, "geometry": { "type": "Point", "coordinates": [ -1.711166667, 15.292 ] } },
{ "type": "Feature", "properties": { "Altitude": 17.226562 }, "geometry": { "type": "Point", "coordinates": [ 25.88, 40.85 ] } },
{ "type": "Feature", "properties": { "Altitude": 2915.0 }, "geometry": { "type": "Point", "coordinates": [ 29.25374, -1.53553 ] } },
{ "type": "Feature", "properties": { "Altitude": 10.561035 }, "geometry": { "type": "Point", "coordinates": [ 47.14969722, 31.83410278 ] } },
{ "type": "Feature", "properties": { "Altitude": 69.511719 }, "geometry": { "type": "Point", "coordinates": [ -4.975, 58.15 ] } },
{ "type": "Feature", "properties": { "Altitude": 294.0625 }, "geometry": { "type": "Point", "coordinates": [ -2.1365, 14.2785 ] } },
{ "type": "Feature", "properties": { "Altitude": 183.07031 }, "geometry": { "type": "Point", "coordinates": [ -90.333, -0.694 ] } },
{ "type": "Feature", "properties": { "Altitude": 1388.1875 }, "geometry": { "type": "Point", "coordinates": [ 80.8, 37.0 ] } },
{ "type": "Feature", "properties": { "Altitude": 4213.25 }, "geometry": { "type": "Point", "coordinates": [ -68.95, -19.4 ] } },
{ "type": "Feature", "properties": { "Altitude": 1501.0625 }, "geometry": { "type": "Point", "coordinates": [ 39.58, 5.32 ] } },
{ "type": "Feature", "properties": { "Altitude": 121.98047 }, "geometry": { "type": "Point", "coordinates": [ -148.2525028, 64.69939722 ] } },
{ "type": "Feature", "properties": { "Altitude": 926.03125 }, "geometry": { "type": "Point", "coordinates": [ -87.97477778, 14.97219444 ] } },
{ "type": "Feature", "properties": { "Altitude": 618.34375 }, "geometry": { "type": "Point", "coordinates": [ -2.906944444, 36.84694444 ] } },
{ "type": "Feature", "properties": { "Altitude": 3892.25 }, "geometry": { "type": "Point", "coordinates": [ -68.85, -20.03333333 ] } },
{ "type": "Feature", "properties": { "Altitude": 2403.75 }, "geometry": { "type": "Point", "coordinates": [ -78.02666667, -0.413888889 ] } },
{ "type": "Feature", "properties": { "Altitude": 99.136719 }, "geometry": { "type": "Point", "coordinates": [ 91.79527778, 26.19083333 ] } },
{ "type": "Feature", "properties": { "Altitude": 22.512695 }, "geometry": { "type": "Point", "coordinates": [ 58.05, 80.61666667 ] } },
{ "type": "Feature", "properties": { "Altitude": 4037.5 }, "geometry": { "type": "Point", "coordinates": [ -68.85, -20.01666667 ] } },
{ "type": "Feature", "properties": { "Altitude": 949.28125 }, "geometry": { "type": "Point", "coordinates": [ -149.558333299999987, -17.60166667 ] } },
{ "type": "Feature", "properties": { "Altitude": 282.96875 }, "geometry": { "type": "Point", "coordinates": [ 34.72, 31.04 ] } },
{ "type": "Feature", "properties": { "Altitude": 2807.0 }, "geometry": { "type": "Point", "coordinates": [ -69.18333333, -19.86666667 ] } },
{ "type": "Feature", "properties": { "Altitude": 2941.875 }, "geometry": { "type": "Point", "coordinates": [ 38.57, 8.97 ] } },
{ "type": "Feature", "properties": { "Altitude": 308.21875 }, "geometry": { "type": "Point", "coordinates": [ 44.31198611, 35.510125 ] } },
{ "type": "Feature", "properties": { "Altitude": 96.832031 }, "geometry": { "type": "Point", "coordinates": [ -83.15526111, 22.70946111 ] } },
{ "type": "Feature", "properties": { "Altitude": 0.0 }, "geometry": { "type": "Point", "coordinates": [ -156.71, 0.66 ] } },
{ "type": "Feature", "properties": { "Altitude": 771.5625 }, "geometry": { "type": "Point", "coordinates": [ 36.56773889, 28.38201389 ] } },
{ "type": "Feature", "properties": { "Altitude": 443.53125 }, "geometry": { "type": "Point", "coordinates": [ 36.60666667, 35.93916667 ] } },
{ "type": "Feature", "properties": { "Altitude": 2083.0 }, "geometry": { "type": "Point", "coordinates": [ 9.209093717, 4.186993864 ] } },
{ "type": "Feature", "properties": { "Altitude": 1889.1875 }, "geometry": { "type": "Point", "coordinates": [ 37.74, 6.86 ] } },
{ "type": "Feature", "properties": { "Altitude": 259.60938 }, "geometry": { "type": "Point", "coordinates": [ 79.44, 18.19 ] } },
{ "type": "Feature", "properties": { "Altitude": 259.0625 }, "geometry": { "type": "Point", "coordinates": [ -3.075, 14.06166667 ] } },
{ "type": "Feature", "properties": { "Altitude": 171.11719 }, "geometry": { "type": "Point", "coordinates": [ -47.46666667, -7.333333333 ] } },
{ "type": "Feature", "properties": { "Altitude": 309.34375 }, "geometry": { "type": "Point", "coordinates": [ -0.57, 12.34 ] } },
{ "type": "Feature", "properties": { "Altitude": 18.576172 }, "geometry": { "type": "Point", "coordinates": [ 35.494275, 33.82931111 ] } },
{ "type": "Feature", "properties": { "Altitude": 262.01562 }, "geometry": { "type": "Point", "coordinates": [ -2.697666667, 14.41233333 ] } },
{ "type": "Feature", "properties": { "Altitude": 22.397461 }, "geometry": { "type": "Point", "coordinates": [ -80.06666667, -3.491666667 ] } },
{ "type": "Feature", "properties": { "Altitude": 219.96875 }, "geometry": { "type": "Point", "coordinates": [ 33.28, 35.15 ] } },
{ "type": "Feature", "properties": { "Altitude": 1970.0625 }, "geometry": { "type": "Point", "coordinates": [ -156.2439, 20.77695 ] } },
{ "type": "Feature", "properties": { "Altitude": 19.563477 }, "geometry": { "type": "Point", "coordinates": [ 49.56701389, 27.13558889 ] } },
{ "type": "Feature", "properties": { "Altitude": 4989.5 }, "geometry": { "type": "Point", "coordinates": [ 78.94027778, 30.92611111 ] } },
{ "type": "Feature", "properties": { "Altitude": 483.85938 }, "geometry": { "type": "Point", "coordinates": [ -90.367, -0.607 ] } },
{ "type": "Feature", "properties": { "Altitude": 3407.5 }, "geometry": { "type": "Point", "coordinates": [ -85.41666667, -78.58333056 ] } },
{ "type": "Feature", "properties": { "Altitude": 2636.625 }, "geometry": { "type": "Point", "coordinates": [ -73.89339167, 4.912811111 ] } },
{ "type": "Feature", "properties": { "Altitude": 2078.375 }, "geometry": { "type": "Point", "coordinates": [ 38.375, 8.116666667 ] } },
{ "type": "Feature", "properties": { "Altitude": 3396.25 }, "geometry": { "type": "Point", "coordinates": [ -76.10000278, 3.305997222 ] } },
{ "type": "Feature", "properties": { "Altitude": 871.375 }, "geometry": { "type": "Point", "coordinates": [ 36.146185, 30.337547 ] } },
{ "type": "Feature", "properties": { "Altitude": 1856.6875 }, "geometry": { "type": "Point", "coordinates": [ 39.7175, 11.08305556 ] } },
{ "type": "Feature", "properties": { "Altitude": 3979.625 }, "geometry": { "type": "Point", "coordinates": [ -70.63333056, -14.5 ] } },
{ "type": "Feature", "properties": { "Altitude": 394.1875 }, "geometry": { "type": "Point", "coordinates": [ -80.05833333, -3.779166667 ] } },
{ "type": "Feature", "properties": { "Altitude": 431.78125 }, "geometry": { "type": "Point", "coordinates": [ 44.0094, 36.1911 ] } },
{ "type": "Feature", "properties": { "Altitude": 607.25 }, "geometry": { "type": "Point", "coordinates": [ 36.52, 33.42 ] } },
{ "type": "Feature", "properties": { "Altitude": 639.53125 }, "geometry": { "type": "Point", "coordinates": [ 46.64277778, 24.71516111 ] } },
{ "type": "Feature", "properties": { "Altitude": 1212.8125 }, "geometry": { "type": "Point", "coordinates": [ -156.295, 20.77195 ] } },
{ "type": "Feature", "properties": { "Altitude": 182.35156 }, "geometry": { "type": "Point", "coordinates": [ 8.033333333, 45.23333333 ] } },
{ "type": "Feature", "properties": { "Altitude": 877.53125 }, "geometry": { "type": "Point", "coordinates": [ 36.6769415, 30.76191542 ] } },
{ "type": "Feature", "properties": { "Altitude": 99.109375 }, "geometry": { "type": "Point", "coordinates": [ 81.73333333, 25.45 ] } },
{ "type": "Feature", "properties": { "Altitude": 958.125 }, "geometry": { "type": "Point", "coordinates": [ -156.225, 20.83085 ] } },
{ "type": "Feature", "properties": { "Altitude": 288.875 }, "geometry": { "type": "Point", "coordinates": [ -2.220666667, 15.077 ] } },
{ "type": "Feature", "properties": { "Altitude": 233.32812 }, "geometry": { "type": "Point", "coordinates": [ -156.18585, 20.87195 ] } },
{ "type": "Feature", "properties": { "Altitude": 38.167969 }, "geometry": { "type": "Point", "coordinates": [ -133.4833333, 68.3 ] } },
{ "type": "Feature", "properties": { "Altitude": 435.45312 }, "geometry": { "type": "Point", "coordinates": [ -38.29251111, -7.980533333 ] } },
{ "type": "Feature", "properties": { "Altitude": 1872.25 }, "geometry": { "type": "Point", "coordinates": [ 39.585, 11.82444444 ] } },
{ "type": "Feature", "properties": { "Altitude": 3010.875 }, "geometry": { "type": "Point", "coordinates": [ 9.133902749, 4.172241206 ] } },
{ "type": "Feature", "properties": { "Altitude": 114.40234 }, "geometry": { "type": "Point", "coordinates": [ 80.46666667, 8.116666667 ] } },
{ "type": "Feature", "properties": { "Altitude": 1477.5 }, "geometry": { "type": "Point", "coordinates": [ -156.28695, 20.76 ] } },
{ "type": "Feature", "properties": { "Altitude": 36.878906 }, "geometry": { "type": "Point", "coordinates": [ -84.63333333, 9.666666667 ] } },
{ "type": "Feature", "properties": { "Altitude": 796.5 }, "geometry": { "type": "Point", "coordinates": [ 14.92027778, -9.293888889 ] } },
{ "type": "Feature", "properties": { "Altitude": 0.0 }, "geometry": { "type": "Point", "coordinates": [ -160.24, 8.12 ] } },
{ "type": "Feature", "properties": { "Altitude": 834.75 }, "geometry": { "type": "Point", "coordinates": [ -73.125, 7.144722222 ] } },
{ "type": "Feature", "properties": { "Altitude": 103.6875 }, "geometry": { "type": "Point", "coordinates": [ -20.57, -75.58 ] } },
{ "type": "Feature", "properties": { "Altitude": 688.9375 }, "geometry": { "type": "Point", "coordinates": [ -3.061944444, 36.78166667 ] } },
{ "type": "Feature", "properties": { "Altitude": 857.96875 }, "geometry": { "type": "Point", "coordinates": [ 45.42929722, 35.57381944 ] } },
{ "type": "Feature", "properties": { "Altitude": 3332.25 }, "geometry": { "type": "Point", "coordinates": [ 9.16007682, 4.191752786 ] } },
{ "type": "Feature", "properties": { "Altitude": 224.17188 }, "geometry": { "type": "Point", "coordinates": [ 44.65, 34.88333333 ] } },
{ "type": "Feature", "properties": { "Altitude": 11.349121 }, "geometry": { "type": "Point", "coordinates": [ 46.71666667, 32.46666667 ] } },
{ "type": "Feature", "properties": { "Altitude": 1085.8125 }, "geometry": { "type": "Point", "coordinates": [ -89.52055556, 13.855 ] } },
{ "type": "Feature", "properties": { "Altitude": 4.9055176 }, "geometry": { "type": "Point", "coordinates": [ -81.18527778, 22.32555556 ] } },
{ "type": "Feature", "properties": { "Altitude": 4186.25 }, "geometry": { "type": "Point", "coordinates": [ -68.6, -20.98333333 ] } },
{ "type": "Feature", "properties": { "Altitude": 1265.0625 }, "geometry": { "type": "Point", "coordinates": [ -156.2328, 20.81195 ] } },
{ "type": "Feature", "properties": { "Altitude": 251.73438 }, "geometry": { "type": "Point", "coordinates": [ 39.34166667, 35.89722222 ] } },
{ "type": "Feature", "properties": { "Altitude": 1384.5 }, "geometry": { "type": "Point", "coordinates": [ 34.1, 28.68 ] } },
{ "type": "Feature", "properties": { "Altitude": 1106.5625 }, "geometry": { "type": "Point", "coordinates": [ 7.85, 44.23333333 ] } },
{ "type": "Feature", "properties": { "Altitude": 2765.0 }, "geometry": { "type": "Point", "coordinates": [ -74.138175, 5.005255556 ] } },
{ "type": "Feature", "properties": { "Altitude": 248.89844 }, "geometry": { "type": "Point", "coordinates": [ 0.5, 15.65944444 ] } },
{ "type": "Feature", "properties": { "Altitude": 500.46875 }, "geometry": { "type": "Point", "coordinates": [ -100.75, 46.77 ] } },
{ "type": "Feature", "properties": { "Altitude": 263.0625 }, "geometry": { "type": "Point", "coordinates": [ -3.75, 16.14361111 ] } },
{ "type": "Feature", "properties": { "Altitude": 174.41406 }, "geometry": { "type": "Point", "coordinates": [ 41.01666667, 34.38333333 ] } },
{ "type": "Feature", "properties": { "Altitude": 253.60938 }, "geometry": { "type": "Point", "coordinates": [ 34.78, 31.23 ] } },
{ "type": "Feature", "properties": { "Altitude": 730.78125 }, "geometry": { "type": "Point", "coordinates": [ 20.30646944, 49.13615278 ] } },
{ "type": "Feature", "properties": { "Altitude": 2044.125 }, "geometry": { "type": "Point", "coordinates": [ -156.25085, 20.7628 ] } },
{ "type": "Feature", "properties": { "Altitude": 7.939209 }, "geometry": { "type": "Point", "coordinates": [ 34.96028149, 29.35541116 ] } },
{ "type": "Feature", "properties": { "Altitude": 19.902344 }, "geometry": { "type": "Point", "coordinates": [ -3.015277778, 36.75027778 ] } },
{ "type": "Feature", "properties": { "Altitude": 2552.75 }, "geometry": { "type": "Point", "coordinates": [ -74.09894167, 4.65325 ] } },
{ "type": "Feature", "properties": { "Altitude": 51.755859 }, "geometry": { "type": "Point", "coordinates": [ -58.95, -27.45 ] } },
{ "type": "Feature", "properties": { "Altitude": 50.810547 }, "geometry": { "type": "Point", "coordinates": [ 44.329025, 32.00325556 ] } },
{ "type": "Feature", "properties": { "Altitude": 1331.25 }, "geometry": { "type": "Point", "coordinates": [ 38.575, 3.741666667 ] } },
{ "type": "Feature", "properties": { "Altitude": 11.122559 }, "geometry": { "type": "Point", "coordinates": [ -81.22339722, 23.02269167 ] } },
{ "type": "Feature", "properties": { "Altitude": 107.0 }, "geometry": { "type": "Point", "coordinates": [ 17.86200556, 47.96013056 ] } },
{ "type": "Feature", "properties": { "Altitude": 9.734375 }, "geometry": { "type": "Point", "coordinates": [ 39.2, 21.5 ] } },
{ "type": "Feature", "properties": { "Altitude": 12.967773 }, "geometry": { "type": "Point", "coordinates": [ -64.27, -65.25 ] } },
{ "type": "Feature", "properties": { "Altitude": 1014.0312 }, "geometry": { "type": "Point", "coordinates": [ 35.9, 32.0 ] } },
{ "type": "Feature", "properties": { "Altitude": 36.996094 }, "geometry": { "type": "Point", "coordinates": [ 13.84972222, -11.21805556 ] } },
{ "type": "Feature", "properties": { "Altitude": 140.48438 }, "geometry": { "type": "Point", "coordinates": [ 9.278288443, 4.068020814 ] } },
{ "type": "Feature", "properties": { "Altitude": 671.6875 }, "geometry": { "type": "Point", "coordinates": [ 36.24465163, 32.30554392 ] } },
{ "type": "Feature", "properties": { "Altitude": 581.59375 }, "geometry": { "type": "Point", "coordinates": [ -149.5194444, -17.56222222 ] } },
{ "type": "Feature", "properties": { "Altitude": 71.144531 }, "geometry": { "type": "Point", "coordinates": [ -80.09833333, -3.665277778 ] } },
{ "type": "Feature", "properties": { "Altitude": 253.89844 }, "geometry": { "type": "Point", "coordinates": [ -148.3563833, 64.695275 ] } },
{ "type": "Feature", "properties": { "Altitude": 2.15625 }, "geometry": { "type": "Point", "coordinates": [ -90.304, -0.743 ] } },
{ "type": "Feature", "properties": { "Altitude": 955.03125 }, "geometry": { "type": "Point", "coordinates": [ 30.98944444, 37.48888889 ] } },
{ "type": "Feature", "properties": { "Altitude": 0.0 }, "geometry": { "type": "Point", "coordinates": [ -160.04, 4.79 ] } },
{ "type": "Feature", "properties": { "Altitude": 1547.25 }, "geometry": { "type": "Point", "coordinates": [ 9.254303476, 4.228872378 ] } },
{ "type": "Feature", "properties": { "Altitude": 3916.625 }, "geometry": { "type": "Point", "coordinates": [ -70.75833333, -14.825 ] } },
{ "type": "Feature", "properties": { "Altitude": 315.92188 }, "geometry": { "type": "Point", "coordinates": [ 19.17, 18.0 ] } },
{ "type": "Feature", "properties": { "Altitude": 4022.875 }, "geometry": { "type": "Point", "coordinates": [ 9.172925909, 4.216975073 ] } },
{ "type": "Feature", "properties": { "Altitude": 0.0 }, "geometry": { "type": "Point", "coordinates": [ -159.84, 4.29 ] } },
{ "type": "Feature", "properties": { "Altitude": 189.97656 }, "geometry": { "type": "Point", "coordinates": [ -64.27, -27.78 ] } },
{ "type": "Feature", "properties": { "Altitude": 1524.125 }, "geometry": { "type": "Point", "coordinates": [ 32.45972222, 36.98972222 ] } },
{ "type": "Feature", "properties": { "Altitude": 21.671875 }, "geometry": { "type": "Point", "coordinates": [ 25.07, 39.88 ] } },
{ "type": "Feature", "properties": { "Altitude": 1571.75 }, "geometry": { "type": "Point", "coordinates": [ -2.748611111, 36.93222222 ] } },
{ "type": "Feature", "properties": { "Altitude": 261.375 }, "geometry": { "type": "Point", "coordinates": [ -3.016666667, 16.76666667 ] } },
{ "type": "Feature", "properties": { "Altitude": 27.125 }, "geometry": { "type": "Point", "coordinates": [ 8.988279735, 4.248383958 ] } },
{ "type": "Feature", "properties": { "Altitude": 0.0 }, "geometry": { "type": "Point", "coordinates": [ -160.43, 5.2 ] } }
]
}
